MeasureItem;Month;Year;Category;Area;MeasureItemID;CreationDate;Representativity;ProvidedValue;ProvidedValueCode
Monthly Domestic Values;1;2025;Biomass;AT;B01;04/09/2025 15:48;100;196,074;
Monthly Domestic Values;2;2025;Biomass;AT;B01;04/09/2025 15:48;100;169,478;
Monthly Domestic Values;3;2025;Biomass;AT;B01;04/09/2025 15:48;100;187,343;
Monthly Domestic Values;4;2025;Biomass;AT;B01;04/09/2025 15:48;100;166,154;
Monthly Domestic Values;5;2025;Biomass;AT;B01;04/09/2025 15:48;100;175,132;
Monthly Domestic Values;6;2025;Biomass;AT;B01;04/09/2025 15:48;100;115,023;
Monthly Domestic Values;1;2025;Consumption of Hydro Pumped Storage;AT;(B10);04/09/2025 15:51;100;266,1746;
Monthly Domestic Values;2;2025;Consumption of Hydro Pumped Storage;AT;(B10);04/09/2025 15:51;100;176,7434;
Monthly Domestic Values;3;2025;Consumption of Hydro Pumped Storage;AT;(B10);04/09/2025 15:51;100;257,8492;
Monthly Domestic Values;4;2025;Consumption of Hydro Pumped Storage;AT;(B10);04/09/2025 15:51;100;250,154;
Monthly Domestic Values;5;2025;Consumption of Hydro Pumped Storage;AT;(B10);04/09/2025 15:51;100;391,9681;
Monthly Domestic Values;6;2025;Consumption of Hydro Pumped Storage;AT;(B10);04/09/2025 15:51;100;387,5685;
Monthly Domestic Values;1;2025;Fossil Gas;AT;B04;04/09/2025 15:48;100;1614,4101;
Monthly Domestic Values;2;2025;Fossil Gas;AT;B04;04/09/2025 15:48;100;1407,3288;
Monthly Domestic Values;3;2025;Fossil Gas;AT;B04;04/09/2025 15:48;100;885,127;
Monthly Domestic Values;4;2025;Fossil Gas;AT;B04;04/09/2025 15:48;100;468,9471;
Monthly Domestic Values;5;2025;Fossil Gas;AT;B04;04/09/2025 15:48;100;26,2507;
Monthly Domestic Values;6;2025;Fossil Gas;AT;B04;04/09/2025 15:48;100;31,6778;
Monthly Domestic Values;1;2025;Fossil Hard coal;AT;B05;04/09/2025 15:48;100;0;
Monthly Domestic Values;2;2025;Fossil Hard coal;AT;B05;04/09/2025 15:48;100;0;
Monthly Domestic Values;3;2025;Fossil Hard coal;AT;B05;04/09/2025 15:48;100;0;
Monthly Domestic Values;4;2025;Fossil Hard coal;AT;B05;04/09/2025 15:48;100;0;
Monthly Domestic Values;5;2025;Fossil Hard coal;AT;B05;04/09/2025 15:48;100;0;
Monthly Domestic Values;6;2025;Fossil Hard coal;AT;B05;04/09/2025 15:48;100;0;
Monthly Domestic Values;1;2025;Fossil Oil;AT;B06;04/09/2025 15:48;100;0;
Monthly Domestic Values;2;2025;Fossil Oil;AT;B06;04/09/2025 15:48;100;0;
Monthly Domestic Values;3;2025;Fossil Oil;AT;B06;04/09/2025 15:48;100;0;
Monthly Domestic Values;4;2025;Fossil Oil;AT;B06;04/09/2025 15:48;100;0;
Monthly Domestic Values;5;2025;Fossil Oil;AT;B06;04/09/2025 15:48;100;0;
Monthly Domestic Values;6;2025;Fossil Oil;AT;B06;04/09/2025 15:48;100;0;
Monthly Domestic Values;1;2025;Geothermal;AT;B09;04/09/2025 15:48;100;0,05208;
Monthly Domestic Values;2;2025;Geothermal;AT;B09;04/09/2025 15:48;100;0,04704;
Monthly Domestic Values;3;2025;Geothermal;AT;B09;04/09/2025 15:48;100;0,05208;
Monthly Domestic Values;4;2025;Geothermal;AT;B09;04/09/2025 15:48;100;0,0504;
Monthly Domestic Values;5;2025;Geothermal;AT;B09;04/09/2025 15:48;100;0,05208;
Monthly Domestic Values;6;2025;Geothermal;AT;B09;04/09/2025 15:48;100;0,0504;
Monthly Domestic Values;1;2025;Hydro Pumped Storage;AT;B10;04/09/2025 15:48;100;479,8702;
Monthly Domestic Values;2;2025;Hydro Pumped Storage;AT;B10;04/09/2025 15:48;100;436,218;
Monthly Domestic Values;3;2025;Hydro Pumped Storage;AT;B10;04/09/2025 15:48;100;393,6925;
Monthly Domestic Values;4;2025;Hydro Pumped Storage;AT;B10;04/09/2025 15:48;100;343,4113;
Monthly Domestic Values;5;2025;Hydro Pumped Storage;AT;B10;04/09/2025 15:48;100;418,0123;
Monthly Domestic Values;6;2025;Hydro Pumped Storage;AT;B10;04/09/2025 15:48;100;396,6976;
Monthly Domestic Values;1;2025;Hydro Run-of-river and poundage;AT;B11;04/09/2025 15:48;100;1635,5362;
Monthly Domestic Values;2;2025;Hydro Run-of-river and poundage;AT;B11;04/09/2025 15:48;100;1362,4925;
Monthly Domestic Values;3;2025;Hydro Run-of-river and poundage;AT;B11;04/09/2025 15:48;100;1447,4297;
Monthly Domestic Values;4;2025;Hydro Run-of-river and poundage;AT;B11;04/09/2025 15:48;100;2086,1792;
Monthly Domestic Values;5;2025;Hydro Run-of-river and poundage;AT;B11;04/09/2025 15:48;100;2554,8403;
Monthly Domestic Values;6;2025;Hydro Run-of-river and poundage;AT;B11;04/09/2025 15:48;100;2475,5193;
Monthly Domestic Values;1;2025;Hydro Water Reservoir;AT;B12;04/09/2025 15:48;100;263,177;
Monthly Domestic Values;2;2025;Hydro Water Reservoir;AT;B12;04/09/2025 15:48;100;250,344;
Monthly Domestic Values;3;2025;Hydro Water Reservoir;AT;B12;04/09/2025 15:48;100;169,2823;
Monthly Domestic Values;4;2025;Hydro Water Reservoir;AT;B12;04/09/2025 15:48;100;209,0834;
Monthly Domestic Values;5;2025;Hydro Water Reservoir;AT;B12;04/09/2025 15:48;100;326,1597;
Monthly Domestic Values;6;2025;Hydro Water Reservoir;AT;B12;04/09/2025 15:48;100;401,3754;
Monthly Domestic Values;1;2025;Other;AT;B20;04/09/2025 15:48;100;16,368;
Monthly Domestic Values;2;2025;Other;AT;B20;04/09/2025 15:48;100;14,784;
Monthly Domestic Values;3;2025;Other;AT;B20;04/09/2025 15:48;100;16,368;
Monthly Domestic Values;4;2025;Other;AT;B20;04/09/2025 15:48;100;15,84;
Monthly Domestic Values;5;2025;Other;AT;B20;04/09/2025 15:48;100;16,368;
Monthly Domestic Values;6;2025;Other;AT;B20;04/09/2025 15:48;100;15,84;
Monthly Domestic Values;1;2025;Other renewable;AT;B15;04/09/2025 15:48;100;0;
Monthly Domestic Values;2;2025;Other renewable;AT;B15;04/09/2025 15:48;100;0;
Monthly Domestic Values;3;2025;Other renewable;AT;B15;04/09/2025 15:48;100;0;
Monthly Domestic Values;4;2025;Other renewable;AT;B15;04/09/2025 15:48;100;0;
Monthly Domestic Values;5;2025;Other renewable;AT;B15;04/09/2025 15:48;100;0;
Monthly Domestic Values;6;2025;Other renewable;AT;B15;04/09/2025 15:48;100;0;
Monthly Domestic Values;1;2025;Solar;AT;B16;04/09/2025 15:48;100;194,535;
Monthly Domestic Values;2;2025;Solar;AT;B16;04/09/2025 15:48;100;287,015;
Monthly Domestic Values;3;2025;Solar;AT;B16;04/09/2025 15:48;100;478,732;
Monthly Domestic Values;4;2025;Solar;AT;B16;04/09/2025 15:48;100;638,337;
Monthly Domestic Values;5;2025;Solar;AT;B16;04/09/2025 15:48;100;651,225;
Monthly Domestic Values;6;2025;Solar;AT;B16;04/09/2025 15:48;100;867,195;
Monthly Domestic Values;1;2025;Waste;AT;B17;04/09/2025 15:48;100;74,4;
Monthly Domestic Values;2;2025;Waste;AT;B17;04/09/2025 15:48;100;67,2;
Monthly Domestic Values;3;2025;Waste;AT;B17;04/09/2025 15:48;100;74,4;
Monthly Domestic Values;4;2025;Waste;AT;B17;04/09/2025 15:48;100;72;
Monthly Domestic Values;5;2025;Waste;AT;B17;04/09/2025 15:48;100;74,4;
Monthly Domestic Values;6;2025;Waste;AT;B17;04/09/2025 15:48;100;72;
Monthly Domestic Values;1;2025;Wind Onshore;AT;B19;04/09/2025 15:48;100;722,367;
Monthly Domestic Values;2;2025;Wind Onshore;AT;B19;04/09/2025 15:48;100;614,189;
Monthly Domestic Values;3;2025;Wind Onshore;AT;B19;04/09/2025 15:48;100;857,762;
Monthly Domestic Values;4;2025;Wind Onshore;AT;B19;04/09/2025 15:48;100;920,426;
Monthly Domestic Values;5;2025;Wind Onshore;AT;B19;04/09/2025 15:48;100;561,302;
Monthly Domestic Values;6;2025;Wind Onshore;AT;B19;04/09/2025 15:48;100;575,399;
Monthly Domestic Values;1;2025;Fossil Brown coal/Lignite;BA;B02;04/09/2025 15:48;100;771,66795;
Monthly Domestic Values;2;2025;Fossil Brown coal/Lignite;BA;B02;04/09/2025 15:48;100;627,82919;
Monthly Domestic Values;3;2025;Fossil Brown coal/Lignite;BA;B02;04/09/2025 15:48;100;625,49955;
Monthly Domestic Values;4;2025;Fossil Brown coal/Lignite;BA;B02;04/09/2025 15:48;100;499,50497;
Monthly Domestic Values;5;2025;Fossil Brown coal/Lignite;BA;B02;04/09/2025 15:48;100;389,89078;
Monthly Domestic Values;6;2025;Fossil Brown coal/Lignite;BA;B02;04/09/2025 15:48;100;450,6872;
Monthly Domestic Values;1;2025;Hydro Pumped Storage;BA;B10;04/09/2025 15:48;100;5,8031;
Monthly Domestic Values;2;2025;Hydro Pumped Storage;BA;B10;04/09/2025 15:48;100;11,20144;
Monthly Domestic Values;3;2025;Hydro Pumped Storage;BA;B10;04/09/2025 15:48;100;35,65139;
Monthly Domestic Values;4;2025;Hydro Pumped Storage;BA;B10;04/09/2025 15:48;100;11,88399;
Monthly Domestic Values;5;2025;Hydro Pumped Storage;BA;B10;04/09/2025 15:48;100;10,16773;
Monthly Domestic Values;6;2025;Hydro Pumped Storage;BA;B10;04/09/2025 15:48;100;9,127;
Monthly Domestic Values;1;2025;Hydro Run-of-river and poundage;BA;B11;04/09/2025 15:48;100;62,41725;
Monthly Domestic Values;2;2025;Hydro Run-of-river and poundage;BA;B11;04/09/2025 15:48;100;42,69627;
Monthly Domestic Values;3;2025;Hydro Run-of-river and poundage;BA;B11;04/09/2025 15:48;100;88,28769;
Monthly Domestic Values;4;2025;Hydro Run-of-river and poundage;BA;B11;04/09/2025 15:48;100;72,41829;
Monthly Domestic Values;5;2025;Hydro Run-of-river and poundage;BA;B11;04/09/2025 15:48;100;47,99497;
Monthly Domestic Values;6;2025;Hydro Run-of-river and poundage;BA;B11;04/09/2025 15:48;100;29,40195;
Monthly Domestic Values;1;2025;Hydro Water Reservoir;BA;B12;04/09/2025 15:48;100;348,0093;
Monthly Domestic Values;2;2025;Hydro Water Reservoir;BA;B12;04/09/2025 15:48;100;286,17451;
Monthly Domestic Values;3;2025;Hydro Water Reservoir;BA;B12;04/09/2025 15:48;100;382,52632;
Monthly Domestic Values;4;2025;Hydro Water Reservoir;BA;B12;04/09/2025 15:48;100;284,62613;
Monthly Domestic Values;5;2025;Hydro Water Reservoir;BA;B12;04/09/2025 15:48;100;206,62866;
Monthly Domestic Values;6;2025;Hydro Water Reservoir;BA;B12;04/09/2025 15:48;100;206,9348;
Monthly Domestic Values;1;2025;Other renewable;BA;B15;04/09/2025 15:48;100;0;
Monthly Domestic Values;2;2025;Other renewable;BA;B15;04/09/2025 15:48;100;0;
Monthly Domestic Values;3;2025;Other renewable;BA;B15;04/09/2025 15:48;100;0;
Monthly Domestic Values;4;2025;Other renewable;BA;B15;04/09/2025 15:48;100;0;
Monthly Domestic Values;5;2025;Other renewable;BA;B15;04/09/2025 15:48;100;0;
Monthly Domestic Values;6;2025;Other renewable;BA;B15;04/09/2025 15:48;100;0;
Monthly Domestic Values;1;2025;Solar;BA;B16;04/09/2025 15:48;100;4,15785;
Monthly Domestic Values;2;2025;Solar;BA;B16;04/09/2025 15:48;100;6,77043;
Monthly Domestic Values;3;2025;Solar;BA;B16;04/09/2025 15:48;100;11,32032;
Monthly Domestic Values;4;2025;Solar;BA;B16;04/09/2025 15:48;100;14,51599;
Monthly Domestic Values;5;2025;Solar;BA;B16;04/09/2025 15:48;100;18,97902;
Monthly Domestic Values;6;2025;Solar;BA;B16;04/09/2025 15:48;100;22,84016;
Monthly Domestic Values;1;2025;Wind Onshore;BA;B19;04/09/2025 15:48;100;16,10495;
Monthly Domestic Values;2;2025;Wind Onshore;BA;B19;04/09/2025 15:48;100;12,1696;
Monthly Domestic Values;3;2025;Wind Onshore;BA;B19;04/09/2025 15:48;100;19,62234;
Monthly Domestic Values;4;2025;Wind Onshore;BA;B19;04/09/2025 15:48;100;18,15755;
Monthly Domestic Values;5;2025;Wind Onshore;BA;B19;04/09/2025 15:48;100;13,96003;
Monthly Domestic Values;6;2025;Wind Onshore;BA;B19;04/09/2025 15:48;100;11,106;
Monthly Domestic Values;1;2025;Biomass;BE;B01;04/09/2025 15:48;100;57,56284;
Monthly Domestic Values;2;2025;Biomass;BE;B01;04/09/2025 15:48;100;51,64356;
Monthly Domestic Values;3;2025;Biomass;BE;B01;04/09/2025 15:48;100;60,03703;
Monthly Domestic Values;4;2025;Biomass;BE;B01;04/09/2025 15:48;100;56,75;
Monthly Domestic Values;5;2025;Biomass;BE;B01;04/09/2025 15:48;100;49,4582;
Monthly Domestic Values;6;2025;Biomass;BE;B01;04/09/2025 15:48;100;61,39543;
Monthly Domestic Values;1;2025;Consumption of Hydro Pumped Storage;BE;(B10);04/09/2025 15:51;100;97,68506;
Monthly Domestic Values;2;2025;Consumption of Hydro Pumped Storage;BE;(B10);04/09/2025 15:51;100;77,50835;
Monthly Domestic Values;3;2025;Consumption of Hydro Pumped Storage;BE;(B10);04/09/2025 15:51;100;99,27466;
Monthly Domestic Values;4;2025;Consumption of Hydro Pumped Storage;BE;(B10);04/09/2025 15:51;100;110,99069;
Monthly Domestic Values;5;2025;Consumption of Hydro Pumped Storage;BE;(B10);04/09/2025 15:51;100;96,5715;
Monthly Domestic Values;6;2025;Consumption of Hydro Pumped Storage;BE;(B10);04/09/2025 15:51;100;103,03809;
Monthly Domestic Values;1;2025;Consumption of Wind Offshore;BE;(B18);04/09/2025 15:51;100;1,84092;
Monthly Domestic Values;2;2025;Consumption of Wind Offshore;BE;(B18);04/09/2025 15:51;100;1,00441;
Monthly Domestic Values;3;2025;Consumption of Wind Offshore;BE;(B18);04/09/2025 15:51;100;2,61163;
Monthly Domestic Values;4;2025;Consumption of Wind Offshore;BE;(B18);04/09/2025 15:51;100;2,15914;
Monthly Domestic Values;5;2025;Consumption of Wind Offshore;BE;(B18);04/09/2025 15:51;100;1,00884;
Monthly Domestic Values;6;2025;Consumption of Wind Offshore;BE;(B18);04/09/2025 15:51;100;1,77118;
Monthly Domestic Values;1;2025;Energy storage;BE;B25;04/09/2025 15:48;100;13,35206;
Monthly Domestic Values;2;2025;Energy storage;BE;B25;04/09/2025 15:48;100;12,27412;
Monthly Domestic Values;3;2025;Energy storage;BE;B25;04/09/2025 15:48;100;15,64262;
Monthly Domestic Values;4;2025;Energy storage;BE;B25;04/09/2025 15:48;100;14,1434;
Monthly Domestic Values;5;2025;Energy storage;BE;B25;04/09/2025 15:48;100;12,55957;
Monthly Domestic Values;6;2025;Energy storage;BE;B25;04/09/2025 15:48;100;12,38454;
Monthly Domestic Values;1;2025;Fossil Gas;BE;B04;04/09/2025 15:48;100;1533,97047;
Monthly Domestic Values;2;2025;Fossil Gas;BE;B04;04/09/2025 15:48;100;1608,75493;
Monthly Domestic Values;3;2025;Fossil Gas;BE;B04;04/09/2025 15:48;100;1263,13513;
Monthly Domestic Values;4;2025;Fossil Gas;BE;B04;04/09/2025 15:48;100;1108,86476;
Monthly Domestic Values;5;2025;Fossil Gas;BE;B04;04/09/2025 15:48;100;674,69794;
Monthly Domestic Values;6;2025;Fossil Gas;BE;B04;04/09/2025 15:48;100;738,96017;
Monthly Domestic Values;1;2025;Fossil Oil;BE;B06;04/09/2025 15:48;100;0,34878;
Monthly Domestic Values;2;2025;Fossil Oil;BE;B06;04/09/2025 15:48;100;0,05863;
Monthly Domestic Values;3;2025;Fossil Oil;BE;B06;04/09/2025 15:48;100;0,01837;
Monthly Domestic Values;4;2025;Fossil Oil;BE;B06;04/09/2025 15:48;100;0,0129;
Monthly Domestic Values;5;2025;Fossil Oil;BE;B06;04/09/2025 15:48;100;0,00296;
Monthly Domestic Values;6;2025;Fossil Oil;BE;B06;04/09/2025 15:48;100;0,3243;
Monthly Domestic Values;1;2025;Hydro Pumped Storage;BE;B10;04/09/2025 15:48;100;71,39258;
Monthly Domestic Values;2;2025;Hydro Pumped Storage;BE;B10;04/09/2025 15:48;100;56,29363;
Monthly Domestic Values;3;2025;Hydro Pumped Storage;BE;B10;04/09/2025 15:48;100;72,2149;
Monthly Domestic Values;4;2025;Hydro Pumped Storage;BE;B10;04/09/2025 15:48;100;81,68005;
Monthly Domestic Values;5;2025;Hydro Pumped Storage;BE;B10;04/09/2025 15:48;100;71,26705;
Monthly Domestic Values;6;2025;Hydro Pumped Storage;BE;B10;04/09/2025 15:48;100;75,43967;
Monthly Domestic Values;1;2025;Hydro Run-of-river and poundage;BE;B11;04/09/2025 15:48;100;28,35246;
Monthly Domestic Values;2;2025;Hydro Run-of-river and poundage;BE;B11;04/09/2025 15:48;100;28,67336;
Monthly Domestic Values;3;2025;Hydro Run-of-river and poundage;BE;B11;04/09/2025 15:48;100;21,2412;
Monthly Domestic Values;4;2025;Hydro Run-of-river and poundage;BE;B11;04/09/2025 15:48;100;9,84309;
Monthly Domestic Values;5;2025;Hydro Run-of-river and poundage;BE;B11;04/09/2025 15:48;100;6,04412;
Monthly Domestic Values;6;2025;Hydro Run-of-river and poundage;BE;B11;04/09/2025 15:48;100;0,5703;
Monthly Domestic Values;1;2025;Nuclear;BE;B14;04/09/2025 15:48;100;2872,49582;
Monthly Domestic Values;2;2025;Nuclear;BE;B14;04/09/2025 15:48;100;2476,84874;
Monthly Domestic Values;3;2025;Nuclear;BE;B14;04/09/2025 15:48;100;2373,99509;
Monthly Domestic Values;4;2025;Nuclear;BE;B14;04/09/2025 15:48;100;1578,82225;
Monthly Domestic Values;5;2025;Nuclear;BE;B14;04/09/2025 15:48;100;1794,85472;
Monthly Domestic Values;6;2025;Nuclear;BE;B14;04/09/2025 15:48;100;1706,75875;
Monthly Domestic Values;1;2025;Other;BE;B20;04/09/2025 15:48;100;515,36294;
Monthly Domestic Values;2;2025;Other;BE;B20;04/09/2025 15:48;100;538,62136;
Monthly Domestic Values;3;2025;Other;BE;B20;04/09/2025 15:48;100;536,02254;
Monthly Domestic Values;4;2025;Other;BE;B20;04/09/2025 15:48;100;441,34162;
Monthly Domestic Values;5;2025;Other;BE;B20;04/09/2025 15:48;100;440,27106;
Monthly Domestic Values;6;2025;Other;BE;B20;04/09/2025 15:48;100;411,82923;
Monthly Domestic Values;1;2025;Solar;BE;B16;04/09/2025 15:48;100;206,40814;
Monthly Domestic Values;2;2025;Solar;BE;B16;04/09/2025 15:48;100;468,21423;
Monthly Domestic Values;3;2025;Solar;BE;B16;04/09/2025 15:48;100;997,72722;
Monthly Domestic Values;4;2025;Solar;BE;B16;04/09/2025 15:48;100;1260,15715;
Monthly Domestic Values;5;2025;Solar;BE;B16;04/09/2025 15:48;100;1318,63847;
Monthly Domestic Values;6;2025;Solar;BE;B16;04/09/2025 15:48;100;1370,47618;
Monthly Domestic Values;1;2025;Waste;BE;B17;04/09/2025 15:48;100;170,40455;
Monthly Domestic Values;2;2025;Waste;BE;B17;04/09/2025 15:48;100;162,68728;
Monthly Domestic Values;3;2025;Waste;BE;B17;04/09/2025 15:48;100;196,86704;
Monthly Domestic Values;4;2025;Waste;BE;B17;04/09/2025 15:48;100;190,81216;
Monthly Domestic Values;5;2025;Waste;BE;B17;04/09/2025 15:48;100;171,54824;
Monthly Domestic Values;6;2025;Waste;BE;B17;04/09/2025 15:48;100;160,26064;
Monthly Domestic Values;1;2025;Wind Offshore;BE;B18;04/09/2025 15:48;100;560,67836;
Monthly Domestic Values;2;2025;Wind Offshore;BE;B18;04/09/2025 15:48;100;532,11211;
Monthly Domestic Values;3;2025;Wind Offshore;BE;B18;04/09/2025 15:48;100;276,74193;
Monthly Domestic Values;4;2025;Wind Offshore;BE;B18;04/09/2025 15:48;100;353,91791;
Monthly Domestic Values;5;2025;Wind Offshore;BE;B18;04/09/2025 15:48;100;549,70792;
Monthly Domestic Values;6;2025;Wind Offshore;BE;B18;04/09/2025 15:48;100;589,01099;
Monthly Domestic Values;1;2025;Wind Onshore;BE;B19;04/09/2025 15:48;100;514,14511;
Monthly Domestic Values;2;2025;Wind Onshore;BE;B19;04/09/2025 15:48;100;408,87716;
Monthly Domestic Values;3;2025;Wind Onshore;BE;B19;04/09/2025 15:48;100;307,24022;
Monthly Domestic Values;4;2025;Wind Onshore;BE;B19;04/09/2025 15:48;100;331,70682;
Monthly Domestic Values;5;2025;Wind Onshore;BE;B19;04/09/2025 15:48;100;414,88051;
Monthly Domestic Values;6;2025;Wind Onshore;BE;B19;04/09/2025 15:48;100;373,32868;
Monthly Domestic Values;1;2025;Biomass;BG;B01;04/09/2025 15:48;100;12,72422;
Monthly Domestic Values;2;2025;Biomass;BG;B01;04/09/2025 15:48;100;13,3117;
Monthly Domestic Values;3;2025;Biomass;BG;B01;04/09/2025 15:48;100;13,4932;
Monthly Domestic Values;4;2025;Biomass;BG;B01;04/09/2025 15:48;100;12,82131;
Monthly Domestic Values;5;2025;Biomass;BG;B01;04/09/2025 15:48;100;12,34806;
Monthly Domestic Values;6;2025;Biomass;BG;B01;04/09/2025 15:48;100;9,12569;
Monthly Domestic Values;1;2025;Fossil Brown coal/Lignite;BG;B02;04/09/2025 15:48;100;1465,65027;
Monthly Domestic Values;2;2025;Fossil Brown coal/Lignite;BG;B02;04/09/2025 15:48;100;1509,36728;
Monthly Domestic Values;3;2025;Fossil Brown coal/Lignite;BG;B02;04/09/2025 15:48;100;711,97504;
Monthly Domestic Values;4;2025;Fossil Brown coal/Lignite;BG;B02;04/09/2025 15:48;100;541,35634;
Monthly Domestic Values;5;2025;Fossil Brown coal/Lignite;BG;B02;04/09/2025 15:48;100;432,89378;
Monthly Domestic Values;6;2025;Fossil Brown coal/Lignite;BG;B02;04/09/2025 15:48;100;451,19534;
Monthly Domestic Values;1;2025;Fossil Gas;BG;B04;04/09/2025 15:48;100;225,62521;
Monthly Domestic Values;2;2025;Fossil Gas;BG;B04;04/09/2025 15:48;100;199,43554;
Monthly Domestic Values;3;2025;Fossil Gas;BG;B04;04/09/2025 15:48;100;200,25045;
Monthly Domestic Values;4;2025;Fossil Gas;BG;B04;04/09/2025 15:48;100;169,0586;
Monthly Domestic Values;5;2025;Fossil Gas;BG;B04;04/09/2025 15:48;100;117,51203;
Monthly Domestic Values;6;2025;Fossil Gas;BG;B04;04/09/2025 15:48;100;117,67875;
Monthly Domestic Values;1;2025;Fossil Hard coal;BG;B05;04/09/2025 15:48;100;38,47064;
Monthly Domestic Values;2;2025;Fossil Hard coal;BG;B05;04/09/2025 15:48;100;32,86683;
Monthly Domestic Values;3;2025;Fossil Hard coal;BG;B05;04/09/2025 15:48;100;38,21204;
Monthly Domestic Values;4;2025;Fossil Hard coal;BG;B05;04/09/2025 15:48;100;49,26182;
Monthly Domestic Values;5;2025;Fossil Hard coal;BG;B05;04/09/2025 15:48;100;21,43166;
Monthly Domestic Values;6;2025;Fossil Hard coal;BG;B05;04/09/2025 15:48;100;15,10924;
Monthly Domestic Values;1;2025;Hydro Pumped Storage;BG;B10;04/09/2025 15:48;100;15,62418;
Monthly Domestic Values;2;2025;Hydro Pumped Storage;BG;B10;04/09/2025 15:48;100;5,74497;
Monthly Domestic Values;3;2025;Hydro Pumped Storage;BG;B10;04/09/2025 15:48;100;5,6331;
Monthly Domestic Values;4;2025;Hydro Pumped Storage;BG;B10;04/09/2025 15:48;100;18,81198;
Monthly Domestic Values;5;2025;Hydro Pumped Storage;BG;B10;04/09/2025 15:48;100;23,15907;
Monthly Domestic Values;6;2025;Hydro Pumped Storage;BG;B10;04/09/2025 15:48;100;22,54527;
Monthly Domestic Values;1;2025;Hydro Run-of-river and poundage;BG;B11;04/09/2025 15:48;100;60,81715;
Monthly Domestic Values;2;2025;Hydro Run-of-river and poundage;BG;B11;04/09/2025 15:48;100;48,48141;
Monthly Domestic Values;3;2025;Hydro Run-of-river and poundage;BG;B11;04/09/2025 15:48;100;94,12311;
Monthly Domestic Values;4;2025;Hydro Run-of-river and poundage;BG;B11;04/09/2025 15:48;100;156,8634;
Monthly Domestic Values;5;2025;Hydro Run-of-river and poundage;BG;B11;04/09/2025 15:48;100;182,04031;
Monthly Domestic Values;6;2025;Hydro Run-of-river and poundage;BG;B11;04/09/2025 15:48;100;119,37422;
Monthly Domestic Values;1;2025;Hydro Water Reservoir;BG;B12;04/09/2025 15:48;100;95,71849;
Monthly Domestic Values;2;2025;Hydro Water Reservoir;BG;B12;04/09/2025 15:48;100;162,83282;
Monthly Domestic Values;3;2025;Hydro Water Reservoir;BG;B12;04/09/2025 15:48;100;74,1801;
Monthly Domestic Values;4;2025;Hydro Water Reservoir;BG;B12;04/09/2025 15:48;100;95,16286;
Monthly Domestic Values;5;2025;Hydro Water Reservoir;BG;B12;04/09/2025 15:48;100;138,50183;
Monthly Domestic Values;6;2025;Hydro Water Reservoir;BG;B12;04/09/2025 15:48;100;141,03276;
Monthly Domestic Values;1;2025;Nuclear;BG;B14;04/09/2025 15:48;100;1470,49994;
Monthly Domestic Values;2;2025;Nuclear;BG;B14;04/09/2025 15:48;100;1328,2363;
Monthly Domestic Values;3;2025;Nuclear;BG;B14;04/09/2025 15:48;100;1471,0642;
Monthly Domestic Values;4;2025;Nuclear;BG;B14;04/09/2025 15:48;100;1409,36098;
Monthly Domestic Values;5;2025;Nuclear;BG;B14;04/09/2025 15:48;100;791,75915;
Monthly Domestic Values;6;2025;Nuclear;BG;B14;04/09/2025 15:48;100;1094,62436;
Monthly Domestic Values;1;2025;Solar;BG;B16;04/09/2025 15:48;100;294,89844;
Monthly Domestic Values;2;2025;Solar;BG;B16;04/09/2025 15:48;100;347,87147;
Monthly Domestic Values;3;2025;Solar;BG;B16;04/09/2025 15:48;100;473,13031;
Monthly Domestic Values;4;2025;Solar;BG;B16;04/09/2025 15:48;100;519,54246;
Monthly Domestic Values;5;2025;Solar;BG;B16;04/09/2025 15:48;100;604,25477;
Monthly Domestic Values;6;2025;Solar;BG;B16;04/09/2025 15:48;100;799,44792;
Monthly Domestic Values;1;2025;Waste;BG;B17;04/09/2025 15:48;100;1,88573;
Monthly Domestic Values;2;2025;Waste;BG;B17;04/09/2025 15:48;100;1,80397;
Monthly Domestic Values;3;2025;Waste;BG;B17;04/09/2025 15:48;100;1,81815;
Monthly Domestic Values;4;2025;Waste;BG;B17;04/09/2025 15:48;100;2,3501;
Monthly Domestic Values;5;2025;Waste;BG;B17;04/09/2025 15:48;100;2,36602;
Monthly Domestic Values;6;2025;Waste;BG;B17;04/09/2025 15:48;100;1,98525;
Monthly Domestic Values;1;2025;Wind Onshore;BG;B19;04/09/2025 15:48;100;125,80236;
Monthly Domestic Values;2;2025;Wind Onshore;BG;B19;04/09/2025 15:48;100;144,94277;
Monthly Domestic Values;3;2025;Wind Onshore;BG;B19;04/09/2025 15:48;100;120,48523;
Monthly Domestic Values;4;2025;Wind Onshore;BG;B19;04/09/2025 15:48;100;92,34565;
Monthly Domestic Values;5;2025;Wind Onshore;BG;B19;04/09/2025 15:48;100;79,66482;
Monthly Domestic Values;6;2025;Wind Onshore;BG;B19;04/09/2025 15:48;100;73,21313;
Monthly Domestic Values;1;2025;Hydro Pumped Storage;CH;B10;04/09/2025 15:48;100;710,53872;
Monthly Domestic Values;2;2025;Hydro Pumped Storage;CH;B10;04/09/2025 15:48;100;631,84423;
Monthly Domestic Values;3;2025;Hydro Pumped Storage;CH;B10;04/09/2025 15:48;100;489,49643;
Monthly Domestic Values;4;2025;Hydro Pumped Storage;CH;B10;04/09/2025 15:48;100;544,42879;
Monthly Domestic Values;5;2025;Hydro Pumped Storage;CH;B10;04/09/2025 15:48;100;784,69537;
Monthly Domestic Values;6;2025;Hydro Pumped Storage;CH;B10;04/09/2025 15:48;100;937,59396;
Monthly Domestic Values;1;2025;Hydro Run-of-river and poundage;CH;B11;04/09/2025 15:48;100;1085,5247;
Monthly Domestic Values;2;2025;Hydro Run-of-river and poundage;CH;B11;04/09/2025 15:48;100;828,6032;
Monthly Domestic Values;3;2025;Hydro Run-of-river and poundage;CH;B11;04/09/2025 15:48;100;763,781;
Monthly Domestic Values;4;2025;Hydro Run-of-river and poundage;CH;B11;04/09/2025 15:48;100;1121,76475;
Monthly Domestic Values;5;2025;Hydro Run-of-river and poundage;CH;B11;04/09/2025 15:48;100;1430,15254;
Monthly Domestic Values;6;2025;Hydro Run-of-river and poundage;CH;B11;04/09/2025 15:48;100;1935,92001;
Monthly Domestic Values;1;2025;Hydro Water Reservoir;CH;B12;04/09/2025 15:48;100;981,60439;
Monthly Domestic Values;2;2025;Hydro Water Reservoir;CH;B12;04/09/2025 15:48;100;828,22377;
Monthly Domestic Values;3;2025;Hydro Water Reservoir;CH;B12;04/09/2025 15:48;100;415,80738;
Monthly Domestic Values;4;2025;Hydro Water Reservoir;CH;B12;04/09/2025 15:48;100;547,27859;
Monthly Domestic Values;5;2025;Hydro Water Reservoir;CH;B12;04/09/2025 15:48;100;796,81027;
Monthly Domestic Values;6;2025;Hydro Water Reservoir;CH;B12;04/09/2025 15:48;100;968,19396;
Monthly Domestic Values;1;2025;Nuclear;CH;B14;04/09/2025 15:48;100;2202,87124;
Monthly Domestic Values;2;2025;Nuclear;CH;B14;04/09/2025 15:48;100;1974,29103;
Monthly Domestic Values;3;2025;Nuclear;CH;B14;04/09/2025 15:48;100;2187,85036;
Monthly Domestic Values;4;2025;Nuclear;CH;B14;04/09/2025 15:48;100;1887,75782;
Monthly Domestic Values;5;2025;Nuclear;CH;B14;04/09/2025 15:48;100;1137,91627;
Monthly Domestic Values;6;2025;Nuclear;CH;B14;04/09/2025 15:48;100;1351,34043;
Monthly Domestic Values;1;2025;Solar;CH;B16;04/09/2025 15:48;100;94,39837;
Monthly Domestic Values;2;2025;Solar;CH;B16;04/09/2025 15:48;100;153,07045;
Monthly Domestic Values;3;2025;Solar;CH;B16;04/09/2025 15:48;100;383,57321;
Monthly Domestic Values;4;2025;Solar;CH;B16;04/09/2025 15:48;100;607,42154;
Monthly Domestic Values;5;2025;Solar;CH;B16;04/09/2025 15:48;100;669,83833;
Monthly Domestic Values;6;2025;Solar;CH;B16;04/09/2025 15:48;100;817,54459;
Monthly Domestic Values;1;2025;Wind Onshore;CH;B19;04/09/2025 15:48;100;24,95071;
Monthly Domestic Values;2;2025;Wind Onshore;CH;B19;04/09/2025 15:48;100;10,00904;
Monthly Domestic Values;3;2025;Wind Onshore;CH;B19;04/09/2025 15:48;100;10,07072;
Monthly Domestic Values;4;2025;Wind Onshore;CH;B19;04/09/2025 15:48;100;10,94418;
Monthly Domestic Values;5;2025;Wind Onshore;CH;B19;04/09/2025 15:48;100;10,02267;
Monthly Domestic Values;6;2025;Wind Onshore;CH;B19;04/09/2025 15:48;100;11,96052;
Monthly Domestic Values;2;2025;Biomass;CY;B01;04/09/2025 15:48;100;0,1054;
Monthly Domestic Values;3;2025;Biomass;CY;B01;04/09/2025 15:48;100;4,5818;
Monthly Domestic Values;4;2025;Biomass;CY;B01;04/09/2025 15:48;100;4,433;
Monthly Domestic Values;5;2025;Biomass;CY;B01;04/09/2025 15:48;100;4,4516;
Monthly Domestic Values;6;2025;Biomass;CY;B01;04/09/2025 15:48;100;4,4578;
Monthly Domestic Values;2;2025;Fossil Oil;CY;B06;04/09/2025 15:48;100;10,68685;
Monthly Domestic Values;3;2025;Fossil Oil;CY;B06;04/09/2025 15:48;100;286,36634;
Monthly Domestic Values;4;2025;Fossil Oil;CY;B06;04/09/2025 15:48;100;256,73919;
Monthly Domestic Values;5;2025;Fossil Oil;CY;B06;04/09/2025 15:48;100;259,7272;
Monthly Domestic Values;6;2025;Fossil Oil;CY;B06;04/09/2025 15:48;100;351,28779;
Monthly Domestic Values;2;2025;Solar;CY;B16;04/09/2025 15:48;100;1,85471;
Monthly Domestic Values;3;2025;Solar;CY;B16;04/09/2025 15:48;100;74,81075;
Monthly Domestic Values;4;2025;Solar;CY;B16;04/09/2025 15:48;100;83,66496;
Monthly Domestic Values;5;2025;Solar;CY;B16;04/09/2025 15:48;100;107,84708;
Monthly Domestic Values;6;2025;Solar;CY;B16;04/09/2025 15:48;100;134,92638;
Monthly Domestic Values;2;2025;Wind Onshore;CY;B19;04/09/2025 15:48;100;0,08633;
Monthly Domestic Values;3;2025;Wind Onshore;CY;B19;04/09/2025 15:48;100;16,53061;
Monthly Domestic Values;4;2025;Wind Onshore;CY;B19;04/09/2025 15:48;100;17,51619;
Monthly Domestic Values;5;2025;Wind Onshore;CY;B19;04/09/2025 15:48;100;16,14446;
Monthly Domestic Values;6;2025;Wind Onshore;CY;B19;04/09/2025 15:48;100;15,24646;
Monthly Domestic Values;1;2025;Biomass;CZ;B01;04/09/2025 15:48;100;241,9048825;
Monthly Domestic Values;2;2025;Biomass;CZ;B01;04/09/2025 15:48;100;222,21901;
Monthly Domestic Values;3;2025;Biomass;CZ;B01;04/09/2025 15:48;100;242,1251525;
Monthly Domestic Values;4;2025;Biomass;CZ;B01;04/09/2025 15:48;100;243,0716175;
Monthly Domestic Values;5;2025;Biomass;CZ;B01;04/09/2025 15:48;100;253,0609025;
Monthly Domestic Values;6;2025;Biomass;CZ;B01;04/09/2025 15:48;100;241,4937525;
Monthly Domestic Values;1;2025;Consumption of Hydro Pumped Storage;CZ;(B10);04/09/2025 15:51;100;112,8810275;
Monthly Domestic Values;2;2025;Consumption of Hydro Pumped Storage;CZ;(B10);04/09/2025 15:51;100;113,5940475;
Monthly Domestic Values;3;2025;Consumption of Hydro Pumped Storage;CZ;(B10);04/09/2025 15:51;100;120,3045975;
Monthly Domestic Values;4;2025;Consumption of Hydro Pumped Storage;CZ;(B10);04/09/2025 15:51;100;117,64701;
Monthly Domestic Values;5;2025;Consumption of Hydro Pumped Storage;CZ;(B10);04/09/2025 15:51;100;112,5915;
Monthly Domestic Values;6;2025;Consumption of Hydro Pumped Storage;CZ;(B10);04/09/2025 15:51;100;90,8032375;
Monthly Domestic Values;1;2025;Fossil Brown coal/Lignite;CZ;B02;04/09/2025 15:48;100;2917,208203;
Monthly Domestic Values;2;2025;Fossil Brown coal/Lignite;CZ;B02;04/09/2025 15:48;100;2735,465335;
Monthly Domestic Values;3;2025;Fossil Brown coal/Lignite;CZ;B02;04/09/2025 15:48;100;2501,158325;
Monthly Domestic Values;4;2025;Fossil Brown coal/Lignite;CZ;B02;04/09/2025 15:48;100;1779,391723;
Monthly Domestic Values;5;2025;Fossil Brown coal/Lignite;CZ;B02;04/09/2025 15:48;100;1209,630488;
Monthly Domestic Values;6;2025;Fossil Brown coal/Lignite;CZ;B02;04/09/2025 15:48;100;784,8483325;
Monthly Domestic Values;1;2025;Fossil Coal-derived gas;CZ;B03;04/09/2025 15:48;100;15,082935;
Monthly Domestic Values;2;2025;Fossil Coal-derived gas;CZ;B03;04/09/2025 15:48;100;12,0557225;
Monthly Domestic Values;3;2025;Fossil Coal-derived gas;CZ;B03;04/09/2025 15:48;100;2,747245;
Monthly Domestic Values;4;2025;Fossil Coal-derived gas;CZ;B03;04/09/2025 15:48;100;1,3856;
Monthly Domestic Values;5;2025;Fossil Coal-derived gas;CZ;B03;04/09/2025 15:48;100;0;
Monthly Domestic Values;6;2025;Fossil Coal-derived gas;CZ;B03;04/09/2025 15:48;100;0;
Monthly Domestic Values;1;2025;Fossil Gas;CZ;B04;04/09/2025 15:48;100;449,14957;
Monthly Domestic Values;2;2025;Fossil Gas;CZ;B04;04/09/2025 15:48;100;429,762185;
Monthly Domestic Values;3;2025;Fossil Gas;CZ;B04;04/09/2025 15:48;100;414,896935;
Monthly Domestic Values;4;2025;Fossil Gas;CZ;B04;04/09/2025 15:48;100;374,5714375;
Monthly Domestic Values;5;2025;Fossil Gas;CZ;B04;04/09/2025 15:48;100;301,82072;
Monthly Domestic Values;6;2025;Fossil Gas;CZ;B04;04/09/2025 15:48;100;241,90091;
Monthly Domestic Values;1;2025;Fossil Hard coal;CZ;B05;04/09/2025 15:48;100;168,1102275;
Monthly Domestic Values;2;2025;Fossil Hard coal;CZ;B05;04/09/2025 15:48;100;189,8693375;
Monthly Domestic Values;3;2025;Fossil Hard coal;CZ;B05;04/09/2025 15:48;100;89,522665;
Monthly Domestic Values;4;2025;Fossil Hard coal;CZ;B05;04/09/2025 15:48;100;26,3826125;
Monthly Domestic Values;5;2025;Fossil Hard coal;CZ;B05;04/09/2025 15:48;100;17,334175;
Monthly Domestic Values;6;2025;Fossil Hard coal;CZ;B05;04/09/2025 15:48;100;14,13314;
Monthly Domestic Values;1;2025;Fossil Oil;CZ;B06;04/09/2025 15:48;100;2,7326075;
Monthly Domestic Values;2;2025;Fossil Oil;CZ;B06;04/09/2025 15:48;100;2,952205;
Monthly Domestic Values;3;2025;Fossil Oil;CZ;B06;04/09/2025 15:48;100;1,416785;
Monthly Domestic Values;4;2025;Fossil Oil;CZ;B06;04/09/2025 15:48;100;0,5370025;
Monthly Domestic Values;5;2025;Fossil Oil;CZ;B06;04/09/2025 15:48;100;0,0315125;
Monthly Domestic Values;6;2025;Fossil Oil;CZ;B06;04/09/2025 15:48;100;0,92762;
Monthly Domestic Values;1;2025;Hydro Pumped Storage;CZ;B10;04/09/2025 15:48;100;79,523775;
Monthly Domestic Values;2;2025;Hydro Pumped Storage;CZ;B10;04/09/2025 15:48;100;84,894595;
Monthly Domestic Values;3;2025;Hydro Pumped Storage;CZ;B10;04/09/2025 15:48;100;87,4000125;
Monthly Domestic Values;4;2025;Hydro Pumped Storage;CZ;B10;04/09/2025 15:48;100;88,666115;
Monthly Domestic Values;5;2025;Hydro Pumped Storage;CZ;B10;04/09/2025 15:48;100;86,4562325;
Monthly Domestic Values;6;2025;Hydro Pumped Storage;CZ;B10;04/09/2025 15:48;100;69,5529;
Monthly Domestic Values;1;2025;Hydro Run-of-river and poundage;CZ;B11;04/09/2025 15:48;100;117,8588825;
Monthly Domestic Values;2;2025;Hydro Run-of-river and poundage;CZ;B11;04/09/2025 15:48;100;99,9780475;
Monthly Domestic Values;3;2025;Hydro Run-of-river and poundage;CZ;B11;04/09/2025 15:48;100;89,4358875;
Monthly Domestic Values;4;2025;Hydro Run-of-river and poundage;CZ;B11;04/09/2025 15:48;100;81,462235;
Monthly Domestic Values;5;2025;Hydro Run-of-river and poundage;CZ;B11;04/09/2025 15:48;100;67,170895;
Monthly Domestic Values;6;2025;Hydro Run-of-river and poundage;CZ;B11;04/09/2025 15:48;100;67,5914375;
Monthly Domestic Values;1;2025;Hydro Water Reservoir;CZ;B12;04/09/2025 15:48;100;83,9627375;
Monthly Domestic Values;2;2025;Hydro Water Reservoir;CZ;B12;04/09/2025 15:48;100;63,19544;
Monthly Domestic Values;3;2025;Hydro Water Reservoir;CZ;B12;04/09/2025 15:48;100;66,986075;
Monthly Domestic Values;4;2025;Hydro Water Reservoir;CZ;B12;04/09/2025 15:48;100;67,0588725;
Monthly Domestic Values;5;2025;Hydro Water Reservoir;CZ;B12;04/09/2025 15:48;100;53,6345875;
Monthly Domestic Values;6;2025;Hydro Water Reservoir;CZ;B12;04/09/2025 15:48;100;54,0301525;
Monthly Domestic Values;1;2025;Nuclear;CZ;B14;04/09/2025 15:48;100;2550,786925;
Monthly Domestic Values;2;2025;Nuclear;CZ;B14;04/09/2025 15:48;100;2359,844135;
Monthly Domestic Values;3;2025;Nuclear;CZ;B14;04/09/2025 15:48;100;2605,229748;
Monthly Domestic Values;4;2025;Nuclear;CZ;B14;04/09/2025 15:48;100;2381,296738;
Monthly Domestic Values;5;2025;Nuclear;CZ;B14;04/09/2025 15:48;100;2590,11472;
Monthly Domestic Values;6;2025;Nuclear;CZ;B14;04/09/2025 15:48;100;2123,579925;
Monthly Domestic Values;1;2025;Other;CZ;B20;04/09/2025 15:48;100;40,49528;
Monthly Domestic Values;2;2025;Other;CZ;B20;04/09/2025 15:48;100;36,6805525;
Monthly Domestic Values;3;2025;Other;CZ;B20;04/09/2025 15:48;100;35,99742;
Monthly Domestic Values;4;2025;Other;CZ;B20;04/09/2025 15:48;100;18,6785425;
Monthly Domestic Values;5;2025;Other;CZ;B20;04/09/2025 15:48;100;15,90486;
Monthly Domestic Values;6;2025;Other;CZ;B20;04/09/2025 15:48;100;16,71647;
Monthly Domestic Values;1;2025;Other renewable;CZ;B15;04/09/2025 15:48;100;197,5793875;
Monthly Domestic Values;2;2025;Other renewable;CZ;B15;04/09/2025 15:48;100;178,6331375;
Monthly Domestic Values;3;2025;Other renewable;CZ;B15;04/09/2025 15:48;100;199,672645;
Monthly Domestic Values;4;2025;Other renewable;CZ;B15;04/09/2025 15:48;100;193,3098;
Monthly Domestic Values;5;2025;Other renewable;CZ;B15;04/09/2025 15:48;100;189,5506925;
Monthly Domestic Values;6;2025;Other renewable;CZ;B15;04/09/2025 15:48;100;183,405665;
Monthly Domestic Values;1;2025;Solar;CZ;B16;04/09/2025 15:48;100;104,195975;
Monthly Domestic Values;2;2025;Solar;CZ;B16;04/09/2025 15:48;100;254,1118675;
Monthly Domestic Values;3;2025;Solar;CZ;B16;04/09/2025 15:48;100;454,1660175;
Monthly Domestic Values;4;2025;Solar;CZ;B16;04/09/2025 15:48;100;537,613715;
Monthly Domestic Values;5;2025;Solar;CZ;B16;04/09/2025 15:48;100;589,092475;
Monthly Domestic Values;6;2025;Solar;CZ;B16;04/09/2025 15:48;100;654,727435;
Monthly Domestic Values;1;2025;Waste;CZ;B17;04/09/2025 15:48;100;17,266985;
Monthly Domestic Values;2;2025;Waste;CZ;B17;04/09/2025 15:48;100;17,296705;
Monthly Domestic Values;3;2025;Waste;CZ;B17;04/09/2025 15:48;100;21,76019;
Monthly Domestic Values;4;2025;Waste;CZ;B17;04/09/2025 15:48;100;19,8037925;
Monthly Domestic Values;5;2025;Waste;CZ;B17;04/09/2025 15:48;100;21,0251975;
Monthly Domestic Values;6;2025;Waste;CZ;B17;04/09/2025 15:48;100;22,2279025;
Monthly Domestic Values;1;2025;Wind Onshore;CZ;B19;04/09/2025 15:48;100;74,8450625;
Monthly Domestic Values;2;2025;Wind Onshore;CZ;B19;04/09/2025 15:48;100;35,90211;
Monthly Domestic Values;3;2025;Wind Onshore;CZ;B19;04/09/2025 15:48;100;39,5050375;
Monthly Domestic Values;4;2025;Wind Onshore;CZ;B19;04/09/2025 15:48;100;43,08429;
Monthly Domestic Values;5;2025;Wind Onshore;CZ;B19;04/09/2025 15:48;100;38,0719025;
Monthly Domestic Values;6;2025;Wind Onshore;CZ;B19;04/09/2025 15:48;100;39,8878825;
Monthly Domestic Values;1;2025;Biomass;DE;B01;04/09/2025 15:48;100;3216,33134;
Monthly Domestic Values;2;2025;Biomass;DE;B01;04/09/2025 15:48;100;2982,287073;
Monthly Domestic Values;3;2025;Biomass;DE;B01;04/09/2025 15:48;100;3133,173353;
Monthly Domestic Values;4;2025;Biomass;DE;B01;04/09/2025 15:48;100;2974,377895;
Monthly Domestic Values;5;2025;Biomass;DE;B01;04/09/2025 15:48;100;2926,081445;
Monthly Domestic Values;6;2025;Biomass;DE;B01;04/09/2025 15:48;100;2819,232343;
Monthly Domestic Values;1;2025;Consumption of Hydro Pumped Storage;DE;(B10);04/09/2025 15:51;100;1038,31781;
Monthly Domestic Values;2;2025;Consumption of Hydro Pumped Storage;DE;(B10);04/09/2025 15:51;100;876,2624425;
Monthly Domestic Values;3;2025;Consumption of Hydro Pumped Storage;DE;(B10);04/09/2025 15:51;100;1195,767905;
Monthly Domestic Values;4;2025;Consumption of Hydro Pumped Storage;DE;(B10);04/09/2025 15:51;100;1195,417705;
Monthly Domestic Values;5;2025;Consumption of Hydro Pumped Storage;DE;(B10);04/09/2025 15:51;100;1222,957603;
Monthly Domestic Values;6;2025;Consumption of Hydro Pumped Storage;DE;(B10);04/09/2025 15:51;100;1279,54614;
Monthly Domestic Values;1;2025;Fossil Brown coal/Lignite;DE;B02;04/09/2025 15:48;100;6835,346445;
Monthly Domestic Values;2;2025;Fossil Brown coal/Lignite;DE;B02;04/09/2025 15:48;100;7092,653153;
Monthly Domestic Values;3;2025;Fossil Brown coal/Lignite;DE;B02;04/09/2025 15:48;100;7288,671905;
Monthly Domestic Values;4;2025;Fossil Brown coal/Lignite;DE;B02;04/09/2025 15:48;100;5337,496238;
Monthly Domestic Values;5;2025;Fossil Brown coal/Lignite;DE;B02;04/09/2025 15:48;100;4096,563043;
Monthly Domestic Values;6;2025;Fossil Brown coal/Lignite;DE;B02;04/09/2025 15:48;100;3642,01939;
Monthly Domestic Values;1;2025;Fossil Coal-derived gas;DE;B03;04/09/2025 15:48;100;320,603025;
Monthly Domestic Values;2;2025;Fossil Coal-derived gas;DE;B03;04/09/2025 15:48;100;327,4021375;
Monthly Domestic Values;3;2025;Fossil Coal-derived gas;DE;B03;04/09/2025 15:48;100;317,1661725;
Monthly Domestic Values;4;2025;Fossil Coal-derived gas;DE;B03;04/09/2025 15:48;100;382,14562;
Monthly Domestic Values;5;2025;Fossil Coal-derived gas;DE;B03;04/09/2025 15:48;100;362,1457675;
Monthly Domestic Values;6;2025;Fossil Coal-derived gas;DE;B03;04/09/2025 15:48;100;300,2693425;
Monthly Domestic Values;1;2025;Fossil Gas;DE;B04;04/09/2025 15:48;100;7928,47577;
Monthly Domestic Values;2;2025;Fossil Gas;DE;B04;04/09/2025 15:48;100;7703,97184;
Monthly Domestic Values;3;2025;Fossil Gas;DE;B04;04/09/2025 15:48;100;5654,57545;
Monthly Domestic Values;4;2025;Fossil Gas;DE;B04;04/09/2025 15:48;100;3686,272045;
Monthly Domestic Values;5;2025;Fossil Gas;DE;B04;04/09/2025 15:48;100;3129,194715;
Monthly Domestic Values;6;2025;Fossil Gas;DE;B04;04/09/2025 15:48;100;2402,670685;
Monthly Domestic Values;1;2025;Fossil Hard coal;DE;B05;04/09/2025 15:48;100;3615,284528;
Monthly Domestic Values;2;2025;Fossil Hard coal;DE;B05;04/09/2025 15:48;100;4235,782138;
Monthly Domestic Values;3;2025;Fossil Hard coal;DE;B05;04/09/2025 15:48;100;3189,166378;
Monthly Domestic Values;4;2025;Fossil Hard coal;DE;B05;04/09/2025 15:48;100;2390,915643;
Monthly Domestic Values;5;2025;Fossil Hard coal;DE;B05;04/09/2025 15:48;100;982,779555;
Monthly Domestic Values;6;2025;Fossil Hard coal;DE;B05;04/09/2025 15:48;100;1209,263035;
Monthly Domestic Values;1;2025;Fossil Oil;DE;B06;04/09/2025 15:48;100;305,0396475;
Monthly Domestic Values;2;2025;Fossil Oil;DE;B06;04/09/2025 15:48;100;245,94216;
Monthly Domestic Values;3;2025;Fossil Oil;DE;B06;04/09/2025 15:48;100;267,951055;
Monthly Domestic Values;4;2025;Fossil Oil;DE;B06;04/09/2025 15:48;100;197,51538;
Monthly Domestic Values;5;2025;Fossil Oil;DE;B06;04/09/2025 15:48;100;195,854365;
Monthly Domestic Values;6;2025;Fossil Oil;DE;B06;04/09/2025 15:48;100;216,292605;
Monthly Domestic Values;1;2025;Geothermal;DE;B09;04/09/2025 15:48;100;23,590055;
Monthly Domestic Values;2;2025;Geothermal;DE;B09;04/09/2025 15:48;100;21,101635;
Monthly Domestic Values;3;2025;Geothermal;DE;B09;04/09/2025 15:48;100;22,1055775;
Monthly Domestic Values;4;2025;Geothermal;DE;B09;04/09/2025 15:48;100;20,12387;
Monthly Domestic Values;5;2025;Geothermal;DE;B09;04/09/2025 15:48;100;16,8495875;
Monthly Domestic Values;6;2025;Geothermal;DE;B09;04/09/2025 15:48;100;13,320215;
Monthly Domestic Values;1;2025;Hydro Pumped Storage;DE;B10;04/09/2025 15:48;100;852,7917025;
Monthly Domestic Values;2;2025;Hydro Pumped Storage;DE;B10;04/09/2025 15:48;100;744,9734325;
Monthly Domestic Values;3;2025;Hydro Pumped Storage;DE;B10;04/09/2025 15:48;100;903,47623;
Monthly Domestic Values;4;2025;Hydro Pumped Storage;DE;B10;04/09/2025 15:48;100;957,6620725;
Monthly Domestic Values;5;2025;Hydro Pumped Storage;DE;B10;04/09/2025 15:48;100;985,712365;
Monthly Domestic Values;6;2025;Hydro Pumped Storage;DE;B10;04/09/2025 15:48;100;913,5760375;
Monthly Domestic Values;1;2025;Hydro Run-of-river and poundage;DE;B11;04/09/2025 15:48;100;1187,388495;
Monthly Domestic Values;2;2025;Hydro Run-of-river and poundage;DE;B11;04/09/2025 15:48;100;999,1824475;
Monthly Domestic Values;3;2025;Hydro Run-of-river and poundage;DE;B11;04/09/2025 15:48;100;914,52898;
Monthly Domestic Values;4;2025;Hydro Run-of-river and poundage;DE;B11;04/09/2025 15:48;100;926,5054875;
Monthly Domestic Values;5;2025;Hydro Run-of-river and poundage;DE;B11;04/09/2025 15:48;100;1070,573675;
Monthly Domestic Values;6;2025;Hydro Run-of-river and poundage;DE;B11;04/09/2025 15:48;100;1199,11931;
Monthly Domestic Values;1;2025;Hydro Water Reservoir;DE;B12;04/09/2025 15:48;100;114,465265;
Monthly Domestic Values;2;2025;Hydro Water Reservoir;DE;B12;04/09/2025 15:48;100;94,042555;
Monthly Domestic Values;3;2025;Hydro Water Reservoir;DE;B12;04/09/2025 15:48;100;51,8679975;
Monthly Domestic Values;4;2025;Hydro Water Reservoir;DE;B12;04/09/2025 15:48;100;76,85661;
Monthly Domestic Values;5;2025;Hydro Water Reservoir;DE;B12;04/09/2025 15:48;100;106,0839675;
Monthly Domestic Values;6;2025;Hydro Water Reservoir;DE;B12;04/09/2025 15:48;100;144,2619875;
Monthly Domestic Values;1;2025;Other;DE;B20;04/09/2025 15:48;100;198,6520975;
Monthly Domestic Values;2;2025;Other;DE;B20;04/09/2025 15:48;100;173,652215;
Monthly Domestic Values;3;2025;Other;DE;B20;04/09/2025 15:48;100;182,7685925;
Monthly Domestic Values;4;2025;Other;DE;B20;04/09/2025 15:48;100;130,70077;
Monthly Domestic Values;5;2025;Other;DE;B20;04/09/2025 15:48;100;115,627775;
Monthly Domestic Values;6;2025;Other;DE;B20;04/09/2025 15:48;100;104,86512;
Monthly Domestic Values;1;2025;Other renewable;DE;B15;04/09/2025 15:48;100;72,6056925;
Monthly Domestic Values;2;2025;Other renewable;DE;B15;04/09/2025 15:48;100;63,6086575;
Monthly Domestic Values;3;2025;Other renewable;DE;B15;04/09/2025 15:48;100;65,65211;
Monthly Domestic Values;4;2025;Other renewable;DE;B15;04/09/2025 15:48;100;60,820885;
Monthly Domestic Values;5;2025;Other renewable;DE;B15;04/09/2025 15:48;100;58,90006;
Monthly Domestic Values;6;2025;Other renewable;DE;B15;04/09/2025 15:48;100;52,24667;
Monthly Domestic Values;1;2025;Solar;DE;B16;04/09/2025 15:48;100;1627,458563;
Monthly Domestic Values;2;2025;Solar;DE;B16;04/09/2025 15:48;100;3018,64977;
Monthly Domestic Values;3;2025;Solar;DE;B16;04/09/2025 15:48;100;6912,375935;
Monthly Domestic Values;4;2025;Solar;DE;B16;04/09/2025 15:48;100;8951,022398;
Monthly Domestic Values;5;2025;Solar;DE;B16;04/09/2025 15:48;100;10217,15324;
Monthly Domestic Values;6;2025;Solar;DE;B16;04/09/2025 15:48;100;10536,08403;
Monthly Domestic Values;1;2025;Waste;DE;B17;04/09/2025 15:48;100;408,8245175;
Monthly Domestic Values;2;2025;Waste;DE;B17;04/09/2025 15:48;100;411,1627125;
Monthly Domestic Values;3;2025;Waste;DE;B17;04/09/2025 15:48;100;457,74119;
Monthly Domestic Values;4;2025;Waste;DE;B17;04/09/2025 15:48;100;459,1863225;
Monthly Domestic Values;5;2025;Waste;DE;B17;04/09/2025 15:48;100;509,166085;
Monthly Domestic Values;6;2025;Waste;DE;B17;04/09/2025 15:48;100;442,55605;
Monthly Domestic Values;1;2025;Wind Offshore;DE;B18;04/09/2025 15:48;100;2538,215908;
Monthly Domestic Values;2;2025;Wind Offshore;DE;B18;04/09/2025 15:48;100;2259,755473;
Monthly Domestic Values;3;2025;Wind Offshore;DE;B18;04/09/2025 15:48;100;1890,18657;
Monthly Domestic Values;4;2025;Wind Offshore;DE;B18;04/09/2025 15:48;100;1079,972005;
Monthly Domestic Values;5;2025;Wind Offshore;DE;B18;04/09/2025 15:48;100;1862,607443;
Monthly Domestic Values;6;2025;Wind Offshore;DE;B18;04/09/2025 15:48;100;1851,795925;
Monthly Domestic Values;1;2025;Wind Onshore;DE;B19;04/09/2025 15:48;100;13175,03358;
Monthly Domestic Values;2;2025;Wind Onshore;DE;B19;04/09/2025 15:48;100;7225,142205;
Monthly Domestic Values;3;2025;Wind Onshore;DE;B19;04/09/2025 15:48;100;6500,152955;
Monthly Domestic Values;4;2025;Wind Onshore;DE;B19;04/09/2025 15:48;100;5839,053345;
Monthly Domestic Values;5;2025;Wind Onshore;DE;B19;04/09/2025 15:48;100;7867,416628;
Monthly Domestic Values;6;2025;Wind Onshore;DE;B19;04/09/2025 15:48;100;8681,555505;
Monthly Domestic Values;1;2025;Biomass;DK;B01;04/09/2025 15:48;100;512,59153;
Monthly Domestic Values;2;2025;Biomass;DK;B01;04/09/2025 15:48;100;464,068;
Monthly Domestic Values;3;2025;Biomass;DK;B01;04/09/2025 15:48;100;471,74498;
Monthly Domestic Values;4;2025;Biomass;DK;B01;04/09/2025 15:48;100;286,9458125;
Monthly Domestic Values;5;2025;Biomass;DK;B01;04/09/2025 15:48;100;129,5739275;
Monthly Domestic Values;6;2025;Biomass;DK;B01;04/09/2025 15:48;100;52,55129;
Monthly Domestic Values;1;2025;Fossil Gas;DK;B04;04/09/2025 15:48;100;235,65487;
Monthly Domestic Values;2;2025;Fossil Gas;DK;B04;04/09/2025 15:48;100;228,99778;
Monthly Domestic Values;3;2025;Fossil Gas;DK;B04;04/09/2025 15:48;100;162,11613;
Monthly Domestic Values;4;2025;Fossil Gas;DK;B04;04/09/2025 15:48;100;121,7512275;
Monthly Domestic Values;5;2025;Fossil Gas;DK;B04;04/09/2025 15:48;100;108,8280625;
Monthly Domestic Values;6;2025;Fossil Gas;DK;B04;04/09/2025 15:48;100;80,4867075;
Monthly Domestic Values;1;2025;Fossil Hard coal;DK;B05;04/09/2025 15:48;100;315,84676;
Monthly Domestic Values;2;2025;Fossil Hard coal;DK;B05;04/09/2025 15:48;100;375,82783;
Monthly Domestic Values;3;2025;Fossil Hard coal;DK;B05;04/09/2025 15:48;100;283,51669;
Monthly Domestic Values;4;2025;Fossil Hard coal;DK;B05;04/09/2025 15:48;100;196,1468875;
Monthly Domestic Values;5;2025;Fossil Hard coal;DK;B05;04/09/2025 15:48;100;106,80855;
Monthly Domestic Values;6;2025;Fossil Hard coal;DK;B05;04/09/2025 15:48;100;84,04768;
Monthly Domestic Values;1;2025;Fossil Oil;DK;B06;04/09/2025 15:48;100;33,08201;
Monthly Domestic Values;2;2025;Fossil Oil;DK;B06;04/09/2025 15:48;100;28,50668;
Monthly Domestic Values;3;2025;Fossil Oil;DK;B06;04/09/2025 15:48;100;27,18403;
Monthly Domestic Values;4;2025;Fossil Oil;DK;B06;04/09/2025 15:48;100;24,76497;
Monthly Domestic Values;5;2025;Fossil Oil;DK;B06;04/09/2025 15:48;100;22,7651025;
Monthly Domestic Values;6;2025;Fossil Oil;DK;B06;04/09/2025 15:48;100;17,235835;
Monthly Domestic Values;1;2025;Solar;DK;B16;04/09/2025 15:48;100;61,05405;
Monthly Domestic Values;2;2025;Solar;DK;B16;04/09/2025 15:48;100;154,38029;
Monthly Domestic Values;3;2025;Solar;DK;B16;04/09/2025 15:48;100;413,1457;
Monthly Domestic Values;4;2025;Solar;DK;B16;04/09/2025 15:48;100;454,3553825;
Monthly Domestic Values;5;2025;Solar;DK;B16;04/09/2025 15:48;100;634,8898;
Monthly Domestic Values;6;2025;Solar;DK;B16;04/09/2025 15:48;100;571,3029;
Monthly Domestic Values;1;2025;Waste;DK;B17;04/09/2025 15:48;100;86,92873;
Monthly Domestic Values;2;2025;Waste;DK;B17;04/09/2025 15:48;100;108,33117;
Monthly Domestic Values;3;2025;Waste;DK;B17;04/09/2025 15:48;100;84,65741;
Monthly Domestic Values;4;2025;Waste;DK;B17;04/09/2025 15:48;100;90,0919375;
Monthly Domestic Values;5;2025;Waste;DK;B17;04/09/2025 15:48;100;79,733445;
Monthly Domestic Values;6;2025;Waste;DK;B17;04/09/2025 15:48;100;76,6002325;
Monthly Domestic Values;1;2025;Wind Offshore;DK;B18;04/09/2025 15:48;100;1011,19035;
Monthly Domestic Values;2;2025;Wind Offshore;DK;B18;04/09/2025 15:48;100;734,68914;
Monthly Domestic Values;3;2025;Wind Offshore;DK;B18;04/09/2025 15:48;100;740,35826;
Monthly Domestic Values;4;2025;Wind Offshore;DK;B18;04/09/2025 15:48;100;386,2823525;
Monthly Domestic Values;5;2025;Wind Offshore;DK;B18;04/09/2025 15:48;100;620,9867225;
Monthly Domestic Values;6;2025;Wind Offshore;DK;B18;04/09/2025 15:48;100;695,91278;
Monthly Domestic Values;1;2025;Wind Onshore;DK;B19;04/09/2025 15:48;100;1121,02928;
Monthly Domestic Values;2;2025;Wind Onshore;DK;B19;04/09/2025 15:48;100;749,857;
Monthly Domestic Values;3;2025;Wind Onshore;DK;B19;04/09/2025 15:48;100;969,07418;
Monthly Domestic Values;4;2025;Wind Onshore;DK;B19;04/09/2025 15:48;100;470,74331;
Monthly Domestic Values;5;2025;Wind Onshore;DK;B19;04/09/2025 15:48;100;766,179755;
Monthly Domestic Values;6;2025;Wind Onshore;DK;B19;04/09/2025 15:48;100;888,6491075;
Monthly Domestic Values;1;2025;Biomass;EE;B01;04/09/2025 15:48;100;53,8541;
Monthly Domestic Values;2;2025;Biomass;EE;B01;04/09/2025 15:48;100;54,4395;
Monthly Domestic Values;3;2025;Biomass;EE;B01;04/09/2025 15:48;100;45,9007;
Monthly Domestic Values;4;2025;Biomass;EE;B01;04/09/2025 15:48;100;36,5209;
Monthly Domestic Values;5;2025;Biomass;EE;B01;04/09/2025 15:48;100;30,424;
Monthly Domestic Values;6;2025;Biomass;EE;B01;04/09/2025 15:48;100;29,738;
Monthly Domestic Values;1;2025;Fossil Coal-derived gas;EE;B03;04/09/2025 15:48;100;31,8044;
Monthly Domestic Values;2;2025;Fossil Coal-derived gas;EE;B03;04/09/2025 15:48;100;32,3749;
Monthly Domestic Values;3;2025;Fossil Coal-derived gas;EE;B03;04/09/2025 15:48;100;32,0371;
Monthly Domestic Values;4;2025;Fossil Coal-derived gas;EE;B03;04/09/2025 15:48;100;35,0835;
Monthly Domestic Values;5;2025;Fossil Coal-derived gas;EE;B03;04/09/2025 15:48;100;46,5597;
Monthly Domestic Values;6;2025;Fossil Coal-derived gas;EE;B03;04/09/2025 15:48;100;48,194;
Monthly Domestic Values;1;2025;Fossil Gas;EE;B04;04/09/2025 15:48;100;3,9149;
Monthly Domestic Values;2;2025;Fossil Gas;EE;B04;04/09/2025 15:48;100;4,3675;
Monthly Domestic Values;3;2025;Fossil Gas;EE;B04;04/09/2025 15:48;100;4,3347;
Monthly Domestic Values;4;2025;Fossil Gas;EE;B04;04/09/2025 15:48;100;4,2298;
Monthly Domestic Values;5;2025;Fossil Gas;EE;B04;04/09/2025 15:48;100;2,9324;
Monthly Domestic Values;6;2025;Fossil Gas;EE;B04;04/09/2025 15:48;100;1,7997;
Monthly Domestic Values;1;2025;Fossil Oil shale;EE;B07;04/09/2025 15:48;100;176,5408;
Monthly Domestic Values;2;2025;Fossil Oil shale;EE;B07;04/09/2025 15:48;100;270,0991;
Monthly Domestic Values;3;2025;Fossil Oil shale;EE;B07;04/09/2025 15:48;100;181,1582;
Monthly Domestic Values;4;2025;Fossil Oil shale;EE;B07;04/09/2025 15:48;100;168,6841;
Monthly Domestic Values;5;2025;Fossil Oil shale;EE;B07;04/09/2025 15:48;100;85,0158;
Monthly Domestic Values;6;2025;Fossil Oil shale;EE;B07;04/09/2025 15:48;100;60,968;
Monthly Domestic Values;1;2025;Fossil Peat;EE;B08;04/09/2025 15:48;100;0;
Monthly Domestic Values;2;2025;Fossil Peat;EE;B08;04/09/2025 15:48;100;0;
Monthly Domestic Values;3;2025;Fossil Peat;EE;B08;04/09/2025 15:48;100;0;
Monthly Domestic Values;4;2025;Fossil Peat;EE;B08;04/09/2025 15:48;100;0;
Monthly Domestic Values;5;2025;Fossil Peat;EE;B08;04/09/2025 15:48;100;0;
Monthly Domestic Values;6;2025;Fossil Peat;EE;B08;04/09/2025 15:48;100;0;
Monthly Domestic Values;1;2025;Hydro Run-of-river and poundage;EE;B11;04/09/2025 15:48;100;0,8695;
Monthly Domestic Values;2;2025;Hydro Run-of-river and poundage;EE;B11;04/09/2025 15:48;100;0,7603;
Monthly Domestic Values;3;2025;Hydro Run-of-river and poundage;EE;B11;04/09/2025 15:48;100;0,8056;
Monthly Domestic Values;4;2025;Hydro Run-of-river and poundage;EE;B11;04/09/2025 15:48;100;0,4839;
Monthly Domestic Values;5;2025;Hydro Run-of-river and poundage;EE;B11;04/09/2025 15:48;100;0,4344;
Monthly Domestic Values;6;2025;Hydro Run-of-river and poundage;EE;B11;04/09/2025 15:48;100;0,3426;
Monthly Domestic Values;1;2025;Other;EE;B20;04/09/2025 15:48;100;0;
Monthly Domestic Values;2;2025;Other;EE;B20;04/09/2025 15:48;100;0;
Monthly Domestic Values;3;2025;Other;EE;B20;04/09/2025 15:48;100;0;
Monthly Domestic Values;4;2025;Other;EE;B20;04/09/2025 15:48;100;0;
Monthly Domestic Values;5;2025;Other;EE;B20;04/09/2025 15:48;100;0;
Monthly Domestic Values;6;2025;Other;EE;B20;04/09/2025 15:48;100;0;
Monthly Domestic Values;1;2025;Other renewable;EE;B15;04/09/2025 15:48;100;0,1095;
Monthly Domestic Values;2;2025;Other renewable;EE;B15;04/09/2025 15:48;100;0,2408;
Monthly Domestic Values;3;2025;Other renewable;EE;B15;04/09/2025 15:48;100;0,1509;
Monthly Domestic Values;4;2025;Other renewable;EE;B15;04/09/2025 15:48;100;0,0988;
Monthly Domestic Values;5;2025;Other renewable;EE;B15;04/09/2025 15:48;100;0,0414;
Monthly Domestic Values;6;2025;Other renewable;EE;B15;04/09/2025 15:48;100;0,0204;
Monthly Domestic Values;1;2025;Solar;EE;B16;04/09/2025 15:48;100;6,6167;
Monthly Domestic Values;2;2025;Solar;EE;B16;04/09/2025 15:48;100;27,2876;
Monthly Domestic Values;3;2025;Solar;EE;B16;04/09/2025 15:48;100;97,2927;
Monthly Domestic Values;4;2025;Solar;EE;B16;04/09/2025 15:48;100;135,976;
Monthly Domestic Values;5;2025;Solar;EE;B16;04/09/2025 15:48;100;176,70423;
Monthly Domestic Values;6;2025;Solar;EE;B16;04/09/2025 15:48;100;132,54703;
Monthly Domestic Values;1;2025;Waste;EE;B17;04/09/2025 15:48;100;10,5079;
Monthly Domestic Values;2;2025;Waste;EE;B17;04/09/2025 15:48;100;10,0314;
Monthly Domestic Values;3;2025;Waste;EE;B17;04/09/2025 15:48;100;11,7109;
Monthly Domestic Values;4;2025;Waste;EE;B17;04/09/2025 15:48;100;11,4351;
Monthly Domestic Values;5;2025;Waste;EE;B17;04/09/2025 15:48;100;11,2822;
Monthly Domestic Values;6;2025;Waste;EE;B17;04/09/2025 15:48;100;12,0767;
Monthly Domestic Values;1;2025;Wind Onshore;EE;B19;04/09/2025 15:48;100;178,1253;
Monthly Domestic Values;2;2025;Wind Onshore;EE;B19;04/09/2025 15:48;100;77,3375;
Monthly Domestic Values;3;2025;Wind Onshore;EE;B19;04/09/2025 15:48;100;139,3295;
Monthly Domestic Values;4;2025;Wind Onshore;EE;B19;04/09/2025 15:48;100;101,3132;
Monthly Domestic Values;5;2025;Wind Onshore;EE;B19;04/09/2025 15:48;100;86,9617;
Monthly Domestic Values;6;2025;Wind Onshore;EE;B19;04/09/2025 15:48;100;102,7368;
Monthly Domestic Values;1;2025;Biomass;ES;B01;04/09/2025 15:48;100;319,997;
Monthly Domestic Values;2;2025;Biomass;ES;B01;04/09/2025 15:48;100;303,763;
Monthly Domestic Values;3;2025;Biomass;ES;B01;04/09/2025 15:48;100;267,379;
Monthly Domestic Values;4;2025;Biomass;ES;B01;04/09/2025 15:48;100;277,618;
Monthly Domestic Values;5;2025;Biomass;ES;B01;04/09/2025 15:48;100;310,82;
Monthly Domestic Values;6;2025;Biomass;ES;B01;04/09/2025 15:48;100;298,218;
Monthly Domestic Values;1;2025;Consumption of Hydro Pumped Storage;ES;(B10);04/09/2025 15:51;100;726,42;
Monthly Domestic Values;2;2025;Consumption of Hydro Pumped Storage;ES;(B10);04/09/2025 15:51;100;504,098;
Monthly Domestic Values;3;2025;Consumption of Hydro Pumped Storage;ES;(B10);04/09/2025 15:51;100;776,691;
Monthly Domestic Values;4;2025;Consumption of Hydro Pumped Storage;ES;(B10);04/09/2025 15:51;100;986,71;
Monthly Domestic Values;5;2025;Consumption of Hydro Pumped Storage;ES;(B10);04/09/2025 15:51;100;989,698;
Monthly Domestic Values;6;2025;Consumption of Hydro Pumped Storage;ES;(B10);04/09/2025 15:51;100;745,847;
Monthly Domestic Values;1;2025;Fossil Brown coal/Lignite;ES;B02;04/09/2025 15:48;100;0;
Monthly Domestic Values;2;2025;Fossil Brown coal/Lignite;ES;B02;04/09/2025 15:48;100;0;
Monthly Domestic Values;3;2025;Fossil Brown coal/Lignite;ES;B02;04/09/2025 15:48;100;0;
Monthly Domestic Values;4;2025;Fossil Brown coal/Lignite;ES;B02;04/09/2025 15:48;100;0;
Monthly Domestic Values;5;2025;Fossil Brown coal/Lignite;ES;B02;04/09/2025 15:48;100;0;
Monthly Domestic Values;6;2025;Fossil Brown coal/Lignite;ES;B02;04/09/2025 15:48;100;0;
Monthly Domestic Values;1;2025;Fossil Coal-derived gas;ES;B03;04/09/2025 15:48;100;0;
Monthly Domestic Values;2;2025;Fossil Coal-derived gas;ES;B03;04/09/2025 15:48;100;0;
Monthly Domestic Values;3;2025;Fossil Coal-derived gas;ES;B03;04/09/2025 15:48;100;0;
Monthly Domestic Values;4;2025;Fossil Coal-derived gas;ES;B03;04/09/2025 15:48;100;0;
Monthly Domestic Values;5;2025;Fossil Coal-derived gas;ES;B03;04/09/2025 15:48;100;0;
Monthly Domestic Values;6;2025;Fossil Coal-derived gas;ES;B03;04/09/2025 15:48;100;0;
Monthly Domestic Values;1;2025;Fossil Gas;ES;B04;04/09/2025 15:48;100;3989,794;
Monthly Domestic Values;2;2025;Fossil Gas;ES;B04;04/09/2025 15:48;100;3785,93;
Monthly Domestic Values;3;2025;Fossil Gas;ES;B04;04/09/2025 15:48;100;2992,776;
Monthly Domestic Values;4;2025;Fossil Gas;ES;B04;04/09/2025 15:48;100;2946,573;
Monthly Domestic Values;5;2025;Fossil Gas;ES;B04;04/09/2025 15:48;100;3594,447;
Monthly Domestic Values;6;2025;Fossil Gas;ES;B04;04/09/2025 15:48;100;5182,643;
Monthly Domestic Values;1;2025;Fossil Hard coal;ES;B05;04/09/2025 15:48;100;297,359;
Monthly Domestic Values;2;2025;Fossil Hard coal;ES;B05;04/09/2025 15:48;100;278,102;
Monthly Domestic Values;3;2025;Fossil Hard coal;ES;B05;04/09/2025 15:48;100;191,027;
Monthly Domestic Values;4;2025;Fossil Hard coal;ES;B05;04/09/2025 15:48;100;168,75;
Monthly Domestic Values;5;2025;Fossil Hard coal;ES;B05;04/09/2025 15:48;100;143,395;
Monthly Domestic Values;6;2025;Fossil Hard coal;ES;B05;04/09/2025 15:48;100;141,97;
Monthly Domestic Values;1;2025;Fossil Oil;ES;B06;04/09/2025 15:48;100;12,669;
Monthly Domestic Values;2;2025;Fossil Oil;ES;B06;04/09/2025 15:48;100;13,364;
Monthly Domestic Values;3;2025;Fossil Oil;ES;B06;04/09/2025 15:48;100;11,069;
Monthly Domestic Values;4;2025;Fossil Oil;ES;B06;04/09/2025 15:48;100;11,099;
Monthly Domestic Values;5;2025;Fossil Oil;ES;B06;04/09/2025 15:48;100;19,842;
Monthly Domestic Values;6;2025;Fossil Oil;ES;B06;04/09/2025 15:48;100;38,139;
Monthly Domestic Values;1;2025;Fossil Oil shale;ES;B07;04/09/2025 15:48;100;0;
Monthly Domestic Values;2;2025;Fossil Oil shale;ES;B07;04/09/2025 15:48;100;0;
Monthly Domestic Values;3;2025;Fossil Oil shale;ES;B07;04/09/2025 15:48;100;0;
Monthly Domestic Values;4;2025;Fossil Oil shale;ES;B07;04/09/2025 15:48;100;0;
Monthly Domestic Values;5;2025;Fossil Oil shale;ES;B07;04/09/2025 15:48;100;0;
Monthly Domestic Values;6;2025;Fossil Oil shale;ES;B07;04/09/2025 15:48;100;0;
Monthly Domestic Values;1;2025;Fossil Peat;ES;B08;04/09/2025 15:48;100;0;
Monthly Domestic Values;2;2025;Fossil Peat;ES;B08;04/09/2025 15:48;100;0;
Monthly Domestic Values;3;2025;Fossil Peat;ES;B08;04/09/2025 15:48;100;0;
Monthly Domestic Values;4;2025;Fossil Peat;ES;B08;04/09/2025 15:48;100;0;
Monthly Domestic Values;5;2025;Fossil Peat;ES;B08;04/09/2025 15:48;100;0;
Monthly Domestic Values;6;2025;Fossil Peat;ES;B08;04/09/2025 15:48;100;0;
Monthly Domestic Values;1;2025;Geothermal;ES;B09;04/09/2025 15:48;100;0;
Monthly Domestic Values;2;2025;Geothermal;ES;B09;04/09/2025 15:48;100;0;
Monthly Domestic Values;3;2025;Geothermal;ES;B09;04/09/2025 15:48;100;0;
Monthly Domestic Values;4;2025;Geothermal;ES;B09;04/09/2025 15:48;100;0;
Monthly Domestic Values;5;2025;Geothermal;ES;B09;04/09/2025 15:48;100;0;
Monthly Domestic Values;6;2025;Geothermal;ES;B09;04/09/2025 15:48;100;0;
Monthly Domestic Values;1;2025;Hydro Pumped Storage;ES;B10;04/09/2025 15:48;100;680,951;
Monthly Domestic Values;2;2025;Hydro Pumped Storage;ES;B10;04/09/2025 15:48;100;815,735;
Monthly Domestic Values;3;2025;Hydro Pumped Storage;ES;B10;04/09/2025 15:48;100;695,17;
Monthly Domestic Values;4;2025;Hydro Pumped Storage;ES;B10;04/09/2025 15:48;100;696,109;
Monthly Domestic Values;5;2025;Hydro Pumped Storage;ES;B10;04/09/2025 15:48;100;826,046;
Monthly Domestic Values;6;2025;Hydro Pumped Storage;ES;B10;04/09/2025 15:48;100;658,323;
Monthly Domestic Values;1;2025;Hydro Run-of-river and poundage;ES;B11;04/09/2025 15:48;100;883,795;
Monthly Domestic Values;2;2025;Hydro Run-of-river and poundage;ES;B11;04/09/2025 15:48;100;880,27;
Monthly Domestic Values;3;2025;Hydro Run-of-river and poundage;ES;B11;04/09/2025 15:48;100;948,743;
Monthly Domestic Values;4;2025;Hydro Run-of-river and poundage;ES;B11;04/09/2025 15:48;100;1004,17;
Monthly Domestic Values;5;2025;Hydro Run-of-river and poundage;ES;B11;04/09/2025 15:48;100;1019,427;
Monthly Domestic Values;6;2025;Hydro Run-of-river and poundage;ES;B11;04/09/2025 15:48;100;721,297;
Monthly Domestic Values;1;2025;Hydro Water Reservoir;ES;B12;04/09/2025 15:48;100;1973,145;
Monthly Domestic Values;2;2025;Hydro Water Reservoir;ES;B12;04/09/2025 15:48;100;2814,653;
Monthly Domestic Values;3;2025;Hydro Water Reservoir;ES;B12;04/09/2025 15:48;100;2945,365;
Monthly Domestic Values;4;2025;Hydro Water Reservoir;ES;B12;04/09/2025 15:48;100;2796,853;
Monthly Domestic Values;5;2025;Hydro Water Reservoir;ES;B12;04/09/2025 15:48;100;2325,216;
Monthly Domestic Values;6;2025;Hydro Water Reservoir;ES;B12;04/09/2025 15:48;100;1456,962;
Monthly Domestic Values;1;2025;Marine;ES;B13;04/09/2025 15:48;100;0;
Monthly Domestic Values;2;2025;Marine;ES;B13;04/09/2025 15:48;100;0;
Monthly Domestic Values;3;2025;Marine;ES;B13;04/09/2025 15:48;100;0;
Monthly Domestic Values;4;2025;Marine;ES;B13;04/09/2025 15:48;100;0;
Monthly Domestic Values;5;2025;Marine;ES;B13;04/09/2025 15:48;100;0;
Monthly Domestic Values;6;2025;Marine;ES;B13;04/09/2025 15:48;100;0;
Monthly Domestic Values;1;2025;Nuclear;ES;B14;04/09/2025 15:48;100;5223,773;
Monthly Domestic Values;2;2025;Nuclear;ES;B14;04/09/2025 15:48;100;4735,202;
Monthly Domestic Values;3;2025;Nuclear;ES;B14;04/09/2025 15:48;100;4880,885;
Monthly Domestic Values;4;2025;Nuclear;ES;B14;04/09/2025 15:48;100;2940,671;
Monthly Domestic Values;5;2025;Nuclear;ES;B14;04/09/2025 15:48;100;3070,113;
Monthly Domestic Values;6;2025;Nuclear;ES;B14;04/09/2025 15:48;100;4133,827;
Monthly Domestic Values;1;2025;Other;ES;B20;04/09/2025 15:48;100;5,633;
Monthly Domestic Values;2;2025;Other;ES;B20;04/09/2025 15:48;100;3,857;
Monthly Domestic Values;3;2025;Other;ES;B20;04/09/2025 15:48;100;5,136;
Monthly Domestic Values;4;2025;Other;ES;B20;04/09/2025 15:48;100;3,873;
Monthly Domestic Values;5;2025;Other;ES;B20;04/09/2025 15:48;100;4,696;
Monthly Domestic Values;6;2025;Other;ES;B20;04/09/2025 15:48;100;7,086;
Monthly Domestic Values;1;2025;Other renewable;ES;B15;04/09/2025 15:48;100;53,162;
Monthly Domestic Values;2;2025;Other renewable;ES;B15;04/09/2025 15:48;100;53,094;
Monthly Domestic Values;3;2025;Other renewable;ES;B15;04/09/2025 15:48;100;52,401;
Monthly Domestic Values;4;2025;Other renewable;ES;B15;04/09/2025 15:48;100;52,451;
Monthly Domestic Values;5;2025;Other renewable;ES;B15;04/09/2025 15:48;100;49,737;
Monthly Domestic Values;6;2025;Other renewable;ES;B15;04/09/2025 15:48;100;48,2;
Monthly Domestic Values;1;2025;Solar;ES;B16;04/09/2025 15:48;100;2287,92;
Monthly Domestic Values;2;2025;Solar;ES;B16;04/09/2025 15:48;100;3239,572;
Monthly Domestic Values;3;2025;Solar;ES;B16;04/09/2025 15:48;100;3124,845;
Monthly Domestic Values;4;2025;Solar;ES;B16;04/09/2025 15:48;100;4251,218;
Monthly Domestic Values;5;2025;Solar;ES;B16;04/09/2025 15:48;100;5225,595;
Monthly Domestic Values;6;2025;Solar;ES;B16;04/09/2025 15:48;100;6351,632;
Monthly Domestic Values;1;2025;Waste;ES;B17;04/09/2025 15:48;100;137,452;
Monthly Domestic Values;2;2025;Waste;ES;B17;04/09/2025 15:48;100;121,974;
Monthly Domestic Values;3;2025;Waste;ES;B17;04/09/2025 15:48;100;120,658;
Monthly Domestic Values;4;2025;Waste;ES;B17;04/09/2025 15:48;100;114,105;
Monthly Domestic Values;5;2025;Waste;ES;B17;04/09/2025 15:48;100;92,185;
Monthly Domestic Values;6;2025;Waste;ES;B17;04/09/2025 15:48;100;134,424;
Monthly Domestic Values;1;2025;Wind Offshore;ES;B18;04/09/2025 15:48;100;0;
Monthly Domestic Values;2;2025;Wind Offshore;ES;B18;04/09/2025 15:48;100;0;
Monthly Domestic Values;3;2025;Wind Offshore;ES;B18;04/09/2025 15:48;100;0;
Monthly Domestic Values;4;2025;Wind Offshore;ES;B18;04/09/2025 15:48;100;0;
Monthly Domestic Values;5;2025;Wind Offshore;ES;B18;04/09/2025 15:48;100;0;
Monthly Domestic Values;6;2025;Wind Offshore;ES;B18;04/09/2025 15:48;100;0;
Monthly Domestic Values;1;2025;Wind Onshore;ES;B19;04/09/2025 15:48;100;7427,127;
Monthly Domestic Values;2;2025;Wind Onshore;ES;B19;04/09/2025 15:48;100;3621,02;
Monthly Domestic Values;3;2025;Wind Onshore;ES;B19;04/09/2025 15:48;100;6547,882;
Monthly Domestic Values;4;2025;Wind Onshore;ES;B19;04/09/2025 15:48;100;4194,417;
Monthly Domestic Values;5;2025;Wind Onshore;ES;B19;04/09/2025 15:48;100;3243,725;
Monthly Domestic Values;6;2025;Wind Onshore;ES;B19;04/09/2025 15:48;100;2985,51;
Monthly Domestic Values;1;2025;Biomass;FI;B01;04/09/2025 15:48;100;946,9192475;
Monthly Domestic Values;2;2025;Biomass;FI;B01;04/09/2025 15:48;100;850,493985;
Monthly Domestic Values;3;2025;Biomass;FI;B01;04/09/2025 15:48;100;887,2042375;
Monthly Domestic Values;4;2025;Biomass;FI;B01;04/09/2025 15:48;100;800,52911;
Monthly Domestic Values;5;2025;Biomass;FI;B01;04/09/2025 15:48;100;663,3611325;
Monthly Domestic Values;6;2025;Biomass;FI;B01;04/09/2025 15:48;100;510,6934525;
Monthly Domestic Values;1;2025;Fossil Gas;FI;B04;04/09/2025 15:48;100;136,78802;
Monthly Domestic Values;2;2025;Fossil Gas;FI;B04;04/09/2025 15:48;100;115,0364625;
Monthly Domestic Values;3;2025;Fossil Gas;FI;B04;04/09/2025 15:48;100;124,65871;
Monthly Domestic Values;4;2025;Fossil Gas;FI;B04;04/09/2025 15:48;100;85,1404175;
Monthly Domestic Values;5;2025;Fossil Gas;FI;B04;04/09/2025 15:48;100;29,128165;
Monthly Domestic Values;6;2025;Fossil Gas;FI;B04;04/09/2025 15:48;100;18,8067975;
Monthly Domestic Values;1;2025;Fossil Hard coal;FI;B05;04/09/2025 15:48;100;122,1712175;
Monthly Domestic Values;2;2025;Fossil Hard coal;FI;B05;04/09/2025 15:48;100;116,0960925;
Monthly Domestic Values;3;2025;Fossil Hard coal;FI;B05;04/09/2025 15:48;100;88,14772;
Monthly Domestic Values;4;2025;Fossil Hard coal;FI;B05;04/09/2025 15:48;100;5,195715;
Monthly Domestic Values;5;2025;Fossil Hard coal;FI;B05;04/09/2025 15:48;100;2,3758725;
Monthly Domestic Values;6;2025;Fossil Hard coal;FI;B05;04/09/2025 15:48;100;0,269375;
Monthly Domestic Values;1;2025;Fossil Oil;FI;B06;04/09/2025 15:48;100;0,7677125;
Monthly Domestic Values;2;2025;Fossil Oil;FI;B06;04/09/2025 15:48;100;0,5098125;
Monthly Domestic Values;3;2025;Fossil Oil;FI;B06;04/09/2025 15:48;100;0,2932425;
Monthly Domestic Values;4;2025;Fossil Oil;FI;B06;04/09/2025 15:48;100;0,479825;
Monthly Domestic Values;5;2025;Fossil Oil;FI;B06;04/09/2025 15:48;100;0,470475;
Monthly Domestic Values;6;2025;Fossil Oil;FI;B06;04/09/2025 15:48;100;0,78378;
Monthly Domestic Values;1;2025;Fossil Peat;FI;B08;04/09/2025 15:48;100;196,175085;
Monthly Domestic Values;2;2025;Fossil Peat;FI;B08;04/09/2025 15:48;100;161,95257;
Monthly Domestic Values;3;2025;Fossil Peat;FI;B08;04/09/2025 15:48;100;149,16049;
Monthly Domestic Values;4;2025;Fossil Peat;FI;B08;04/09/2025 15:48;100;89,7307325;
Monthly Domestic Values;5;2025;Fossil Peat;FI;B08;04/09/2025 15:48;100;48,123845;
Monthly Domestic Values;6;2025;Fossil Peat;FI;B08;04/09/2025 15:48;100;25,2454425;
Monthly Domestic Values;1;2025;Hydro Run-of-river and poundage;FI;B11;04/09/2025 15:48;100;1173,844705;
Monthly Domestic Values;2;2025;Hydro Run-of-river and poundage;FI;B11;04/09/2025 15:48;100;951,625935;
Monthly Domestic Values;3;2025;Hydro Run-of-river and poundage;FI;B11;04/09/2025 15:48;100;987,0863625;
Monthly Domestic Values;4;2025;Hydro Run-of-river and poundage;FI;B11;04/09/2025 15:48;100;1099,2513;
Monthly Domestic Values;5;2025;Hydro Run-of-river and poundage;FI;B11;04/09/2025 15:48;100;1133,038948;
Monthly Domestic Values;6;2025;Hydro Run-of-river and poundage;FI;B11;04/09/2025 15:48;100;1122,845195;
Monthly Domestic Values;1;2025;Nuclear;FI;B14;04/09/2025 15:48;100;3045,954375;
Monthly Domestic Values;2;2025;Nuclear;FI;B14;04/09/2025 15:48;100;2759,4882;
Monthly Domestic Values;3;2025;Nuclear;FI;B14;04/09/2025 15:48;100;1950,40615;
Monthly Domestic Values;4;2025;Nuclear;FI;B14;04/09/2025 15:48;100;1618,993125;
Monthly Domestic Values;5;2025;Nuclear;FI;B14;04/09/2025 15:48;100;2378,1972;
Monthly Domestic Values;6;2025;Nuclear;FI;B14;04/09/2025 15:48;100;2325,11565;
Monthly Domestic Values;1;2025;Other;FI;B20;04/09/2025 15:48;100;230,73792;
Monthly Domestic Values;2;2025;Other;FI;B20;04/09/2025 15:48;100;213,9761075;
Monthly Domestic Values;3;2025;Other;FI;B20;04/09/2025 15:48;100;224,1387775;
Monthly Domestic Values;4;2025;Other;FI;B20;04/09/2025 15:48;100;172,635825;
Monthly Domestic Values;5;2025;Other;FI;B20;04/09/2025 15:48;100;162,1099975;
Monthly Domestic Values;6;2025;Other;FI;B20;04/09/2025 15:48;100;98,1279925;
Monthly Domestic Values;1;2025;Other renewable;FI;B15;04/09/2025 15:48;100;30,9535775;
Monthly Domestic Values;2;2025;Other renewable;FI;B15;04/09/2025 15:48;100;24,9946525;
Monthly Domestic Values;3;2025;Other renewable;FI;B15;04/09/2025 15:48;100;26,6064425;
Monthly Domestic Values;4;2025;Other renewable;FI;B15;04/09/2025 15:48;100;22,4159;
Monthly Domestic Values;5;2025;Other renewable;FI;B15;04/09/2025 15:48;100;8,69557;
Monthly Domestic Values;6;2025;Other renewable;FI;B15;04/09/2025 15:48;100;5,742375;
Monthly Domestic Values;1;2025;Solar;FI;B16;04/09/2025 15:48;100;6,6705625;
Monthly Domestic Values;2;2025;Solar;FI;B16;04/09/2025 15:48;100;24,8991;
Monthly Domestic Values;3;2025;Solar;FI;B16;04/09/2025 15:48;100;86,454475;
Monthly Domestic Values;4;2025;Solar;FI;B16;04/09/2025 15:48;100;148,2144;
Monthly Domestic Values;5;2025;Solar;FI;B16;04/09/2025 15:48;100;211,0471125;
Monthly Domestic Values;6;2025;Solar;FI;B16;04/09/2025 15:48;100;213,392385;
Monthly Domestic Values;1;2025;Waste;FI;B17;04/09/2025 15:48;100;29,5623375;
Monthly Domestic Values;2;2025;Waste;FI;B17;04/09/2025 15:48;100;25,01332;
Monthly Domestic Values;3;2025;Waste;FI;B17;04/09/2025 15:48;100;33,209425;
Monthly Domestic Values;4;2025;Waste;FI;B17;04/09/2025 15:48;100;35,052205;
Monthly Domestic Values;5;2025;Waste;FI;B17;04/09/2025 15:48;100;25,07044;
Monthly Domestic Values;6;2025;Waste;FI;B17;04/09/2025 15:48;100;31,701125;
Monthly Domestic Values;1;2025;Wind Onshore;FI;B19;04/09/2025 15:48;100;2134,144173;
Monthly Domestic Values;2;2025;Wind Onshore;FI;B19;04/09/2025 15:48;100;2033,874455;
Monthly Domestic Values;3;2025;Wind Onshore;FI;B19;04/09/2025 15:48;100;2319,491998;
Monthly Domestic Values;4;2025;Wind Onshore;FI;B19;04/09/2025 15:48;100;1696,918538;
Monthly Domestic Values;5;2025;Wind Onshore;FI;B19;04/09/2025 15:48;100;1530,3731;
Monthly Domestic Values;6;2025;Wind Onshore;FI;B19;04/09/2025 15:48;100;1167,68609;
Monthly Domestic Values;1;2025;Biomass;FR;B01;04/09/2025 15:48;100;296,799485;
Monthly Domestic Values;2;2025;Biomass;FR;B01;04/09/2025 15:48;100;217,99216;
Monthly Domestic Values;3;2025;Biomass;FR;B01;04/09/2025 15:48;100;249,293025;
Monthly Domestic Values;4;2025;Biomass;FR;B01;04/09/2025 15:48;100;240,8357675;
Monthly Domestic Values;5;2025;Biomass;FR;B01;04/09/2025 15:48;100;248,1714725;
Monthly Domestic Values;6;2025;Biomass;FR;B01;04/09/2025 15:48;100;231,8027125;
Monthly Domestic Values;4;2025;Consumption of Energy storage;FR;(B25);04/09/2025 15:51;100;0,00054;
Monthly Domestic Values;5;2025;Consumption of Energy storage;FR;(B25);04/09/2025 15:51;100;5,771475;
Monthly Domestic Values;6;2025;Consumption of Energy storage;FR;(B25);04/09/2025 15:51;100;6,771815;
Monthly Domestic Values;1;2025;Consumption of Fossil Hard coal;FR;(B05);04/09/2025 15:51;100;1,1670225;
Monthly Domestic Values;2;2025;Consumption of Fossil Hard coal;FR;(B05);04/09/2025 15:51;100;1,056635;
Monthly Domestic Values;3;2025;Consumption of Fossil Hard coal;FR;(B05);04/09/2025 15:51;100;2,253205;
Monthly Domestic Values;4;2025;Consumption of Fossil Hard coal;FR;(B05);04/09/2025 15:51;100;2,9227225;
Monthly Domestic Values;5;2025;Consumption of Fossil Hard coal;FR;(B05);04/09/2025 15:51;100;1,1114225;
Monthly Domestic Values;6;2025;Consumption of Fossil Hard coal;FR;(B05);04/09/2025 15:51;100;0,561805;
Monthly Domestic Values;6;2025;Consumption of Fossil Oil;FR;(B06);04/09/2025 15:51;100;0,00046;
Monthly Domestic Values;1;2025;Consumption of Hydro Pumped Storage;FR;(B10);04/09/2025 15:51;100;657,9661975;
Monthly Domestic Values;2;2025;Consumption of Hydro Pumped Storage;FR;(B10);04/09/2025 15:51;100;444,76367;
Monthly Domestic Values;3;2025;Consumption of Hydro Pumped Storage;FR;(B10);04/09/2025 15:51;100;786,302875;
Monthly Domestic Values;4;2025;Consumption of Hydro Pumped Storage;FR;(B10);04/09/2025 15:51;100;783,3636225;
Monthly Domestic Values;5;2025;Consumption of Hydro Pumped Storage;FR;(B10);04/09/2025 15:51;100;311,866465;
Monthly Domestic Values;6;2025;Consumption of Hydro Pumped Storage;FR;(B10);04/09/2025 15:51;100;618,0518175;
Monthly Domestic Values;1;2025;Consumption of Wind Offshore;FR;(B18);04/09/2025 15:51;100;0,051125;
Monthly Domestic Values;3;2025;Consumption of Wind Offshore;FR;(B18);04/09/2025 15:51;100;0,0221725;
Monthly Domestic Values;4;2025;Consumption of Wind Offshore;FR;(B18);04/09/2025 15:51;100;0,0401925;
Monthly Domestic Values;5;2025;Consumption of Wind Offshore;FR;(B18);04/09/2025 15:51;100;0,04406;
Monthly Domestic Values;6;2025;Consumption of Wind Offshore;FR;(B18);04/09/2025 15:51;100;0,0506975;
Monthly Domestic Values;4;2025;Consumption of Wind Onshore;FR;(B19);04/09/2025 15:51;100;2,5764475;
Monthly Domestic Values;5;2025;Energy storage;FR;B25;04/09/2025 15:48;100;2,95128;
Monthly Domestic Values;6;2025;Energy storage;FR;B25;04/09/2025 15:48;100;3,4060625;
Monthly Domestic Values;1;2025;Fossil Gas;FR;B04;04/09/2025 15:48;100;2945,413313;
Monthly Domestic Values;2;2025;Fossil Gas;FR;B04;04/09/2025 15:48;100;2809,05563;
Monthly Domestic Values;3;2025;Fossil Gas;FR;B04;04/09/2025 15:48;100;1986,515433;
Monthly Domestic Values;4;2025;Fossil Gas;FR;B04;04/09/2025 15:48;100;505,6794675;
Monthly Domestic Values;5;2025;Fossil Gas;FR;B04;04/09/2025 15:48;100;291,2362225;
Monthly Domestic Values;6;2025;Fossil Gas;FR;B04;04/09/2025 15:48;100;555,11037;
Monthly Domestic Values;1;2025;Fossil Hard coal;FR;B05;04/09/2025 15:48;100;171,3888225;
Monthly Domestic Values;2;2025;Fossil Hard coal;FR;B05;04/09/2025 15:48;100;97,2681825;
Monthly Domestic Values;4;2025;Fossil Hard coal;FR;B05;04/09/2025 15:48;100;0;
Monthly Domestic Values;1;2025;Fossil Oil;FR;B06;04/09/2025 15:48;100;131,26253;
Monthly Domestic Values;2;2025;Fossil Oil;FR;B06;04/09/2025 15:48;100;82,21617;
Monthly Domestic Values;3;2025;Fossil Oil;FR;B06;04/09/2025 15:48;100;115,2064025;
Monthly Domestic Values;4;2025;Fossil Oil;FR;B06;04/09/2025 15:48;100;102,609145;
Monthly Domestic Values;5;2025;Fossil Oil;FR;B06;04/09/2025 15:48;100;68,8010925;
Monthly Domestic Values;6;2025;Fossil Oil;FR;B06;04/09/2025 15:48;100;73,15907;
Monthly Domestic Values;1;2025;Hydro Pumped Storage;FR;B10;04/09/2025 15:48;100;762,631695;
Monthly Domestic Values;2;2025;Hydro Pumped Storage;FR;B10;04/09/2025 15:48;100;697,642985;
Monthly Domestic Values;3;2025;Hydro Pumped Storage;FR;B10;04/09/2025 15:48;100;736,6788325;
Monthly Domestic Values;4;2025;Hydro Pumped Storage;FR;B10;04/09/2025 15:48;100;699,3537425;
Monthly Domestic Values;5;2025;Hydro Pumped Storage;FR;B10;04/09/2025 15:48;100;732,7675275;
Monthly Domestic Values;6;2025;Hydro Pumped Storage;FR;B10;04/09/2025 15:48;100;699,0300025;
Monthly Domestic Values;1;2025;Hydro Run-of-river and poundage;FR;B11;04/09/2025 15:48;100;4351,569105;
Monthly Domestic Values;2;2025;Hydro Run-of-river and poundage;FR;B11;04/09/2025 15:48;100;3771,126115;
Monthly Domestic Values;3;2025;Hydro Run-of-river and poundage;FR;B11;04/09/2025 15:48;100;3176,730563;
Monthly Domestic Values;4;2025;Hydro Run-of-river and poundage;FR;B11;04/09/2025 15:48;100;3174,74046;
Monthly Domestic Values;5;2025;Hydro Run-of-river and poundage;FR;B11;04/09/2025 15:48;100;3675,313418;
Monthly Domestic Values;6;2025;Hydro Run-of-river and poundage;FR;B11;04/09/2025 15:48;100;3288,214155;
Monthly Domestic Values;1;2025;Hydro Water Reservoir;FR;B12;04/09/2025 15:48;100;1825,521325;
Monthly Domestic Values;2;2025;Hydro Water Reservoir;FR;B12;04/09/2025 15:48;100;1778,314983;
Monthly Domestic Values;3;2025;Hydro Water Reservoir;FR;B12;04/09/2025 15:48;100;1321,93566;
Monthly Domestic Values;4;2025;Hydro Water Reservoir;FR;B12;04/09/2025 15:48;100;867,2307775;
Monthly Domestic Values;5;2025;Hydro Water Reservoir;FR;B12;04/09/2025 15:48;100;819,4509375;
Monthly Domestic Values;6;2025;Hydro Water Reservoir;FR;B12;04/09/2025 15:48;100;1036,668513;
Monthly Domestic Values;1;2025;Nuclear;FR;B14;04/09/2025 15:48;100;38617,17055;
Monthly Domestic Values;2;2025;Nuclear;FR;B14;04/09/2025 15:48;100;31886,47739;
Monthly Domestic Values;3;2025;Nuclear;FR;B14;04/09/2025 15:48;100;32190,1575;
Monthly Domestic Values;4;2025;Nuclear;FR;B14;04/09/2025 15:48;100;26959,5748;
Monthly Domestic Values;5;2025;Nuclear;FR;B14;04/09/2025 15:48;100;25430,58444;
Monthly Domestic Values;6;2025;Nuclear;FR;B14;04/09/2025 15:48;100;26117,8856;
Monthly Domestic Values;1;2025;Solar;FR;B16;04/09/2025 15:48;100;1047,323518;
Monthly Domestic Values;2;2025;Solar;FR;B16;04/09/2025 15:48;100;1543,224555;
Monthly Domestic Values;3;2025;Solar;FR;B16;04/09/2025 15:48;100;2602,96325;
Monthly Domestic Values;4;2025;Solar;FR;B16;04/09/2025 15:48;100;2853,227265;
Monthly Domestic Values;5;2025;Solar;FR;B16;04/09/2025 15:48;100;3305,10288;
Monthly Domestic Values;6;2025;Solar;FR;B16;04/09/2025 15:48;100;3761,1686;
Monthly Domestic Values;1;2025;Waste;FR;B17;04/09/2025 15:48;100;217,9746575;
Monthly Domestic Values;2;2025;Waste;FR;B17;04/09/2025 15:48;100;220,769595;
Monthly Domestic Values;3;2025;Waste;FR;B17;04/09/2025 15:48;100;237,406045;
Monthly Domestic Values;4;2025;Waste;FR;B17;04/09/2025 15:48;100;225,318665;
Monthly Domestic Values;5;2025;Waste;FR;B17;04/09/2025 15:48;100;235,6343875;
Monthly Domestic Values;6;2025;Waste;FR;B17;04/09/2025 15:48;100;266,82423;
Monthly Domestic Values;1;2025;Wind Offshore;FR;B18;04/09/2025 15:48;100;452,4147575;
Monthly Domestic Values;2;2025;Wind Offshore;FR;B18;04/09/2025 15:48;100;371,898195;
Monthly Domestic Values;3;2025;Wind Offshore;FR;B18;04/09/2025 15:48;100;389,2378975;
Monthly Domestic Values;4;2025;Wind Offshore;FR;B18;04/09/2025 15:48;100;394,7663775;
Monthly Domestic Values;5;2025;Wind Offshore;FR;B18;04/09/2025 15:48;100;361,8808625;
Monthly Domestic Values;6;2025;Wind Offshore;FR;B18;04/09/2025 15:48;100;256,2403375;
Monthly Domestic Values;1;2025;Wind Onshore;FR;B19;04/09/2025 15:48;100;5264,146163;
Monthly Domestic Values;2;2025;Wind Onshore;FR;B19;04/09/2025 15:48;100;3237,432445;
Monthly Domestic Values;3;2025;Wind Onshore;FR;B19;04/09/2025 15:48;100;3726,869278;
Monthly Domestic Values;4;2025;Wind Onshore;FR;B19;04/09/2025 15:48;100;3174,398015;
Monthly Domestic Values;5;2025;Wind Onshore;FR;B19;04/09/2025 15:48;100;3058,226243;
Monthly Domestic Values;6;2025;Wind Onshore;FR;B19;04/09/2025 15:48;100;2279,637513;
Monthly Domestic Values;1;2025;Consumption of Wind Onshore;GB;(B19);04/09/2025 15:51;100;49,76601;
Monthly Domestic Values;2;2025;Consumption of Wind Onshore;GB;(B19);04/09/2025 15:51;100;15,29692;
Monthly Domestic Values;3;2025;Consumption of Wind Onshore;GB;(B19);04/09/2025 15:51;100;199,20628;
Monthly Domestic Values;4;2025;Consumption of Wind Onshore;GB;(B19);04/09/2025 15:51;100;161,905885;
Monthly Domestic Values;5;2025;Consumption of Wind Onshore;GB;(B19);04/09/2025 15:51;100;117,331345;
Monthly Domestic Values;6;2025;Consumption of Wind Onshore;GB;(B19);04/09/2025 15:51;100;169,678295;
Monthly Domestic Values;1;2025;Fossil Gas;GB;B04;04/09/2025 15:48;100;39,71152;
Monthly Domestic Values;2;2025;Fossil Gas;GB;B04;04/09/2025 15:48;100;4,27281;
Monthly Domestic Values;3;2025;Fossil Gas;GB;B04;04/09/2025 15:48;100;143,937775;
Monthly Domestic Values;4;2025;Fossil Gas;GB;B04;04/09/2025 15:48;100;168,195185;
Monthly Domestic Values;5;2025;Fossil Gas;GB;B04;04/09/2025 15:48;100;184,12412;
Monthly Domestic Values;6;2025;Fossil Gas;GB;B04;04/09/2025 15:48;100;156,11019;
Monthly Domestic Values;1;2025;Fossil Hard coal;GB;B05;04/09/2025 15:48;100;0;
Monthly Domestic Values;2;2025;Fossil Hard coal;GB;B05;04/09/2025 15:48;100;0;
Monthly Domestic Values;3;2025;Fossil Hard coal;GB;B05;04/09/2025 15:48;100;0;
Monthly Domestic Values;4;2025;Fossil Hard coal;GB;B05;04/09/2025 15:48;100;0;
Monthly Domestic Values;5;2025;Fossil Hard coal;GB;B05;04/09/2025 15:48;100;0;
Monthly Domestic Values;6;2025;Fossil Hard coal;GB;B05;04/09/2025 15:48;100;0;
Monthly Domestic Values;1;2025;Fossil Oil;GB;B06;04/09/2025 15:48;100;0,294605;
Monthly Domestic Values;2;2025;Fossil Oil;GB;B06;04/09/2025 15:48;100;0;
Monthly Domestic Values;3;2025;Fossil Oil;GB;B06;04/09/2025 15:48;100;0,28632;
Monthly Domestic Values;4;2025;Fossil Oil;GB;B06;04/09/2025 15:48;100;0,237765;
Monthly Domestic Values;5;2025;Fossil Oil;GB;B06;04/09/2025 15:48;100;0,093565;
Monthly Domestic Values;6;2025;Fossil Oil;GB;B06;04/09/2025 15:48;100;0,395835;
Monthly Domestic Values;1;2025;Other;GB;B20;04/09/2025 15:48;100;0,00491;
Monthly Domestic Values;2;2025;Other;GB;B20;04/09/2025 15:48;100;0;
Monthly Domestic Values;3;2025;Other;GB;B20;04/09/2025 15:48;100;0,00767;
Monthly Domestic Values;4;2025;Other;GB;B20;04/09/2025 15:48;100;0,00022;
Monthly Domestic Values;5;2025;Other;GB;B20;04/09/2025 15:48;100;0,001755;
Monthly Domestic Values;6;2025;Other;GB;B20;04/09/2025 15:48;100;0,007375;
Monthly Domestic Values;1;2025;Wind Onshore;GB;B19;04/09/2025 15:48;100;49,71535;
Monthly Domestic Values;2;2025;Wind Onshore;GB;B19;04/09/2025 15:48;100;15,30004;
Monthly Domestic Values;3;2025;Wind Onshore;GB;B19;04/09/2025 15:48;100;199,01831;
Monthly Domestic Values;4;2025;Wind Onshore;GB;B19;04/09/2025 15:48;100;161,577325;
Monthly Domestic Values;5;2025;Wind Onshore;GB;B19;04/09/2025 15:48;100;115,791285;
Monthly Domestic Values;6;2025;Wind Onshore;GB;B19;04/09/2025 15:48;100;166,09186;
Monthly Domestic Values;1;2025;Fossil Gas;GE;B04;04/09/2025 15:48;100;364,72391;
Monthly Domestic Values;2;2025;Fossil Gas;GE;B04;04/09/2025 15:48;100;414,08451;
Monthly Domestic Values;3;2025;Fossil Gas;GE;B04;04/09/2025 15:48;100;186,07228;
Monthly Domestic Values;4;2025;Fossil Gas;GE;B04;04/09/2025 15:48;100;0,29565;
Monthly Domestic Values;5;2025;Fossil Gas;GE;B04;04/09/2025 15:48;100;0;
Monthly Domestic Values;6;2025;Fossil Gas;GE;B04;04/09/2025 15:48;100;5,99534;
Monthly Domestic Values;1;2025;Hydro Run-of-river and poundage;GE;B11;04/09/2025 15:48;100;293,04164;
Monthly Domestic Values;2;2025;Hydro Run-of-river and poundage;GE;B11;04/09/2025 15:48;100;206,46961;
Monthly Domestic Values;3;2025;Hydro Run-of-river and poundage;GE;B11;04/09/2025 15:48;100;483,78681;
Monthly Domestic Values;4;2025;Hydro Run-of-river and poundage;GE;B11;04/09/2025 15:48;100;646,11135;
Monthly Domestic Values;5;2025;Hydro Run-of-river and poundage;GE;B11;04/09/2025 15:48;100;645,897;
Monthly Domestic Values;6;2025;Hydro Run-of-river and poundage;GE;B11;04/09/2025 15:48;100;407,11966;
Monthly Domestic Values;1;2025;Hydro Water Reservoir;GE;B12;04/09/2025 15:48;100;192,63395;
Monthly Domestic Values;2;2025;Hydro Water Reservoir;GE;B12;04/09/2025 15:48;100;194,3265;
Monthly Domestic Values;3;2025;Hydro Water Reservoir;GE;B12;04/09/2025 15:48;100;243,24866;
Monthly Domestic Values;4;2025;Hydro Water Reservoir;GE;B12;04/09/2025 15:48;100;370,88347;
Monthly Domestic Values;5;2025;Hydro Water Reservoir;GE;B12;04/09/2025 15:48;100;417,11649;
Monthly Domestic Values;6;2025;Hydro Water Reservoir;GE;B12;04/09/2025 15:48;100;639,77298;
Monthly Domestic Values;1;2025;Wind Onshore;GE;B19;04/09/2025 15:48;100;6,35706;
Monthly Domestic Values;2;2025;Wind Onshore;GE;B19;04/09/2025 15:48;100;5,57186;
Monthly Domestic Values;3;2025;Wind Onshore;GE;B19;04/09/2025 15:48;100;6,36991;
Monthly Domestic Values;4;2025;Wind Onshore;GE;B19;04/09/2025 15:48;100;6,81338;
Monthly Domestic Values;5;2025;Wind Onshore;GE;B19;04/09/2025 15:48;100;7,54515;
Monthly Domestic Values;6;2025;Wind Onshore;GE;B19;04/09/2025 15:48;100;7,1271;
Monthly Domestic Values;1;2025;Fossil Brown coal/Lignite;GR;B02;04/09/2025 15:48;100;513,421;
Monthly Domestic Values;2;2025;Fossil Brown coal/Lignite;GR;B02;04/09/2025 15:48;100;435,421;
Monthly Domestic Values;3;2025;Fossil Brown coal/Lignite;GR;B02;04/09/2025 15:48;100;178,875;
Monthly Domestic Values;4;2025;Fossil Brown coal/Lignite;GR;B02;04/09/2025 15:48;100;140,943;
Monthly Domestic Values;5;2025;Fossil Brown coal/Lignite;GR;B02;04/09/2025 15:48;100;80,044;
Monthly Domestic Values;6;2025;Fossil Brown coal/Lignite;GR;B02;04/09/2025 15:48;100;66,001;
Monthly Domestic Values;1;2025;Fossil Gas;GR;B04;04/09/2025 15:48;100;2281,944;
Monthly Domestic Values;2;2025;Fossil Gas;GR;B04;04/09/2025 15:48;100;2390,652;
Monthly Domestic Values;3;2025;Fossil Gas;GR;B04;04/09/2025 15:48;100;1410,835;
Monthly Domestic Values;4;2025;Fossil Gas;GR;B04;04/09/2025 15:48;100;1043,158;
Monthly Domestic Values;5;2025;Fossil Gas;GR;B04;04/09/2025 15:48;100;1279,894;
Monthly Domestic Values;6;2025;Fossil Gas;GR;B04;04/09/2025 15:48;100;1756,126;
Monthly Domestic Values;1;2025;Fossil Oil;GR;B06;04/09/2025 15:48;100;0;
Monthly Domestic Values;2;2025;Fossil Oil;GR;B06;04/09/2025 15:48;100;0;
Monthly Domestic Values;3;2025;Fossil Oil;GR;B06;04/09/2025 15:48;100;0;
Monthly Domestic Values;4;2025;Fossil Oil;GR;B06;04/09/2025 15:48;100;0;
Monthly Domestic Values;5;2025;Fossil Oil;GR;B06;04/09/2025 15:48;100;0;
Monthly Domestic Values;6;2025;Fossil Oil;GR;B06;04/09/2025 15:48;100;0;
Monthly Domestic Values;1;2025;Hydro Pumped Storage;GR;B10;04/09/2025 15:48;100;44,748;
Monthly Domestic Values;2;2025;Hydro Pumped Storage;GR;B10;04/09/2025 15:48;100;32,805;
Monthly Domestic Values;3;2025;Hydro Pumped Storage;GR;B10;04/09/2025 15:48;100;79,601;
Monthly Domestic Values;4;2025;Hydro Pumped Storage;GR;B10;04/09/2025 15:48;100;84,656;
Monthly Domestic Values;5;2025;Hydro Pumped Storage;GR;B10;04/09/2025 15:48;100;93,542;
Monthly Domestic Values;6;2025;Hydro Pumped Storage;GR;B10;04/09/2025 15:48;100;105,412;
Monthly Domestic Values;1;2025;Hydro Water Reservoir;GR;B12;04/09/2025 15:48;100;216,155;
Monthly Domestic Values;2;2025;Hydro Water Reservoir;GR;B12;04/09/2025 15:48;100;180,817;
Monthly Domestic Values;3;2025;Hydro Water Reservoir;GR;B12;04/09/2025 15:48;100;112,78;
Monthly Domestic Values;4;2025;Hydro Water Reservoir;GR;B12;04/09/2025 15:48;100;111,41;
Monthly Domestic Values;5;2025;Hydro Water Reservoir;GR;B12;04/09/2025 15:48;100;166,565;
Monthly Domestic Values;6;2025;Hydro Water Reservoir;GR;B12;04/09/2025 15:48;100;251,119;
Monthly Domestic Values;1;2025;Solar;GR;B16;04/09/2025 15:48;100;692,104;
Monthly Domestic Values;2;2025;Solar;GR;B16;04/09/2025 15:48;100;683,101;
Monthly Domestic Values;3;2025;Solar;GR;B16;04/09/2025 15:48;100;1053,612;
Monthly Domestic Values;4;2025;Solar;GR;B16;04/09/2025 15:48;100;1044,84;
Monthly Domestic Values;5;2025;Solar;GR;B16;04/09/2025 15:48;100;1207,048;
Monthly Domestic Values;6;2025;Solar;GR;B16;04/09/2025 15:48;100;1524,05;
Monthly Domestic Values;1;2025;Wind Onshore;GR;B19;04/09/2025 15:48;100;842,616;
Monthly Domestic Values;2;2025;Wind Onshore;GR;B19;04/09/2025 15:48;100;790,449;
Monthly Domestic Values;3;2025;Wind Onshore;GR;B19;04/09/2025 15:48;100;1028,819;
Monthly Domestic Values;4;2025;Wind Onshore;GR;B19;04/09/2025 15:48;100;676,226;
Monthly Domestic Values;5;2025;Wind Onshore;GR;B19;04/09/2025 15:48;100;731,601;
Monthly Domestic Values;6;2025;Wind Onshore;GR;B19;04/09/2025 15:48;100;726,043;
Monthly Domestic Values;1;2025;Biomass;HR;B01;04/09/2025 15:48;100;53,2068;
Monthly Domestic Values;2;2025;Biomass;HR;B01;04/09/2025 15:48;100;48,3256;
Monthly Domestic Values;3;2025;Biomass;HR;B01;04/09/2025 15:48;100;54,3912;
Monthly Domestic Values;4;2025;Biomass;HR;B01;04/09/2025 15:48;100;49,402;
Monthly Domestic Values;5;2025;Biomass;HR;B01;04/09/2025 15:48;100;50,7248;
Monthly Domestic Values;6;2025;Biomass;HR;B01;04/09/2025 15:48;100;48,4684;
Monthly Domestic Values;1;2025;Consumption of Hydro Pumped Storage;HR;(B10);04/09/2025 15:51;100;20,6275;
Monthly Domestic Values;2;2025;Consumption of Hydro Pumped Storage;HR;(B10);04/09/2025 15:51;100;24,8045;
Monthly Domestic Values;3;2025;Consumption of Hydro Pumped Storage;HR;(B10);04/09/2025 15:51;100;31,5786;
Monthly Domestic Values;4;2025;Consumption of Hydro Pumped Storage;HR;(B10);04/09/2025 15:51;100;46,6674;
Monthly Domestic Values;5;2025;Consumption of Hydro Pumped Storage;HR;(B10);04/09/2025 15:51;100;40,9995;
Monthly Domestic Values;6;2025;Consumption of Hydro Pumped Storage;HR;(B10);04/09/2025 15:51;100;16,5607;
Monthly Domestic Values;1;2025;Fossil Gas;HR;B04;04/09/2025 15:48;100;338,6586;
Monthly Domestic Values;2;2025;Fossil Gas;HR;B04;04/09/2025 15:48;100;318,9292;
Monthly Domestic Values;3;2025;Fossil Gas;HR;B04;04/09/2025 15:48;100;203,7506;
Monthly Domestic Values;4;2025;Fossil Gas;HR;B04;04/09/2025 15:48;100;188,418;
Monthly Domestic Values;5;2025;Fossil Gas;HR;B04;04/09/2025 15:48;100;19,0392;
Monthly Domestic Values;6;2025;Fossil Gas;HR;B04;04/09/2025 15:48;100;57,5889;
Monthly Domestic Values;1;2025;Fossil Hard coal;HR;B05;04/09/2025 15:48;100;0;
Monthly Domestic Values;2;2025;Fossil Hard coal;HR;B05;04/09/2025 15:48;100;0;
Monthly Domestic Values;3;2025;Fossil Hard coal;HR;B05;04/09/2025 15:48;100;0;
Monthly Domestic Values;4;2025;Fossil Hard coal;HR;B05;04/09/2025 15:48;100;0;
Monthly Domestic Values;5;2025;Fossil Hard coal;HR;B05;04/09/2025 15:48;100;0;
Monthly Domestic Values;6;2025;Fossil Hard coal;HR;B05;04/09/2025 15:48;100;0;
Monthly Domestic Values;1;2025;Fossil Oil;HR;B06;04/09/2025 15:48;100;0;
Monthly Domestic Values;2;2025;Fossil Oil;HR;B06;04/09/2025 15:48;100;0;
Monthly Domestic Values;3;2025;Fossil Oil;HR;B06;04/09/2025 15:48;100;0,8685;
Monthly Domestic Values;4;2025;Fossil Oil;HR;B06;04/09/2025 15:48;100;0;
Monthly Domestic Values;5;2025;Fossil Oil;HR;B06;04/09/2025 15:48;100;0;
Monthly Domestic Values;6;2025;Fossil Oil;HR;B06;04/09/2025 15:48;100;0;
Monthly Domestic Values;1;2025;Geothermal;HR;B09;04/09/2025 15:48;100;0;
Monthly Domestic Values;2;2025;Geothermal;HR;B09;04/09/2025 15:48;100;0;
Monthly Domestic Values;3;2025;Geothermal;HR;B09;04/09/2025 15:48;100;0;
Monthly Domestic Values;4;2025;Geothermal;HR;B09;04/09/2025 15:48;100;0;
Monthly Domestic Values;5;2025;Geothermal;HR;B09;04/09/2025 15:48;100;0;
Monthly Domestic Values;6;2025;Geothermal;HR;B09;04/09/2025 15:48;100;0;
Monthly Domestic Values;1;2025;Hydro Pumped Storage;HR;B10;04/09/2025 15:48;100;71,4758;
Monthly Domestic Values;2;2025;Hydro Pumped Storage;HR;B10;04/09/2025 15:48;100;48,9748;
Monthly Domestic Values;3;2025;Hydro Pumped Storage;HR;B10;04/09/2025 15:48;100;87,6456;
Monthly Domestic Values;4;2025;Hydro Pumped Storage;HR;B10;04/09/2025 15:48;100;54,2728;
Monthly Domestic Values;5;2025;Hydro Pumped Storage;HR;B10;04/09/2025 15:48;100;49,322;
Monthly Domestic Values;6;2025;Hydro Pumped Storage;HR;B10;04/09/2025 15:48;100;12,8518;
Monthly Domestic Values;1;2025;Hydro Run-of-river and poundage;HR;B11;04/09/2025 15:48;100;116,1493;
Monthly Domestic Values;2;2025;Hydro Run-of-river and poundage;HR;B11;04/09/2025 15:48;100;93,7036;
Monthly Domestic Values;3;2025;Hydro Run-of-river and poundage;HR;B11;04/09/2025 15:48;100;151,576;
Monthly Domestic Values;4;2025;Hydro Run-of-river and poundage;HR;B11;04/09/2025 15:48;100;145,0707;
Monthly Domestic Values;5;2025;Hydro Run-of-river and poundage;HR;B11;04/09/2025 15:48;100;164,0919;
Monthly Domestic Values;6;2025;Hydro Run-of-river and poundage;HR;B11;04/09/2025 15:48;100;126,8943;
Monthly Domestic Values;1;2025;Hydro Water Reservoir;HR;B12;04/09/2025 15:48;100;401,0856;
Monthly Domestic Values;2;2025;Hydro Water Reservoir;HR;B12;04/09/2025 15:48;100;288,6847;
Monthly Domestic Values;3;2025;Hydro Water Reservoir;HR;B12;04/09/2025 15:48;100;451,2713;
Monthly Domestic Values;4;2025;Hydro Water Reservoir;HR;B12;04/09/2025 15:48;100;352,0595;
Monthly Domestic Values;5;2025;Hydro Water Reservoir;HR;B12;04/09/2025 15:48;100;216,5808;
Monthly Domestic Values;6;2025;Hydro Water Reservoir;HR;B12;04/09/2025 15:48;100;182,4584;
Monthly Domestic Values;1;2025;Other renewable;HR;B15;04/09/2025 15:48;100;23,5768;
Monthly Domestic Values;2;2025;Other renewable;HR;B15;04/09/2025 15:48;100;21,7548;
Monthly Domestic Values;3;2025;Other renewable;HR;B15;04/09/2025 15:48;100;23,634;
Monthly Domestic Values;4;2025;Other renewable;HR;B15;04/09/2025 15:48;100;24,5932;
Monthly Domestic Values;5;2025;Other renewable;HR;B15;04/09/2025 15:48;100;25,3432;
Monthly Domestic Values;6;2025;Other renewable;HR;B15;04/09/2025 15:48;100;24,474;
Monthly Domestic Values;1;2025;Solar;HR;B16;04/09/2025 15:48;100;13,2003;
Monthly Domestic Values;2;2025;Solar;HR;B16;04/09/2025 15:48;100;22,312;
Monthly Domestic Values;3;2025;Solar;HR;B16;04/09/2025 15:48;100;39,3137;
Monthly Domestic Values;4;2025;Solar;HR;B16;04/09/2025 15:48;100;43,6887;
Monthly Domestic Values;5;2025;Solar;HR;B16;04/09/2025 15:48;100;58,1911;
Monthly Domestic Values;6;2025;Solar;HR;B16;04/09/2025 15:48;100;69,4059;
Monthly Domestic Values;1;2025;Waste;HR;B17;04/09/2025 15:48;100;5,8824;
Monthly Domestic Values;2;2025;Waste;HR;B17;04/09/2025 15:48;100;5,6348;
Monthly Domestic Values;3;2025;Waste;HR;B17;04/09/2025 15:48;100;6,0032;
Monthly Domestic Values;4;2025;Waste;HR;B17;04/09/2025 15:48;100;5,696;
Monthly Domestic Values;5;2025;Waste;HR;B17;04/09/2025 15:48;100;4,4092;
Monthly Domestic Values;6;2025;Waste;HR;B17;04/09/2025 15:48;100;3,5184;
Monthly Domestic Values;1;2025;Wind Onshore;HR;B19;04/09/2025 15:48;100;326,4647;
Monthly Domestic Values;2;2025;Wind Onshore;HR;B19;04/09/2025 15:48;100;222,5851;
Monthly Domestic Values;3;2025;Wind Onshore;HR;B19;04/09/2025 15:48;100;332,1417;
Monthly Domestic Values;4;2025;Wind Onshore;HR;B19;04/09/2025 15:48;100;287,7337;
Monthly Domestic Values;5;2025;Wind Onshore;HR;B19;04/09/2025 15:48;100;221,5788;
Monthly Domestic Values;6;2025;Wind Onshore;HR;B19;04/09/2025 15:48;100;209,2256;
Monthly Domestic Values;1;2025;Biomass;HU;B01;04/09/2025 15:48;100;124,1618425;
Monthly Domestic Values;2;2025;Biomass;HU;B01;04/09/2025 15:48;100;132,2515925;
Monthly Domestic Values;3;2025;Biomass;HU;B01;04/09/2025 15:48;100;153,0653425;
Monthly Domestic Values;4;2025;Biomass;HU;B01;04/09/2025 15:48;100;141,379945;
Monthly Domestic Values;5;2025;Biomass;HU;B01;04/09/2025 15:48;100;106,2565775;
Monthly Domestic Values;6;2025;Biomass;HU;B01;04/09/2025 15:48;100;107,41589;
Monthly Domestic Values;6;2025;Consumption of Fossil Gas;HU;(B04);04/09/2025 15:51;100;0,0196175;
Monthly Domestic Values;1;2025;Consumption of Fossil Oil;HU;(B06);04/09/2025 15:51;100;0,0265325;
Monthly Domestic Values;2;2025;Consumption of Fossil Oil;HU;(B06);04/09/2025 15:51;100;0,0260625;
Monthly Domestic Values;3;2025;Consumption of Fossil Oil;HU;(B06);04/09/2025 15:51;100;0,0213375;
Monthly Domestic Values;4;2025;Consumption of Fossil Oil;HU;(B06);04/09/2025 15:51;100;0,0113625;
Monthly Domestic Values;5;2025;Consumption of Fossil Oil;HU;(B06);04/09/2025 15:51;100;0,003725;
Monthly Domestic Values;6;2025;Consumption of Fossil Oil;HU;(B06);04/09/2025 15:51;100;0,0017375;
Monthly Domestic Values;1;2025;Fossil Brown coal/Lignite;HU;B02;04/09/2025 15:48;100;129,212585;
Monthly Domestic Values;2;2025;Fossil Brown coal/Lignite;HU;B02;04/09/2025 15:48;100;135,413345;
Monthly Domestic Values;3;2025;Fossil Brown coal/Lignite;HU;B02;04/09/2025 15:48;100;106,1355175;
Monthly Domestic Values;4;2025;Fossil Brown coal/Lignite;HU;B02;04/09/2025 15:48;100;89,2963525;
Monthly Domestic Values;5;2025;Fossil Brown coal/Lignite;HU;B02;04/09/2025 15:48;100;89,3031225;
Monthly Domestic Values;6;2025;Fossil Brown coal/Lignite;HU;B02;04/09/2025 15:48;100;87,5107475;
Monthly Domestic Values;1;2025;Fossil Gas;HU;B04;04/09/2025 15:48;100;939,2941875;
Monthly Domestic Values;2;2025;Fossil Gas;HU;B04;04/09/2025 15:48;100;916,3082575;
Monthly Domestic Values;3;2025;Fossil Gas;HU;B04;04/09/2025 15:48;100;591,45953;
Monthly Domestic Values;4;2025;Fossil Gas;HU;B04;04/09/2025 15:48;100;363,45096;
Monthly Domestic Values;5;2025;Fossil Gas;HU;B04;04/09/2025 15:48;100;261,31102;
Monthly Domestic Values;6;2025;Fossil Gas;HU;B04;04/09/2025 15:48;100;332,791425;
Monthly Domestic Values;1;2025;Fossil Hard coal;HU;B05;04/09/2025 15:48;100;26,8658275;
Monthly Domestic Values;2;2025;Fossil Hard coal;HU;B05;04/09/2025 15:48;100;25,528165;
Monthly Domestic Values;3;2025;Fossil Hard coal;HU;B05;04/09/2025 15:48;100;27,7561575;
Monthly Domestic Values;4;2025;Fossil Hard coal;HU;B05;04/09/2025 15:48;100;26,6112525;
Monthly Domestic Values;5;2025;Fossil Hard coal;HU;B05;04/09/2025 15:48;100;27,2222675;
Monthly Domestic Values;6;2025;Fossil Hard coal;HU;B05;04/09/2025 15:48;100;26,7750925;
Monthly Domestic Values;1;2025;Fossil Oil;HU;B06;04/09/2025 15:48;100;1,133025;
Monthly Domestic Values;2;2025;Fossil Oil;HU;B06;04/09/2025 15:48;100;0,41019;
Monthly Domestic Values;3;2025;Fossil Oil;HU;B06;04/09/2025 15:48;100;1,320235;
Monthly Domestic Values;4;2025;Fossil Oil;HU;B06;04/09/2025 15:48;100;0,070595;
Monthly Domestic Values;5;2025;Fossil Oil;HU;B06;04/09/2025 15:48;100;0,055045;
Monthly Domestic Values;6;2025;Fossil Oil;HU;B06;04/09/2025 15:48;100;0,3359975;
Monthly Domestic Values;1;2025;Geothermal;HU;B09;04/09/2025 15:48;100;0,4651975;
Monthly Domestic Values;2;2025;Geothermal;HU;B09;04/09/2025 15:48;100;0,5015975;
Monthly Domestic Values;3;2025;Geothermal;HU;B09;04/09/2025 15:48;100;0,475495;
Monthly Domestic Values;4;2025;Geothermal;HU;B09;04/09/2025 15:48;100;0,2937675;
Monthly Domestic Values;5;2025;Geothermal;HU;B09;04/09/2025 15:48;100;0,60084;
Monthly Domestic Values;6;2025;Geothermal;HU;B09;04/09/2025 15:48;100;0,367625;
Monthly Domestic Values;1;2025;Hydro Run-of-river and poundage;HU;B11;04/09/2025 15:48;100;9,5469925;
Monthly Domestic Values;2;2025;Hydro Run-of-river and poundage;HU;B11;04/09/2025 15:48;100;7,858875;
Monthly Domestic Values;3;2025;Hydro Run-of-river and poundage;HU;B11;04/09/2025 15:48;100;8,076635;
Monthly Domestic Values;4;2025;Hydro Run-of-river and poundage;HU;B11;04/09/2025 15:48;100;11,36971;
Monthly Domestic Values;5;2025;Hydro Run-of-river and poundage;HU;B11;04/09/2025 15:48;100;10,4472875;
Monthly Domestic Values;6;2025;Hydro Run-of-river and poundage;HU;B11;04/09/2025 15:48;100;8,3279;
Monthly Domestic Values;1;2025;Hydro Water Reservoir;HU;B12;04/09/2025 15:48;100;11,1562275;
Monthly Domestic Values;2;2025;Hydro Water Reservoir;HU;B12;04/09/2025 15:48;100;8,866435;
Monthly Domestic Values;3;2025;Hydro Water Reservoir;HU;B12;04/09/2025 15:48;100;9,72836;
Monthly Domestic Values;4;2025;Hydro Water Reservoir;HU;B12;04/09/2025 15:48;100;15,80325;
Monthly Domestic Values;5;2025;Hydro Water Reservoir;HU;B12;04/09/2025 15:48;100;13,238815;
Monthly Domestic Values;6;2025;Hydro Water Reservoir;HU;B12;04/09/2025 15:48;100;9,4978075;
Monthly Domestic Values;1;2025;Nuclear;HU;B14;04/09/2025 15:48;100;1449,60252;
Monthly Domestic Values;2;2025;Nuclear;HU;B14;04/09/2025 15:48;100;1127,891265;
Monthly Domestic Values;3;2025;Nuclear;HU;B14;04/09/2025 15:48;100;1287,136255;
Monthly Domestic Values;4;2025;Nuclear;HU;B14;04/09/2025 15:48;100;1385,09954;
Monthly Domestic Values;5;2025;Nuclear;HU;B14;04/09/2025 15:48;100;1417,03909;
Monthly Domestic Values;6;2025;Nuclear;HU;B14;04/09/2025 15:48;100;1062,709335;
Monthly Domestic Values;1;2025;Other;HU;B20;04/09/2025 15:48;100;35,046795;
Monthly Domestic Values;2;2025;Other;HU;B20;04/09/2025 15:48;100;33,31892;
Monthly Domestic Values;3;2025;Other;HU;B20;04/09/2025 15:48;100;40,18912;
Monthly Domestic Values;4;2025;Other;HU;B20;04/09/2025 15:48;100;41,0413475;
Monthly Domestic Values;5;2025;Other;HU;B20;04/09/2025 15:48;100;40,2564775;
Monthly Domestic Values;6;2025;Other;HU;B20;04/09/2025 15:48;100;35,96818;
Monthly Domestic Values;1;2025;Other renewable;HU;B15;04/09/2025 15:48;100;13,119675;
Monthly Domestic Values;2;2025;Other renewable;HU;B15;04/09/2025 15:48;100;11,3645875;
Monthly Domestic Values;3;2025;Other renewable;HU;B15;04/09/2025 15:48;100;12,68124;
Monthly Domestic Values;4;2025;Other renewable;HU;B15;04/09/2025 15:48;100;12,272995;
Monthly Domestic Values;5;2025;Other renewable;HU;B15;04/09/2025 15:48;100;12,2390975;
Monthly Domestic Values;6;2025;Other renewable;HU;B15;04/09/2025 15:48;100;10,478895;
Monthly Domestic Values;1;2025;Solar;HU;B16;04/09/2025 15:48;100;195,813005;
Monthly Domestic Values;2;2025;Solar;HU;B16;04/09/2025 15:48;100;379,6357475;
Monthly Domestic Values;3;2025;Solar;HU;B16;04/09/2025 15:48;100;539,8194475;
Monthly Domestic Values;4;2025;Solar;HU;B16;04/09/2025 15:48;100;728,8593475;
Monthly Domestic Values;5;2025;Solar;HU;B16;04/09/2025 15:48;100;749,5992825;
Monthly Domestic Values;6;2025;Solar;HU;B16;04/09/2025 15:48;100;983,927655;
Monthly Domestic Values;1;2025;Waste;HU;B17;04/09/2025 15:48;100;14,802665;
Monthly Domestic Values;2;2025;Waste;HU;B17;04/09/2025 15:48;100;13,1895225;
Monthly Domestic Values;3;2025;Waste;HU;B17;04/09/2025 15:48;100;9,9563825;
Monthly Domestic Values;4;2025;Waste;HU;B17;04/09/2025 15:48;100;6,86239;
Monthly Domestic Values;5;2025;Waste;HU;B17;04/09/2025 15:48;100;10,6098925;
Monthly Domestic Values;6;2025;Waste;HU;B17;04/09/2025 15:48;100;10,6941975;
Monthly Domestic Values;1;2025;Wind Onshore;HU;B19;04/09/2025 15:48;100;60,5000975;
Monthly Domestic Values;2;2025;Wind Onshore;HU;B19;04/09/2025 15:48;100;36,158415;
Monthly Domestic Values;3;2025;Wind Onshore;HU;B19;04/09/2025 15:48;100;64,70693;
Monthly Domestic Values;4;2025;Wind Onshore;HU;B19;04/09/2025 15:48;100;63,25923;
Monthly Domestic Values;5;2025;Wind Onshore;HU;B19;04/09/2025 15:48;100;40,8294625;
Monthly Domestic Values;6;2025;Wind Onshore;HU;B19;04/09/2025 15:48;100;38,1652375;
Monthly Domestic Values;1;2025;Consumption of Fossil Gas;IE;(B04);04/09/2025 15:51;100;1,06133;
Monthly Domestic Values;2;2025;Consumption of Fossil Gas;IE;(B04);04/09/2025 15:51;100;1,84249;
Monthly Domestic Values;3;2025;Consumption of Fossil Gas;IE;(B04);04/09/2025 15:51;100;1,71061;
Monthly Domestic Values;4;2025;Consumption of Fossil Gas;IE;(B04);04/09/2025 15:51;100;1,75232;
Monthly Domestic Values;5;2025;Consumption of Fossil Gas;IE;(B04);04/09/2025 15:51;100;1,367305;
Monthly Domestic Values;6;2025;Consumption of Fossil Gas;IE;(B04);04/09/2025 15:51;100;1,648125;
Monthly Domestic Values;1;2025;Consumption of Fossil Hard coal;IE;(B05);04/09/2025 15:51;100;8,14749;
Monthly Domestic Values;2;2025;Consumption of Fossil Hard coal;IE;(B05);04/09/2025 15:51;100;6,48128;
Monthly Domestic Values;3;2025;Consumption of Fossil Hard coal;IE;(B05);04/09/2025 15:51;100;7,496595;
Monthly Domestic Values;4;2025;Consumption of Fossil Hard coal;IE;(B05);04/09/2025 15:51;100;6,104715;
Monthly Domestic Values;5;2025;Consumption of Fossil Hard coal;IE;(B05);04/09/2025 15:51;100;6,246005;
Monthly Domestic Values;6;2025;Consumption of Fossil Hard coal;IE;(B05);04/09/2025 15:51;100;5,1899;
Monthly Domestic Values;1;2025;Consumption of Fossil Oil;IE;(B06);04/09/2025 15:51;100;0,55107;
Monthly Domestic Values;2;2025;Consumption of Fossil Oil;IE;(B06);04/09/2025 15:51;100;0,84362;
Monthly Domestic Values;3;2025;Consumption of Fossil Oil;IE;(B06);04/09/2025 15:51;100;1,035365;
Monthly Domestic Values;4;2025;Consumption of Fossil Oil;IE;(B06);04/09/2025 15:51;100;0,5541;
Monthly Domestic Values;5;2025;Consumption of Fossil Oil;IE;(B06);04/09/2025 15:51;100;0,40564;
Monthly Domestic Values;6;2025;Consumption of Fossil Oil;IE;(B06);04/09/2025 15:51;100;1,24179;
Monthly Domestic Values;1;2025;Consumption of Fossil Peat;IE;(B08);04/09/2025 15:51;100;0,092825;
Monthly Domestic Values;2;2025;Consumption of Fossil Peat;IE;(B08);04/09/2025 15:51;100;0,225205;
Monthly Domestic Values;4;2025;Consumption of Fossil Peat;IE;(B08);04/09/2025 15:51;100;0,203675;
Monthly Domestic Values;5;2025;Consumption of Fossil Peat;IE;(B08);04/09/2025 15:51;100;0,39944;
Monthly Domestic Values;6;2025;Consumption of Fossil Peat;IE;(B08);04/09/2025 15:51;100;0,358495;
Monthly Domestic Values;1;2025;Consumption of Hydro Pumped Storage;IE;(B10);04/09/2025 15:51;100;43,45972;
Monthly Domestic Values;2;2025;Consumption of Hydro Pumped Storage;IE;(B10);04/09/2025 15:51;100;40,352465;
Monthly Domestic Values;3;2025;Consumption of Hydro Pumped Storage;IE;(B10);04/09/2025 15:51;100;32,84813;
Monthly Domestic Values;4;2025;Consumption of Hydro Pumped Storage;IE;(B10);04/09/2025 15:51;100;34,164195;
Monthly Domestic Values;5;2025;Consumption of Hydro Pumped Storage;IE;(B10);04/09/2025 15:51;100;46,754545;
Monthly Domestic Values;6;2025;Consumption of Hydro Pumped Storage;IE;(B10);04/09/2025 15:51;100;41,432875;
Monthly Domestic Values;1;2025;Consumption of Hydro Run-of-river and poundage;IE;(B11);04/09/2025 15:51;100;0,000505;
Monthly Domestic Values;2;2025;Consumption of Hydro Run-of-river and poundage;IE;(B11);04/09/2025 15:51;100;0,00445;
Monthly Domestic Values;3;2025;Consumption of Hydro Run-of-river and poundage;IE;(B11);04/09/2025 15:51;100;0,002155;
Monthly Domestic Values;4;2025;Consumption of Hydro Run-of-river and poundage;IE;(B11);04/09/2025 15:51;100;0,01205;
Monthly Domestic Values;5;2025;Consumption of Hydro Run-of-river and poundage;IE;(B11);04/09/2025 15:51;100;2,502375;
Monthly Domestic Values;6;2025;Consumption of Hydro Run-of-river and poundage;IE;(B11);04/09/2025 15:51;100;0,222165;
Monthly Domestic Values;1;2025;Consumption of Other;IE;(B20);04/09/2025 15:51;100;0,450125;
Monthly Domestic Values;2;2025;Consumption of Other;IE;(B20);04/09/2025 15:51;100;0,435765;
Monthly Domestic Values;3;2025;Consumption of Other;IE;(B20);04/09/2025 15:51;100;0,475175;
Monthly Domestic Values;4;2025;Consumption of Other;IE;(B20);04/09/2025 15:51;100;0,45455;
Monthly Domestic Values;5;2025;Consumption of Other;IE;(B20);04/09/2025 15:51;100;0,468605;
Monthly Domestic Values;6;2025;Consumption of Other;IE;(B20);04/09/2025 15:51;100;0,37869;
Monthly Domestic Values;1;2025;Fossil Gas;IE;B04;04/09/2025 15:48;100;900,11362;
Monthly Domestic Values;2;2025;Fossil Gas;IE;B04;04/09/2025 15:48;100;561,17381;
Monthly Domestic Values;3;2025;Fossil Gas;IE;B04;04/09/2025 15:48;100;724,93812;
Monthly Domestic Values;4;2025;Fossil Gas;IE;B04;04/09/2025 15:48;100;627,510415;
Monthly Domestic Values;5;2025;Fossil Gas;IE;B04;04/09/2025 15:48;100;664,548535;
Monthly Domestic Values;6;2025;Fossil Gas;IE;B04;04/09/2025 15:48;100;658,55763;
Monthly Domestic Values;1;2025;Fossil Hard coal;IE;B05;04/09/2025 15:48;100;130,19165;
Monthly Domestic Values;2;2025;Fossil Hard coal;IE;B05;04/09/2025 15:48;100;58,197205;
Monthly Domestic Values;3;2025;Fossil Hard coal;IE;B05;04/09/2025 15:48;100;75,764495;
Monthly Domestic Values;4;2025;Fossil Hard coal;IE;B05;04/09/2025 15:48;100;148,66643;
Monthly Domestic Values;5;2025;Fossil Hard coal;IE;B05;04/09/2025 15:48;100;110,363665;
Monthly Domestic Values;6;2025;Fossil Hard coal;IE;B05;04/09/2025 15:48;100;28,724825;
Monthly Domestic Values;1;2025;Fossil Oil;IE;B06;04/09/2025 15:48;100;173,8359;
Monthly Domestic Values;2;2025;Fossil Oil;IE;B06;04/09/2025 15:48;100;98,05275;
Monthly Domestic Values;3;2025;Fossil Oil;IE;B06;04/09/2025 15:48;100;95,37306;
Monthly Domestic Values;4;2025;Fossil Oil;IE;B06;04/09/2025 15:48;100;139,68184;
Monthly Domestic Values;5;2025;Fossil Oil;IE;B06;04/09/2025 15:48;100;57,662365;
Monthly Domestic Values;6;2025;Fossil Oil;IE;B06;04/09/2025 15:48;100;23,82106;
Monthly Domestic Values;1;2025;Fossil Peat;IE;B08;04/09/2025 15:48;100;53,11085;
Monthly Domestic Values;2;2025;Fossil Peat;IE;B08;04/09/2025 15:48;100;41,37951;
Monthly Domestic Values;3;2025;Fossil Peat;IE;B08;04/09/2025 15:48;100;56,66697;
Monthly Domestic Values;4;2025;Fossil Peat;IE;B08;04/09/2025 15:48;100;40,12801;
Monthly Domestic Values;5;2025;Fossil Peat;IE;B08;04/09/2025 15:48;100;41,9056;
Monthly Domestic Values;6;2025;Fossil Peat;IE;B08;04/09/2025 15:48;100;19,01489;
Monthly Domestic Values;1;2025;Hydro Pumped Storage;IE;B10;04/09/2025 15:48;100;29,778415;
Monthly Domestic Values;2;2025;Hydro Pumped Storage;IE;B10;04/09/2025 15:48;100;25,959035;
Monthly Domestic Values;3;2025;Hydro Pumped Storage;IE;B10;04/09/2025 15:48;100;23,16546;
Monthly Domestic Values;4;2025;Hydro Pumped Storage;IE;B10;04/09/2025 15:48;100;24,661635;
Monthly Domestic Values;5;2025;Hydro Pumped Storage;IE;B10;04/09/2025 15:48;100;33,13527;
Monthly Domestic Values;6;2025;Hydro Pumped Storage;IE;B10;04/09/2025 15:48;100;28,1355;
Monthly Domestic Values;1;2025;Hydro Run-of-river and poundage;IE;B11;04/09/2025 15:48;100;78,59184;
Monthly Domestic Values;2;2025;Hydro Run-of-river and poundage;IE;B11;04/09/2025 15:48;100;71,31588;
Monthly Domestic Values;3;2025;Hydro Run-of-river and poundage;IE;B11;04/09/2025 15:48;100;40,890205;
Monthly Domestic Values;4;2025;Hydro Run-of-river and poundage;IE;B11;04/09/2025 15:48;100;31,804965;
Monthly Domestic Values;5;2025;Hydro Run-of-river and poundage;IE;B11;04/09/2025 15:48;100;24,201465;
Monthly Domestic Values;6;2025;Hydro Run-of-river and poundage;IE;B11;04/09/2025 15:48;100;19,01128;
Monthly Domestic Values;1;2025;Other;IE;B20;04/09/2025 15:48;100;7,855815;
Monthly Domestic Values;2;2025;Other;IE;B20;04/09/2025 15:48;100;2,762155;
Monthly Domestic Values;3;2025;Other;IE;B20;04/09/2025 15:48;100;4,89512;
Monthly Domestic Values;4;2025;Other;IE;B20;04/09/2025 15:48;100;1,88712;
Monthly Domestic Values;5;2025;Other;IE;B20;04/09/2025 15:48;100;0,662945;
Monthly Domestic Values;6;2025;Other;IE;B20;04/09/2025 15:48;100;1,251345;
Monthly Domestic Values;1;2025;Solar;IE;B16;04/09/2025 15:48;100;0;
Monthly Domestic Values;2;2025;Solar;IE;B16;04/09/2025 15:48;100;0;
Monthly Domestic Values;3;2025;Solar;IE;B16;04/09/2025 15:48;100;0;
Monthly Domestic Values;4;2025;Solar;IE;B16;04/09/2025 15:48;100;0;
Monthly Domestic Values;5;2025;Solar;IE;B16;04/09/2025 15:48;100;0;
Monthly Domestic Values;6;2025;Solar;IE;B16;04/09/2025 15:48;100;0;
Monthly Domestic Values;1;2025;Wind Onshore;IE;B19;04/09/2025 15:48;100;1073,314695;
Monthly Domestic Values;2;2025;Wind Onshore;IE;B19;04/09/2025 15:48;100;1410,18816;
Monthly Domestic Values;3;2025;Wind Onshore;IE;B19;04/09/2025 15:48;100;994,85627;
Monthly Domestic Values;4;2025;Wind Onshore;IE;B19;04/09/2025 15:48;100;762,286115;
Monthly Domestic Values;5;2025;Wind Onshore;IE;B19;04/09/2025 15:48;100;599,29049;
Monthly Domestic Values;6;2025;Wind Onshore;IE;B19;04/09/2025 15:48;100;785,13139;
Monthly Domestic Values;1;2025;Biomass;IT;B01;04/09/2025 15:48;100;404,415;
Monthly Domestic Values;2;2025;Biomass;IT;B01;04/09/2025 15:48;100;410,23575;
Monthly Domestic Values;3;2025;Biomass;IT;B01;04/09/2025 15:48;100;509,025;
Monthly Domestic Values;4;2025;Biomass;IT;B01;04/09/2025 15:48;100;518,576;
Monthly Domestic Values;5;2025;Biomass;IT;B01;04/09/2025 15:48;100;545,005;
Monthly Domestic Values;6;2025;Biomass;IT;B01;04/09/2025 15:48;100;462,1615;
Monthly Domestic Values;1;2025;Consumption of Energy storage;IT;(B25);04/09/2025 15:51;100;42,6705;
Monthly Domestic Values;2;2025;Consumption of Energy storage;IT;(B25);04/09/2025 15:51;100;56,66525;
Monthly Domestic Values;3;2025;Consumption of Energy storage;IT;(B25);04/09/2025 15:51;100;88,619;
Monthly Domestic Values;4;2025;Consumption of Energy storage;IT;(B25);04/09/2025 15:51;100;113,99125;
Monthly Domestic Values;5;2025;Consumption of Energy storage;IT;(B25);04/09/2025 15:51;100;126,00275;
Monthly Domestic Values;6;2025;Consumption of Energy storage;IT;(B25);04/09/2025 15:51;100;103,75125;
Monthly Domestic Values;6;2025;Consumption of Fossil Hard coal;IT;(B05);04/09/2025 15:51;100;0,028;
Monthly Domestic Values;1;2025;Consumption of Hydro Pumped Storage;IT;(B10);04/09/2025 15:51;100;109,47525;
Monthly Domestic Values;2;2025;Consumption of Hydro Pumped Storage;IT;(B10);04/09/2025 15:51;100;102,34175;
Monthly Domestic Values;3;2025;Consumption of Hydro Pumped Storage;IT;(B10);04/09/2025 15:51;100;227,128;
Monthly Domestic Values;4;2025;Consumption of Hydro Pumped Storage;IT;(B10);04/09/2025 15:51;100;290,087;
Monthly Domestic Values;5;2025;Consumption of Hydro Pumped Storage;IT;(B10);04/09/2025 15:51;100;334,10075;
Monthly Domestic Values;6;2025;Consumption of Hydro Pumped Storage;IT;(B10);04/09/2025 15:51;100;181,4275;
Monthly Domestic Values;1;2025;Consumption of Other renewable;IT;(B15);04/09/2025 15:51;100;42,6705;
Monthly Domestic Values;2;2025;Consumption of Other renewable;IT;(B15);04/09/2025 15:51;100;56,66525;
Monthly Domestic Values;3;2025;Consumption of Other renewable;IT;(B15);04/09/2025 15:51;100;81,57175;
Monthly Domestic Values;4;2025;Consumption of Other renewable;IT;(B15);04/09/2025 15:51;100;85,50775;
Monthly Domestic Values;5;2025;Consumption of Other renewable;IT;(B15);04/09/2025 15:51;100;90,0335;
Monthly Domestic Values;6;2025;Consumption of Other renewable;IT;(B15);04/09/2025 15:51;100;110,299;
Monthly Domestic Values;1;2025;Consumption of Solar;IT;(B16);04/09/2025 15:51;100;0,09575;
Monthly Domestic Values;1;2025;Energy storage;IT;B25;04/09/2025 15:48;100;36,953;
Monthly Domestic Values;2;2025;Energy storage;IT;B25;04/09/2025 15:48;100;50,25675;
Monthly Domestic Values;3;2025;Energy storage;IT;B25;04/09/2025 15:48;100;87,90225;
Monthly Domestic Values;4;2025;Energy storage;IT;B25;04/09/2025 15:48;100;101,5755;
Monthly Domestic Values;5;2025;Energy storage;IT;B25;04/09/2025 15:48;100;111,853;
Monthly Domestic Values;6;2025;Energy storage;IT;B25;04/09/2025 15:48;100;90,47375;
Monthly Domestic Values;1;2025;Fossil Coal-derived gas;IT;B03;04/09/2025 15:48;100;380,7005;
Monthly Domestic Values;2;2025;Fossil Coal-derived gas;IT;B03;04/09/2025 15:48;100;288,10575;
Monthly Domestic Values;3;2025;Fossil Coal-derived gas;IT;B03;04/09/2025 15:48;100;226,003;
Monthly Domestic Values;4;2025;Fossil Coal-derived gas;IT;B03;04/09/2025 15:48;100;374,0905;
Monthly Domestic Values;5;2025;Fossil Coal-derived gas;IT;B03;04/09/2025 15:48;100;382,48575;
Monthly Domestic Values;6;2025;Fossil Coal-derived gas;IT;B03;04/09/2025 15:48;100;358,26175;
Monthly Domestic Values;1;2025;Fossil Gas;IT;B04;04/09/2025 15:48;100;10292,883;
Monthly Domestic Values;2;2025;Fossil Gas;IT;B04;04/09/2025 15:48;100;10490,2075;
Monthly Domestic Values;3;2025;Fossil Gas;IT;B04;04/09/2025 15:48;100;8699,39675;
Monthly Domestic Values;4;2025;Fossil Gas;IT;B04;04/09/2025 15:48;100;5533,7875;
Monthly Domestic Values;5;2025;Fossil Gas;IT;B04;04/09/2025 15:48;100;4271,42975;
Monthly Domestic Values;6;2025;Fossil Gas;IT;B04;04/09/2025 15:48;100;6978,035;
Monthly Domestic Values;1;2025;Fossil Hard coal;IT;B05;04/09/2025 15:48;100;268,44625;
Monthly Domestic Values;2;2025;Fossil Hard coal;IT;B05;04/09/2025 15:48;100;281,98175;
Monthly Domestic Values;3;2025;Fossil Hard coal;IT;B05;04/09/2025 15:48;100;259,55725;
Monthly Domestic Values;4;2025;Fossil Hard coal;IT;B05;04/09/2025 15:48;100;237,676;
Monthly Domestic Values;5;2025;Fossil Hard coal;IT;B05;04/09/2025 15:48;100;239,1865;
Monthly Domestic Values;6;2025;Fossil Hard coal;IT;B05;04/09/2025 15:48;100;240,37975;
Monthly Domestic Values;1;2025;Fossil Oil;IT;B06;04/09/2025 15:48;100;11,133;
Monthly Domestic Values;2;2025;Fossil Oil;IT;B06;04/09/2025 15:48;100;10,19;
Monthly Domestic Values;3;2025;Fossil Oil;IT;B06;04/09/2025 15:48;100;20,45275;
Monthly Domestic Values;4;2025;Fossil Oil;IT;B06;04/09/2025 15:48;100;9,07275;
Monthly Domestic Values;5;2025;Fossil Oil;IT;B06;04/09/2025 15:48;100;11,005;
Monthly Domestic Values;6;2025;Fossil Oil;IT;B06;04/09/2025 15:48;100;50,8245;
Monthly Domestic Values;1;2025;Geothermal;IT;B09;04/09/2025 15:48;100;54,428;
Monthly Domestic Values;5;2025;Geothermal;IT;B09;04/09/2025 15:48;100;29,421;
Monthly Domestic Values;6;2025;Geothermal;IT;B09;04/09/2025 15:48;100;423,9025;
Monthly Domestic Values;1;2025;Hydro Pumped Storage;IT;B10;04/09/2025 15:48;100;184,16125;
Monthly Domestic Values;2;2025;Hydro Pumped Storage;IT;B10;04/09/2025 15:48;100;145,22725;
Monthly Domestic Values;3;2025;Hydro Pumped Storage;IT;B10;04/09/2025 15:48;100;237,14275;
Monthly Domestic Values;4;2025;Hydro Pumped Storage;IT;B10;04/09/2025 15:48;100;217,2725;
Monthly Domestic Values;5;2025;Hydro Pumped Storage;IT;B10;04/09/2025 15:48;100;296,7485;
Monthly Domestic Values;6;2025;Hydro Pumped Storage;IT;B10;04/09/2025 15:48;100;225,4895;
Monthly Domestic Values;1;2025;Hydro Run-of-river and poundage;IT;B11;04/09/2025 15:48;100;1682,74525;
Monthly Domestic Values;2;2025;Hydro Run-of-river and poundage;IT;B11;04/09/2025 15:48;100;1467,109;
Monthly Domestic Values;3;2025;Hydro Run-of-river and poundage;IT;B11;04/09/2025 15:48;100;1686,559;
Monthly Domestic Values;4;2025;Hydro Run-of-river and poundage;IT;B11;04/09/2025 15:48;100;2408,534;
Monthly Domestic Values;5;2025;Hydro Run-of-river and poundage;IT;B11;04/09/2025 15:48;100;3440,28575;
Monthly Domestic Values;6;2025;Hydro Run-of-river and poundage;IT;B11;04/09/2025 15:48;100;3151,80875;
Monthly Domestic Values;1;2025;Hydro Water Reservoir;IT;B12;04/09/2025 15:48;100;440,39025;
Monthly Domestic Values;2;2025;Hydro Water Reservoir;IT;B12;04/09/2025 15:48;100;320,68175;
Monthly Domestic Values;3;2025;Hydro Water Reservoir;IT;B12;04/09/2025 15:48;100;288,89825;
Monthly Domestic Values;4;2025;Hydro Water Reservoir;IT;B12;04/09/2025 15:48;100;343,87;
Monthly Domestic Values;5;2025;Hydro Water Reservoir;IT;B12;04/09/2025 15:48;100;474,30725;
Monthly Domestic Values;6;2025;Hydro Water Reservoir;IT;B12;04/09/2025 15:48;100;519,45975;
Monthly Domestic Values;1;2025;Other;IT;B20;04/09/2025 15:48;100;1391,7475;
Monthly Domestic Values;2;2025;Other;IT;B20;04/09/2025 15:48;100;1230,20075;
Monthly Domestic Values;3;2025;Other;IT;B20;04/09/2025 15:48;100;1324,65825;
Monthly Domestic Values;4;2025;Other;IT;B20;04/09/2025 15:48;100;1237,59725;
Monthly Domestic Values;5;2025;Other;IT;B20;04/09/2025 15:48;100;1275,7625;
Monthly Domestic Values;6;2025;Other;IT;B20;04/09/2025 15:48;100;1134,00025;
Monthly Domestic Values;1;2025;Other renewable;IT;B15;04/09/2025 15:48;100;36,953;
Monthly Domestic Values;2;2025;Other renewable;IT;B15;04/09/2025 15:48;100;50,25675;
Monthly Domestic Values;3;2025;Other renewable;IT;B15;04/09/2025 15:48;100;81,31775;
Monthly Domestic Values;4;2025;Other renewable;IT;B15;04/09/2025 15:48;100;74,571;
Monthly Domestic Values;5;2025;Other renewable;IT;B15;04/09/2025 15:48;100;79,50125;
Monthly Domestic Values;6;2025;Other renewable;IT;B15;04/09/2025 15:48;100;96,247;
Monthly Domestic Values;1;2025;Solar;IT;B16;04/09/2025 15:48;100;1112,99325;
Monthly Domestic Values;2;2025;Solar;IT;B16;04/09/2025 15:48;100;1522,28475;
Monthly Domestic Values;3;2025;Solar;IT;B16;04/09/2025 15:48;100;2604,26275;
Monthly Domestic Values;4;2025;Solar;IT;B16;04/09/2025 15:48;100;3442,95225;
Monthly Domestic Values;5;2025;Solar;IT;B16;04/09/2025 15:48;100;3911,1605;
Monthly Domestic Values;6;2025;Solar;IT;B16;04/09/2025 15:48;100;4397,681;
Monthly Domestic Values;1;2025;Waste;IT;B17;04/09/2025 15:48;100;1,82625;
Monthly Domestic Values;2;2025;Waste;IT;B17;04/09/2025 15:48;100;3,28;
Monthly Domestic Values;3;2025;Waste;IT;B17;04/09/2025 15:48;100;5,06075;
Monthly Domestic Values;4;2025;Waste;IT;B17;04/09/2025 15:48;100;4,941;
Monthly Domestic Values;5;2025;Waste;IT;B17;04/09/2025 15:48;100;3,113;
Monthly Domestic Values;6;2025;Waste;IT;B17;04/09/2025 15:48;100;3,53175;
Monthly Domestic Values;1;2025;Wind Offshore;IT;B18;04/09/2025 15:48;100;3,465;
Monthly Domestic Values;2;2025;Wind Offshore;IT;B18;04/09/2025 15:48;100;3,06875;
Monthly Domestic Values;3;2025;Wind Offshore;IT;B18;04/09/2025 15:48;100;6,63775;
Monthly Domestic Values;4;2025;Wind Offshore;IT;B18;04/09/2025 15:48;100;5,6095;
Monthly Domestic Values;5;2025;Wind Offshore;IT;B18;04/09/2025 15:48;100;4,611;
Monthly Domestic Values;6;2025;Wind Offshore;IT;B18;04/09/2025 15:48;100;2,16025;
Monthly Domestic Values;1;2025;Wind Onshore;IT;B19;04/09/2025 15:48;100;2558,95725;
Monthly Domestic Values;2;2025;Wind Onshore;IT;B19;04/09/2025 15:48;100;1273,16;
Monthly Domestic Values;3;2025;Wind Onshore;IT;B19;04/09/2025 15:48;100;2228,47825;
Monthly Domestic Values;4;2025;Wind Onshore;IT;B19;04/09/2025 15:48;100;1916,1855;
Monthly Domestic Values;5;2025;Wind Onshore;IT;B19;04/09/2025 15:48;100;1862,827;
Monthly Domestic Values;6;2025;Wind Onshore;IT;B19;04/09/2025 15:48;100;1217,301;
Monthly Domestic Values;1;2025;Biomass;LT;B01;04/09/2025 15:48;100;15,9650675;
Monthly Domestic Values;2;2025;Biomass;LT;B01;04/09/2025 15:48;100;14,201825;
Monthly Domestic Values;3;2025;Biomass;LT;B01;04/09/2025 15:48;100;15,234875;
Monthly Domestic Values;4;2025;Biomass;LT;B01;04/09/2025 15:48;100;14,17679;
Monthly Domestic Values;5;2025;Biomass;LT;B01;04/09/2025 15:48;100;14,8899075;
Monthly Domestic Values;6;2025;Biomass;LT;B01;04/09/2025 15:48;100;12,137325;
Monthly Domestic Values;1;2025;Consumption of Hydro Pumped Storage;LT;(B10);04/09/2025 15:51;100;64,736875;
Monthly Domestic Values;2;2025;Consumption of Hydro Pumped Storage;LT;(B10);04/09/2025 15:51;100;49,169455;
Monthly Domestic Values;3;2025;Consumption of Hydro Pumped Storage;LT;(B10);04/09/2025 15:51;100;49,4851675;
Monthly Domestic Values;4;2025;Consumption of Hydro Pumped Storage;LT;(B10);04/09/2025 15:51;100;46,0351825;
Monthly Domestic Values;5;2025;Consumption of Hydro Pumped Storage;LT;(B10);04/09/2025 15:51;100;74,7042425;
Monthly Domestic Values;6;2025;Consumption of Hydro Pumped Storage;LT;(B10);04/09/2025 15:51;100;74,32658;
Monthly Domestic Values;3;2025;Energy storage;LT;B25;04/09/2025 15:48;100;0,0654225;
Monthly Domestic Values;4;2025;Energy storage;LT;B25;04/09/2025 15:48;100;1,096655;
Monthly Domestic Values;5;2025;Energy storage;LT;B25;04/09/2025 15:48;100;0,6766175;
Monthly Domestic Values;6;2025;Energy storage;LT;B25;04/09/2025 15:48;100;1,1406225;
Monthly Domestic Values;1;2025;Fossil Gas;LT;B04;04/09/2025 15:48;100;202,7194825;
Monthly Domestic Values;2;2025;Fossil Gas;LT;B04;04/09/2025 15:48;100;218,98588;
Monthly Domestic Values;3;2025;Fossil Gas;LT;B04;04/09/2025 15:48;100;160,251415;
Monthly Domestic Values;4;2025;Fossil Gas;LT;B04;04/09/2025 15:48;100;183,65658;
Monthly Domestic Values;5;2025;Fossil Gas;LT;B04;04/09/2025 15:48;100;192,5040275;
Monthly Domestic Values;6;2025;Fossil Gas;LT;B04;04/09/2025 15:48;100;6,6376675;
Monthly Domestic Values;1;2025;Hydro Pumped Storage;LT;B10;04/09/2025 15:48;100;50,4922675;
Monthly Domestic Values;2;2025;Hydro Pumped Storage;LT;B10;04/09/2025 15:48;100;35,36992;
Monthly Domestic Values;3;2025;Hydro Pumped Storage;LT;B10;04/09/2025 15:48;100;34,944735;
Monthly Domestic Values;4;2025;Hydro Pumped Storage;LT;B10;04/09/2025 15:48;100;36,2554825;
Monthly Domestic Values;5;2025;Hydro Pumped Storage;LT;B10;04/09/2025 15:48;100;56,67713;
Monthly Domestic Values;6;2025;Hydro Pumped Storage;LT;B10;04/09/2025 15:48;100;52,6441675;
Monthly Domestic Values;1;2025;Hydro Run-of-river and poundage;LT;B11;04/09/2025 15:48;100;29,4199925;
Monthly Domestic Values;2;2025;Hydro Run-of-river and poundage;LT;B11;04/09/2025 15:48;100;20,57024;
Monthly Domestic Values;3;2025;Hydro Run-of-river and poundage;LT;B11;04/09/2025 15:48;100;28,14296;
Monthly Domestic Values;4;2025;Hydro Run-of-river and poundage;LT;B11;04/09/2025 15:48;100;24,1538475;
Monthly Domestic Values;5;2025;Hydro Run-of-river and poundage;LT;B11;04/09/2025 15:48;100;20,2343525;
Monthly Domestic Values;6;2025;Hydro Run-of-river and poundage;LT;B11;04/09/2025 15:48;100;21,697445;
Monthly Domestic Values;1;2025;Other;LT;B20;04/09/2025 15:48;100;34,3855275;
Monthly Domestic Values;2;2025;Other;LT;B20;04/09/2025 15:48;100;53,394;
Monthly Domestic Values;3;2025;Other;LT;B20;04/09/2025 15:48;100;37,631625;
Monthly Domestic Values;4;2025;Other;LT;B20;04/09/2025 15:48;100;32,688335;
Monthly Domestic Values;5;2025;Other;LT;B20;04/09/2025 15:48;100;25,56769;
Monthly Domestic Values;6;2025;Other;LT;B20;04/09/2025 15:48;100;35,8490725;
Monthly Domestic Values;1;2025;Solar;LT;B16;04/09/2025 15:48;100;18,8100525;
Monthly Domestic Values;2;2025;Solar;LT;B16;04/09/2025 15:48;100;41,34439;
Monthly Domestic Values;3;2025;Solar;LT;B16;04/09/2025 15:48;100;112,4524575;
Monthly Domestic Values;4;2025;Solar;LT;B16;04/09/2025 15:48;100;206,754045;
Monthly Domestic Values;5;2025;Solar;LT;B16;04/09/2025 15:48;100;251,8814;
Monthly Domestic Values;6;2025;Solar;LT;B16;04/09/2025 15:48;100;272,68864;
Monthly Domestic Values;1;2025;Waste;LT;B17;04/09/2025 15:48;100;79,0663325;
Monthly Domestic Values;2;2025;Waste;LT;B17;04/09/2025 15:48;100;70,7364125;
Monthly Domestic Values;3;2025;Waste;LT;B17;04/09/2025 15:48;100;73,427685;
Monthly Domestic Values;4;2025;Waste;LT;B17;04/09/2025 15:48;100;72,2694325;
Monthly Domestic Values;5;2025;Waste;LT;B17;04/09/2025 15:48;100;71,02401;
Monthly Domestic Values;6;2025;Waste;LT;B17;04/09/2025 15:48;100;34,239705;
Monthly Domestic Values;1;2025;Wind Onshore;LT;B19;04/09/2025 15:48;100;429,3036;
Monthly Domestic Values;2;2025;Wind Onshore;LT;B19;04/09/2025 15:48;100;210,032705;
Monthly Domestic Values;3;2025;Wind Onshore;LT;B19;04/09/2025 15:48;100;377,11812;
Monthly Domestic Values;4;2025;Wind Onshore;LT;B19;04/09/2025 15:48;100;325,573745;
Monthly Domestic Values;5;2025;Wind Onshore;LT;B19;04/09/2025 15:48;100;243,5441125;
Monthly Domestic Values;6;2025;Wind Onshore;LT;B19;04/09/2025 15:48;100;390,7436675;
Monthly Domestic Values;1;2025;Biomass;LU;B01;04/09/2025 15:48;100;27,03034;
Monthly Domestic Values;2;2025;Biomass;LU;B01;04/09/2025 15:48;100;11,43884;
Monthly Domestic Values;3;2025;Biomass;LU;B01;04/09/2025 15:48;100;26,6022325;
Monthly Domestic Values;4;2025;Biomass;LU;B01;04/09/2025 15:48;100;17,03569;
Monthly Domestic Values;5;2025;Biomass;LU;B01;04/09/2025 15:48;100;15,3921075;
Monthly Domestic Values;6;2025;Biomass;LU;B01;04/09/2025 15:48;100;16,330845;
Monthly Domestic Values;1;2025;Fossil Gas;LU;B04;04/09/2025 15:48;100;8,1205525;
Monthly Domestic Values;2;2025;Fossil Gas;LU;B04;04/09/2025 15:48;100;7,8090625;
Monthly Domestic Values;3;2025;Fossil Gas;LU;B04;04/09/2025 15:48;100;6,8805175;
Monthly Domestic Values;4;2025;Fossil Gas;LU;B04;04/09/2025 15:48;100;5,0465825;
Monthly Domestic Values;5;2025;Fossil Gas;LU;B04;04/09/2025 15:48;100;3,733605;
Monthly Domestic Values;6;2025;Fossil Gas;LU;B04;04/09/2025 15:48;100;2,410285;
Monthly Domestic Values;1;2025;Hydro Run-of-river and poundage;LU;B11;04/09/2025 15:48;100;6,6633625;
Monthly Domestic Values;2;2025;Hydro Run-of-river and poundage;LU;B11;04/09/2025 15:48;100;5,7050375;
Monthly Domestic Values;3;2025;Hydro Run-of-river and poundage;LU;B11;04/09/2025 15:48;100;7,14121;
Monthly Domestic Values;4;2025;Hydro Run-of-river and poundage;LU;B11;04/09/2025 15:48;100;4,2553825;
Monthly Domestic Values;5;2025;Hydro Run-of-river and poundage;LU;B11;04/09/2025 15:48;100;2,75178;
Monthly Domestic Values;6;2025;Hydro Run-of-river and poundage;LU;B11;04/09/2025 15:48;100;2,8414975;
Monthly Domestic Values;1;2025;Hydro Water Reservoir;LU;B12;04/09/2025 15:48;100;4,839695;
Monthly Domestic Values;2;2025;Hydro Water Reservoir;LU;B12;04/09/2025 15:48;100;2,39548;
Monthly Domestic Values;3;2025;Hydro Water Reservoir;LU;B12;04/09/2025 15:48;100;0,2701125;
Monthly Domestic Values;4;2025;Hydro Water Reservoir;LU;B12;04/09/2025 15:48;100;0,2451775;
Monthly Domestic Values;5;2025;Hydro Water Reservoir;LU;B12;04/09/2025 15:48;100;0,2050975;
Monthly Domestic Values;6;2025;Hydro Water Reservoir;LU;B12;04/09/2025 15:48;100;0,2018325;
Monthly Domestic Values;1;2025;Solar;LU;B16;04/09/2025 15:48;100;5,9251075;
Monthly Domestic Values;2;2025;Solar;LU;B16;04/09/2025 15:48;100;14,3515725;
Monthly Domestic Values;3;2025;Solar;LU;B16;04/09/2025 15:48;100;40,18231;
Monthly Domestic Values;4;2025;Solar;LU;B16;04/09/2025 15:48;100;50,1293225;
Monthly Domestic Values;5;2025;Solar;LU;B16;04/09/2025 15:48;100;58,9139075;
Monthly Domestic Values;6;2025;Solar;LU;B16;04/09/2025 15:48;100;64,61468;
Monthly Domestic Values;1;2025;Waste;LU;B17;04/09/2025 15:48;100;9,839265;
Monthly Domestic Values;2;2025;Waste;LU;B17;04/09/2025 15:48;100;7,9676825;
Monthly Domestic Values;3;2025;Waste;LU;B17;04/09/2025 15:48;100;8,4185525;
Monthly Domestic Values;4;2025;Waste;LU;B17;04/09/2025 15:48;100;7,562025;
Monthly Domestic Values;5;2025;Waste;LU;B17;04/09/2025 15:48;100;7,69359;
Monthly Domestic Values;6;2025;Waste;LU;B17;04/09/2025 15:48;100;8,4344275;
Monthly Domestic Values;1;2025;Wind Onshore;LU;B19;04/09/2025 15:48;100;52,2234525;
Monthly Domestic Values;2;2025;Wind Onshore;LU;B19;04/09/2025 15:48;100;33,3433425;
Monthly Domestic Values;3;2025;Wind Onshore;LU;B19;04/09/2025 15:48;100;35,354175;
Monthly Domestic Values;4;2025;Wind Onshore;LU;B19;04/09/2025 15:48;100;33,1877075;
Monthly Domestic Values;5;2025;Wind Onshore;LU;B19;04/09/2025 15:48;100;36,283745;
Monthly Domestic Values;6;2025;Wind Onshore;LU;B19;04/09/2025 15:48;100;28,6724;
Monthly Domestic Values;1;2025;Biomass;LV;B01;04/09/2025 15:48;100;43,8445;
Monthly Domestic Values;2;2025;Biomass;LV;B01;04/09/2025 15:48;100;43,32365;
Monthly Domestic Values;3;2025;Biomass;LV;B01;04/09/2025 15:48;100;39,2772;
Monthly Domestic Values;4;2025;Biomass;LV;B01;04/09/2025 15:48;100;34,17627;
Monthly Domestic Values;5;2025;Biomass;LV;B01;04/09/2025 15:48;100;31,62926;
Monthly Domestic Values;6;2025;Biomass;LV;B01;04/09/2025 15:48;100;25,24005;
Monthly Domestic Values;1;2025;Fossil Gas;LV;B04;04/09/2025 15:48;100;204,57813;
Monthly Domestic Values;2;2025;Fossil Gas;LV;B04;04/09/2025 15:48;100;422,44548;
Monthly Domestic Values;3;2025;Fossil Gas;LV;B04;04/09/2025 15:48;100;164,92421;
Monthly Domestic Values;4;2025;Fossil Gas;LV;B04;04/09/2025 15:48;100;61,9209;
Monthly Domestic Values;5;2025;Fossil Gas;LV;B04;04/09/2025 15:48;100;17,0414;
Monthly Domestic Values;6;2025;Fossil Gas;LV;B04;04/09/2025 15:48;100;8,76984;
Monthly Domestic Values;1;2025;Hydro Run-of-river and poundage;LV;B11;04/09/2025 15:48;100;340,17179;
Monthly Domestic Values;2;2025;Hydro Run-of-river and poundage;LV;B11;04/09/2025 15:48;100;225,48144;
Monthly Domestic Values;3;2025;Hydro Run-of-river and poundage;LV;B11;04/09/2025 15:48;100;282,7279;
Monthly Domestic Values;4;2025;Hydro Run-of-river and poundage;LV;B11;04/09/2025 15:48;100;227,959;
Monthly Domestic Values;5;2025;Hydro Run-of-river and poundage;LV;B11;04/09/2025 15:48;100;252,57797;
Monthly Domestic Values;6;2025;Hydro Run-of-river and poundage;LV;B11;04/09/2025 15:48;100;353,69309;
Monthly Domestic Values;1;2025;Other;LV;B20;04/09/2025 15:48;100;0;
Monthly Domestic Values;2;2025;Other;LV;B20;04/09/2025 15:48;100;0;
Monthly Domestic Values;3;2025;Other;LV;B20;04/09/2025 15:48;100;0;
Monthly Domestic Values;4;2025;Other;LV;B20;04/09/2025 15:48;100;0;
Monthly Domestic Values;5;2025;Other;LV;B20;04/09/2025 15:48;100;0;
Monthly Domestic Values;6;2025;Other;LV;B20;04/09/2025 15:48;100;0;
Monthly Domestic Values;1;2025;Solar;LV;B16;04/09/2025 15:48;100;3,75839;
Monthly Domestic Values;2;2025;Solar;LV;B16;04/09/2025 15:48;100;16,58971;
Monthly Domestic Values;3;2025;Solar;LV;B16;04/09/2025 15:48;100;48,60554;
Monthly Domestic Values;4;2025;Solar;LV;B16;04/09/2025 15:48;100;77,43049;
Monthly Domestic Values;5;2025;Solar;LV;B16;04/09/2025 15:48;100;84,50733;
Monthly Domestic Values;6;2025;Solar;LV;B16;04/09/2025 15:48;100;84,59973;
Monthly Domestic Values;1;2025;Wind Onshore;LV;B19;04/09/2025 15:48;100;31,3052;
Monthly Domestic Values;2;2025;Wind Onshore;LV;B19;04/09/2025 15:48;100;12,22522;
Monthly Domestic Values;3;2025;Wind Onshore;LV;B19;04/09/2025 15:48;100;24,68732;
Monthly Domestic Values;4;2025;Wind Onshore;LV;B19;04/09/2025 15:48;100;17,52475;
Monthly Domestic Values;5;2025;Wind Onshore;LV;B19;04/09/2025 15:48;100;15,67131;
Monthly Domestic Values;6;2025;Wind Onshore;LV;B19;04/09/2025 15:48;100;12,92645;
Monthly Domestic Values;1;2025;Biomass;MD;B01;04/09/2025 15:48;100;1,1;
Monthly Domestic Values;2;2025;Biomass;MD;B01;04/09/2025 15:48;100;0,624;
Monthly Domestic Values;3;2025;Biomass;MD;B01;04/09/2025 15:48;100;1,268;
Monthly Domestic Values;4;2025;Biomass;MD;B01;04/09/2025 15:48;100;1,288;
Monthly Domestic Values;5;2025;Biomass;MD;B01;04/09/2025 15:48;100;0,967;
Monthly Domestic Values;6;2025;Biomass;MD;B01;04/09/2025 15:48;100;1,313;
Monthly Domestic Values;1;2025;Fossil Gas;MD;B04;04/09/2025 15:48;100;235,205;
Monthly Domestic Values;2;2025;Fossil Gas;MD;B04;04/09/2025 15:48;100;205,077;
Monthly Domestic Values;3;2025;Fossil Gas;MD;B04;04/09/2025 15:48;100;173,342;
Monthly Domestic Values;4;2025;Fossil Gas;MD;B04;04/09/2025 15:48;100;109,478;
Monthly Domestic Values;5;2025;Fossil Gas;MD;B04;04/09/2025 15:48;100;96,678;
Monthly Domestic Values;6;2025;Fossil Gas;MD;B04;04/09/2025 15:48;100;90,66;
Monthly Domestic Values;1;2025;Fossil Hard coal;MD;B05;04/09/2025 15:48;100;0;
Monthly Domestic Values;2;2025;Fossil Hard coal;MD;B05;04/09/2025 15:48;100;0;
Monthly Domestic Values;3;2025;Fossil Hard coal;MD;B05;04/09/2025 15:48;100;0;
Monthly Domestic Values;4;2025;Fossil Hard coal;MD;B05;04/09/2025 15:48;100;0;
Monthly Domestic Values;5;2025;Fossil Hard coal;MD;B05;04/09/2025 15:48;100;0;
Monthly Domestic Values;6;2025;Fossil Hard coal;MD;B05;04/09/2025 15:48;100;0;
Monthly Domestic Values;1;2025;Fossil Oil;MD;B06;04/09/2025 15:48;100;0;
Monthly Domestic Values;2;2025;Fossil Oil;MD;B06;04/09/2025 15:48;100;0;
Monthly Domestic Values;3;2025;Fossil Oil;MD;B06;04/09/2025 15:48;100;0;
Monthly Domestic Values;4;2025;Fossil Oil;MD;B06;04/09/2025 15:48;100;0;
Monthly Domestic Values;5;2025;Fossil Oil;MD;B06;04/09/2025 15:48;100;0;
Monthly Domestic Values;6;2025;Fossil Oil;MD;B06;04/09/2025 15:48;100;0;
Monthly Domestic Values;1;2025;Hydro Run-of-river and poundage;MD;B11;04/09/2025 15:48;100;18,982;
Monthly Domestic Values;2;2025;Hydro Run-of-river and poundage;MD;B11;04/09/2025 15:48;100;15,68;
Monthly Domestic Values;3;2025;Hydro Run-of-river and poundage;MD;B11;04/09/2025 15:48;100;20,002;
Monthly Domestic Values;4;2025;Hydro Run-of-river and poundage;MD;B11;04/09/2025 15:48;100;21,706;
Monthly Domestic Values;5;2025;Hydro Run-of-river and poundage;MD;B11;04/09/2025 15:48;100;36,405;
Monthly Domestic Values;6;2025;Hydro Run-of-river and poundage;MD;B11;04/09/2025 15:48;100;30,822;
Monthly Domestic Values;1;2025;Solar;MD;B16;04/09/2025 15:48;100;2,963;
Monthly Domestic Values;2;2025;Solar;MD;B16;04/09/2025 15:48;100;4,624;
Monthly Domestic Values;3;2025;Solar;MD;B16;04/09/2025 15:48;100;6,676;
Monthly Domestic Values;4;2025;Solar;MD;B16;04/09/2025 15:48;100;10,002;
Monthly Domestic Values;5;2025;Solar;MD;B16;04/09/2025 15:48;100;9,451;
Monthly Domestic Values;6;2025;Solar;MD;B16;04/09/2025 15:48;100;14,319;
Monthly Domestic Values;1;2025;Wind Onshore;MD;B19;04/09/2025 15:48;100;6,889;
Monthly Domestic Values;2;2025;Wind Onshore;MD;B19;04/09/2025 15:48;100;4,48;
Monthly Domestic Values;3;2025;Wind Onshore;MD;B19;04/09/2025 15:48;100;8,375;
Monthly Domestic Values;4;2025;Wind Onshore;MD;B19;04/09/2025 15:48;100;8,784;
Monthly Domestic Values;5;2025;Wind Onshore;MD;B19;04/09/2025 15:48;100;8,088;
Monthly Domestic Values;6;2025;Wind Onshore;MD;B19;04/09/2025 15:48;100;10,597;
Monthly Domestic Values;1;2025;Fossil Brown coal/Lignite;ME;B02;04/09/2025 15:48;100;135,02676;
Monthly Domestic Values;2;2025;Fossil Brown coal/Lignite;ME;B02;04/09/2025 15:48;100;132,31597;
Monthly Domestic Values;3;2025;Fossil Brown coal/Lignite;ME;B02;04/09/2025 15:48;100;131,9983;
Monthly Domestic Values;4;2025;Fossil Brown coal/Lignite;ME;B02;04/09/2025 15:48;100;0;
Monthly Domestic Values;5;2025;Fossil Brown coal/Lignite;ME;B02;04/09/2025 15:48;100;0;
Monthly Domestic Values;6;2025;Fossil Brown coal/Lignite;ME;B02;04/09/2025 15:48;100;0;
Monthly Domestic Values;1;2025;Hydro Water Reservoir;ME;B12;04/09/2025 15:48;100;143,9821;
Monthly Domestic Values;2;2025;Hydro Water Reservoir;ME;B12;04/09/2025 15:48;100;120,31055;
Monthly Domestic Values;3;2025;Hydro Water Reservoir;ME;B12;04/09/2025 15:48;100;190,38638;
Monthly Domestic Values;4;2025;Hydro Water Reservoir;ME;B12;04/09/2025 15:48;100;97,45158;
Monthly Domestic Values;5;2025;Hydro Water Reservoir;ME;B12;04/09/2025 15:48;100;53,81953;
Monthly Domestic Values;6;2025;Hydro Water Reservoir;ME;B12;04/09/2025 15:48;100;46,69276;
Monthly Domestic Values;1;2025;Solar;ME;B16;04/09/2025 15:48;100;0;
Monthly Domestic Values;2;2025;Solar;ME;B16;04/09/2025 15:48;100;0;
Monthly Domestic Values;1;2025;Wind Onshore;ME;B19;04/09/2025 15:48;100;34,26812;
Monthly Domestic Values;2;2025;Wind Onshore;ME;B19;04/09/2025 15:48;100;20,82963;
Monthly Domestic Values;3;2025;Wind Onshore;ME;B19;04/09/2025 15:48;100;38,51227;
Monthly Domestic Values;4;2025;Wind Onshore;ME;B19;04/09/2025 15:48;100;30,5569;
Monthly Domestic Values;5;2025;Wind Onshore;ME;B19;04/09/2025 15:48;100;25,94436;
Monthly Domestic Values;6;2025;Wind Onshore;ME;B19;04/09/2025 15:48;100;17,60314;
Monthly Domestic Values;1;2025;Fossil Brown coal/Lignite;MK;B02;04/09/2025 15:48;100;206,76552;
Monthly Domestic Values;2;2025;Fossil Brown coal/Lignite;MK;B02;04/09/2025 15:48;100;272,62328;
Monthly Domestic Values;3;2025;Fossil Brown coal/Lignite;MK;B02;04/09/2025 15:48;100;236,64195;
Monthly Domestic Values;4;2025;Fossil Brown coal/Lignite;MK;B02;04/09/2025 15:48;100;133,95621;
Monthly Domestic Values;5;2025;Fossil Brown coal/Lignite;MK;B02;04/09/2025 15:48;100;143,38;
Monthly Domestic Values;6;2025;Fossil Brown coal/Lignite;MK;B02;04/09/2025 15:48;100;155,81729;
Monthly Domestic Values;1;2025;Fossil Gas;MK;B04;04/09/2025 15:48;100;146,18394;
Monthly Domestic Values;2;2025;Fossil Gas;MK;B04;04/09/2025 15:48;100;135,29341;
Monthly Domestic Values;3;2025;Fossil Gas;MK;B04;04/09/2025 15:48;100;46,67056;
Monthly Domestic Values;4;2025;Fossil Gas;MK;B04;04/09/2025 15:48;100;0;
Monthly Domestic Values;5;2025;Fossil Gas;MK;B04;04/09/2025 15:48;100;0;
Monthly Domestic Values;6;2025;Fossil Gas;MK;B04;04/09/2025 15:48;100;22,64694;
Monthly Domestic Values;1;2025;Fossil Oil;MK;B06;04/09/2025 15:48;100;0;
Monthly Domestic Values;2;2025;Fossil Oil;MK;B06;04/09/2025 15:48;100;0;
Monthly Domestic Values;3;2025;Fossil Oil;MK;B06;04/09/2025 15:48;100;0;
Monthly Domestic Values;4;2025;Fossil Oil;MK;B06;04/09/2025 15:48;100;0;
Monthly Domestic Values;5;2025;Fossil Oil;MK;B06;04/09/2025 15:48;100;0;
Monthly Domestic Values;6;2025;Fossil Oil;MK;B06;04/09/2025 15:48;100;0;
Monthly Domestic Values;1;2025;Hydro Water Reservoir;MK;B12;04/09/2025 15:48;100;97,16002;
Monthly Domestic Values;2;2025;Hydro Water Reservoir;MK;B12;04/09/2025 15:48;100;63,76846;
Monthly Domestic Values;3;2025;Hydro Water Reservoir;MK;B12;04/09/2025 15:48;100;46,09359;
Monthly Domestic Values;4;2025;Hydro Water Reservoir;MK;B12;04/09/2025 15:48;100;60,74717;
Monthly Domestic Values;5;2025;Hydro Water Reservoir;MK;B12;04/09/2025 15:48;100;46,9487;
Monthly Domestic Values;6;2025;Hydro Water Reservoir;MK;B12;04/09/2025 15:48;100;43,61456;
Monthly Domestic Values;1;2025;Wind Onshore;MK;B19;04/09/2025 15:48;100;7,75846;
Monthly Domestic Values;2;2025;Wind Onshore;MK;B19;04/09/2025 15:48;100;7,42074;
Monthly Domestic Values;3;2025;Wind Onshore;MK;B19;04/09/2025 15:48;100;5,84925;
Monthly Domestic Values;4;2025;Wind Onshore;MK;B19;04/09/2025 15:48;100;7,16094;
Monthly Domestic Values;5;2025;Wind Onshore;MK;B19;04/09/2025 15:48;100;8,40784;
Monthly Domestic Values;6;2025;Wind Onshore;MK;B19;04/09/2025 15:48;100;7,10685;
Monthly Domestic Values;1;2025;Biomass;NL;B01;04/09/2025 15:48;100;10,5063925;
Monthly Domestic Values;2;2025;Biomass;NL;B01;04/09/2025 15:48;100;6,7746225;
Monthly Domestic Values;3;2025;Biomass;NL;B01;04/09/2025 15:48;100;8,98246;
Monthly Domestic Values;4;2025;Biomass;NL;B01;04/09/2025 15:48;100;5,947545;
Monthly Domestic Values;5;2025;Biomass;NL;B01;04/09/2025 15:48;100;13,0021175;
Monthly Domestic Values;6;2025;Biomass;NL;B01;04/09/2025 15:48;100;13,1271225;
Monthly Domestic Values;2;2025;Consumption of Biomass;NL;(B01);04/09/2025 15:51;100;0,2731375;
Monthly Domestic Values;3;2025;Consumption of Biomass;NL;(B01);04/09/2025 15:51;100;0,282385;
Monthly Domestic Values;4;2025;Consumption of Biomass;NL;(B01);04/09/2025 15:51;100;0,5209125;
Monthly Domestic Values;5;2025;Consumption of Biomass;NL;(B01);04/09/2025 15:51;100;0,2613975;
Monthly Domestic Values;6;2025;Consumption of Biomass;NL;(B01);04/09/2025 15:51;100;0,564065;
Monthly Domestic Values;1;2025;Consumption of Fossil Gas;NL;(B04);04/09/2025 15:51;100;53,9945175;
Monthly Domestic Values;2;2025;Consumption of Fossil Gas;NL;(B04);04/09/2025 15:51;100;40,3306375;
Monthly Domestic Values;3;2025;Consumption of Fossil Gas;NL;(B04);04/09/2025 15:51;100;38,2838075;
Monthly Domestic Values;4;2025;Consumption of Fossil Gas;NL;(B04);04/09/2025 15:51;100;33,5120675;
Monthly Domestic Values;5;2025;Consumption of Fossil Gas;NL;(B04);04/09/2025 15:51;100;36,03014;
Monthly Domestic Values;6;2025;Consumption of Fossil Gas;NL;(B04);04/09/2025 15:51;100;40,959825;
Monthly Domestic Values;1;2025;Consumption of Fossil Hard coal;NL;(B05);04/09/2025 15:51;100;4,41364;
Monthly Domestic Values;2;2025;Consumption of Fossil Hard coal;NL;(B05);04/09/2025 15:51;100;2,85728;
Monthly Domestic Values;3;2025;Consumption of Fossil Hard coal;NL;(B05);04/09/2025 15:51;100;5,6011675;
Monthly Domestic Values;4;2025;Consumption of Fossil Hard coal;NL;(B05);04/09/2025 15:51;100;14,6681475;
Monthly Domestic Values;5;2025;Consumption of Fossil Hard coal;NL;(B05);04/09/2025 15:51;100;10,662675;
Monthly Domestic Values;6;2025;Consumption of Fossil Hard coal;NL;(B05);04/09/2025 15:51;100;7,657415;
Monthly Domestic Values;1;2025;Consumption of Nuclear;NL;(B14);04/09/2025 15:51;100;0,02232;
Monthly Domestic Values;2;2025;Consumption of Nuclear;NL;(B14);04/09/2025 15:51;100;0,02016;
Monthly Domestic Values;3;2025;Consumption of Nuclear;NL;(B14);04/09/2025 15:51;100;0,02232;
Monthly Domestic Values;4;2025;Consumption of Nuclear;NL;(B14);04/09/2025 15:51;100;0,88795;
Monthly Domestic Values;5;2025;Consumption of Nuclear;NL;(B14);04/09/2025 15:51;100;2,240765;
Monthly Domestic Values;6;2025;Consumption of Nuclear;NL;(B14);04/09/2025 15:51;100;0,021155;
Monthly Domestic Values;1;2025;Consumption of Other;NL;(B20);04/09/2025 15:51;100;368,7176675;
Monthly Domestic Values;2;2025;Consumption of Other;NL;(B20);04/09/2025 15:51;100;347,8507475;
Monthly Domestic Values;3;2025;Consumption of Other;NL;(B20);04/09/2025 15:51;100;268,50224;
Monthly Domestic Values;4;2025;Consumption of Other;NL;(B20);04/09/2025 15:51;100;276,59646;
Monthly Domestic Values;5;2025;Consumption of Other;NL;(B20);04/09/2025 15:51;100;375,378615;
Monthly Domestic Values;6;2025;Consumption of Other;NL;(B20);04/09/2025 15:51;100;372,424995;
Monthly Domestic Values;1;2025;Consumption of Solar;NL;(B16);04/09/2025 15:51;100;0,61949;
Monthly Domestic Values;2;2025;Consumption of Solar;NL;(B16);04/09/2025 15:51;100;0,4956375;
Monthly Domestic Values;3;2025;Consumption of Solar;NL;(B16);04/09/2025 15:51;100;0,4834825;
Monthly Domestic Values;4;2025;Consumption of Solar;NL;(B16);04/09/2025 15:51;100;0,4126675;
Monthly Domestic Values;5;2025;Consumption of Solar;NL;(B16);04/09/2025 15:51;100;0,36142;
Monthly Domestic Values;6;2025;Consumption of Solar;NL;(B16);04/09/2025 15:51;100;0,3143975;
Monthly Domestic Values;1;2025;Consumption of Waste;NL;(B17);04/09/2025 15:51;100;2,802325;
Monthly Domestic Values;2;2025;Consumption of Waste;NL;(B17);04/09/2025 15:51;100;2,0724425;
Monthly Domestic Values;3;2025;Consumption of Waste;NL;(B17);04/09/2025 15:51;100;4,47634;
Monthly Domestic Values;4;2025;Consumption of Waste;NL;(B17);04/09/2025 15:51;100;7,985165;
Monthly Domestic Values;5;2025;Consumption of Waste;NL;(B17);04/09/2025 15:51;100;2,544665;
Monthly Domestic Values;6;2025;Consumption of Waste;NL;(B17);04/09/2025 15:51;100;2,105505;
Monthly Domestic Values;1;2025;Consumption of Wind Offshore;NL;(B18);04/09/2025 15:51;100;2,59797;
Monthly Domestic Values;2;2025;Consumption of Wind Offshore;NL;(B18);04/09/2025 15:51;100;0,9949725;
Monthly Domestic Values;3;2025;Consumption of Wind Offshore;NL;(B18);04/09/2025 15:51;100;2,94698;
Monthly Domestic Values;4;2025;Consumption of Wind Offshore;NL;(B18);04/09/2025 15:51;100;3,9041275;
Monthly Domestic Values;5;2025;Consumption of Wind Offshore;NL;(B18);04/09/2025 15:51;100;1,6226975;
Monthly Domestic Values;6;2025;Consumption of Wind Offshore;NL;(B18);04/09/2025 15:51;100;2,71432;
Monthly Domestic Values;1;2025;Consumption of Wind Onshore;NL;(B19);04/09/2025 15:51;100;3,985775;
Monthly Domestic Values;2;2025;Consumption of Wind Onshore;NL;(B19);04/09/2025 15:51;100;1,80916;
Monthly Domestic Values;3;2025;Consumption of Wind Onshore;NL;(B19);04/09/2025 15:51;100;1,93906;
Monthly Domestic Values;4;2025;Consumption of Wind Onshore;NL;(B19);04/09/2025 15:51;100;2,335935;
Monthly Domestic Values;5;2025;Consumption of Wind Onshore;NL;(B19);04/09/2025 15:51;100;1,4734875;
Monthly Domestic Values;6;2025;Consumption of Wind Onshore;NL;(B19);04/09/2025 15:51;100;1,5018725;
Monthly Domestic Values;1;2025;Fossil Gas;NL;B04;04/09/2025 15:48;100;3458,875118;
Monthly Domestic Values;2;2025;Fossil Gas;NL;B04;04/09/2025 15:48;100;3068,975505;
Monthly Domestic Values;3;2025;Fossil Gas;NL;B04;04/09/2025 15:48;100;2581,364685;
Monthly Domestic Values;4;2025;Fossil Gas;NL;B04;04/09/2025 15:48;100;2160,166538;
Monthly Domestic Values;5;2025;Fossil Gas;NL;B04;04/09/2025 15:48;100;1793,75959;
Monthly Domestic Values;6;2025;Fossil Gas;NL;B04;04/09/2025 15:48;100;1664,95118;
Monthly Domestic Values;1;2025;Fossil Hard coal;NL;B05;04/09/2025 15:48;100;2080,12676;
Monthly Domestic Values;2;2025;Fossil Hard coal;NL;B05;04/09/2025 15:48;100;2102,091673;
Monthly Domestic Values;3;2025;Fossil Hard coal;NL;B05;04/09/2025 15:48;100;1921,656105;
Monthly Domestic Values;4;2025;Fossil Hard coal;NL;B05;04/09/2025 15:48;100;1043,974515;
Monthly Domestic Values;5;2025;Fossil Hard coal;NL;B05;04/09/2025 15:48;100;57,0452725;
Monthly Domestic Values;6;2025;Fossil Hard coal;NL;B05;04/09/2025 15:48;100;137,106945;
Monthly Domestic Values;1;2025;Hydro Run-of-river and poundage;NL;B11;04/09/2025 15:48;100;0;
Monthly Domestic Values;2;2025;Hydro Run-of-river and poundage;NL;B11;04/09/2025 15:48;100;0;
Monthly Domestic Values;3;2025;Hydro Run-of-river and poundage;NL;B11;04/09/2025 15:48;100;0;
Monthly Domestic Values;4;2025;Hydro Run-of-river and poundage;NL;B11;04/09/2025 15:48;100;0;
Monthly Domestic Values;5;2025;Hydro Run-of-river and poundage;NL;B11;04/09/2025 15:48;100;0;
Monthly Domestic Values;6;2025;Hydro Run-of-river and poundage;NL;B11;04/09/2025 15:48;100;0;
Monthly Domestic Values;1;2025;Nuclear;NL;B14;04/09/2025 15:48;100;362,1485025;
Monthly Domestic Values;2;2025;Nuclear;NL;B14;04/09/2025 15:48;100;326,7412475;
Monthly Domestic Values;3;2025;Nuclear;NL;B14;04/09/2025 15:48;100;361,2691225;
Monthly Domestic Values;4;2025;Nuclear;NL;B14;04/09/2025 15:48;100;52,954005;
Monthly Domestic Values;5;2025;Nuclear;NL;B14;04/09/2025 15:48;100;261,1184175;
Monthly Domestic Values;6;2025;Nuclear;NL;B14;04/09/2025 15:48;100;340,5784475;
Monthly Domestic Values;1;2025;Other;NL;B20;04/09/2025 15:48;100;2654,750738;
Monthly Domestic Values;2;2025;Other;NL;B20;04/09/2025 15:48;100;2958,59887;
Monthly Domestic Values;3;2025;Other;NL;B20;04/09/2025 15:48;100;3863,795443;
Monthly Domestic Values;4;2025;Other;NL;B20;04/09/2025 15:48;100;4112,364935;
Monthly Domestic Values;5;2025;Other;NL;B20;04/09/2025 15:48;100;4578,89848;
Monthly Domestic Values;6;2025;Other;NL;B20;04/09/2025 15:48;100;4085,837315;
Monthly Domestic Values;1;2025;Solar;NL;B16;04/09/2025 15:48;100;10,06725;
Monthly Domestic Values;2;2025;Solar;NL;B16;04/09/2025 15:48;100;19,66722;
Monthly Domestic Values;3;2025;Solar;NL;B16;04/09/2025 15:48;100;57,4062725;
Monthly Domestic Values;4;2025;Solar;NL;B16;04/09/2025 15:48;100;59,122635;
Monthly Domestic Values;5;2025;Solar;NL;B16;04/09/2025 15:48;100;67,499515;
Monthly Domestic Values;6;2025;Solar;NL;B16;04/09/2025 15:48;100;61,5407325;
Monthly Domestic Values;1;2025;Waste;NL;B17;04/09/2025 15:48;100;244,86424;
Monthly Domestic Values;2;2025;Waste;NL;B17;04/09/2025 15:48;100;236,038225;
Monthly Domestic Values;3;2025;Waste;NL;B17;04/09/2025 15:48;100;253,71799;
Monthly Domestic Values;4;2025;Waste;NL;B17;04/09/2025 15:48;100;242,012625;
Monthly Domestic Values;5;2025;Waste;NL;B17;04/09/2025 15:48;100;218,0662175;
Monthly Domestic Values;6;2025;Waste;NL;B17;04/09/2025 15:48;100;201,8886525;
Monthly Domestic Values;1;2025;Wind Offshore;NL;B18;04/09/2025 15:48;100;1355,741215;
Monthly Domestic Values;2;2025;Wind Offshore;NL;B18;04/09/2025 15:48;100;1316,448055;
Monthly Domestic Values;3;2025;Wind Offshore;NL;B18;04/09/2025 15:48;100;870,4124025;
Monthly Domestic Values;4;2025;Wind Offshore;NL;B18;04/09/2025 15:48;100;839,1737225;
Monthly Domestic Values;5;2025;Wind Offshore;NL;B18;04/09/2025 15:48;100;1291,386975;
Monthly Domestic Values;6;2025;Wind Offshore;NL;B18;04/09/2025 15:48;100;1102,937073;
Monthly Domestic Values;1;2025;Wind Onshore;NL;B19;04/09/2025 15:48;100;677,2613675;
Monthly Domestic Values;2;2025;Wind Onshore;NL;B19;04/09/2025 15:48;100;578,8491675;
Monthly Domestic Values;3;2025;Wind Onshore;NL;B19;04/09/2025 15:48;100;443,5261525;
Monthly Domestic Values;4;2025;Wind Onshore;NL;B19;04/09/2025 15:48;100;377,3217325;
Monthly Domestic Values;5;2025;Wind Onshore;NL;B19;04/09/2025 15:48;100;585,228955;
Monthly Domestic Values;6;2025;Wind Onshore;NL;B19;04/09/2025 15:48;100;521,5665525;
Monthly Domestic Values;1;2025;Biomass;NO;B01;04/09/2025 15:48;100;0;
Monthly Domestic Values;2;2025;Biomass;NO;B01;04/09/2025 15:48;100;0;
Monthly Domestic Values;3;2025;Biomass;NO;B01;04/09/2025 15:48;100;0;
Monthly Domestic Values;4;2025;Biomass;NO;B01;04/09/2025 15:48;100;0;
Monthly Domestic Values;5;2025;Biomass;NO;B01;04/09/2025 15:48;100;0;
Monthly Domestic Values;6;2025;Biomass;NO;B01;04/09/2025 15:48;100;0;
Monthly Domestic Values;1;2025;Fossil Gas;NO;B04;04/09/2025 15:48;100;123,44011;
Monthly Domestic Values;2;2025;Fossil Gas;NO;B04;04/09/2025 15:48;100;107,77356;
Monthly Domestic Values;3;2025;Fossil Gas;NO;B04;04/09/2025 15:48;100;119,16514;
Monthly Domestic Values;4;2025;Fossil Gas;NO;B04;04/09/2025 15:48;100;93,895045;
Monthly Domestic Values;5;2025;Fossil Gas;NO;B04;04/09/2025 15:48;100;31,4587;
Monthly Domestic Values;6;2025;Fossil Gas;NO;B04;04/09/2025 15:48;100;25,1063325;
Monthly Domestic Values;1;2025;Hydro Pumped Storage;NO;B10;04/09/2025 15:48;100;452,07803;
Monthly Domestic Values;2;2025;Hydro Pumped Storage;NO;B10;04/09/2025 15:48;100;451,63534;
Monthly Domestic Values;3;2025;Hydro Pumped Storage;NO;B10;04/09/2025 15:48;100;195,73007;
Monthly Domestic Values;4;2025;Hydro Pumped Storage;NO;B10;04/09/2025 15:48;100;144,7744975;
Monthly Domestic Values;5;2025;Hydro Pumped Storage;NO;B10;04/09/2025 15:48;100;141,888075;
Monthly Domestic Values;6;2025;Hydro Pumped Storage;NO;B10;04/09/2025 15:48;100;109,06022;
Monthly Domestic Values;1;2025;Hydro Run-of-river and poundage;NO;B11;04/09/2025 15:48;100;2261,9382;
Monthly Domestic Values;2;2025;Hydro Run-of-river and poundage;NO;B11;04/09/2025 15:48;100;1959,1415;
Monthly Domestic Values;3;2025;Hydro Run-of-river and poundage;NO;B11;04/09/2025 15:48;100;2363,54997;
Monthly Domestic Values;4;2025;Hydro Run-of-river and poundage;NO;B11;04/09/2025 15:48;100;2398,72119;
Monthly Domestic Values;5;2025;Hydro Run-of-river and poundage;NO;B11;04/09/2025 15:48;100;2234,702083;
Monthly Domestic Values;6;2025;Hydro Run-of-river and poundage;NO;B11;04/09/2025 15:48;100;2440,082608;
Monthly Domestic Values;1;2025;Hydro Water Reservoir;NO;B12;04/09/2025 15:48;100;13010,66114;
Monthly Domestic Values;2;2025;Hydro Water Reservoir;NO;B12;04/09/2025 15:48;100;12048,13449;
Monthly Domestic Values;3;2025;Hydro Water Reservoir;NO;B12;04/09/2025 15:48;100;10749,10089;
Monthly Domestic Values;4;2025;Hydro Water Reservoir;NO;B12;04/09/2025 15:48;100;9101,535678;
Monthly Domestic Values;5;2025;Hydro Water Reservoir;NO;B12;04/09/2025 15:48;100;7928,751678;
Monthly Domestic Values;6;2025;Hydro Water Reservoir;NO;B12;04/09/2025 15:48;100;7051,857963;
Monthly Domestic Values;1;2025;Other;NO;B20;04/09/2025 15:48;100;0;
Monthly Domestic Values;2;2025;Other;NO;B20;04/09/2025 15:48;100;0;
Monthly Domestic Values;3;2025;Other;NO;B20;04/09/2025 15:48;100;0;
Monthly Domestic Values;4;2025;Other;NO;B20;04/09/2025 15:48;100;0;
Monthly Domestic Values;5;2025;Other;NO;B20;04/09/2025 15:48;100;0;
Monthly Domestic Values;6;2025;Other;NO;B20;04/09/2025 15:48;100;0;
Monthly Domestic Values;1;2025;Other renewable;NO;B15;04/09/2025 15:48;100;39,04122;
Monthly Domestic Values;2;2025;Other renewable;NO;B15;04/09/2025 15:48;100;39,16703;
Monthly Domestic Values;3;2025;Other renewable;NO;B15;04/09/2025 15:48;100;39,38216;
Monthly Domestic Values;4;2025;Other renewable;NO;B15;04/09/2025 15:48;100;32,807855;
Monthly Domestic Values;5;2025;Other renewable;NO;B15;04/09/2025 15:48;100;34,8710425;
Monthly Domestic Values;6;2025;Other renewable;NO;B15;04/09/2025 15:48;100;51,9048025;
Monthly Domestic Values;1;2025;Solar;NO;B16;04/09/2025 15:48;100;0,03038;
Monthly Domestic Values;2;2025;Solar;NO;B16;04/09/2025 15:48;100;0,23163;
Monthly Domestic Values;3;2025;Solar;NO;B16;04/09/2025 15:48;100;1,02153;
Monthly Domestic Values;4;2025;Solar;NO;B16;04/09/2025 15:48;100;1,6625175;
Monthly Domestic Values;5;2025;Solar;NO;B16;04/09/2025 15:48;100;1,6236375;
Monthly Domestic Values;6;2025;Solar;NO;B16;04/09/2025 15:48;100;0,73145;
Monthly Domestic Values;1;2025;Waste;NO;B17;04/09/2025 15:48;100;14,99038;
Monthly Domestic Values;2;2025;Waste;NO;B17;04/09/2025 15:48;100;13,33491;
Monthly Domestic Values;3;2025;Waste;NO;B17;04/09/2025 15:48;100;14,00558;
Monthly Domestic Values;4;2025;Waste;NO;B17;04/09/2025 15:48;100;18,8668225;
Monthly Domestic Values;5;2025;Waste;NO;B17;04/09/2025 15:48;100;18,9554925;
Monthly Domestic Values;6;2025;Waste;NO;B17;04/09/2025 15:48;100;32,1864175;
Monthly Domestic Values;1;2025;Wind Onshore;NO;B19;04/09/2025 15:48;100;1406,5309;
Monthly Domestic Values;2;2025;Wind Onshore;NO;B19;04/09/2025 15:48;100;1219,26659;
Monthly Domestic Values;3;2025;Wind Onshore;NO;B19;04/09/2025 15:48;100;1423,61847;
Monthly Domestic Values;4;2025;Wind Onshore;NO;B19;04/09/2025 15:48;100;937,6920525;
Monthly Domestic Values;5;2025;Wind Onshore;NO;B19;04/09/2025 15:48;100;933,580035;
Monthly Domestic Values;6;2025;Wind Onshore;NO;B19;04/09/2025 15:48;100;814,1587525;
Monthly Domestic Values;1;2025;Biomass;PL;B01;04/09/2025 15:48;100;255,6282625;
Monthly Domestic Values;2;2025;Biomass;PL;B01;04/09/2025 15:48;100;247,5922725;
Monthly Domestic Values;3;2025;Biomass;PL;B01;04/09/2025 15:48;100;277,3152675;
Monthly Domestic Values;4;2025;Biomass;PL;B01;04/09/2025 15:48;100;266,791745;
Monthly Domestic Values;5;2025;Biomass;PL;B01;04/09/2025 15:48;100;273,81173;
Monthly Domestic Values;6;2025;Biomass;PL;B01;04/09/2025 15:48;100;237,57377;
Monthly Domestic Values;1;2025;Consumption of Hydro Pumped Storage;PL;(B10);04/09/2025 15:51;100;101,9823375;
Monthly Domestic Values;2;2025;Consumption of Hydro Pumped Storage;PL;(B10);04/09/2025 15:51;100;100,7012025;
Monthly Domestic Values;3;2025;Consumption of Hydro Pumped Storage;PL;(B10);04/09/2025 15:51;100;123,87451;
Monthly Domestic Values;4;2025;Consumption of Hydro Pumped Storage;PL;(B10);04/09/2025 15:51;100;129,05976;
Monthly Domestic Values;5;2025;Consumption of Hydro Pumped Storage;PL;(B10);04/09/2025 15:51;100;130,2936175;
Monthly Domestic Values;6;2025;Consumption of Hydro Pumped Storage;PL;(B10);04/09/2025 15:51;100;113,831195;
Monthly Domestic Values;1;2025;Fossil Brown coal/Lignite;PL;B02;04/09/2025 15:48;100;3285,752825;
Monthly Domestic Values;2;2025;Fossil Brown coal/Lignite;PL;B02;04/09/2025 15:48;100;3058,685658;
Monthly Domestic Values;3;2025;Fossil Brown coal/Lignite;PL;B02;04/09/2025 15:48;100;2766,21085;
Monthly Domestic Values;4;2025;Fossil Brown coal/Lignite;PL;B02;04/09/2025 15:48;100;2296,214548;
Monthly Domestic Values;5;2025;Fossil Brown coal/Lignite;PL;B02;04/09/2025 15:48;100;2199,634948;
Monthly Domestic Values;6;2025;Fossil Brown coal/Lignite;PL;B02;04/09/2025 15:48;100;2055,44368;
Monthly Domestic Values;1;2025;Fossil Coal-derived gas;PL;B03;04/09/2025 15:48;100;133,2234675;
Monthly Domestic Values;2;2025;Fossil Coal-derived gas;PL;B03;04/09/2025 15:48;100;122,1939625;
Monthly Domestic Values;3;2025;Fossil Coal-derived gas;PL;B03;04/09/2025 15:48;100;132,713135;
Monthly Domestic Values;4;2025;Fossil Coal-derived gas;PL;B03;04/09/2025 15:48;100;135,56079;
Monthly Domestic Values;5;2025;Fossil Coal-derived gas;PL;B03;04/09/2025 15:48;100;103,7627575;
Monthly Domestic Values;6;2025;Fossil Coal-derived gas;PL;B03;04/09/2025 15:48;100;113,533635;
Monthly Domestic Values;1;2025;Fossil Gas;PL;B04;04/09/2025 15:48;100;1970,81058;
Monthly Domestic Values;2;2025;Fossil Gas;PL;B04;04/09/2025 15:48;100;1770,324543;
Monthly Domestic Values;3;2025;Fossil Gas;PL;B04;04/09/2025 15:48;100;1781,664808;
Monthly Domestic Values;4;2025;Fossil Gas;PL;B04;04/09/2025 15:48;100;1664,55001;
Monthly Domestic Values;5;2025;Fossil Gas;PL;B04;04/09/2025 15:48;100;1417,781953;
Monthly Domestic Values;6;2025;Fossil Gas;PL;B04;04/09/2025 15:48;100;1183,639933;
Monthly Domestic Values;1;2025;Fossil Hard coal;PL;B05;04/09/2025 15:48;100;5631,938765;
Monthly Domestic Values;2;2025;Fossil Hard coal;PL;B05;04/09/2025 15:48;100;5683,186033;
Monthly Domestic Values;3;2025;Fossil Hard coal;PL;B05;04/09/2025 15:48;100;4542,290875;
Monthly Domestic Values;4;2025;Fossil Hard coal;PL;B05;04/09/2025 15:48;100;3624,583443;
Monthly Domestic Values;5;2025;Fossil Hard coal;PL;B05;04/09/2025 15:48;100;3474,603128;
Monthly Domestic Values;6;2025;Fossil Hard coal;PL;B05;04/09/2025 15:48;100;3077,761145;
Monthly Domestic Values;1;2025;Fossil Oil;PL;B06;04/09/2025 15:48;100;152,6472175;
Monthly Domestic Values;2;2025;Fossil Oil;PL;B06;04/09/2025 15:48;100;142,906825;
Monthly Domestic Values;3;2025;Fossil Oil;PL;B06;04/09/2025 15:48;100;131,4540225;
Monthly Domestic Values;4;2025;Fossil Oil;PL;B06;04/09/2025 15:48;100;114,3742025;
Monthly Domestic Values;5;2025;Fossil Oil;PL;B06;04/09/2025 15:48;100;115,7707875;
Monthly Domestic Values;6;2025;Fossil Oil;PL;B06;04/09/2025 15:48;100;102,2135575;
Monthly Domestic Values;1;2025;Hydro Pumped Storage;PL;B10;04/09/2025 15:48;100;65,5861725;
Monthly Domestic Values;2;2025;Hydro Pumped Storage;PL;B10;04/09/2025 15:48;100;66,9307775;
Monthly Domestic Values;3;2025;Hydro Pumped Storage;PL;B10;04/09/2025 15:48;100;84,315985;
Monthly Domestic Values;4;2025;Hydro Pumped Storage;PL;B10;04/09/2025 15:48;100;92,8183225;
Monthly Domestic Values;5;2025;Hydro Pumped Storage;PL;B10;04/09/2025 15:48;100;93,839265;
Monthly Domestic Values;6;2025;Hydro Pumped Storage;PL;B10;04/09/2025 15:48;100;84,07095;
Monthly Domestic Values;1;2025;Hydro Run-of-river and poundage;PL;B11;04/09/2025 15:48;100;96,753095;
Monthly Domestic Values;2;2025;Hydro Run-of-river and poundage;PL;B11;04/09/2025 15:48;100;78,2573825;
Monthly Domestic Values;3;2025;Hydro Run-of-river and poundage;PL;B11;04/09/2025 15:48;100;90,48985;
Monthly Domestic Values;4;2025;Hydro Run-of-river and poundage;PL;B11;04/09/2025 15:48;100;81,2281325;
Monthly Domestic Values;5;2025;Hydro Run-of-river and poundage;PL;B11;04/09/2025 15:48;100;78,46442;
Monthly Domestic Values;6;2025;Hydro Run-of-river and poundage;PL;B11;04/09/2025 15:48;100;76,75704;
Monthly Domestic Values;1;2025;Hydro Water Reservoir;PL;B12;04/09/2025 15:48;100;50,9217575;
Monthly Domestic Values;2;2025;Hydro Water Reservoir;PL;B12;04/09/2025 15:48;100;42,38709;
Monthly Domestic Values;3;2025;Hydro Water Reservoir;PL;B12;04/09/2025 15:48;100;46,93977;
Monthly Domestic Values;4;2025;Hydro Water Reservoir;PL;B12;04/09/2025 15:48;100;50,0366175;
Monthly Domestic Values;5;2025;Hydro Water Reservoir;PL;B12;04/09/2025 15:48;100;50,8610725;
Monthly Domestic Values;6;2025;Hydro Water Reservoir;PL;B12;04/09/2025 15:48;100;49,2663825;
Monthly Domestic Values;1;2025;Other;PL;B20;04/09/2025 15:48;100;505,346285;
Monthly Domestic Values;2;2025;Other;PL;B20;04/09/2025 15:48;100;451,8532775;
Monthly Domestic Values;3;2025;Other;PL;B20;04/09/2025 15:48;100;497,332955;
Monthly Domestic Values;4;2025;Other;PL;B20;04/09/2025 15:48;100;446,897795;
Monthly Domestic Values;5;2025;Other;PL;B20;04/09/2025 15:48;100;465,8852475;
Monthly Domestic Values;6;2025;Other;PL;B20;04/09/2025 15:48;100;378,6618725;
Monthly Domestic Values;1;2025;Other renewable;PL;B15;04/09/2025 15:48;100;45,00419;
Monthly Domestic Values;2;2025;Other renewable;PL;B15;04/09/2025 15:48;100;40,61155;
Monthly Domestic Values;3;2025;Other renewable;PL;B15;04/09/2025 15:48;100;45,08333;
Monthly Domestic Values;4;2025;Other renewable;PL;B15;04/09/2025 15:48;100;41,737595;
Monthly Domestic Values;5;2025;Other renewable;PL;B15;04/09/2025 15:48;100;37,6328925;
Monthly Domestic Values;6;2025;Other renewable;PL;B15;04/09/2025 15:48;100;37,8731425;
Monthly Domestic Values;1;2025;Solar;PL;B16;04/09/2025 15:48;100;430,4431225;
Monthly Domestic Values;2;2025;Solar;PL;B16;04/09/2025 15:48;100;937,96471;
Monthly Domestic Values;3;2025;Solar;PL;B16;04/09/2025 15:48;100;1734,408213;
Monthly Domestic Values;4;2025;Solar;PL;B16;04/09/2025 15:48;100;2178,68982;
Monthly Domestic Values;5;2025;Solar;PL;B16;04/09/2025 15:48;100;2487,418435;
Monthly Domestic Values;6;2025;Solar;PL;B16;04/09/2025 15:48;100;2577,050838;
Monthly Domestic Values;1;2025;Wind Onshore;PL;B19;04/09/2025 15:48;100;3142,415983;
Monthly Domestic Values;2;2025;Wind Onshore;PL;B19;04/09/2025 15:48;100;1318,011938;
Monthly Domestic Values;3;2025;Wind Onshore;PL;B19;04/09/2025 15:48;100;1801,732928;
Monthly Domestic Values;4;2025;Wind Onshore;PL;B19;04/09/2025 15:48;100;1609,095608;
Monthly Domestic Values;5;2025;Wind Onshore;PL;B19;04/09/2025 15:48;100;1547,423578;
Monthly Domestic Values;6;2025;Wind Onshore;PL;B19;04/09/2025 15:48;100;2079,766793;
Monthly Domestic Values;1;2025;Biomass;PT;B01;04/09/2025 15:48;100;247,625;
Monthly Domestic Values;2;2025;Biomass;PT;B01;04/09/2025 15:48;100;213,7576;
Monthly Domestic Values;3;2025;Biomass;PT;B01;04/09/2025 15:48;100;232,6199;
Monthly Domestic Values;4;2025;Biomass;PT;B01;04/09/2025 15:48;100;229,1666;
Monthly Domestic Values;5;2025;Biomass;PT;B01;04/09/2025 15:48;100;223,4739;
Monthly Domestic Values;6;2025;Biomass;PT;B01;04/09/2025 15:48;100;217,9079;
Monthly Domestic Values;1;2025;Consumption of Fossil Gas;PT;(B04);04/09/2025 15:51;100;4,6025;
Monthly Domestic Values;2;2025;Consumption of Fossil Gas;PT;(B04);04/09/2025 15:51;100;4,7319;
Monthly Domestic Values;3;2025;Consumption of Fossil Gas;PT;(B04);04/09/2025 15:51;100;4,9753;
Monthly Domestic Values;4;2025;Consumption of Fossil Gas;PT;(B04);04/09/2025 15:51;100;4,0973;
Monthly Domestic Values;5;2025;Consumption of Fossil Gas;PT;(B04);04/09/2025 15:51;100;3,3401;
Monthly Domestic Values;6;2025;Consumption of Fossil Gas;PT;(B04);04/09/2025 15:51;100;3,1898;
Monthly Domestic Values;1;2025;Consumption of Hydro Pumped Storage;PT;(B10);04/09/2025 15:51;100;366,7824;
Monthly Domestic Values;2;2025;Consumption of Hydro Pumped Storage;PT;(B10);04/09/2025 15:51;100;286,7371;
Monthly Domestic Values;3;2025;Consumption of Hydro Pumped Storage;PT;(B10);04/09/2025 15:51;100;475,7527;
Monthly Domestic Values;4;2025;Consumption of Hydro Pumped Storage;PT;(B10);04/09/2025 15:51;100;464,2767;
Monthly Domestic Values;5;2025;Consumption of Hydro Pumped Storage;PT;(B10);04/09/2025 15:51;100;404,7192;
Monthly Domestic Values;6;2025;Consumption of Hydro Pumped Storage;PT;(B10);04/09/2025 15:51;100;466,9436;
Monthly Domestic Values;1;2025;Consumption of Hydro Run-of-river and poundage;PT;(B11);04/09/2025 15:51;100;0,8422;
Monthly Domestic Values;2;2025;Consumption of Hydro Run-of-river and poundage;PT;(B11);04/09/2025 15:51;100;0,3738;
Monthly Domestic Values;3;2025;Consumption of Hydro Run-of-river and poundage;PT;(B11);04/09/2025 15:51;100;0,3492;
Monthly Domestic Values;4;2025;Consumption of Hydro Run-of-river and poundage;PT;(B11);04/09/2025 15:51;100;0,3563;
Monthly Domestic Values;5;2025;Consumption of Hydro Run-of-river and poundage;PT;(B11);04/09/2025 15:51;100;0,6856;
Monthly Domestic Values;6;2025;Consumption of Hydro Run-of-river and poundage;PT;(B11);04/09/2025 15:51;100;0,8415;
Monthly Domestic Values;1;2025;Consumption of Hydro Water Reservoir;PT;(B12);04/09/2025 15:51;100;0,4725;
Monthly Domestic Values;2;2025;Consumption of Hydro Water Reservoir;PT;(B12);04/09/2025 15:51;100;0,3773;
Monthly Domestic Values;3;2025;Consumption of Hydro Water Reservoir;PT;(B12);04/09/2025 15:51;100;0,4515;
Monthly Domestic Values;4;2025;Consumption of Hydro Water Reservoir;PT;(B12);04/09/2025 15:51;100;0,4422;
Monthly Domestic Values;5;2025;Consumption of Hydro Water Reservoir;PT;(B12);04/09/2025 15:51;100;0,5124;
Monthly Domestic Values;6;2025;Consumption of Hydro Water Reservoir;PT;(B12);04/09/2025 15:51;100;0,5672;
Monthly Domestic Values;1;2025;Fossil Gas;PT;B04;04/09/2025 15:48;100;684,2729;
Monthly Domestic Values;2;2025;Fossil Gas;PT;B04;04/09/2025 15:48;100;560,1733;
Monthly Domestic Values;3;2025;Fossil Gas;PT;B04;04/09/2025 15:48;100;438,3585;
Monthly Domestic Values;4;2025;Fossil Gas;PT;B04;04/09/2025 15:48;100;336,3758;
Monthly Domestic Values;5;2025;Fossil Gas;PT;B04;04/09/2025 15:48;100;665,1623;
Monthly Domestic Values;6;2025;Fossil Gas;PT;B04;04/09/2025 15:48;100;687,7038;
Monthly Domestic Values;1;2025;Fossil Hard coal;PT;B05;04/09/2025 15:48;100;0;
Monthly Domestic Values;2;2025;Fossil Hard coal;PT;B05;04/09/2025 15:48;100;0;
Monthly Domestic Values;3;2025;Fossil Hard coal;PT;B05;04/09/2025 15:48;100;0;
Monthly Domestic Values;4;2025;Fossil Hard coal;PT;B05;04/09/2025 15:48;100;0;
Monthly Domestic Values;5;2025;Fossil Hard coal;PT;B05;04/09/2025 15:48;100;0;
Monthly Domestic Values;6;2025;Fossil Hard coal;PT;B05;04/09/2025 15:48;100;0;
Monthly Domestic Values;1;2025;Hydro Pumped Storage;PT;B10;04/09/2025 15:48;100;570,6689;
Monthly Domestic Values;2;2025;Hydro Pumped Storage;PT;B10;04/09/2025 15:48;100;504,1631;
Monthly Domestic Values;3;2025;Hydro Pumped Storage;PT;B10;04/09/2025 15:48;100;624,1104;
Monthly Domestic Values;4;2025;Hydro Pumped Storage;PT;B10;04/09/2025 15:48;100;576,8783;
Monthly Domestic Values;5;2025;Hydro Pumped Storage;PT;B10;04/09/2025 15:48;100;507,6833;
Monthly Domestic Values;6;2025;Hydro Pumped Storage;PT;B10;04/09/2025 15:48;100;482,4549;
Monthly Domestic Values;1;2025;Hydro Run-of-river and poundage;PT;B11;04/09/2025 15:48;100;885,0118;
Monthly Domestic Values;2;2025;Hydro Run-of-river and poundage;PT;B11;04/09/2025 15:48;100;1306,3996;
Monthly Domestic Values;3;2025;Hydro Run-of-river and poundage;PT;B11;04/09/2025 15:48;100;1299,3349;
Monthly Domestic Values;4;2025;Hydro Run-of-river and poundage;PT;B11;04/09/2025 15:48;100;1201,7613;
Monthly Domestic Values;5;2025;Hydro Run-of-river and poundage;PT;B11;04/09/2025 15:48;100;956,893;
Monthly Domestic Values;6;2025;Hydro Run-of-river and poundage;PT;B11;04/09/2025 15:48;100;422,6159;
Monthly Domestic Values;1;2025;Hydro Water Reservoir;PT;B12;04/09/2025 15:48;100;369,7669;
Monthly Domestic Values;2;2025;Hydro Water Reservoir;PT;B12;04/09/2025 15:48;100;474,9484;
Monthly Domestic Values;3;2025;Hydro Water Reservoir;PT;B12;04/09/2025 15:48;100;462,7305;
Monthly Domestic Values;4;2025;Hydro Water Reservoir;PT;B12;04/09/2025 15:48;100;403,3574;
Monthly Domestic Values;5;2025;Hydro Water Reservoir;PT;B12;04/09/2025 15:48;100;387,0984;
Monthly Domestic Values;6;2025;Hydro Water Reservoir;PT;B12;04/09/2025 15:48;100;142,7299;
Monthly Domestic Values;1;2025;Other;PT;B20;04/09/2025 15:48;100;21,2543;
Monthly Domestic Values;2;2025;Other;PT;B20;04/09/2025 15:48;100;19,9831;
Monthly Domestic Values;3;2025;Other;PT;B20;04/09/2025 15:48;100;11,0644;
Monthly Domestic Values;4;2025;Other;PT;B20;04/09/2025 15:48;100;13,7628;
Monthly Domestic Values;5;2025;Other;PT;B20;04/09/2025 15:48;100;22,5199;
Monthly Domestic Values;6;2025;Other;PT;B20;04/09/2025 15:48;100;21,4125;
Monthly Domestic Values;1;2025;Solar;PT;B16;04/09/2025 15:48;100;279,1909;
Monthly Domestic Values;2;2025;Solar;PT;B16;04/09/2025 15:48;100;332,2118;
Monthly Domestic Values;3;2025;Solar;PT;B16;04/09/2025 15:48;100;405,6835;
Monthly Domestic Values;4;2025;Solar;PT;B16;04/09/2025 15:48;100;419,3316;
Monthly Domestic Values;5;2025;Solar;PT;B16;04/09/2025 15:48;100;699,0379;
Monthly Domestic Values;6;2025;Solar;PT;B16;04/09/2025 15:48;100;710,6397;
Monthly Domestic Values;1;2025;Wind Offshore;PT;B18;04/09/2025 15:48;100;5,4647;
Monthly Domestic Values;2;2025;Wind Offshore;PT;B18;04/09/2025 15:48;100;4,7654;
Monthly Domestic Values;3;2025;Wind Offshore;PT;B18;04/09/2025 15:48;100;6,501;
Monthly Domestic Values;4;2025;Wind Offshore;PT;B18;04/09/2025 15:48;100;4,2563;
Monthly Domestic Values;5;2025;Wind Offshore;PT;B18;04/09/2025 15:48;100;5,3947;
Monthly Domestic Values;6;2025;Wind Offshore;PT;B18;04/09/2025 15:48;100;4,7366;
Monthly Domestic Values;1;2025;Wind Onshore;PT;B19;04/09/2025 15:48;100;1785,7889;
Monthly Domestic Values;2;2025;Wind Onshore;PT;B19;04/09/2025 15:48;100;900,9609;
Monthly Domestic Values;3;2025;Wind Onshore;PT;B19;04/09/2025 15:48;100;1501,8976;
Monthly Domestic Values;4;2025;Wind Onshore;PT;B19;04/09/2025 15:48;100;1179,3888;
Monthly Domestic Values;5;2025;Wind Onshore;PT;B19;04/09/2025 15:48;100;731,2709;
Monthly Domestic Values;6;2025;Wind Onshore;PT;B19;04/09/2025 15:48;100;702,9667;
Monthly Domestic Values;1;2025;Biomass;RO;B01;04/09/2025 15:48;100;35,70575;
Monthly Domestic Values;2;2025;Biomass;RO;B01;04/09/2025 15:48;100;42,11225;
Monthly Domestic Values;3;2025;Biomass;RO;B01;04/09/2025 15:48;100;45,7135;
Monthly Domestic Values;4;2025;Biomass;RO;B01;04/09/2025 15:48;100;29,775;
Monthly Domestic Values;5;2025;Biomass;RO;B01;04/09/2025 15:48;100;28,01725;
Monthly Domestic Values;6;2025;Biomass;RO;B01;04/09/2025 15:48;100;30,8570425;
Monthly Domestic Values;2;2025;Energy storage;RO;B25;04/09/2025 15:48;100;9,71475;
Monthly Domestic Values;3;2025;Energy storage;RO;B25;04/09/2025 15:48;100;9,4315;
Monthly Domestic Values;4;2025;Energy storage;RO;B25;04/09/2025 15:48;100;11,634;
Monthly Domestic Values;5;2025;Energy storage;RO;B25;04/09/2025 15:48;100;15,9725;
Monthly Domestic Values;6;2025;Energy storage;RO;B25;04/09/2025 15:48;100;16,5495;
Monthly Domestic Values;1;2025;Fossil Brown coal/Lignite;RO;B02;04/09/2025 15:48;100;578,62275;
Monthly Domestic Values;2;2025;Fossil Brown coal/Lignite;RO;B02;04/09/2025 15:48;100;693,41;
Monthly Domestic Values;3;2025;Fossil Brown coal/Lignite;RO;B02;04/09/2025 15:48;100;539,0975;
Monthly Domestic Values;4;2025;Fossil Brown coal/Lignite;RO;B02;04/09/2025 15:48;100;420,09775;
Monthly Domestic Values;5;2025;Fossil Brown coal/Lignite;RO;B02;04/09/2025 15:48;100;439,5865;
Monthly Domestic Values;6;2025;Fossil Brown coal/Lignite;RO;B02;04/09/2025 15:48;100;506,90475;
Monthly Domestic Values;1;2025;Fossil Gas;RO;B04;04/09/2025 15:48;100;1169,002;
Monthly Domestic Values;2;2025;Fossil Gas;RO;B04;04/09/2025 15:48;100;978,85125;
Monthly Domestic Values;3;2025;Fossil Gas;RO;B04;04/09/2025 15:48;100;818,88525;
Monthly Domestic Values;4;2025;Fossil Gas;RO;B04;04/09/2025 15:48;100;300,45875;
Monthly Domestic Values;5;2025;Fossil Gas;RO;B04;04/09/2025 15:48;100;478,16;
Monthly Domestic Values;6;2025;Fossil Gas;RO;B04;04/09/2025 15:48;100;544,8895525;
Monthly Domestic Values;1;2025;Fossil Hard coal;RO;B05;04/09/2025 15:48;100;19,47575;
Monthly Domestic Values;2;2025;Fossil Hard coal;RO;B05;04/09/2025 15:48;100;22,04125;
Monthly Domestic Values;3;2025;Fossil Hard coal;RO;B05;04/09/2025 15:48;100;20,44425;
Monthly Domestic Values;4;2025;Fossil Hard coal;RO;B05;04/09/2025 15:48;100;8,404;
Monthly Domestic Values;5;2025;Fossil Hard coal;RO;B05;04/09/2025 15:48;100;5,97025;
Monthly Domestic Values;6;2025;Fossil Hard coal;RO;B05;04/09/2025 15:48;100;5,992;
Monthly Domestic Values;1;2025;Hydro Run-of-river and poundage;RO;B11;04/09/2025 15:48;100;671,55825;
Monthly Domestic Values;2;2025;Hydro Run-of-river and poundage;RO;B11;04/09/2025 15:48;100;510,33575;
Monthly Domestic Values;3;2025;Hydro Run-of-river and poundage;RO;B11;04/09/2025 15:48;100;738,896;
Monthly Domestic Values;4;2025;Hydro Run-of-river and poundage;RO;B11;04/09/2025 15:48;100;921,0655;
Monthly Domestic Values;5;2025;Hydro Run-of-river and poundage;RO;B11;04/09/2025 15:48;100;874,1255;
Monthly Domestic Values;6;2025;Hydro Run-of-river and poundage;RO;B11;04/09/2025 15:48;100;750,22795;
Monthly Domestic Values;1;2025;Hydro Water Reservoir;RO;B12;04/09/2025 15:48;100;189,234;
Monthly Domestic Values;2;2025;Hydro Water Reservoir;RO;B12;04/09/2025 15:48;100;305,513;
Monthly Domestic Values;3;2025;Hydro Water Reservoir;RO;B12;04/09/2025 15:48;100;271,747;
Monthly Domestic Values;4;2025;Hydro Water Reservoir;RO;B12;04/09/2025 15:48;100;219,999;
Monthly Domestic Values;5;2025;Hydro Water Reservoir;RO;B12;04/09/2025 15:48;100;379,37775;
Monthly Domestic Values;6;2025;Hydro Water Reservoir;RO;B12;04/09/2025 15:48;100;394,08725;
Monthly Domestic Values;1;2025;Nuclear;RO;B14;04/09/2025 15:48;100;937,62125;
Monthly Domestic Values;2;2025;Nuclear;RO;B14;04/09/2025 15:48;100;844,5305;
Monthly Domestic Values;3;2025;Nuclear;RO;B14;04/09/2025 15:48;100;931,18375;
Monthly Domestic Values;4;2025;Nuclear;RO;B14;04/09/2025 15:48;100;901,62475;
Monthly Domestic Values;5;2025;Nuclear;RO;B14;04/09/2025 15:48;100;609,4855;
Monthly Domestic Values;6;2025;Nuclear;RO;B14;04/09/2025 15:48;100;484,0345;
Monthly Domestic Values;1;2025;Solar;RO;B16;04/09/2025 15:48;100;88,98775;
Monthly Domestic Values;2;2025;Solar;RO;B16;04/09/2025 15:48;100;133,905;
Monthly Domestic Values;3;2025;Solar;RO;B16;04/09/2025 15:48;100;209,08725;
Monthly Domestic Values;4;2025;Solar;RO;B16;04/09/2025 15:48;100;246,22475;
Monthly Domestic Values;5;2025;Solar;RO;B16;04/09/2025 15:48;100;283,63225;
Monthly Domestic Values;6;2025;Solar;RO;B16;04/09/2025 15:48;100;394,19075;
Monthly Domestic Values;1;2025;Wind Onshore;RO;B19;04/09/2025 15:48;100;492,99325;
Monthly Domestic Values;2;2025;Wind Onshore;RO;B19;04/09/2025 15:48;100;508,07625;
Monthly Domestic Values;3;2025;Wind Onshore;RO;B19;04/09/2025 15:48;100;594,98825;
Monthly Domestic Values;4;2025;Wind Onshore;RO;B19;04/09/2025 15:48;100;506,389;
Monthly Domestic Values;5;2025;Wind Onshore;RO;B19;04/09/2025 15:48;100;486,7835;
Monthly Domestic Values;6;2025;Wind Onshore;RO;B19;04/09/2025 15:48;100;385,22493;
Monthly Domestic Values;1;2025;Biomass;RS;B01;04/09/2025 15:48;100;22,318;
Monthly Domestic Values;2;2025;Biomass;RS;B01;04/09/2025 15:48;100;19,271;
Monthly Domestic Values;3;2025;Biomass;RS;B01;04/09/2025 15:48;100;26,794;
Monthly Domestic Values;4;2025;Biomass;RS;B01;04/09/2025 15:48;100;24,809;
Monthly Domestic Values;5;2025;Biomass;RS;B01;04/09/2025 15:48;100;24,487;
Monthly Domestic Values;6;2025;Biomass;RS;B01;04/09/2025 15:48;100;25,424;
Monthly Domestic Values;1;2025;Fossil Brown coal/Lignite;RS;B02;04/09/2025 15:48;100;2125,32;
Monthly Domestic Values;2;2025;Fossil Brown coal/Lignite;RS;B02;04/09/2025 15:48;100;2082,563;
Monthly Domestic Values;3;2025;Fossil Brown coal/Lignite;RS;B02;04/09/2025 15:48;100;1872,151;
Monthly Domestic Values;4;2025;Fossil Brown coal/Lignite;RS;B02;04/09/2025 15:48;100;1436,032;
Monthly Domestic Values;5;2025;Fossil Brown coal/Lignite;RS;B02;04/09/2025 15:48;100;1318,235;
Monthly Domestic Values;6;2025;Fossil Brown coal/Lignite;RS;B02;04/09/2025 15:48;100;1604,925;
Monthly Domestic Values;1;2025;Fossil Gas;RS;B04;04/09/2025 15:48;100;253,324;
Monthly Domestic Values;2;2025;Fossil Gas;RS;B04;04/09/2025 15:48;100;223,631;
Monthly Domestic Values;3;2025;Fossil Gas;RS;B04;04/09/2025 15:48;100;164,515;
Monthly Domestic Values;4;2025;Fossil Gas;RS;B04;04/09/2025 15:48;100;73,582;
Monthly Domestic Values;5;2025;Fossil Gas;RS;B04;04/09/2025 15:48;100;95,625;
Monthly Domestic Values;6;2025;Fossil Gas;RS;B04;04/09/2025 15:48;100;101,701;
Monthly Domestic Values;1;2025;Hydro Pumped Storage;RS;B10;04/09/2025 15:48;100;54,416;
Monthly Domestic Values;2;2025;Hydro Pumped Storage;RS;B10;04/09/2025 15:48;100;71,424;
Monthly Domestic Values;3;2025;Hydro Pumped Storage;RS;B10;04/09/2025 15:48;100;9,891;
Monthly Domestic Values;4;2025;Hydro Pumped Storage;RS;B10;04/09/2025 15:48;100;26,123;
Monthly Domestic Values;5;2025;Hydro Pumped Storage;RS;B10;04/09/2025 15:48;100;0,275;
Monthly Domestic Values;6;2025;Hydro Pumped Storage;RS;B10;04/09/2025 15:48;100;46,468;
Monthly Domestic Values;1;2025;Hydro Run-of-river and poundage;RS;B11;04/09/2025 15:48;100;810,871;
Monthly Domestic Values;2;2025;Hydro Run-of-river and poundage;RS;B11;04/09/2025 15:48;100;590,748;
Monthly Domestic Values;3;2025;Hydro Run-of-river and poundage;RS;B11;04/09/2025 15:48;100;835,231;
Monthly Domestic Values;4;2025;Hydro Run-of-river and poundage;RS;B11;04/09/2025 15:48;100;975,052;
Monthly Domestic Values;5;2025;Hydro Run-of-river and poundage;RS;B11;04/09/2025 15:48;100;705,892;
Monthly Domestic Values;6;2025;Hydro Run-of-river and poundage;RS;B11;04/09/2025 15:48;100;512,25;
Monthly Domestic Values;1;2025;Hydro Water Reservoir;RS;B12;04/09/2025 15:48;100;71,396;
Monthly Domestic Values;2;2025;Hydro Water Reservoir;RS;B12;04/09/2025 15:48;100;125,362;
Monthly Domestic Values;3;2025;Hydro Water Reservoir;RS;B12;04/09/2025 15:48;100;46,051;
Monthly Domestic Values;4;2025;Hydro Water Reservoir;RS;B12;04/09/2025 15:48;100;22,224;
Monthly Domestic Values;5;2025;Hydro Water Reservoir;RS;B12;04/09/2025 15:48;100;42,574;
Monthly Domestic Values;6;2025;Hydro Water Reservoir;RS;B12;04/09/2025 15:48;100;25,94;
Monthly Domestic Values;1;2025;Other;RS;B20;04/09/2025 15:48;100;20,089;
Monthly Domestic Values;2;2025;Other;RS;B20;04/09/2025 15:48;100;18,715;
Monthly Domestic Values;3;2025;Other;RS;B20;04/09/2025 15:48;100;20,505;
Monthly Domestic Values;4;2025;Other;RS;B20;04/09/2025 15:48;100;19,424;
Monthly Domestic Values;5;2025;Other;RS;B20;04/09/2025 15:48;100;16,796;
Monthly Domestic Values;6;2025;Other;RS;B20;04/09/2025 15:48;100;15,667;
Monthly Domestic Values;1;2025;Wind Onshore;RS;B19;04/09/2025 15:48;100;107,66803;
Monthly Domestic Values;2;2025;Wind Onshore;RS;B19;04/09/2025 15:48;100;154,03644;
Monthly Domestic Values;3;2025;Wind Onshore;RS;B19;04/09/2025 15:48;100;144,58122;
Monthly Domestic Values;4;2025;Wind Onshore;RS;B19;04/09/2025 15:48;100;134,33981;
Monthly Domestic Values;5;2025;Wind Onshore;RS;B19;04/09/2025 15:48;100;83,72213;
Monthly Domestic Values;6;2025;Wind Onshore;RS;B19;04/09/2025 15:48;100;73,10426;
Monthly Domestic Values;1;2025;Fossil Gas;SE;B04;04/09/2025 15:48;100;0,575;
Monthly Domestic Values;2;2025;Fossil Gas;SE;B04;04/09/2025 15:48;100;0,42886;
Monthly Domestic Values;3;2025;Fossil Gas;SE;B04;04/09/2025 15:48;100;0,66787;
Monthly Domestic Values;4;2025;Fossil Gas;SE;B04;04/09/2025 15:48;100;0,69641;
Monthly Domestic Values;5;2025;Fossil Gas;SE;B04;04/09/2025 15:48;100;1,79322;
Monthly Domestic Values;6;2025;Fossil Gas;SE;B04;04/09/2025 15:48;100;2,23048;
Monthly Domestic Values;1;2025;Hydro Water Reservoir;SE;B12;04/09/2025 15:48;100;6906,58768;
Monthly Domestic Values;2;2025;Hydro Water Reservoir;SE;B12;04/09/2025 15:48;100;6487,57717;
Monthly Domestic Values;3;2025;Hydro Water Reservoir;SE;B12;04/09/2025 15:48;100;5786,56017;
Monthly Domestic Values;4;2025;Hydro Water Reservoir;SE;B12;04/09/2025 15:48;100;5534,66214;
Monthly Domestic Values;5;2025;Hydro Water Reservoir;SE;B12;04/09/2025 15:48;100;4310,18101;
Monthly Domestic Values;6;2025;Hydro Water Reservoir;SE;B12;04/09/2025 15:48;100;4148,32955;
Monthly Domestic Values;1;2025;Nuclear;SE;B14;04/09/2025 15:48;100;4316,83105;
Monthly Domestic Values;2;2025;Nuclear;SE;B14;04/09/2025 15:48;100;4564,389;
Monthly Domestic Values;3;2025;Nuclear;SE;B14;04/09/2025 15:48;100;4662,18013;
Monthly Domestic Values;4;2025;Nuclear;SE;B14;04/09/2025 15:48;100;3881,1;
Monthly Domestic Values;5;2025;Nuclear;SE;B14;04/09/2025 15:48;100;3310,4315;
Monthly Domestic Values;6;2025;Nuclear;SE;B14;04/09/2025 15:48;100;3224,772;
Monthly Domestic Values;1;2025;Other;SE;B20;04/09/2025 15:48;100;648,53911;
Monthly Domestic Values;2;2025;Other;SE;B20;04/09/2025 15:48;100;724,80145;
Monthly Domestic Values;3;2025;Other;SE;B20;04/09/2025 15:48;100;622,67424;
Monthly Domestic Values;4;2025;Other;SE;B20;04/09/2025 15:48;100;527,20119;
Monthly Domestic Values;5;2025;Other;SE;B20;04/09/2025 15:48;100;455,20437;
Monthly Domestic Values;6;2025;Other;SE;B20;04/09/2025 15:48;100;266,83409;
Monthly Domestic Values;1;2025;Solar;SE;B16;04/09/2025 15:48;100;11,71263;
Monthly Domestic Values;2;2025;Solar;SE;B16;04/09/2025 15:48;100;43,64708;
Monthly Domestic Values;3;2025;Solar;SE;B16;04/09/2025 15:48;100;170,85651;
Monthly Domestic Values;4;2025;Solar;SE;B16;04/09/2025 15:48;100;277,22342;
Monthly Domestic Values;5;2025;Solar;SE;B16;04/09/2025 15:48;100;334,1965;
Monthly Domestic Values;6;2025;Solar;SE;B16;04/09/2025 15:48;100;378,87756;
Monthly Domestic Values;1;2025;Wind Onshore;SE;B19;04/09/2025 15:48;100;4668,84238;
Monthly Domestic Values;2;2025;Wind Onshore;SE;B19;04/09/2025 15:48;100;3366,34628;
Monthly Domestic Values;3;2025;Wind Onshore;SE;B19;04/09/2025 15:48;100;4231,69087;
Monthly Domestic Values;4;2025;Wind Onshore;SE;B19;04/09/2025 15:48;100;2881,35352;
Monthly Domestic Values;5;2025;Wind Onshore;SE;B19;04/09/2025 15:48;100;3284,15021;
Monthly Domestic Values;6;2025;Wind Onshore;SE;B19;04/09/2025 15:48;100;2629,52535;
Monthly Domestic Values;1;2025;Biomass;SI;B01;04/09/2025 15:48;100;5,97726;
Monthly Domestic Values;2;2025;Biomass;SI;B01;04/09/2025 15:48;100;5,41612;
Monthly Domestic Values;3;2025;Biomass;SI;B01;04/09/2025 15:48;100;6,72169;
Monthly Domestic Values;4;2025;Biomass;SI;B01;04/09/2025 15:48;100;5,72862;
Monthly Domestic Values;5;2025;Biomass;SI;B01;04/09/2025 15:48;100;6,2407;
Monthly Domestic Values;6;2025;Biomass;SI;B01;04/09/2025 15:48;100;8,08165;
Monthly Domestic Values;1;2025;Fossil Brown coal/Lignite;SI;B02;04/09/2025 15:48;100;269,98637;
Monthly Domestic Values;2;2025;Fossil Brown coal/Lignite;SI;B02;04/09/2025 15:48;100;309,16309;
Monthly Domestic Values;3;2025;Fossil Brown coal/Lignite;SI;B02;04/09/2025 15:48;100;314,61876;
Monthly Domestic Values;4;2025;Fossil Brown coal/Lignite;SI;B02;04/09/2025 15:48;100;155,34569;
Monthly Domestic Values;5;2025;Fossil Brown coal/Lignite;SI;B02;04/09/2025 15:48;100;1,41909;
Monthly Domestic Values;6;2025;Fossil Brown coal/Lignite;SI;B02;04/09/2025 15:48;100;1,18325;
Monthly Domestic Values;1;2025;Fossil Gas;SI;B04;04/09/2025 15:48;100;86,63544;
Monthly Domestic Values;2;2025;Fossil Gas;SI;B04;04/09/2025 15:48;100;59,17318;
Monthly Domestic Values;3;2025;Fossil Gas;SI;B04;04/09/2025 15:48;100;74,60902;
Monthly Domestic Values;4;2025;Fossil Gas;SI;B04;04/09/2025 15:48;100;36,80608;
Monthly Domestic Values;5;2025;Fossil Gas;SI;B04;04/09/2025 15:48;100;66,37151;
Monthly Domestic Values;6;2025;Fossil Gas;SI;B04;04/09/2025 15:48;100;67,41198;
Monthly Domestic Values;1;2025;Fossil Oil;SI;B06;04/09/2025 15:48;100;0,02457;
Monthly Domestic Values;2;2025;Fossil Oil;SI;B06;04/09/2025 15:48;100;0,00659;
Monthly Domestic Values;3;2025;Fossil Oil;SI;B06;04/09/2025 15:48;100;0,00033;
Monthly Domestic Values;4;2025;Fossil Oil;SI;B06;04/09/2025 15:48;100;0,00061;
Monthly Domestic Values;5;2025;Fossil Oil;SI;B06;04/09/2025 15:48;100;0,00146;
Monthly Domestic Values;6;2025;Fossil Oil;SI;B06;04/09/2025 15:48;100;0,19448;
Monthly Domestic Values;1;2025;Hydro Pumped Storage;SI;B10;04/09/2025 15:48;100;24,60236;
Monthly Domestic Values;2;2025;Hydro Pumped Storage;SI;B10;04/09/2025 15:48;100;26,45859;
Monthly Domestic Values;3;2025;Hydro Pumped Storage;SI;B10;04/09/2025 15:48;100;19,37835;
Monthly Domestic Values;4;2025;Hydro Pumped Storage;SI;B10;04/09/2025 15:48;100;28,07605;
Monthly Domestic Values;5;2025;Hydro Pumped Storage;SI;B10;04/09/2025 15:48;100;29,55218;
Monthly Domestic Values;6;2025;Hydro Pumped Storage;SI;B10;04/09/2025 15:48;100;30,30813;
Monthly Domestic Values;1;2025;Hydro Run-of-river and poundage;SI;B11;04/09/2025 15:48;100;317,64671;
Monthly Domestic Values;2;2025;Hydro Run-of-river and poundage;SI;B11;04/09/2025 15:48;100;241,29657;
Monthly Domestic Values;3;2025;Hydro Run-of-river and poundage;SI;B11;04/09/2025 15:48;100;389,05772;
Monthly Domestic Values;4;2025;Hydro Run-of-river and poundage;SI;B11;04/09/2025 15:48;100;391,71181;
Monthly Domestic Values;5;2025;Hydro Run-of-river and poundage;SI;B11;04/09/2025 15:48;100;460,25589;
Monthly Domestic Values;6;2025;Hydro Run-of-river and poundage;SI;B11;04/09/2025 15:48;100;331,78713;
Monthly Domestic Values;1;2025;Nuclear;SI;B14;04/09/2025 15:48;100;522,0679;
Monthly Domestic Values;2;2025;Nuclear;SI;B14;04/09/2025 15:48;100;471,56783;
Monthly Domestic Values;3;2025;Nuclear;SI;B14;04/09/2025 15:48;100;521,65223;
Monthly Domestic Values;4;2025;Nuclear;SI;B14;04/09/2025 15:48;100;503,98826;
Monthly Domestic Values;5;2025;Nuclear;SI;B14;04/09/2025 15:48;100;519,32795;
Monthly Domestic Values;6;2025;Nuclear;SI;B14;04/09/2025 15:48;100;491,55399;
Monthly Domestic Values;1;2025;Solar;SI;B16;04/09/2025 15:48;100;13,29214;
Monthly Domestic Values;2;2025;Solar;SI;B16;04/09/2025 15:48;100;21,19584;
Monthly Domestic Values;3;2025;Solar;SI;B16;04/09/2025 15:48;100;46,35659;
Monthly Domestic Values;4;2025;Solar;SI;B16;04/09/2025 15:48;100;60,74641;
Monthly Domestic Values;5;2025;Solar;SI;B16;04/09/2025 15:48;100;70,52678;
Monthly Domestic Values;6;2025;Solar;SI;B16;04/09/2025 15:48;100;94,07001;
Monthly Domestic Values;1;2025;Waste;SI;B17;04/09/2025 15:48;100;3,2625;
Monthly Domestic Values;2;2025;Waste;SI;B17;04/09/2025 15:48;100;0,26252;
Monthly Domestic Values;3;2025;Waste;SI;B17;04/09/2025 15:48;100;0,40506;
Monthly Domestic Values;4;2025;Waste;SI;B17;04/09/2025 15:48;100;0,40154;
Monthly Domestic Values;5;2025;Waste;SI;B17;04/09/2025 15:48;100;0,33776;
Monthly Domestic Values;6;2025;Waste;SI;B17;04/09/2025 15:48;100;0,35821;
Monthly Domestic Values;1;2025;Wind Onshore;SI;B19;04/09/2025 15:48;100;0,72531;
Monthly Domestic Values;2;2025;Wind Onshore;SI;B19;04/09/2025 15:48;100;0,92287;
Monthly Domestic Values;3;2025;Wind Onshore;SI;B19;04/09/2025 15:48;100;0,73649;
Monthly Domestic Values;4;2025;Wind Onshore;SI;B19;04/09/2025 15:48;100;0,64454;
Monthly Domestic Values;5;2025;Wind Onshore;SI;B19;04/09/2025 15:48;100;0,51987;
Monthly Domestic Values;6;2025;Wind Onshore;SI;B19;04/09/2025 15:48;100;0,55206;
Monthly Domestic Values;1;2025;Biomass;SK;B01;04/09/2025 15:48;100;66,8239;
Monthly Domestic Values;2;2025;Biomass;SK;B01;04/09/2025 15:48;100;55,8093;
Monthly Domestic Values;3;2025;Biomass;SK;B01;04/09/2025 15:48;100;71,455;
Monthly Domestic Values;4;2025;Biomass;SK;B01;04/09/2025 15:48;100;88,9114;
Monthly Domestic Values;5;2025;Biomass;SK;B01;04/09/2025 15:48;100;86,7073;
Monthly Domestic Values;6;2025;Biomass;SK;B01;04/09/2025 15:48;100;67,2932;
Monthly Domestic Values;1;2025;Consumption of Hydro Pumped Storage;SK;(B10);04/09/2025 15:51;100;40,4615;
Monthly Domestic Values;2;2025;Consumption of Hydro Pumped Storage;SK;(B10);04/09/2025 15:51;100;36,6467;
Monthly Domestic Values;3;2025;Consumption of Hydro Pumped Storage;SK;(B10);04/09/2025 15:51;100;49,6162;
Monthly Domestic Values;4;2025;Consumption of Hydro Pumped Storage;SK;(B10);04/09/2025 15:51;100;72,5847;
Monthly Domestic Values;5;2025;Consumption of Hydro Pumped Storage;SK;(B10);04/09/2025 15:51;100;89,9214;
Monthly Domestic Values;6;2025;Consumption of Hydro Pumped Storage;SK;(B10);04/09/2025 15:51;100;95,4683;
Monthly Domestic Values;1;2025;Fossil Brown coal/Lignite;SK;B02;04/09/2025 15:48;100;14,072;
Monthly Domestic Values;2;2025;Fossil Brown coal/Lignite;SK;B02;04/09/2025 15:48;100;13,382;
Monthly Domestic Values;3;2025;Fossil Brown coal/Lignite;SK;B02;04/09/2025 15:48;100;9,3437;
Monthly Domestic Values;4;2025;Fossil Brown coal/Lignite;SK;B02;04/09/2025 15:48;100;3,8691;
Monthly Domestic Values;5;2025;Fossil Brown coal/Lignite;SK;B02;04/09/2025 15:48;100;0;
Monthly Domestic Values;6;2025;Fossil Brown coal/Lignite;SK;B02;04/09/2025 15:48;100;0;
Monthly Domestic Values;1;2025;Fossil Gas;SK;B04;04/09/2025 15:48;100;312,3388;
Monthly Domestic Values;2;2025;Fossil Gas;SK;B04;04/09/2025 15:48;100;278,1704;
Monthly Domestic Values;3;2025;Fossil Gas;SK;B04;04/09/2025 15:48;100;252,4902;
Monthly Domestic Values;4;2025;Fossil Gas;SK;B04;04/09/2025 15:48;100;192,8969;
Monthly Domestic Values;5;2025;Fossil Gas;SK;B04;04/09/2025 15:48;100;145,7727;
Monthly Domestic Values;6;2025;Fossil Gas;SK;B04;04/09/2025 15:48;100;128,3132;
Monthly Domestic Values;1;2025;Fossil Hard coal;SK;B05;04/09/2025 15:48;100;0;
Monthly Domestic Values;2;2025;Fossil Hard coal;SK;B05;04/09/2025 15:48;100;0;
Monthly Domestic Values;3;2025;Fossil Hard coal;SK;B05;04/09/2025 15:48;100;0;
Monthly Domestic Values;4;2025;Fossil Hard coal;SK;B05;04/09/2025 15:48;100;0;
Monthly Domestic Values;5;2025;Fossil Hard coal;SK;B05;04/09/2025 15:48;100;0;
Monthly Domestic Values;6;2025;Fossil Hard coal;SK;B05;04/09/2025 15:48;100;0;
Monthly Domestic Values;1;2025;Fossil Oil;SK;B06;04/09/2025 15:48;100;27,2024;
Monthly Domestic Values;2;2025;Fossil Oil;SK;B06;04/09/2025 15:48;100;28,284;
Monthly Domestic Values;3;2025;Fossil Oil;SK;B06;04/09/2025 15:48;100;31,0984;
Monthly Domestic Values;4;2025;Fossil Oil;SK;B06;04/09/2025 15:48;100;27,7054;
Monthly Domestic Values;5;2025;Fossil Oil;SK;B06;04/09/2025 15:48;100;28,803;
Monthly Domestic Values;6;2025;Fossil Oil;SK;B06;04/09/2025 15:48;100;26,8528;
Monthly Domestic Values;1;2025;Hydro Pumped Storage;SK;B10;04/09/2025 15:48;100;34,6139;
Monthly Domestic Values;2;2025;Hydro Pumped Storage;SK;B10;04/09/2025 15:48;100;29,6736;
Monthly Domestic Values;3;2025;Hydro Pumped Storage;SK;B10;04/09/2025 15:48;100;39,1798;
Monthly Domestic Values;4;2025;Hydro Pumped Storage;SK;B10;04/09/2025 15:48;100;58,378;
Monthly Domestic Values;5;2025;Hydro Pumped Storage;SK;B10;04/09/2025 15:48;100;73,9104;
Monthly Domestic Values;6;2025;Hydro Pumped Storage;SK;B10;04/09/2025 15:48;100;76,5017;
Monthly Domestic Values;1;2025;Hydro Run-of-river and poundage;SK;B11;04/09/2025 15:48;100;267,9022;
Monthly Domestic Values;2;2025;Hydro Run-of-river and poundage;SK;B11;04/09/2025 15:48;100;195,7621;
Monthly Domestic Values;3;2025;Hydro Run-of-river and poundage;SK;B11;04/09/2025 15:48;100;215,1517;
Monthly Domestic Values;4;2025;Hydro Run-of-river and poundage;SK;B11;04/09/2025 15:48;100;203,7734;
Monthly Domestic Values;5;2025;Hydro Run-of-river and poundage;SK;B11;04/09/2025 15:48;100;198,0172;
Monthly Domestic Values;6;2025;Hydro Run-of-river and poundage;SK;B11;04/09/2025 15:48;100;203,8832;
Monthly Domestic Values;1;2025;Hydro Water Reservoir;SK;B12;04/09/2025 15:48;100;16,0147;
Monthly Domestic Values;2;2025;Hydro Water Reservoir;SK;B12;04/09/2025 15:48;100;10,6091;
Monthly Domestic Values;3;2025;Hydro Water Reservoir;SK;B12;04/09/2025 15:48;100;15,1683;
Monthly Domestic Values;4;2025;Hydro Water Reservoir;SK;B12;04/09/2025 15:48;100;18,6179;
Monthly Domestic Values;5;2025;Hydro Water Reservoir;SK;B12;04/09/2025 15:48;100;23,7416;
Monthly Domestic Values;6;2025;Hydro Water Reservoir;SK;B12;04/09/2025 15:48;100;27,12;
Monthly Domestic Values;1;2025;Nuclear;SK;B14;04/09/2025 15:48;100;1830,1756;
Monthly Domestic Values;2;2025;Nuclear;SK;B14;04/09/2025 15:48;100;1651,5737;
Monthly Domestic Values;3;2025;Nuclear;SK;B14;04/09/2025 15:48;100;1619,4289;
Monthly Domestic Values;4;2025;Nuclear;SK;B14;04/09/2025 15:48;100;1392,0771;
Monthly Domestic Values;5;2025;Nuclear;SK;B14;04/09/2025 15:48;100;1499,6433;
Monthly Domestic Values;6;2025;Nuclear;SK;B14;04/09/2025 15:48;100;1598,8131;
Monthly Domestic Values;1;2025;Other;SK;B20;04/09/2025 15:48;100;102,2531;
Monthly Domestic Values;2;2025;Other;SK;B20;04/09/2025 15:48;100;100,1418;
Monthly Domestic Values;3;2025;Other;SK;B20;04/09/2025 15:48;100;97,7753;
Monthly Domestic Values;4;2025;Other;SK;B20;04/09/2025 15:48;100;79,9954;
Monthly Domestic Values;5;2025;Other;SK;B20;04/09/2025 15:48;100;54,0789;
Monthly Domestic Values;6;2025;Other;SK;B20;04/09/2025 15:48;100;40,0439;
Monthly Domestic Values;1;2025;Other renewable;SK;B15;04/09/2025 15:48;100;38,5277;
Monthly Domestic Values;2;2025;Other renewable;SK;B15;04/09/2025 15:48;100;36,4599;
Monthly Domestic Values;3;2025;Other renewable;SK;B15;04/09/2025 15:48;100;41,3924;
Monthly Domestic Values;4;2025;Other renewable;SK;B15;04/09/2025 15:48;100;38,0754;
Monthly Domestic Values;5;2025;Other renewable;SK;B15;04/09/2025 15:48;100;38,4553;
Monthly Domestic Values;6;2025;Other renewable;SK;B15;04/09/2025 15:48;100;38,303;
Monthly Domestic Values;1;2025;Solar;SK;B16;04/09/2025 15:48;100;14,5726;
Monthly Domestic Values;2;2025;Solar;SK;B16;04/09/2025 15:48;100;36,4912;
Monthly Domestic Values;3;2025;Solar;SK;B16;04/09/2025 15:48;100;52,149;
Monthly Domestic Values;4;2025;Solar;SK;B16;04/09/2025 15:48;100;64,2213;
Monthly Domestic Values;5;2025;Solar;SK;B16;04/09/2025 15:48;100;65,11;
Monthly Domestic Values;6;2025;Solar;SK;B16;04/09/2025 15:48;100;82,5166;
Monthly Domestic Values;1;2025;Wind Onshore;SK;B19;04/09/2025 15:48;100;0,377;
Monthly Domestic Values;2;2025;Wind Onshore;SK;B19;04/09/2025 15:48;100;0,3197;
Monthly Domestic Values;3;2025;Wind Onshore;SK;B19;04/09/2025 15:48;100;0,5086;
Monthly Domestic Values;4;2025;Wind Onshore;SK;B19;04/09/2025 15:48;100;0,4176;
Monthly Domestic Values;5;2025;Wind Onshore;SK;B19;04/09/2025 15:48;100;0,2218;
Monthly Domestic Values;6;2025;Wind Onshore;SK;B19;04/09/2025 15:48;100;0,2677;
Monthly Domestic Values;1;2025;Fossil Brown coal/Lignite;XK;B02;04/09/2025 15:48;100;523,35152;
Monthly Domestic Values;2;2025;Fossil Brown coal/Lignite;XK;B02;04/09/2025 15:48;100;456,01982;
Monthly Domestic Values;3;2025;Fossil Brown coal/Lignite;XK;B02;04/09/2025 15:48;100;464,40931;
Monthly Domestic Values;4;2025;Fossil Brown coal/Lignite;XK;B02;04/09/2025 15:48;100;290,96798;
Monthly Domestic Values;5;2025;Fossil Brown coal/Lignite;XK;B02;04/09/2025 15:48;100;298,75803;
Monthly Domestic Values;6;2025;Fossil Brown coal/Lignite;XK;B02;04/09/2025 15:48;100;288,85018;