MeasureItem	Month	Year	Category	Area	MeasureItemID	CreationDate	Representativity	ProvidedValue	ProvidedValueCode
Monthly Domestic Values	1	2024	Biomass	AT	B01	2025-03-03 12:12:11	100	120.9070000	
Monthly Domestic Values	2	2024	Biomass	AT	B01	2025-03-03 12:12:11	100	132.0380000	
Monthly Domestic Values	3	2024	Biomass	AT	B01	2025-03-03 12:12:11	100	172.9660000	
Monthly Domestic Values	4	2024	Biomass	AT	B01	2025-03-03 12:12:11	100	194.5580000	
Monthly Domestic Values	5	2024	Biomass	AT	B01	2025-03-03 12:12:11	100	189.6200000	
Monthly Domestic Values	6	2024	Biomass	AT	B01	2025-03-03 12:12:11	100	131.8390000	
Monthly Domestic Values	7	2024	Biomass	AT	B01	2025-03-03 12:12:11	100	117.0580000	
Monthly Domestic Values	8	2024	Biomass	AT	B01	2025-03-03 12:12:11	100	106.6590000	
Monthly Domestic Values	9	2024	Biomass	AT	B01	2025-03-03 12:12:11	100	160.1540000	
Monthly Domestic Values	10	2024	Biomass	AT	B01	2025-03-03 12:12:11	100	189.6490000	
Monthly Domestic Values	11	2024	Biomass	AT	B01	2025-03-03 12:12:11	100	206.3080000	
Monthly Domestic Values	12	2024	Biomass	AT	B01	2025-03-03 12:12:11	100	211.7230000	
Monthly Domestic Values	1	2024	Consumption of Hydro Pumped Storage	AT	(B10)	2025-03-03 12:19:25	100	204.2097000	
Monthly Domestic Values	2	2024	Consumption of Hydro Pumped Storage	AT	(B10)	2025-03-03 12:19:25	100	111.1274000	
Monthly Domestic Values	3	2024	Consumption of Hydro Pumped Storage	AT	(B10)	2025-03-03 12:19:25	100	124.5871000	
Monthly Domestic Values	4	2024	Consumption of Hydro Pumped Storage	AT	(B10)	2025-03-03 12:19:25	100	169.5704000	
Monthly Domestic Values	5	2024	Consumption of Hydro Pumped Storage	AT	(B10)	2025-03-03 12:19:25	100	205.3995000	
Monthly Domestic Values	6	2024	Consumption of Hydro Pumped Storage	AT	(B10)	2025-03-03 12:19:25	100	311.3645000	
Monthly Domestic Values	7	2024	Consumption of Hydro Pumped Storage	AT	(B10)	2025-03-03 12:19:25	100	241.6884000	
Monthly Domestic Values	8	2024	Consumption of Hydro Pumped Storage	AT	(B10)	2025-03-03 12:19:25	100	250.6774000	
Monthly Domestic Values	9	2024	Consumption of Hydro Pumped Storage	AT	(B10)	2025-03-03 12:19:25	100	207.8594000	
Monthly Domestic Values	10	2024	Consumption of Hydro Pumped Storage	AT	(B10)	2025-03-03 12:19:25	100	101.8309000	
Monthly Domestic Values	11	2024	Consumption of Hydro Pumped Storage	AT	(B10)	2025-03-03 12:19:25	100	185.4193000	
Monthly Domestic Values	12	2024	Consumption of Hydro Pumped Storage	AT	(B10)	2025-03-03 12:19:25	100	210.3891000	
Monthly Domestic Values	1	2024	Fossil Gas	AT	B04	2025-03-03 12:12:11	100	1208.7151000	
Monthly Domestic Values	2	2024	Fossil Gas	AT	B04	2025-03-03 12:12:11	100	641.9592000	
Monthly Domestic Values	3	2024	Fossil Gas	AT	B04	2025-03-03 12:12:11	100	492.9559000	
Monthly Domestic Values	4	2024	Fossil Gas	AT	B04	2025-03-03 12:12:11	100	205.9168000	
Monthly Domestic Values	5	2024	Fossil Gas	AT	B04	2025-03-03 12:12:11	100	11.8061000	
Monthly Domestic Values	6	2024	Fossil Gas	AT	B04	2025-03-03 12:12:11	100	36.8992000	
Monthly Domestic Values	7	2024	Fossil Gas	AT	B04	2025-03-03 12:12:11	100	16.4726000	
Monthly Domestic Values	8	2024	Fossil Gas	AT	B04	2025-03-03 12:12:11	100	79.1548000	
Monthly Domestic Values	9	2024	Fossil Gas	AT	B04	2025-03-03 12:12:11	100	88.8415000	
Monthly Domestic Values	10	2024	Fossil Gas	AT	B04	2025-03-03 12:12:11	100	403.4815000	
Monthly Domestic Values	11	2024	Fossil Gas	AT	B04	2025-03-03 12:12:11	100	1485.5574000	
Monthly Domestic Values	12	2024	Fossil Gas	AT	B04	2025-03-03 12:12:11	100	1477.8705000	
Monthly Domestic Values	1	2024	Fossil Hard coal	AT	B05	2025-03-03 12:12:11	100	0.0000000	
Monthly Domestic Values	2	2024	Fossil Hard coal	AT	B05	2025-03-03 12:12:11	100	0.0000000	
Monthly Domestic Values	3	2024	Fossil Hard coal	AT	B05	2025-03-03 12:12:11	100	0.0000000	
Monthly Domestic Values	4	2024	Fossil Hard coal	AT	B05	2025-03-03 12:12:11	100	0.0000000	
Monthly Domestic Values	5	2024	Fossil Hard coal	AT	B05	2025-03-03 12:12:11	100	0.0000000	
Monthly Domestic Values	6	2024	Fossil Hard coal	AT	B05	2025-03-03 12:12:11	100	0.0000000	
Monthly Domestic Values	7	2024	Fossil Hard coal	AT	B05	2025-03-03 12:12:11	100	0.0000000	
Monthly Domestic Values	8	2024	Fossil Hard coal	AT	B05	2025-03-03 12:12:11	100	0.0000000	
Monthly Domestic Values	9	2024	Fossil Hard coal	AT	B05	2025-03-03 12:12:11	100	0.0000000	
Monthly Domestic Values	10	2024	Fossil Hard coal	AT	B05	2025-03-03 12:12:11	100	0.0000000	
Monthly Domestic Values	11	2024	Fossil Hard coal	AT	B05	2025-03-03 12:12:11	100	0.0000000	
Monthly Domestic Values	12	2024	Fossil Hard coal	AT	B05	2025-03-03 12:12:11	100	0.0000000	
Monthly Domestic Values	1	2024	Fossil Oil	AT	B06	2025-03-03 12:12:11	100	0.0000000	
Monthly Domestic Values	2	2024	Fossil Oil	AT	B06	2025-03-03 12:12:11	100	0.0000000	
Monthly Domestic Values	3	2024	Fossil Oil	AT	B06	2025-03-03 12:12:11	100	0.0000000	
Monthly Domestic Values	4	2024	Fossil Oil	AT	B06	2025-03-03 12:12:11	100	0.0000000	
Monthly Domestic Values	5	2024	Fossil Oil	AT	B06	2025-03-03 12:12:11	100	0.0000000	
Monthly Domestic Values	6	2024	Fossil Oil	AT	B06	2025-03-03 12:12:11	100	0.0000000	
Monthly Domestic Values	7	2024	Fossil Oil	AT	B06	2025-03-03 12:12:11	100	0.0000000	
Monthly Domestic Values	8	2024	Fossil Oil	AT	B06	2025-03-03 12:12:11	100	0.0000000	
Monthly Domestic Values	9	2024	Fossil Oil	AT	B06	2025-03-03 12:12:11	100	0.0000000	
Monthly Domestic Values	10	2024	Fossil Oil	AT	B06	2025-03-03 12:12:11	100	0.0000000	
Monthly Domestic Values	11	2024	Fossil Oil	AT	B06	2025-03-03 12:12:11	100	0.0000000	
Monthly Domestic Values	12	2024	Fossil Oil	AT	B06	2025-03-03 12:12:11	100	0.0000000	
Monthly Domestic Values	1	2024	Geothermal	AT	B09	2025-03-03 12:12:11	100	0.0520800	
Monthly Domestic Values	2	2024	Geothermal	AT	B09	2025-03-03 12:12:11	100	0.0487200	
Monthly Domestic Values	3	2024	Geothermal	AT	B09	2025-03-03 12:12:11	100	0.0520800	
Monthly Domestic Values	4	2024	Geothermal	AT	B09	2025-03-03 12:12:11	100	0.0504000	
Monthly Domestic Values	5	2024	Geothermal	AT	B09	2025-03-03 12:12:11	100	0.0520800	
Monthly Domestic Values	6	2024	Geothermal	AT	B09	2025-03-03 12:12:11	100	0.0504000	
Monthly Domestic Values	7	2024	Geothermal	AT	B09	2025-03-03 12:12:11	100	0.0520800	
Monthly Domestic Values	8	2024	Geothermal	AT	B09	2025-03-03 12:12:11	100	0.0520800	
Monthly Domestic Values	9	2024	Geothermal	AT	B09	2025-03-03 12:12:11	100	0.0504000	
Monthly Domestic Values	10	2024	Geothermal	AT	B09	2025-03-03 12:12:11	100	0.0520800	
Monthly Domestic Values	11	2024	Geothermal	AT	B09	2025-03-03 12:12:11	100	0.0504000	
Monthly Domestic Values	12	2024	Geothermal	AT	B09	2025-03-03 12:12:11	100	0.0520800	
Monthly Domestic Values	1	2024	Hydro Pumped Storage	AT	B10	2025-03-03 12:12:11	100	510.4165000	
Monthly Domestic Values	2	2024	Hydro Pumped Storage	AT	B10	2025-03-03 12:12:11	100	388.2153000	
Monthly Domestic Values	3	2024	Hydro Pumped Storage	AT	B10	2025-03-03 12:12:11	100	424.0680000	
Monthly Domestic Values	4	2024	Hydro Pumped Storage	AT	B10	2025-03-03 12:12:11	100	377.0904000	
Monthly Domestic Values	5	2024	Hydro Pumped Storage	AT	B10	2025-03-03 12:12:11	100	404.2146000	
Monthly Domestic Values	6	2024	Hydro Pumped Storage	AT	B10	2025-03-03 12:12:11	100	450.3837000	
Monthly Domestic Values	7	2024	Hydro Pumped Storage	AT	B10	2025-03-03 12:12:11	100	526.4795000	
Monthly Domestic Values	8	2024	Hydro Pumped Storage	AT	B10	2025-03-03 12:12:11	100	434.4876000	
Monthly Domestic Values	9	2024	Hydro Pumped Storage	AT	B10	2025-03-03 12:12:11	100	388.7288000	
Monthly Domestic Values	10	2024	Hydro Pumped Storage	AT	B10	2025-03-03 12:12:11	100	597.3920000	
Monthly Domestic Values	11	2024	Hydro Pumped Storage	AT	B10	2025-03-03 12:12:11	100	362.0163000	
Monthly Domestic Values	12	2024	Hydro Pumped Storage	AT	B10	2025-03-03 12:12:11	100	448.6956000	
Monthly Domestic Values	1	2024	Hydro Run-of-river and poundage	AT	B11	2025-03-03 12:12:11	100	2708.7646000	
Monthly Domestic Values	2	2024	Hydro Run-of-river and poundage	AT	B11	2025-03-03 12:12:11	100	2464.0145000	
Monthly Domestic Values	3	2024	Hydro Run-of-river and poundage	AT	B11	2025-03-03 12:12:11	100	2273.2998000	
Monthly Domestic Values	4	2024	Hydro Run-of-river and poundage	AT	B11	2025-03-03 12:12:11	100	2880.8745000	
Monthly Domestic Values	5	2024	Hydro Run-of-river and poundage	AT	B11	2025-03-03 12:12:11	100	3360.4057000	
Monthly Domestic Values	6	2024	Hydro Run-of-river and poundage	AT	B11	2025-03-03 12:12:11	100	3339.2968000	
Monthly Domestic Values	7	2024	Hydro Run-of-river and poundage	AT	B11	2025-03-03 12:12:11	100	3148.2637000	
Monthly Domestic Values	8	2024	Hydro Run-of-river and poundage	AT	B11	2025-03-03 12:12:11	100	2370.9943000	
Monthly Domestic Values	9	2024	Hydro Run-of-river and poundage	AT	B11	2025-03-03 12:12:11	100	2674.9978000	
Monthly Domestic Values	10	2024	Hydro Run-of-river and poundage	AT	B11	2025-03-03 12:12:11	100	3249.9892000	
Monthly Domestic Values	11	2024	Hydro Run-of-river and poundage	AT	B11	2025-03-03 12:12:11	100	1771.0270000	
Monthly Domestic Values	12	2024	Hydro Run-of-river and poundage	AT	B11	2025-03-03 12:12:11	100	1605.8960000	
Monthly Domestic Values	1	2024	Hydro Water Reservoir	AT	B12	2025-03-03 12:12:11	100	437.7750000	
Monthly Domestic Values	2	2024	Hydro Water Reservoir	AT	B12	2025-03-03 12:12:11	100	282.0415000	
Monthly Domestic Values	3	2024	Hydro Water Reservoir	AT	B12	2025-03-03 12:12:11	100	262.3806000	
Monthly Domestic Values	4	2024	Hydro Water Reservoir	AT	B12	2025-03-03 12:12:11	100	310.5908000	
Monthly Domestic Values	5	2024	Hydro Water Reservoir	AT	B12	2025-03-03 12:12:11	100	442.7440000	
Monthly Domestic Values	6	2024	Hydro Water Reservoir	AT	B12	2025-03-03 12:12:11	100	550.4111000	
Monthly Domestic Values	7	2024	Hydro Water Reservoir	AT	B12	2025-03-03 12:12:11	100	564.2835000	
Monthly Domestic Values	8	2024	Hydro Water Reservoir	AT	B12	2025-03-03 12:12:11	100	457.8895000	
Monthly Domestic Values	9	2024	Hydro Water Reservoir	AT	B12	2025-03-03 12:12:11	100	390.7156000	
Monthly Domestic Values	10	2024	Hydro Water Reservoir	AT	B12	2025-03-03 12:12:11	100	452.3248000	
Monthly Domestic Values	11	2024	Hydro Water Reservoir	AT	B12	2025-03-03 12:12:11	100	239.4835000	
Monthly Domestic Values	12	2024	Hydro Water Reservoir	AT	B12	2025-03-03 12:12:11	100	222.9809000	
Monthly Domestic Values	1	2024	Other	AT	B20	2025-03-03 12:12:11	100	16.3680000	
Monthly Domestic Values	2	2024	Other	AT	B20	2025-03-03 12:12:11	100	15.3120000	
Monthly Domestic Values	3	2024	Other	AT	B20	2025-03-03 12:12:11	100	16.3680000	
Monthly Domestic Values	4	2024	Other	AT	B20	2025-03-03 12:12:11	100	15.8400000	
Monthly Domestic Values	5	2024	Other	AT	B20	2025-03-03 12:12:11	100	16.3680000	
Monthly Domestic Values	6	2024	Other	AT	B20	2025-03-03 12:12:11	100	15.8400000	
Monthly Domestic Values	7	2024	Other	AT	B20	2025-03-03 12:12:11	100	16.3680000	
Monthly Domestic Values	8	2024	Other	AT	B20	2025-03-03 12:12:11	100	16.3680000	
Monthly Domestic Values	9	2024	Other	AT	B20	2025-03-03 12:12:11	100	15.8400000	
Monthly Domestic Values	10	2024	Other	AT	B20	2025-03-03 12:12:11	100	16.3680000	
Monthly Domestic Values	11	2024	Other	AT	B20	2025-03-03 12:12:11	100	15.8400000	
Monthly Domestic Values	12	2024	Other	AT	B20	2025-03-03 12:12:11	100	16.3680000	
Monthly Domestic Values	1	2024	Other renewable	AT	B15	2025-03-03 12:12:11	100	0.0000000	
Monthly Domestic Values	2	2024	Other renewable	AT	B15	2025-03-03 12:12:11	100	0.0000000	
Monthly Domestic Values	3	2024	Other renewable	AT	B15	2025-03-03 12:12:11	100	0.0000000	
Monthly Domestic Values	4	2024	Other renewable	AT	B15	2025-03-03 12:12:11	100	0.0000000	
Monthly Domestic Values	5	2024	Other renewable	AT	B15	2025-03-03 12:12:11	100	0.0000000	
Monthly Domestic Values	6	2024	Other renewable	AT	B15	2025-03-03 12:12:11	100	0.0000000	
Monthly Domestic Values	7	2024	Other renewable	AT	B15	2025-03-03 12:12:11	100	0.0000000	
Monthly Domestic Values	8	2024	Other renewable	AT	B15	2025-03-03 12:12:11	100	0.0000000	
Monthly Domestic Values	9	2024	Other renewable	AT	B15	2025-03-03 12:12:11	100	0.0000000	
Monthly Domestic Values	10	2024	Other renewable	AT	B15	2025-03-03 12:12:11	100	0.0000000	
Monthly Domestic Values	11	2024	Other renewable	AT	B15	2025-03-03 12:12:11	100	0.0000000	
Monthly Domestic Values	12	2024	Other renewable	AT	B15	2025-03-03 12:12:11	100	0.0000000	
Monthly Domestic Values	1	2024	Solar	AT	B16	2025-03-03 12:12:11	100	118.8730000	
Monthly Domestic Values	2	2024	Solar	AT	B16	2025-03-03 12:12:11	100	194.0760000	
Monthly Domestic Values	3	2024	Solar	AT	B16	2025-03-03 12:12:11	100	417.6860000	
Monthly Domestic Values	4	2024	Solar	AT	B16	2025-03-03 12:12:11	100	652.6090000	
Monthly Domestic Values	5	2024	Solar	AT	B16	2025-03-03 12:12:11	100	820.7510000	
Monthly Domestic Values	6	2024	Solar	AT	B16	2025-03-03 12:12:11	100	826.0910000	
Monthly Domestic Values	7	2024	Solar	AT	B16	2025-03-03 12:12:11	100	855.7990000	
Monthly Domestic Values	8	2024	Solar	AT	B16	2025-03-03 12:12:11	100	804.8680000	
Monthly Domestic Values	9	2024	Solar	AT	B16	2025-03-03 12:12:11	100	491.2270000	
Monthly Domestic Values	10	2024	Solar	AT	B16	2025-03-03 12:12:11	100	296.6780000	
Monthly Domestic Values	11	2024	Solar	AT	B16	2025-03-03 12:12:11	100	210.8900000	
Monthly Domestic Values	12	2024	Solar	AT	B16	2025-03-03 12:12:11	100	163.0230000	
Monthly Domestic Values	1	2024	Waste	AT	B17	2025-03-03 12:12:11	100	74.4000000	
Monthly Domestic Values	2	2024	Waste	AT	B17	2025-03-03 12:12:11	100	69.6000000	
Monthly Domestic Values	3	2024	Waste	AT	B17	2025-03-03 12:12:11	100	74.4000000	
Monthly Domestic Values	4	2024	Waste	AT	B17	2025-03-03 12:12:11	100	72.0000000	
Monthly Domestic Values	5	2024	Waste	AT	B17	2025-03-03 12:12:11	100	74.4000000	
Monthly Domestic Values	6	2024	Waste	AT	B17	2025-03-03 12:12:11	100	72.0000000	
Monthly Domestic Values	7	2024	Waste	AT	B17	2025-03-03 12:12:11	100	74.4000000	
Monthly Domestic Values	8	2024	Waste	AT	B17	2025-03-03 12:12:11	100	74.4000000	
Monthly Domestic Values	9	2024	Waste	AT	B17	2025-03-03 12:12:11	100	72.0000000	
Monthly Domestic Values	10	2024	Waste	AT	B17	2025-03-03 12:12:11	100	74.4000000	
Monthly Domestic Values	11	2024	Waste	AT	B17	2025-03-03 12:12:11	100	72.0000000	
Monthly Domestic Values	12	2024	Waste	AT	B17	2025-03-03 12:12:11	100	74.4000000	
Monthly Domestic Values	1	2024	Wind Onshore	AT	B19	2025-03-03 12:12:11	100	1154.6560000	
Monthly Domestic Values	2	2024	Wind Onshore	AT	B19	2025-03-03 12:12:11	100	998.4260000	
Monthly Domestic Values	3	2024	Wind Onshore	AT	B19	2025-03-03 12:12:11	100	1075.9030000	
Monthly Domestic Values	4	2024	Wind Onshore	AT	B19	2025-03-03 12:12:11	100	925.9640000	
Monthly Domestic Values	5	2024	Wind Onshore	AT	B19	2025-03-03 12:12:11	100	574.6240000	
Monthly Domestic Values	6	2024	Wind Onshore	AT	B19	2025-03-03 12:12:11	100	447.4650000	
Monthly Domestic Values	7	2024	Wind Onshore	AT	B19	2025-03-03 12:12:11	100	520.8830000	
Monthly Domestic Values	8	2024	Wind Onshore	AT	B19	2025-03-03 12:12:11	100	417.0710000	
Monthly Domestic Values	9	2024	Wind Onshore	AT	B19	2025-03-03 12:12:11	100	804.4410000	
Monthly Domestic Values	10	2024	Wind Onshore	AT	B19	2025-03-03 12:12:11	100	762.0370000	
Monthly Domestic Values	11	2024	Wind Onshore	AT	B19	2025-03-03 12:12:11	100	735.6830000	
Monthly Domestic Values	12	2024	Wind Onshore	AT	B19	2025-03-03 12:12:11	100	948.0910000	
Monthly Domestic Values	1	2024	Fossil Brown coal/Lignite	BA	B02	2025-03-03 12:12:11	100	819.8297100	
Monthly Domestic Values	2	2024	Fossil Brown coal/Lignite	BA	B02	2025-03-03 12:12:11	100	698.0586100	
Monthly Domestic Values	3	2024	Fossil Brown coal/Lignite	BA	B02	2025-03-03 12:12:11	100	602.7614400	
Monthly Domestic Values	4	2024	Fossil Brown coal/Lignite	BA	B02	2025-03-03 12:12:11	100	545.7894300	
Monthly Domestic Values	5	2024	Fossil Brown coal/Lignite	BA	B02	2025-03-03 12:12:11	100	524.2433900	
Monthly Domestic Values	7	2024	Fossil Brown coal/Lignite	BA	B02	2025-03-03 12:12:11	100	574.6772500	
Monthly Domestic Values	8	2024	Fossil Brown coal/Lignite	BA	B02	2025-03-03 12:12:11	100	607.6238300	
Monthly Domestic Values	9	2024	Fossil Brown coal/Lignite	BA	B02	2025-03-03 12:12:11	100	635.9515800	
Monthly Domestic Values	10	2024	Fossil Brown coal/Lignite	BA	B02	2025-03-03 12:12:11	100	552.5243600	
Monthly Domestic Values	11	2024	Fossil Brown coal/Lignite	BA	B02	2025-03-03 12:12:11	100	665.4012300	
Monthly Domestic Values	12	2024	Fossil Brown coal/Lignite	BA	B02	2025-03-03 12:12:11	100	893.7965400	
Monthly Domestic Values	1	2024	Hydro Pumped Storage	BA	B10	2025-03-03 12:12:11	100	5.0204600	
Monthly Domestic Values	2	2024	Hydro Pumped Storage	BA	B10	2025-03-03 12:12:11	100	16.4829300	
Monthly Domestic Values	3	2024	Hydro Pumped Storage	BA	B10	2025-03-03 12:12:11	100	10.1824700	
Monthly Domestic Values	4	2024	Hydro Pumped Storage	BA	B10	2025-03-03 12:12:11	100	4.5768900	
Monthly Domestic Values	5	2024	Hydro Pumped Storage	BA	B10	2025-03-03 12:12:11	100	5.2057400	
Monthly Domestic Values	7	2024	Hydro Pumped Storage	BA	B10	2025-03-03 12:12:11	100	35.8011100	
Monthly Domestic Values	8	2024	Hydro Pumped Storage	BA	B10	2025-03-03 12:12:11	100	4.2808300	
Monthly Domestic Values	9	2024	Hydro Pumped Storage	BA	B10	2025-03-03 12:12:11	100	11.7575800	
Monthly Domestic Values	10	2024	Hydro Pumped Storage	BA	B10	2025-03-03 12:12:11	100	13.2651800	
Monthly Domestic Values	11	2024	Hydro Pumped Storage	BA	B10	2025-03-03 12:12:11	100	14.0928700	
Monthly Domestic Values	12	2024	Hydro Pumped Storage	BA	B10	2025-03-03 12:12:11	100	38.1414800	
Monthly Domestic Values	1	2024	Hydro Run-of-river and poundage	BA	B11	2025-03-03 12:12:11	100	66.8172400	
Monthly Domestic Values	2	2024	Hydro Run-of-river and poundage	BA	B11	2025-03-03 12:12:11	100	62.8718300	
Monthly Domestic Values	3	2024	Hydro Run-of-river and poundage	BA	B11	2025-03-03 12:12:11	100	75.0764800	
Monthly Domestic Values	4	2024	Hydro Run-of-river and poundage	BA	B11	2025-03-03 12:12:11	100	50.0800500	
Monthly Domestic Values	5	2024	Hydro Run-of-river and poundage	BA	B11	2025-03-03 12:12:11	100	27.9084200	
Monthly Domestic Values	7	2024	Hydro Run-of-river and poundage	BA	B11	2025-03-03 12:12:11	100	17.3600000	
Monthly Domestic Values	8	2024	Hydro Run-of-river and poundage	BA	B11	2025-03-03 12:12:11	100	15.1722200	
Monthly Domestic Values	9	2024	Hydro Run-of-river and poundage	BA	B11	2025-03-03 12:12:11	100	22.3986200	
Monthly Domestic Values	10	2024	Hydro Run-of-river and poundage	BA	B11	2025-03-03 12:12:11	100	43.5937700	
Monthly Domestic Values	11	2024	Hydro Run-of-river and poundage	BA	B11	2025-03-03 12:12:11	100	32.9933300	
Monthly Domestic Values	12	2024	Hydro Run-of-river and poundage	BA	B11	2025-03-03 12:12:11	100	49.8620400	
Monthly Domestic Values	1	2024	Hydro Water Reservoir	BA	B12	2025-03-03 12:12:11	100	444.4590900	
Monthly Domestic Values	2	2024	Hydro Water Reservoir	BA	B12	2025-03-03 12:12:11	100	378.6281900	
Monthly Domestic Values	3	2024	Hydro Water Reservoir	BA	B12	2025-03-03 12:12:11	100	452.0151600	
Monthly Domestic Values	4	2024	Hydro Water Reservoir	BA	B12	2025-03-03 12:12:11	100	248.5459600	
Monthly Domestic Values	5	2024	Hydro Water Reservoir	BA	B12	2025-03-03 12:12:11	100	172.1487800	
Monthly Domestic Values	7	2024	Hydro Water Reservoir	BA	B12	2025-03-03 12:12:11	100	198.7791100	
Monthly Domestic Values	8	2024	Hydro Water Reservoir	BA	B12	2025-03-03 12:12:11	100	175.0951100	
Monthly Domestic Values	9	2024	Hydro Water Reservoir	BA	B12	2025-03-03 12:12:11	100	134.7102100	
Monthly Domestic Values	10	2024	Hydro Water Reservoir	BA	B12	2025-03-03 12:12:11	100	290.4371400	
Monthly Domestic Values	11	2024	Hydro Water Reservoir	BA	B12	2025-03-03 12:12:11	100	260.2017800	
Monthly Domestic Values	12	2024	Hydro Water Reservoir	BA	B12	2025-03-03 12:12:11	100	379.5329000	
Monthly Domestic Values	1	2024	Other renewable	BA	B15	2025-03-03 12:12:11	100	0.0000000	
Monthly Domestic Values	2	2024	Other renewable	BA	B15	2025-03-03 12:12:11	100	0.0000000	
Monthly Domestic Values	3	2024	Other renewable	BA	B15	2025-03-03 12:12:11	100	0.0000000	
Monthly Domestic Values	4	2024	Other renewable	BA	B15	2025-03-03 12:12:11	100	0.0000000	
Monthly Domestic Values	5	2024	Other renewable	BA	B15	2025-03-03 12:12:11	100	0.0000000	
Monthly Domestic Values	7	2024	Other renewable	BA	B15	2025-03-03 12:12:11	100	0.0000000	
Monthly Domestic Values	8	2024	Other renewable	BA	B15	2025-03-03 12:12:11	100	0.0000000	
Monthly Domestic Values	9	2024	Other renewable	BA	B15	2025-03-03 12:12:11	100	0.0000000	
Monthly Domestic Values	10	2024	Other renewable	BA	B15	2025-03-03 12:12:11	100	0.0000000	
Monthly Domestic Values	11	2024	Other renewable	BA	B15	2025-03-03 12:12:11	100	0.0000000	
Monthly Domestic Values	12	2024	Other renewable	BA	B15	2025-03-03 12:12:11	100	0.0000000	
Monthly Domestic Values	1	2024	Solar	BA	B16	2025-03-03 12:12:11	100	3.1721500	
Monthly Domestic Values	2	2024	Solar	BA	B16	2025-03-03 12:12:11	100	3.3635400	
Monthly Domestic Values	3	2024	Solar	BA	B16	2025-03-03 12:12:11	100	4.3777400	
Monthly Domestic Values	4	2024	Solar	BA	B16	2025-03-03 12:12:11	100	6.5194700	
Monthly Domestic Values	5	2024	Solar	BA	B16	2025-03-03 12:12:11	100	5.4567300	
Monthly Domestic Values	7	2024	Solar	BA	B16	2025-03-03 12:12:11	100	8.5115200	
Monthly Domestic Values	8	2024	Solar	BA	B16	2025-03-03 12:12:11	100	10.6815300	
Monthly Domestic Values	9	2024	Solar	BA	B16	2025-03-03 12:12:11	100	9.6659100	
Monthly Domestic Values	10	2024	Solar	BA	B16	2025-03-03 12:12:11	100	9.2180900	
Monthly Domestic Values	11	2024	Solar	BA	B16	2025-03-03 12:12:11	100	6.0987000	
Monthly Domestic Values	12	2024	Solar	BA	B16	2025-03-03 12:12:11	100	4.7480700	
Monthly Domestic Values	1	2024	Wind Onshore	BA	B19	2025-03-03 12:12:11	100	20.0100400	
Monthly Domestic Values	2	2024	Wind Onshore	BA	B19	2025-03-03 12:12:11	100	16.5695600	
Monthly Domestic Values	3	2024	Wind Onshore	BA	B19	2025-03-03 12:12:11	100	15.0299600	
Monthly Domestic Values	4	2024	Wind Onshore	BA	B19	2025-03-03 12:12:11	100	11.6447000	
Monthly Domestic Values	5	2024	Wind Onshore	BA	B19	2025-03-03 12:12:11	100	7.5039500	
Monthly Domestic Values	7	2024	Wind Onshore	BA	B19	2025-03-03 12:12:11	100	5.8627200	
Monthly Domestic Values	8	2024	Wind Onshore	BA	B19	2025-03-03 12:12:11	100	6.6934000	
Monthly Domestic Values	9	2024	Wind Onshore	BA	B19	2025-03-03 12:12:11	100	9.8490900	
Monthly Domestic Values	10	2024	Wind Onshore	BA	B19	2025-03-03 12:12:11	100	6.1586700	
Monthly Domestic Values	11	2024	Wind Onshore	BA	B19	2025-03-03 12:12:11	100	12.4673800	
Monthly Domestic Values	12	2024	Wind Onshore	BA	B19	2025-03-03 12:12:11	100	19.4807200	
Monthly Domestic Values	1	2024	Biomass	BE	B01	2025-03-03 12:12:11	100	53.7583800	
Monthly Domestic Values	2	2024	Biomass	BE	B01	2025-03-03 12:12:11	100	55.1908100	
Monthly Domestic Values	3	2024	Biomass	BE	B01	2025-03-03 12:12:11	100	78.0748400	
Monthly Domestic Values	4	2024	Biomass	BE	B01	2025-03-03 12:12:11	100	62.8912900	
Monthly Domestic Values	5	2024	Biomass	BE	B01	2025-03-03 12:12:11	100	56.8729600	
Monthly Domestic Values	6	2024	Biomass	BE	B01	2025-03-03 12:12:11	100	54.7784500	
Monthly Domestic Values	7	2024	Biomass	BE	B01	2025-03-03 12:12:11	100	58.3189200	
Monthly Domestic Values	8	2024	Biomass	BE	B01	2025-03-03 12:12:11	100	56.6723500	
Monthly Domestic Values	9	2024	Biomass	BE	B01	2025-03-03 12:12:11	100	73.8327000	
Monthly Domestic Values	10	2024	Biomass	BE	B01	2025-03-03 12:12:11	100	59.8717700	
Monthly Domestic Values	11	2024	Biomass	BE	B01	2025-03-03 12:12:11	100	65.0508100	
Monthly Domestic Values	12	2024	Biomass	BE	B01	2025-03-03 12:12:11	100	63.4676200	
Monthly Domestic Values	1	2024	Consumption of Hydro Pumped Storage	BE	(B10)	2025-03-03 12:19:25	100	130.6453600	
Monthly Domestic Values	2	2024	Consumption of Hydro Pumped Storage	BE	(B10)	2025-03-03 12:19:25	100	102.7282500	
Monthly Domestic Values	3	2024	Consumption of Hydro Pumped Storage	BE	(B10)	2025-03-03 12:19:25	100	148.9152800	
Monthly Domestic Values	4	2024	Consumption of Hydro Pumped Storage	BE	(B10)	2025-03-03 12:19:25	100	169.0393300	
Monthly Domestic Values	5	2024	Consumption of Hydro Pumped Storage	BE	(B10)	2025-03-03 12:19:25	100	110.0291100	
Monthly Domestic Values	6	2024	Consumption of Hydro Pumped Storage	BE	(B10)	2025-03-03 12:19:25	100	86.1832300	
Monthly Domestic Values	7	2024	Consumption of Hydro Pumped Storage	BE	(B10)	2025-03-03 12:19:25	100	112.8445100	
Monthly Domestic Values	8	2024	Consumption of Hydro Pumped Storage	BE	(B10)	2025-03-03 12:19:25	100	123.3374000	
Monthly Domestic Values	9	2024	Consumption of Hydro Pumped Storage	BE	(B10)	2025-03-03 12:19:25	100	114.2371700	
Monthly Domestic Values	10	2024	Consumption of Hydro Pumped Storage	BE	(B10)	2025-03-03 12:19:25	100	127.0705600	
Monthly Domestic Values	11	2024	Consumption of Hydro Pumped Storage	BE	(B10)	2025-03-03 12:19:25	100	89.2370100	
Monthly Domestic Values	12	2024	Consumption of Hydro Pumped Storage	BE	(B10)	2025-03-03 12:19:25	100	98.7813700	
Monthly Domestic Values	1	2024	Consumption of Wind Offshore	BE	(B18)	2025-03-03 12:19:25	100	0.4116700	
Monthly Domestic Values	2	2024	Consumption of Wind Offshore	BE	(B18)	2025-03-03 12:19:25	100	0.2544800	
Monthly Domestic Values	3	2024	Consumption of Wind Offshore	BE	(B18)	2025-03-03 12:19:25	100	2.4134900	
Monthly Domestic Values	4	2024	Consumption of Wind Offshore	BE	(B18)	2025-03-03 12:19:25	100	0.8795500	
Monthly Domestic Values	5	2024	Consumption of Wind Offshore	BE	(B18)	2025-03-03 12:19:25	100	3.6803100	
Monthly Domestic Values	6	2024	Consumption of Wind Offshore	BE	(B18)	2025-03-03 12:19:25	100	2.5783400	
Monthly Domestic Values	7	2024	Consumption of Wind Offshore	BE	(B18)	2025-03-03 12:19:25	100	2.7503000	
Monthly Domestic Values	8	2024	Consumption of Wind Offshore	BE	(B18)	2025-03-03 12:19:25	100	3.8696500	
Monthly Domestic Values	9	2024	Consumption of Wind Offshore	BE	(B18)	2025-03-03 12:19:25	100	0.8149600	
Monthly Domestic Values	10	2024	Consumption of Wind Offshore	BE	(B18)	2025-03-03 12:19:25	100	2.7099700	
Monthly Domestic Values	11	2024	Consumption of Wind Offshore	BE	(B18)	2025-03-03 12:19:25	100	1.5546000	
Monthly Domestic Values	12	2024	Consumption of Wind Offshore	BE	(B18)	2025-03-03 12:19:25	100	1.3029800	
Monthly Domestic Values	1	2024	Fossil Gas	BE	B04	2025-03-03 12:12:11	100	1471.4813000	
Monthly Domestic Values	2	2024	Fossil Gas	BE	B04	2025-03-03 12:12:11	100	878.7291600	
Monthly Domestic Values	3	2024	Fossil Gas	BE	B04	2025-03-03 12:12:11	100	1022.0723800	
Monthly Domestic Values	4	2024	Fossil Gas	BE	B04	2025-03-03 12:12:11	100	757.4830200	
Monthly Domestic Values	5	2024	Fossil Gas	BE	B04	2025-03-03 12:12:11	100	722.3549300	
Monthly Domestic Values	6	2024	Fossil Gas	BE	B04	2025-03-03 12:12:11	100	785.5567800	
Monthly Domestic Values	7	2024	Fossil Gas	BE	B04	2025-03-03 12:12:11	100	743.1859300	
Monthly Domestic Values	8	2024	Fossil Gas	BE	B04	2025-03-03 12:12:11	100	718.1918900	
Monthly Domestic Values	9	2024	Fossil Gas	BE	B04	2025-03-03 12:12:11	100	707.7621700	
Monthly Domestic Values	10	2024	Fossil Gas	BE	B04	2025-03-03 12:12:11	100	824.9342200	
Monthly Domestic Values	11	2024	Fossil Gas	BE	B04	2025-03-03 12:12:11	100	1660.8219900	
Monthly Domestic Values	12	2024	Fossil Gas	BE	B04	2025-03-03 12:12:11	100	1253.7140800	
Monthly Domestic Values	1	2024	Fossil Oil	BE	B06	2025-03-03 12:12:11	100	0.0596800	
Monthly Domestic Values	2	2024	Fossil Oil	BE	B06	2025-03-03 12:12:11	100	0.0219100	
Monthly Domestic Values	3	2024	Fossil Oil	BE	B06	2025-03-03 12:12:11	100	0.1710700	
Monthly Domestic Values	4	2024	Fossil Oil	BE	B06	2025-03-03 12:12:11	100	0.0526700	
Monthly Domestic Values	5	2024	Fossil Oil	BE	B06	2025-03-03 12:12:11	100	0.0733400	
Monthly Domestic Values	6	2024	Fossil Oil	BE	B06	2025-03-03 12:12:11	100	0.1269700	
Monthly Domestic Values	7	2024	Fossil Oil	BE	B06	2025-03-03 12:12:11	100	0.0109300	
Monthly Domestic Values	8	2024	Fossil Oil	BE	B06	2025-03-03 12:12:11	100	0.2074500	
Monthly Domestic Values	9	2024	Fossil Oil	BE	B06	2025-03-03 12:12:11	100	0.2447500	
Monthly Domestic Values	10	2024	Fossil Oil	BE	B06	2025-03-03 12:12:11	100	0.0276100	
Monthly Domestic Values	11	2024	Fossil Oil	BE	B06	2025-03-03 12:12:11	100	0.1188500	
Monthly Domestic Values	12	2024	Fossil Oil	BE	B06	2025-03-03 12:12:11	100	0.1114200	
Monthly Domestic Values	1	2024	Hydro Pumped Storage	BE	B10	2025-03-03 12:12:11	100	95.8575300	
Monthly Domestic Values	2	2024	Hydro Pumped Storage	BE	B10	2025-03-03 12:12:11	100	75.2835400	
Monthly Domestic Values	3	2024	Hydro Pumped Storage	BE	B10	2025-03-03 12:12:11	100	109.3386600	
Monthly Domestic Values	4	2024	Hydro Pumped Storage	BE	B10	2025-03-03 12:12:11	100	122.1184100	
Monthly Domestic Values	5	2024	Hydro Pumped Storage	BE	B10	2025-03-03 12:12:11	100	80.6747800	
Monthly Domestic Values	6	2024	Hydro Pumped Storage	BE	B10	2025-03-03 12:12:11	100	63.5412200	
Monthly Domestic Values	7	2024	Hydro Pumped Storage	BE	B10	2025-03-03 12:12:11	100	83.6298700	
Monthly Domestic Values	8	2024	Hydro Pumped Storage	BE	B10	2025-03-03 12:12:11	100	89.3428400	
Monthly Domestic Values	9	2024	Hydro Pumped Storage	BE	B10	2025-03-03 12:12:11	100	83.3838000	
Monthly Domestic Values	10	2024	Hydro Pumped Storage	BE	B10	2025-03-03 12:12:11	100	93.7491800	
Monthly Domestic Values	11	2024	Hydro Pumped Storage	BE	B10	2025-03-03 12:12:11	100	64.7851700	
Monthly Domestic Values	12	2024	Hydro Pumped Storage	BE	B10	2025-03-03 12:12:11	100	71.4775400	
Monthly Domestic Values	1	2024	Hydro Run-of-river and poundage	BE	B11	2025-03-03 12:12:11	100	30.8902100	
Monthly Domestic Values	2	2024	Hydro Run-of-river and poundage	BE	B11	2025-03-03 12:12:11	100	26.3938000	
Monthly Domestic Values	3	2024	Hydro Run-of-river and poundage	BE	B11	2025-03-03 12:12:11	100	34.2036400	
Monthly Domestic Values	4	2024	Hydro Run-of-river and poundage	BE	B11	2025-03-03 12:12:11	100	26.5509200	
Monthly Domestic Values	5	2024	Hydro Run-of-river and poundage	BE	B11	2025-03-03 12:12:11	100	28.0594500	
Monthly Domestic Values	6	2024	Hydro Run-of-river and poundage	BE	B11	2025-03-03 12:12:11	100	22.3909000	
Monthly Domestic Values	7	2024	Hydro Run-of-river and poundage	BE	B11	2025-03-03 12:12:11	100	16.9382200	
Monthly Domestic Values	8	2024	Hydro Run-of-river and poundage	BE	B11	2025-03-03 12:12:11	100	11.1521800	
Monthly Domestic Values	9	2024	Hydro Run-of-river and poundage	BE	B11	2025-03-03 12:12:11	100	12.5989200	
Monthly Domestic Values	10	2024	Hydro Run-of-river and poundage	BE	B11	2025-03-03 12:12:11	100	28.2106200	
Monthly Domestic Values	11	2024	Hydro Run-of-river and poundage	BE	B11	2025-03-03 12:12:11	100	21.9867100	
Monthly Domestic Values	12	2024	Hydro Run-of-river and poundage	BE	B11	2025-03-03 12:12:11	100	33.2308000	
Monthly Domestic Values	1	2024	Nuclear	BE	B14	2025-03-03 12:12:11	100	2939.8550500	
Monthly Domestic Values	2	2024	Nuclear	BE	B14	2025-03-03 12:12:11	100	2685.9082100	
Monthly Domestic Values	3	2024	Nuclear	BE	B14	2025-03-03 12:12:11	100	2228.8061000	
Monthly Domestic Values	4	2024	Nuclear	BE	B14	2025-03-03 12:12:11	100	2100.1750700	
Monthly Domestic Values	5	2024	Nuclear	BE	B14	2025-03-03 12:12:11	100	2569.6608500	
Monthly Domestic Values	6	2024	Nuclear	BE	B14	2025-03-03 12:12:11	100	2580.9686800	
Monthly Domestic Values	7	2024	Nuclear	BE	B14	2025-03-03 12:12:11	100	2870.7739100	
Monthly Domestic Values	8	2024	Nuclear	BE	B14	2025-03-03 12:12:11	100	2744.4257800	
Monthly Domestic Values	9	2024	Nuclear	BE	B14	2025-03-03 12:12:11	100	2052.3633500	
Monthly Domestic Values	10	2024	Nuclear	BE	B14	2025-03-03 12:12:11	100	2151.6270900	
Monthly Domestic Values	11	2024	Nuclear	BE	B14	2025-03-03 12:12:11	100	2093.4117700	
Monthly Domestic Values	12	2024	Nuclear	BE	B14	2025-03-03 12:12:11	100	2714.4287200	
Monthly Domestic Values	1	2024	Other	BE	B20	2025-03-03 12:12:11	100	612.6207400	
Monthly Domestic Values	2	2024	Other	BE	B20	2025-03-03 12:12:11	100	577.0401200	
Monthly Domestic Values	3	2024	Other	BE	B20	2025-03-03 12:12:11	100	609.6121500	
Monthly Domestic Values	4	2024	Other	BE	B20	2025-03-03 12:12:11	100	551.1040100	
Monthly Domestic Values	5	2024	Other	BE	B20	2025-03-03 12:12:11	100	542.2069900	
Monthly Domestic Values	6	2024	Other	BE	B20	2025-03-03 12:12:11	100	473.4646200	
Monthly Domestic Values	7	2024	Other	BE	B20	2025-03-03 12:12:11	100	418.5252300	
Monthly Domestic Values	8	2024	Other	BE	B20	2025-03-03 12:12:11	100	389.8416800	
Monthly Domestic Values	9	2024	Other	BE	B20	2025-03-03 12:12:11	100	426.8481000	
Monthly Domestic Values	10	2024	Other	BE	B20	2025-03-03 12:12:11	100	486.4808100	
Monthly Domestic Values	11	2024	Other	BE	B20	2025-03-03 12:12:11	100	517.2334900	
Monthly Domestic Values	12	2024	Other	BE	B20	2025-03-03 12:12:11	100	495.1466600	
Monthly Domestic Values	1	2024	Solar	BE	B16	2025-03-03 12:12:11	100	233.8788800	
Monthly Domestic Values	2	2024	Solar	BE	B16	2025-03-03 12:12:11	100	243.9063300	
Monthly Domestic Values	3	2024	Solar	BE	B16	2025-03-03 12:12:11	100	601.0048000	
Monthly Domestic Values	4	2024	Solar	BE	B16	2025-03-03 12:12:11	100	841.5026400	
Monthly Domestic Values	5	2024	Solar	BE	B16	2025-03-03 12:12:11	100	988.5119400	
Monthly Domestic Values	6	2024	Solar	BE	B16	2025-03-03 12:12:11	100	1201.7146400	
Monthly Domestic Values	7	2024	Solar	BE	B16	2025-03-03 12:12:11	100	1217.9705500	
Monthly Domestic Values	8	2024	Solar	BE	B16	2025-03-03 12:12:11	100	1254.4684600	
Monthly Domestic Values	9	2024	Solar	BE	B16	2025-03-03 12:12:11	100	819.9044800	
Monthly Domestic Values	10	2024	Solar	BE	B16	2025-03-03 12:12:11	100	581.4573400	
Monthly Domestic Values	11	2024	Solar	BE	B16	2025-03-03 12:12:11	100	212.9024200	
Monthly Domestic Values	12	2024	Solar	BE	B16	2025-03-03 12:12:11	100	128.6653700	
Monthly Domestic Values	1	2024	Waste	BE	B17	2025-03-03 12:12:11	100	167.4182900	
Monthly Domestic Values	2	2024	Waste	BE	B17	2025-03-03 12:12:11	100	163.5710500	
Monthly Domestic Values	3	2024	Waste	BE	B17	2025-03-03 12:12:11	100	186.8115500	
Monthly Domestic Values	4	2024	Waste	BE	B17	2025-03-03 12:12:11	100	140.5159300	
Monthly Domestic Values	5	2024	Waste	BE	B17	2025-03-03 12:12:11	100	182.5642500	
Monthly Domestic Values	6	2024	Waste	BE	B17	2025-03-03 12:12:11	100	181.8634100	
Monthly Domestic Values	7	2024	Waste	BE	B17	2025-03-03 12:12:11	100	174.9754300	
Monthly Domestic Values	8	2024	Waste	BE	B17	2025-03-03 12:12:11	100	180.5970400	
Monthly Domestic Values	9	2024	Waste	BE	B17	2025-03-03 12:12:11	100	166.8331400	
Monthly Domestic Values	10	2024	Waste	BE	B17	2025-03-03 12:12:11	100	184.8219500	
Monthly Domestic Values	11	2024	Waste	BE	B17	2025-03-03 12:12:11	100	188.1624000	
Monthly Domestic Values	12	2024	Waste	BE	B17	2025-03-03 12:12:11	100	198.9801600	
Monthly Domestic Values	1	2024	Wind Offshore	BE	B18	2025-03-03 12:12:11	100	923.5122900	
Monthly Domestic Values	2	2024	Wind Offshore	BE	B18	2025-03-03 12:12:11	100	845.1994700	
Monthly Domestic Values	3	2024	Wind Offshore	BE	B18	2025-03-03 12:12:11	100	571.5355200	
Monthly Domestic Values	4	2024	Wind Offshore	BE	B18	2025-03-03 12:12:11	100	771.4745600	
Monthly Domestic Values	5	2024	Wind Offshore	BE	B18	2025-03-03 12:12:11	100	339.2934600	
Monthly Domestic Values	6	2024	Wind Offshore	BE	B18	2025-03-03 12:12:11	100	373.5373900	
Monthly Domestic Values	7	2024	Wind Offshore	BE	B18	2025-03-03 12:12:11	100	398.9111600	
Monthly Domestic Values	8	2024	Wind Offshore	BE	B18	2025-03-03 12:12:11	100	466.2275700	
Monthly Domestic Values	9	2024	Wind Offshore	BE	B18	2025-03-03 12:12:11	100	514.1228200	
Monthly Domestic Values	10	2024	Wind Offshore	BE	B18	2025-03-03 12:12:11	100	434.8885900	
Monthly Domestic Values	11	2024	Wind Offshore	BE	B18	2025-03-03 12:12:11	100	547.9960700	
Monthly Domestic Values	12	2024	Wind Offshore	BE	B18	2025-03-03 12:12:11	100	877.8768900	
Monthly Domestic Values	1	2024	Wind Onshore	BE	B19	2025-03-03 12:12:11	100	700.5639500	
Monthly Domestic Values	2	2024	Wind Onshore	BE	B19	2025-03-03 12:12:11	100	722.9282600	
Monthly Domestic Values	3	2024	Wind Onshore	BE	B19	2025-03-03 12:12:11	100	469.8573700	
Monthly Domestic Values	4	2024	Wind Onshore	BE	B19	2025-03-03 12:12:11	100	616.2464400	
Monthly Domestic Values	5	2024	Wind Onshore	BE	B19	2025-03-03 12:12:11	100	260.5378100	
Monthly Domestic Values	6	2024	Wind Onshore	BE	B19	2025-03-03 12:12:11	100	274.3585200	
Monthly Domestic Values	7	2024	Wind Onshore	BE	B19	2025-03-03 12:12:11	100	282.0802000	
Monthly Domestic Values	8	2024	Wind Onshore	BE	B19	2025-03-03 12:12:11	100	285.0857700	
Monthly Domestic Values	9	2024	Wind Onshore	BE	B19	2025-03-03 12:12:11	100	413.5596000	
Monthly Domestic Values	10	2024	Wind Onshore	BE	B19	2025-03-03 12:12:11	100	358.0542400	
Monthly Domestic Values	11	2024	Wind Onshore	BE	B19	2025-03-03 12:12:11	100	447.3758300	
Monthly Domestic Values	12	2024	Wind Onshore	BE	B19	2025-03-03 12:12:11	100	704.4713000	
Monthly Domestic Values	1	2024	Biomass	BG	B01	2025-03-03 12:12:11	100	14.7139000	
Monthly Domestic Values	2	2024	Biomass	BG	B01	2025-03-03 12:12:11	100	14.6502700	
Monthly Domestic Values	3	2024	Biomass	BG	B01	2025-03-03 12:12:11	100	13.8561700	
Monthly Domestic Values	4	2024	Biomass	BG	B01	2025-03-03 12:12:11	100	14.9710100	
Monthly Domestic Values	5	2024	Biomass	BG	B01	2025-03-03 12:12:11	100	14.5017600	
Monthly Domestic Values	6	2024	Biomass	BG	B01	2025-03-03 12:12:11	100	13.8809000	
Monthly Domestic Values	7	2024	Biomass	BG	B01	2025-03-03 12:12:11	100	15.0186000	
Monthly Domestic Values	8	2024	Biomass	BG	B01	2025-03-03 12:12:11	100	12.3858500	
Monthly Domestic Values	9	2024	Biomass	BG	B01	2025-03-03 12:12:11	100	11.6342400	
Monthly Domestic Values	10	2024	Biomass	BG	B01	2025-03-03 12:12:11	100	14.0759800	
Monthly Domestic Values	11	2024	Biomass	BG	B01	2025-03-03 12:12:11	100	14.1859100	
Monthly Domestic Values	12	2024	Biomass	BG	B01	2025-03-03 12:12:11	100	11.9860100	
Monthly Domestic Values	1	2024	Fossil Brown coal/Lignite	BG	B02	2025-03-03 12:12:11	100	1202.1259000	
Monthly Domestic Values	2	2024	Fossil Brown coal/Lignite	BG	B02	2025-03-03 12:12:11	100	786.9889200	
Monthly Domestic Values	3	2024	Fossil Brown coal/Lignite	BG	B02	2025-03-03 12:12:11	100	689.9562000	
Monthly Domestic Values	4	2024	Fossil Brown coal/Lignite	BG	B02	2025-03-03 12:12:11	100	507.1281600	
Monthly Domestic Values	5	2024	Fossil Brown coal/Lignite	BG	B02	2025-03-03 12:12:11	100	435.2901600	
Monthly Domestic Values	6	2024	Fossil Brown coal/Lignite	BG	B02	2025-03-03 12:12:11	100	375.7358500	
Monthly Domestic Values	7	2024	Fossil Brown coal/Lignite	BG	B02	2025-03-03 12:12:11	100	952.9297500	
Monthly Domestic Values	8	2024	Fossil Brown coal/Lignite	BG	B02	2025-03-03 12:12:11	100	750.5557700	
Monthly Domestic Values	9	2024	Fossil Brown coal/Lignite	BG	B02	2025-03-03 12:12:11	100	654.6851500	
Monthly Domestic Values	10	2024	Fossil Brown coal/Lignite	BG	B02	2025-03-03 12:12:11	100	655.8244000	
Monthly Domestic Values	11	2024	Fossil Brown coal/Lignite	BG	B02	2025-03-03 12:12:11	100	1068.8932500	
Monthly Domestic Values	12	2024	Fossil Brown coal/Lignite	BG	B02	2025-03-03 12:12:11	100	1249.4086100	
Monthly Domestic Values	1	2024	Fossil Gas	BG	B04	2025-03-03 12:12:11	100	267.3742700	
Monthly Domestic Values	2	2024	Fossil Gas	BG	B04	2025-03-03 12:12:11	100	241.5552100	
Monthly Domestic Values	3	2024	Fossil Gas	BG	B04	2025-03-03 12:12:11	100	225.9848800	
Monthly Domestic Values	4	2024	Fossil Gas	BG	B04	2025-03-03 12:12:11	100	140.6230500	
Monthly Domestic Values	5	2024	Fossil Gas	BG	B04	2025-03-03 12:12:11	100	126.6443800	
Monthly Domestic Values	6	2024	Fossil Gas	BG	B04	2025-03-03 12:12:11	100	122.2874800	
Monthly Domestic Values	7	2024	Fossil Gas	BG	B04	2025-03-03 12:12:11	100	133.3203200	
Monthly Domestic Values	8	2024	Fossil Gas	BG	B04	2025-03-03 12:12:11	100	138.0344100	
Monthly Domestic Values	9	2024	Fossil Gas	BG	B04	2025-03-03 12:12:11	100	127.0397100	
Monthly Domestic Values	10	2024	Fossil Gas	BG	B04	2025-03-03 12:12:11	100	139.4349700	
Monthly Domestic Values	11	2024	Fossil Gas	BG	B04	2025-03-03 12:12:11	100	178.0899800	
Monthly Domestic Values	12	2024	Fossil Gas	BG	B04	2025-03-03 12:12:11	100	221.8663200	
Monthly Domestic Values	1	2024	Fossil Hard coal	BG	B05	2025-03-03 12:12:11	100	40.4747400	
Monthly Domestic Values	2	2024	Fossil Hard coal	BG	B05	2025-03-03 12:12:11	100	41.4785700	
Monthly Domestic Values	3	2024	Fossil Hard coal	BG	B05	2025-03-03 12:12:11	100	48.8733600	
Monthly Domestic Values	4	2024	Fossil Hard coal	BG	B05	2025-03-03 12:12:11	100	45.3932100	
Monthly Domestic Values	5	2024	Fossil Hard coal	BG	B05	2025-03-03 12:12:11	100	35.0002600	
Monthly Domestic Values	6	2024	Fossil Hard coal	BG	B05	2025-03-03 12:12:11	100	35.2367800	
Monthly Domestic Values	7	2024	Fossil Hard coal	BG	B05	2025-03-03 12:12:11	100	34.2532400	
Monthly Domestic Values	8	2024	Fossil Hard coal	BG	B05	2025-03-03 12:12:11	100	33.2490300	
Monthly Domestic Values	9	2024	Fossil Hard coal	BG	B05	2025-03-03 12:12:11	100	28.8595100	
Monthly Domestic Values	10	2024	Fossil Hard coal	BG	B05	2025-03-03 12:12:11	100	32.9580900	
Monthly Domestic Values	11	2024	Fossil Hard coal	BG	B05	2025-03-03 12:12:11	100	37.8363800	
Monthly Domestic Values	12	2024	Fossil Hard coal	BG	B05	2025-03-03 12:12:11	100	39.1424700	
Monthly Domestic Values	1	2024	Hydro Pumped Storage	BG	B10	2025-03-03 12:12:11	100	0.0000000	
Monthly Domestic Values	2	2024	Hydro Pumped Storage	BG	B10	2025-03-03 12:12:11	100	0.0000000	
Monthly Domestic Values	3	2024	Hydro Pumped Storage	BG	B10	2025-03-03 12:12:11	100	0.0000000	
Monthly Domestic Values	4	2024	Hydro Pumped Storage	BG	B10	2025-03-03 12:12:11	100	0.0000000	
Monthly Domestic Values	5	2024	Hydro Pumped Storage	BG	B10	2025-03-03 12:12:11	100	0.0000000	
Monthly Domestic Values	6	2024	Hydro Pumped Storage	BG	B10	2025-03-03 12:12:11	100	0.0000000	
Monthly Domestic Values	7	2024	Hydro Pumped Storage	BG	B10	2025-03-03 12:12:11	100	0.0000000	
Monthly Domestic Values	8	2024	Hydro Pumped Storage	BG	B10	2025-03-03 12:12:11	100	0.0000000	
Monthly Domestic Values	9	2024	Hydro Pumped Storage	BG	B10	2025-03-03 12:12:11	100	0.0000000	
Monthly Domestic Values	10	2024	Hydro Pumped Storage	BG	B10	2025-03-03 12:12:11	100	0.0000000	
Monthly Domestic Values	11	2024	Hydro Pumped Storage	BG	B10	2025-03-03 12:12:11	100	0.0000000	
Monthly Domestic Values	12	2024	Hydro Pumped Storage	BG	B10	2025-03-03 12:12:11	100	5.4103500	
Monthly Domestic Values	1	2024	Hydro Run-of-river and poundage	BG	B11	2025-03-03 12:12:11	100	96.2365700	
Monthly Domestic Values	2	2024	Hydro Run-of-river and poundage	BG	B11	2025-03-03 12:12:11	100	91.8932900	
Monthly Domestic Values	3	2024	Hydro Run-of-river and poundage	BG	B11	2025-03-03 12:12:11	100	119.7883900	
Monthly Domestic Values	4	2024	Hydro Run-of-river and poundage	BG	B11	2025-03-03 12:12:11	100	178.2828500	
Monthly Domestic Values	5	2024	Hydro Run-of-river and poundage	BG	B11	2025-03-03 12:12:11	100	219.8859100	
Monthly Domestic Values	6	2024	Hydro Run-of-river and poundage	BG	B11	2025-03-03 12:12:11	100	137.2796200	
Monthly Domestic Values	7	2024	Hydro Run-of-river and poundage	BG	B11	2025-03-03 12:12:11	100	74.2648200	
Monthly Domestic Values	8	2024	Hydro Run-of-river and poundage	BG	B11	2025-03-03 12:12:11	100	47.7977100	
Monthly Domestic Values	9	2024	Hydro Run-of-river and poundage	BG	B11	2025-03-03 12:12:11	100	41.5968000	
Monthly Domestic Values	10	2024	Hydro Run-of-river and poundage	BG	B11	2025-03-03 12:12:11	100	31.5232500	
Monthly Domestic Values	11	2024	Hydro Run-of-river and poundage	BG	B11	2025-03-03 12:12:11	100	32.4649300	
Monthly Domestic Values	12	2024	Hydro Run-of-river and poundage	BG	B11	2025-03-03 12:12:11	100	58.3302500	
Monthly Domestic Values	1	2024	Hydro Water Reservoir	BG	B12	2025-03-03 12:12:11	100	110.6185000	
Monthly Domestic Values	2	2024	Hydro Water Reservoir	BG	B12	2025-03-03 12:12:11	100	113.7685400	
Monthly Domestic Values	3	2024	Hydro Water Reservoir	BG	B12	2025-03-03 12:12:11	100	149.8310500	
Monthly Domestic Values	4	2024	Hydro Water Reservoir	BG	B12	2025-03-03 12:12:11	100	213.1722400	
Monthly Domestic Values	5	2024	Hydro Water Reservoir	BG	B12	2025-03-03 12:12:11	100	279.4777800	
Monthly Domestic Values	6	2024	Hydro Water Reservoir	BG	B12	2025-03-03 12:12:11	100	240.7573200	
Monthly Domestic Values	7	2024	Hydro Water Reservoir	BG	B12	2025-03-03 12:12:11	100	211.8340500	
Monthly Domestic Values	8	2024	Hydro Water Reservoir	BG	B12	2025-03-03 12:12:11	100	170.7225400	
Monthly Domestic Values	9	2024	Hydro Water Reservoir	BG	B12	2025-03-03 12:12:11	100	92.0753100	
Monthly Domestic Values	10	2024	Hydro Water Reservoir	BG	B12	2025-03-03 12:12:11	100	58.6049200	
Monthly Domestic Values	11	2024	Hydro Water Reservoir	BG	B12	2025-03-03 12:12:11	100	64.6381500	
Monthly Domestic Values	12	2024	Hydro Water Reservoir	BG	B12	2025-03-03 12:12:11	100	42.4473100	
Monthly Domestic Values	1	2024	Nuclear	BG	B14	2025-03-03 12:12:11	100	1579.3543000	
Monthly Domestic Values	2	2024	Nuclear	BG	B14	2025-03-03 12:12:11	100	1478.3442000	
Monthly Domestic Values	3	2024	Nuclear	BG	B14	2025-03-03 12:12:11	100	1581.1604700	
Monthly Domestic Values	4	2024	Nuclear	BG	B14	2025-03-03 12:12:11	100	1482.8805100	
Monthly Domestic Values	5	2024	Nuclear	BG	B14	2025-03-03 12:12:11	100	843.6025700	
Monthly Domestic Values	6	2024	Nuclear	BG	B14	2025-03-03 12:12:11	100	826.7426100	
Monthly Domestic Values	7	2024	Nuclear	BG	B14	2025-03-03 12:12:11	100	1316.0653500	
Monthly Domestic Values	8	2024	Nuclear	BG	B14	2025-03-03 12:12:11	100	1498.7423100	
Monthly Domestic Values	9	2024	Nuclear	BG	B14	2025-03-03 12:12:11	100	1394.7092500	
Monthly Domestic Values	10	2024	Nuclear	BG	B14	2025-03-03 12:12:11	100	1159.9094600	
Monthly Domestic Values	11	2024	Nuclear	BG	B14	2025-03-03 12:12:11	100	886.3080400	
Monthly Domestic Values	12	2024	Nuclear	BG	B14	2025-03-03 12:12:11	100	1471.6218300	
Monthly Domestic Values	1	2024	Solar	BG	B16	2025-03-03 12:12:11	100	189.4596400	
Monthly Domestic Values	2	2024	Solar	BG	B16	2025-03-03 12:12:11	100	250.5526100	
Monthly Domestic Values	3	2024	Solar	BG	B16	2025-03-03 12:12:11	100	331.8239400	
Monthly Domestic Values	4	2024	Solar	BG	B16	2025-03-03 12:12:11	100	451.1961200	
Monthly Domestic Values	5	2024	Solar	BG	B16	2025-03-03 12:12:11	100	466.7508000	
Monthly Domestic Values	6	2024	Solar	BG	B16	2025-03-03 12:12:11	100	590.6872600	
Monthly Domestic Values	7	2024	Solar	BG	B16	2025-03-03 12:12:11	100	613.5296300	
Monthly Domestic Values	8	2024	Solar	BG	B16	2025-03-03 12:12:11	100	599.2195700	
Monthly Domestic Values	9	2024	Solar	BG	B16	2025-03-03 12:12:11	100	466.4182100	
Monthly Domestic Values	10	2024	Solar	BG	B16	2025-03-03 12:12:11	100	480.2096600	
Monthly Domestic Values	11	2024	Solar	BG	B16	2025-03-03 12:12:11	100	294.5362600	
Monthly Domestic Values	12	2024	Solar	BG	B16	2025-03-03 12:12:11	100	180.8314200	
Monthly Domestic Values	1	2024	Waste	BG	B17	2025-03-03 12:12:11	100	1.7038300	
Monthly Domestic Values	2	2024	Waste	BG	B17	2025-03-03 12:12:11	100	2.0224800	
Monthly Domestic Values	3	2024	Waste	BG	B17	2025-03-03 12:12:11	100	2.4450300	
Monthly Domestic Values	4	2024	Waste	BG	B17	2025-03-03 12:12:11	100	2.2520500	
Monthly Domestic Values	5	2024	Waste	BG	B17	2025-03-03 12:12:11	100	2.4805100	
Monthly Domestic Values	6	2024	Waste	BG	B17	2025-03-03 12:12:11	100	2.2125500	
Monthly Domestic Values	7	2024	Waste	BG	B17	2025-03-03 12:12:11	100	2.1672500	
Monthly Domestic Values	8	2024	Waste	BG	B17	2025-03-03 12:12:11	100	2.1990700	
Monthly Domestic Values	9	2024	Waste	BG	B17	2025-03-03 12:12:11	100	2.0712800	
Monthly Domestic Values	10	2024	Waste	BG	B17	2025-03-03 12:12:11	100	2.0171100	
Monthly Domestic Values	11	2024	Waste	BG	B17	2025-03-03 12:12:11	100	1.8859300	
Monthly Domestic Values	12	2024	Waste	BG	B17	2025-03-03 12:12:11	100	1.8186500	
Monthly Domestic Values	1	2024	Wind Onshore	BG	B19	2025-03-03 12:12:11	100	189.0132800	
Monthly Domestic Values	2	2024	Wind Onshore	BG	B19	2025-03-03 12:12:11	100	146.2712400	
Monthly Domestic Values	3	2024	Wind Onshore	BG	B19	2025-03-03 12:12:11	100	97.1557300	
Monthly Domestic Values	4	2024	Wind Onshore	BG	B19	2025-03-03 12:12:11	100	128.4226300	
Monthly Domestic Values	5	2024	Wind Onshore	BG	B19	2025-03-03 12:12:11	100	88.1995000	
Monthly Domestic Values	6	2024	Wind Onshore	BG	B19	2025-03-03 12:12:11	100	56.0603700	
Monthly Domestic Values	7	2024	Wind Onshore	BG	B19	2025-03-03 12:12:11	100	85.4152300	
Monthly Domestic Values	8	2024	Wind Onshore	BG	B19	2025-03-03 12:12:11	100	77.9565300	
Monthly Domestic Values	9	2024	Wind Onshore	BG	B19	2025-03-03 12:12:11	100	96.8974100	
Monthly Domestic Values	10	2024	Wind Onshore	BG	B19	2025-03-03 12:12:11	100	93.4827500	
Monthly Domestic Values	11	2024	Wind Onshore	BG	B19	2025-03-03 12:12:11	100	125.6853800	
Monthly Domestic Values	12	2024	Wind Onshore	BG	B19	2025-03-03 12:12:11	100	165.8671500	
Monthly Domestic Values	1	2024	Hydro Pumped Storage	CH	B10	2025-03-03 12:12:11	100	816.7868600	
Monthly Domestic Values	2	2024	Hydro Pumped Storage	CH	B10	2025-03-03 12:12:11	100	602.1212500	
Monthly Domestic Values	3	2024	Hydro Pumped Storage	CH	B10	2025-03-03 12:12:11	100	617.0858500	
Monthly Domestic Values	4	2024	Hydro Pumped Storage	CH	B10	2025-03-03 12:12:11	100	705.8790200	
Monthly Domestic Values	5	2024	Hydro Pumped Storage	CH	B10	2025-03-03 12:12:11	100	866.5068500	
Monthly Domestic Values	6	2024	Hydro Pumped Storage	CH	B10	2025-03-03 12:12:11	100	1070.9526500	
Monthly Domestic Values	7	2024	Hydro Pumped Storage	CH	B10	2025-03-03 12:12:11	100	1206.1043900	
Monthly Domestic Values	8	2024	Hydro Pumped Storage	CH	B10	2025-03-03 12:12:11	100	889.2905100	
Monthly Domestic Values	9	2024	Hydro Pumped Storage	CH	B10	2025-03-03 12:12:11	100	623.0167600	
Monthly Domestic Values	10	2024	Hydro Pumped Storage	CH	B10	2025-03-03 12:12:11	100	915.2887700	
Monthly Domestic Values	11	2024	Hydro Pumped Storage	CH	B10	2025-03-03 12:12:11	100	706.3563900	
Monthly Domestic Values	12	2024	Hydro Pumped Storage	CH	B10	2025-03-03 12:12:11	100	577.7151900	
Monthly Domestic Values	1	2024	Hydro Run-of-river and poundage	CH	B11	2025-03-03 12:12:11	100	152.8400900	
Monthly Domestic Values	2	2024	Hydro Run-of-river and poundage	CH	B11	2025-03-03 12:12:11	100	104.9088200	
Monthly Domestic Values	3	2024	Hydro Run-of-river and poundage	CH	B11	2025-03-03 12:12:11	100	157.3872400	
Monthly Domestic Values	4	2024	Hydro Run-of-river and poundage	CH	B11	2025-03-03 12:12:11	100	178.5834500	
Monthly Domestic Values	5	2024	Hydro Run-of-river and poundage	CH	B11	2025-03-03 12:12:11	100	225.6922000	
Monthly Domestic Values	6	2024	Hydro Run-of-river and poundage	CH	B11	2025-03-03 12:12:11	100	246.8015700	
Monthly Domestic Values	7	2024	Hydro Run-of-river and poundage	CH	B11	2025-03-03 12:12:11	100	272.4092500	
Monthly Domestic Values	8	2024	Hydro Run-of-river and poundage	CH	B11	2025-03-03 12:12:11	100	239.5248900	
Monthly Domestic Values	9	2024	Hydro Run-of-river and poundage	CH	B11	2025-03-03 12:12:11	100	185.9946600	
Monthly Domestic Values	10	2024	Hydro Run-of-river and poundage	CH	B11	2025-03-03 12:12:11	100	226.5358900	
Monthly Domestic Values	11	2024	Hydro Run-of-river and poundage	CH	B11	2025-03-03 12:12:11	100	135.6231800	
Monthly Domestic Values	12	2024	Hydro Run-of-river and poundage	CH	B11	2025-03-03 12:12:11	100	145.4217200	
Monthly Domestic Values	1	2024	Hydro Water Reservoir	CH	B12	2025-03-03 12:12:11	100	1244.6367900	
Monthly Domestic Values	2	2024	Hydro Water Reservoir	CH	B12	2025-03-03 12:12:11	100	941.9885700	
Monthly Domestic Values	3	2024	Hydro Water Reservoir	CH	B12	2025-03-03 12:12:11	100	1069.6483700	
Monthly Domestic Values	4	2024	Hydro Water Reservoir	CH	B12	2025-03-03 12:12:11	100	804.1381200	
Monthly Domestic Values	5	2024	Hydro Water Reservoir	CH	B12	2025-03-03 12:12:11	100	993.0321200	
Monthly Domestic Values	6	2024	Hydro Water Reservoir	CH	B12	2025-03-03 12:12:11	100	1134.8278200	
Monthly Domestic Values	7	2024	Hydro Water Reservoir	CH	B12	2025-03-03 12:12:11	100	1715.0561100	
Monthly Domestic Values	8	2024	Hydro Water Reservoir	CH	B12	2025-03-03 12:12:11	100	1567.2369300	
Monthly Domestic Values	9	2024	Hydro Water Reservoir	CH	B12	2025-03-03 12:12:11	100	968.6993300	
Monthly Domestic Values	10	2024	Hydro Water Reservoir	CH	B12	2025-03-03 12:12:11	100	1190.4746200	
Monthly Domestic Values	11	2024	Hydro Water Reservoir	CH	B12	2025-03-03 12:12:11	100	1216.0612900	
Monthly Domestic Values	12	2024	Hydro Water Reservoir	CH	B12	2025-03-03 12:12:11	100	1078.6589800	
Monthly Domestic Values	1	2024	Nuclear	CH	B14	2025-03-03 12:12:11	100	2229.4090800	
Monthly Domestic Values	2	2024	Nuclear	CH	B14	2025-03-03 12:12:11	100	2029.1911600	
Monthly Domestic Values	3	2024	Nuclear	CH	B14	2025-03-03 12:12:11	100	2171.7419500	
Monthly Domestic Values	4	2024	Nuclear	CH	B14	2025-03-03 12:12:11	100	2013.2250200	
Monthly Domestic Values	5	2024	Nuclear	CH	B14	2025-03-03 12:12:11	100	812.4646000	
Monthly Domestic Values	6	2024	Nuclear	CH	B14	2025-03-03 12:12:11	100	1257.1537300	
Monthly Domestic Values	7	2024	Nuclear	CH	B14	2025-03-03 12:12:11	100	2143.1044300	
Monthly Domestic Values	8	2024	Nuclear	CH	B14	2025-03-03 12:12:11	100	1997.1685400	
Monthly Domestic Values	9	2024	Nuclear	CH	B14	2025-03-03 12:12:11	100	2070.1582200	
Monthly Domestic Values	10	2024	Nuclear	CH	B14	2025-03-03 12:12:11	100	1917.8185000	
Monthly Domestic Values	11	2024	Nuclear	CH	B14	2025-03-03 12:12:11	100	2110.9164500	
Monthly Domestic Values	12	2024	Nuclear	CH	B14	2025-03-03 12:12:11	100	2203.5218700	
Monthly Domestic Values	1	2024	Solar	CH	B16	2025-03-03 12:12:11	100	82.7227100	
Monthly Domestic Values	2	2024	Solar	CH	B16	2025-03-03 12:12:11	100	192.4018500	
Monthly Domestic Values	3	2024	Solar	CH	B16	2025-03-03 12:12:11	100	315.6045600	
Monthly Domestic Values	4	2024	Solar	CH	B16	2025-03-03 12:12:11	100	438.4793000	
Monthly Domestic Values	5	2024	Solar	CH	B16	2025-03-03 12:12:11	100	561.2407500	
Monthly Domestic Values	6	2024	Solar	CH	B16	2025-03-03 12:12:11	100	580.2238600	
Monthly Domestic Values	7	2024	Solar	CH	B16	2025-03-03 12:12:11	100	660.1980700	
Monthly Domestic Values	8	2024	Solar	CH	B16	2025-03-03 12:12:11	100	655.9980900	
Monthly Domestic Values	9	2024	Solar	CH	B16	2025-03-03 12:12:11	100	396.6908500	
Monthly Domestic Values	10	2024	Solar	CH	B16	2025-03-03 12:12:11	100	228.8260400	
Monthly Domestic Values	11	2024	Solar	CH	B16	2025-03-03 12:12:11	100	103.9379800	
Monthly Domestic Values	12	2024	Solar	CH	B16	2025-03-03 12:12:11	100	83.1988500	
Monthly Domestic Values	1	2024	Wind Onshore	CH	B19	2025-03-03 12:12:11	100	19.5798200	
Monthly Domestic Values	2	2024	Wind Onshore	CH	B19	2025-03-03 12:12:11	100	14.9233500	
Monthly Domestic Values	3	2024	Wind Onshore	CH	B19	2025-03-03 12:12:11	100	13.4801400	
Monthly Domestic Values	4	2024	Wind Onshore	CH	B19	2025-03-03 12:12:11	100	17.7821100	
Monthly Domestic Values	5	2024	Wind Onshore	CH	B19	2025-03-03 12:12:11	100	9.7958300	
Monthly Domestic Values	6	2024	Wind Onshore	CH	B19	2025-03-03 12:12:11	100	10.2666500	
Monthly Domestic Values	7	2024	Wind Onshore	CH	B19	2025-03-03 12:12:11	100	7.7497400	
Monthly Domestic Values	8	2024	Wind Onshore	CH	B19	2025-03-03 12:12:11	100	6.0608800	
Monthly Domestic Values	9	2024	Wind Onshore	CH	B19	2025-03-03 12:12:11	100	9.7420400	
Monthly Domestic Values	10	2024	Wind Onshore	CH	B19	2025-03-03 12:12:11	100	7.9406900	
Monthly Domestic Values	11	2024	Wind Onshore	CH	B19	2025-03-03 12:12:11	100	9.0285500	
Monthly Domestic Values	12	2024	Wind Onshore	CH	B19	2025-03-03 12:12:11	100	15.3746000	
Monthly Domestic Values	1	2024	Biomass	CZ	B01	2025-03-03 12:12:11	100	199.4606700	
Monthly Domestic Values	2	2024	Biomass	CZ	B01	2025-03-03 12:12:11	100	184.5388000	
Monthly Domestic Values	3	2024	Biomass	CZ	B01	2025-03-03 12:12:11	100	209.9523200	
Monthly Domestic Values	4	2024	Biomass	CZ	B01	2025-03-03 12:12:11	100	203.7979700	
Monthly Domestic Values	5	2024	Biomass	CZ	B01	2025-03-03 12:12:11	100	214.7053100	
Monthly Domestic Values	6	2024	Biomass	CZ	B01	2025-03-03 12:12:11	100	185.2006075	
Monthly Domestic Values	7	2024	Biomass	CZ	B01	2025-03-03 12:12:11	100	95.3163550	
Monthly Domestic Values	8	2024	Biomass	CZ	B01	2025-03-03 12:12:11	100	137.3330650	
Monthly Domestic Values	9	2024	Biomass	CZ	B01	2025-03-03 12:12:11	100	180.7794100	
Monthly Domestic Values	10	2024	Biomass	CZ	B01	2025-03-03 12:12:11	100	189.8295000	
Monthly Domestic Values	11	2024	Biomass	CZ	B01	2025-03-03 12:12:11	100	202.0388000	
Monthly Domestic Values	12	2024	Biomass	CZ	B01	2025-03-03 12:12:11	100	217.1689125	
Monthly Domestic Values	1	2024	Consumption of Hydro Pumped Storage	CZ	(B10)	2025-03-03 12:19:25	100	113.5393700	
Monthly Domestic Values	2	2024	Consumption of Hydro Pumped Storage	CZ	(B10)	2025-03-03 12:19:25	100	112.5539900	
Monthly Domestic Values	3	2024	Consumption of Hydro Pumped Storage	CZ	(B10)	2025-03-03 12:19:25	100	134.3822000	
Monthly Domestic Values	4	2024	Consumption of Hydro Pumped Storage	CZ	(B10)	2025-03-03 12:19:25	100	108.8979000	
Monthly Domestic Values	5	2024	Consumption of Hydro Pumped Storage	CZ	(B10)	2025-03-03 12:19:25	100	116.7878100	
Monthly Domestic Values	6	2024	Consumption of Hydro Pumped Storage	CZ	(B10)	2025-03-03 12:19:25	100	114.7300250	
Monthly Domestic Values	7	2024	Consumption of Hydro Pumped Storage	CZ	(B10)	2025-03-03 12:19:25	100	119.9804400	
Monthly Domestic Values	8	2024	Consumption of Hydro Pumped Storage	CZ	(B10)	2025-03-03 12:19:25	100	103.5258125	
Monthly Domestic Values	9	2024	Consumption of Hydro Pumped Storage	CZ	(B10)	2025-03-03 12:19:25	100	53.8210675	
Monthly Domestic Values	10	2024	Consumption of Hydro Pumped Storage	CZ	(B10)	2025-03-03 12:19:25	100	53.7970700	
Monthly Domestic Values	11	2024	Consumption of Hydro Pumped Storage	CZ	(B10)	2025-03-03 12:19:25	100	67.8067650	
Monthly Domestic Values	12	2024	Consumption of Hydro Pumped Storage	CZ	(B10)	2025-03-03 12:19:25	100	92.7149750	
Monthly Domestic Values	1	2024	Fossil Brown coal/Lignite	CZ	B02	2025-03-03 12:12:11	100	2433.6765100	
Monthly Domestic Values	2	2024	Fossil Brown coal/Lignite	CZ	B02	2025-03-03 12:12:11	100	2204.1804900	
Monthly Domestic Values	3	2024	Fossil Brown coal/Lignite	CZ	B02	2025-03-03 12:12:11	100	2106.6323300	
Monthly Domestic Values	4	2024	Fossil Brown coal/Lignite	CZ	B02	2025-03-03 12:12:11	100	1492.8331400	
Monthly Domestic Values	5	2024	Fossil Brown coal/Lignite	CZ	B02	2025-03-03 12:12:11	100	1433.6433700	
Monthly Domestic Values	6	2024	Fossil Brown coal/Lignite	CZ	B02	2025-03-03 12:12:11	100	1395.3220075	
Monthly Domestic Values	7	2024	Fossil Brown coal/Lignite	CZ	B02	2025-03-03 12:12:11	100	1502.7879200	
Monthly Domestic Values	8	2024	Fossil Brown coal/Lignite	CZ	B02	2025-03-03 12:12:11	100	1567.3738825	
Monthly Domestic Values	9	2024	Fossil Brown coal/Lignite	CZ	B02	2025-03-03 12:12:11	100	1738.7314750	
Monthly Domestic Values	10	2024	Fossil Brown coal/Lignite	CZ	B02	2025-03-03 12:12:11	100	2209.9674200	
Monthly Domestic Values	11	2024	Fossil Brown coal/Lignite	CZ	B02	2025-03-03 12:12:11	100	2594.2251825	
Monthly Domestic Values	12	2024	Fossil Brown coal/Lignite	CZ	B02	2025-03-03 12:12:11	100	2364.2127425	
Monthly Domestic Values	1	2024	Fossil Coal-derived gas	CZ	B03	2025-03-03 12:12:11	100	7.7419900	
Monthly Domestic Values	2	2024	Fossil Coal-derived gas	CZ	B03	2025-03-03 12:12:11	100	12.0769300	
Monthly Domestic Values	3	2024	Fossil Coal-derived gas	CZ	B03	2025-03-03 12:12:11	100	15.4259200	
Monthly Domestic Values	4	2024	Fossil Coal-derived gas	CZ	B03	2025-03-03 12:12:11	100	4.3294200	
Monthly Domestic Values	5	2024	Fossil Coal-derived gas	CZ	B03	2025-03-03 12:12:11	100	0.0000000	
Monthly Domestic Values	6	2024	Fossil Coal-derived gas	CZ	B03	2025-03-03 12:12:11	100	5.8771400	
Monthly Domestic Values	7	2024	Fossil Coal-derived gas	CZ	B03	2025-03-03 12:12:11	100	0.0000000	
Monthly Domestic Values	8	2024	Fossil Coal-derived gas	CZ	B03	2025-03-03 12:12:11	100	0.0000000	
Monthly Domestic Values	9	2024	Fossil Coal-derived gas	CZ	B03	2025-03-03 12:12:11	100	5.6562325	
Monthly Domestic Values	10	2024	Fossil Coal-derived gas	CZ	B03	2025-03-03 12:12:11	100	7.4395400	
Monthly Domestic Values	11	2024	Fossil Coal-derived gas	CZ	B03	2025-03-03 12:12:11	100	24.7315550	
Monthly Domestic Values	12	2024	Fossil Coal-derived gas	CZ	B03	2025-03-03 12:12:11	100	20.9114375	
Monthly Domestic Values	1	2024	Fossil Gas	CZ	B04	2025-03-03 12:12:11	100	432.3146700	
Monthly Domestic Values	2	2024	Fossil Gas	CZ	B04	2025-03-03 12:12:11	100	248.0402300	
Monthly Domestic Values	3	2024	Fossil Gas	CZ	B04	2025-03-03 12:12:11	100	293.0249000	
Monthly Domestic Values	4	2024	Fossil Gas	CZ	B04	2025-03-03 12:12:11	100	226.2013600	
Monthly Domestic Values	5	2024	Fossil Gas	CZ	B04	2025-03-03 12:12:11	100	200.5404300	
Monthly Domestic Values	6	2024	Fossil Gas	CZ	B04	2025-03-03 12:12:11	100	220.6616800	
Monthly Domestic Values	7	2024	Fossil Gas	CZ	B04	2025-03-03 12:12:11	100	158.4186450	
Monthly Domestic Values	8	2024	Fossil Gas	CZ	B04	2025-03-03 12:12:11	100	224.0764500	
Monthly Domestic Values	9	2024	Fossil Gas	CZ	B04	2025-03-03 12:12:11	100	190.1408700	
Monthly Domestic Values	10	2024	Fossil Gas	CZ	B04	2025-03-03 12:12:11	100	290.4774425	
Monthly Domestic Values	11	2024	Fossil Gas	CZ	B04	2025-03-03 12:12:11	100	512.3000150	
Monthly Domestic Values	12	2024	Fossil Gas	CZ	B04	2025-03-03 12:12:11	100	394.5316525	
Monthly Domestic Values	1	2024	Fossil Hard coal	CZ	B05	2025-03-03 12:12:11	100	76.3064800	
Monthly Domestic Values	2	2024	Fossil Hard coal	CZ	B05	2025-03-03 12:12:11	100	2.5685100	
Monthly Domestic Values	3	2024	Fossil Hard coal	CZ	B05	2025-03-03 12:12:11	100	23.2303400	
Monthly Domestic Values	4	2024	Fossil Hard coal	CZ	B05	2025-03-03 12:12:11	100	12.8298000	
Monthly Domestic Values	5	2024	Fossil Hard coal	CZ	B05	2025-03-03 12:12:11	100	0.0000000	
Monthly Domestic Values	6	2024	Fossil Hard coal	CZ	B05	2025-03-03 12:12:11	100	4.6539800	
Monthly Domestic Values	7	2024	Fossil Hard coal	CZ	B05	2025-03-03 12:12:11	100	14.3958425	
Monthly Domestic Values	8	2024	Fossil Hard coal	CZ	B05	2025-03-03 12:12:11	100	50.4729450	
Monthly Domestic Values	9	2024	Fossil Hard coal	CZ	B05	2025-03-03 12:12:11	100	34.3267075	
Monthly Domestic Values	10	2024	Fossil Hard coal	CZ	B05	2025-03-03 12:12:11	100	59.9193175	
Monthly Domestic Values	11	2024	Fossil Hard coal	CZ	B05	2025-03-03 12:12:11	100	190.2763550	
Monthly Domestic Values	12	2024	Fossil Hard coal	CZ	B05	2025-03-03 12:12:11	100	167.9900375	
Monthly Domestic Values	1	2024	Fossil Oil	CZ	B06	2025-03-03 12:12:11	100	1.3224000	
Monthly Domestic Values	2	2024	Fossil Oil	CZ	B06	2025-03-03 12:12:11	100	2.7179200	
Monthly Domestic Values	3	2024	Fossil Oil	CZ	B06	2025-03-03 12:12:11	100	1.0129700	
Monthly Domestic Values	4	2024	Fossil Oil	CZ	B06	2025-03-03 12:12:11	100	0.3455800	
Monthly Domestic Values	5	2024	Fossil Oil	CZ	B06	2025-03-03 12:12:11	100	0.1673200	
Monthly Domestic Values	6	2024	Fossil Oil	CZ	B06	2025-03-03 12:12:11	100	0.4155200	
Monthly Domestic Values	7	2024	Fossil Oil	CZ	B06	2025-03-03 12:12:11	100	0.2823375	
Monthly Domestic Values	8	2024	Fossil Oil	CZ	B06	2025-03-03 12:12:11	100	0.4444275	
Monthly Domestic Values	9	2024	Fossil Oil	CZ	B06	2025-03-03 12:12:11	100	0.3790850	
Monthly Domestic Values	10	2024	Fossil Oil	CZ	B06	2025-03-03 12:12:11	100	1.0398950	
Monthly Domestic Values	11	2024	Fossil Oil	CZ	B06	2025-03-03 12:12:11	100	2.1255125	
Monthly Domestic Values	12	2024	Fossil Oil	CZ	B06	2025-03-03 12:12:11	100	1.5258800	
Monthly Domestic Values	1	2024	Hydro Pumped Storage	CZ	B10	2025-03-03 12:12:11	100	91.1668200	
Monthly Domestic Values	2	2024	Hydro Pumped Storage	CZ	B10	2025-03-03 12:12:11	100	86.1013900	
Monthly Domestic Values	3	2024	Hydro Pumped Storage	CZ	B10	2025-03-03 12:12:11	100	103.3202100	
Monthly Domestic Values	4	2024	Hydro Pumped Storage	CZ	B10	2025-03-03 12:12:11	100	86.0285600	
Monthly Domestic Values	5	2024	Hydro Pumped Storage	CZ	B10	2025-03-03 12:12:11	100	88.0615700	
Monthly Domestic Values	6	2024	Hydro Pumped Storage	CZ	B10	2025-03-03 12:12:11	100	84.4086600	
Monthly Domestic Values	7	2024	Hydro Pumped Storage	CZ	B10	2025-03-03 12:12:11	100	90.1988725	
Monthly Domestic Values	8	2024	Hydro Pumped Storage	CZ	B10	2025-03-03 12:12:11	100	79.5333600	
Monthly Domestic Values	9	2024	Hydro Pumped Storage	CZ	B10	2025-03-03 12:12:11	100	44.4838475	
Monthly Domestic Values	10	2024	Hydro Pumped Storage	CZ	B10	2025-03-03 12:12:11	100	44.7747150	
Monthly Domestic Values	11	2024	Hydro Pumped Storage	CZ	B10	2025-03-03 12:12:11	100	53.6607000	
Monthly Domestic Values	12	2024	Hydro Pumped Storage	CZ	B10	2025-03-03 12:12:11	100	70.0773975	
Monthly Domestic Values	1	2024	Hydro Run-of-river and poundage	CZ	B11	2025-03-03 12:12:11	100	97.4387200	
Monthly Domestic Values	2	2024	Hydro Run-of-river and poundage	CZ	B11	2025-03-03 12:12:11	100	106.3074200	
Monthly Domestic Values	3	2024	Hydro Run-of-river and poundage	CZ	B11	2025-03-03 12:12:11	100	131.0576600	
Monthly Domestic Values	4	2024	Hydro Run-of-river and poundage	CZ	B11	2025-03-03 12:12:11	100	100.1743200	
Monthly Domestic Values	5	2024	Hydro Run-of-river and poundage	CZ	B11	2025-03-03 12:12:11	100	85.3227900	
Monthly Domestic Values	6	2024	Hydro Run-of-river and poundage	CZ	B11	2025-03-03 12:12:11	100	81.6367425	
Monthly Domestic Values	7	2024	Hydro Run-of-river and poundage	CZ	B11	2025-03-03 12:12:11	100	48.3875775	
Monthly Domestic Values	8	2024	Hydro Run-of-river and poundage	CZ	B11	2025-03-03 12:12:11	100	43.6114725	
Monthly Domestic Values	9	2024	Hydro Run-of-river and poundage	CZ	B11	2025-03-03 12:12:11	100	50.8911350	
Monthly Domestic Values	10	2024	Hydro Run-of-river and poundage	CZ	B11	2025-03-03 12:12:11	100	91.3167475	
Monthly Domestic Values	11	2024	Hydro Run-of-river and poundage	CZ	B11	2025-03-03 12:12:11	100	80.5323400	
Monthly Domestic Values	12	2024	Hydro Run-of-river and poundage	CZ	B11	2025-03-03 12:12:11	100	115.0291025	
Monthly Domestic Values	1	2024	Hydro Water Reservoir	CZ	B12	2025-03-03 12:12:11	100	316.4468100	
Monthly Domestic Values	2	2024	Hydro Water Reservoir	CZ	B12	2025-03-03 12:12:11	100	148.3412200	
Monthly Domestic Values	3	2024	Hydro Water Reservoir	CZ	B12	2025-03-03 12:12:11	100	75.8320000	
Monthly Domestic Values	4	2024	Hydro Water Reservoir	CZ	B12	2025-03-03 12:12:11	100	55.1089900	
Monthly Domestic Values	5	2024	Hydro Water Reservoir	CZ	B12	2025-03-03 12:12:11	100	51.9114700	
Monthly Domestic Values	6	2024	Hydro Water Reservoir	CZ	B12	2025-03-03 12:12:11	100	97.5258300	
Monthly Domestic Values	7	2024	Hydro Water Reservoir	CZ	B12	2025-03-03 12:12:11	100	52.8448700	
Monthly Domestic Values	8	2024	Hydro Water Reservoir	CZ	B12	2025-03-03 12:12:11	100	57.7979525	
Monthly Domestic Values	9	2024	Hydro Water Reservoir	CZ	B12	2025-03-03 12:12:11	100	228.7667450	
Monthly Domestic Values	10	2024	Hydro Water Reservoir	CZ	B12	2025-03-03 12:12:11	100	182.5919125	
Monthly Domestic Values	11	2024	Hydro Water Reservoir	CZ	B12	2025-03-03 12:12:11	100	110.5627325	
Monthly Domestic Values	12	2024	Hydro Water Reservoir	CZ	B12	2025-03-03 12:12:11	100	155.1723000	
Monthly Domestic Values	1	2024	Nuclear	CZ	B14	2025-03-03 12:12:11	100	2739.2093700	
Monthly Domestic Values	2	2024	Nuclear	CZ	B14	2025-03-03 12:12:11	100	2321.2218600	
Monthly Domestic Values	3	2024	Nuclear	CZ	B14	2025-03-03 12:12:11	100	2470.8894000	
Monthly Domestic Values	4	2024	Nuclear	CZ	B14	2025-03-03 12:12:11	100	2160.7464400	
Monthly Domestic Values	5	2024	Nuclear	CZ	B14	2025-03-03 12:12:11	100	2049.2795000	
Monthly Domestic Values	6	2024	Nuclear	CZ	B14	2025-03-03 12:12:11	100	2067.9578450	
Monthly Domestic Values	7	2024	Nuclear	CZ	B14	2025-03-03 12:12:11	100	2437.6142825	
Monthly Domestic Values	8	2024	Nuclear	CZ	B14	2025-03-03 12:12:11	100	2350.5556600	
Monthly Domestic Values	9	2024	Nuclear	CZ	B14	2025-03-03 12:12:11	100	2466.9845575	
Monthly Domestic Values	10	2024	Nuclear	CZ	B14	2025-03-03 12:12:11	100	2148.3931075	
Monthly Domestic Values	11	2024	Nuclear	CZ	B14	2025-03-03 12:12:11	100	2116.1674450	
Monthly Domestic Values	12	2024	Nuclear	CZ	B14	2025-03-03 12:12:11	100	2711.2516000	
Monthly Domestic Values	1	2024	Other	CZ	B20	2025-03-03 12:12:11	100	57.5215100	
Monthly Domestic Values	2	2024	Other	CZ	B20	2025-03-03 12:12:11	100	55.2081700	
Monthly Domestic Values	3	2024	Other	CZ	B20	2025-03-03 12:12:11	100	55.3292400	
Monthly Domestic Values	4	2024	Other	CZ	B20	2025-03-03 12:12:11	100	47.7553100	
Monthly Domestic Values	5	2024	Other	CZ	B20	2025-03-03 12:12:11	100	55.1479900	
Monthly Domestic Values	6	2024	Other	CZ	B20	2025-03-03 12:12:11	100	54.8014500	
Monthly Domestic Values	7	2024	Other	CZ	B20	2025-03-03 12:12:11	100	51.8708350	
Monthly Domestic Values	8	2024	Other	CZ	B20	2025-03-03 12:12:11	100	53.8478275	
Monthly Domestic Values	9	2024	Other	CZ	B20	2025-03-03 12:12:11	100	52.4997100	
Monthly Domestic Values	10	2024	Other	CZ	B20	2025-03-03 12:12:11	100	44.1231775	
Monthly Domestic Values	11	2024	Other	CZ	B20	2025-03-03 12:12:11	100	42.7283800	
Monthly Domestic Values	12	2024	Other	CZ	B20	2025-03-03 12:12:11	100	40.2551525	
Monthly Domestic Values	1	2024	Other renewable	CZ	B15	2025-03-03 12:12:11	100	214.5174400	
Monthly Domestic Values	2	2024	Other renewable	CZ	B15	2025-03-03 12:12:11	100	199.3928700	
Monthly Domestic Values	3	2024	Other renewable	CZ	B15	2025-03-03 12:12:11	100	209.0753600	
Monthly Domestic Values	4	2024	Other renewable	CZ	B15	2025-03-03 12:12:11	100	199.6835900	
Monthly Domestic Values	5	2024	Other renewable	CZ	B15	2025-03-03 12:12:11	100	201.4823500	
Monthly Domestic Values	6	2024	Other renewable	CZ	B15	2025-03-03 12:12:11	100	191.9611225	
Monthly Domestic Values	7	2024	Other renewable	CZ	B15	2025-03-03 12:12:11	100	199.8176600	
Monthly Domestic Values	8	2024	Other renewable	CZ	B15	2025-03-03 12:12:11	100	201.5628225	
Monthly Domestic Values	9	2024	Other renewable	CZ	B15	2025-03-03 12:12:11	100	191.1548525	
Monthly Domestic Values	10	2024	Other renewable	CZ	B15	2025-03-03 12:12:11	100	196.2239675	
Monthly Domestic Values	11	2024	Other renewable	CZ	B15	2025-03-03 12:12:11	100	189.9587950	
Monthly Domestic Values	12	2024	Other renewable	CZ	B15	2025-03-03 12:12:11	100	194.5718750	
Monthly Domestic Values	1	2024	Solar	CZ	B16	2025-03-03 12:12:11	100	116.0502200	
Monthly Domestic Values	2	2024	Solar	CZ	B16	2025-03-03 12:12:11	100	138.8483600	
Monthly Domestic Values	3	2024	Solar	CZ	B16	2025-03-03 12:12:11	100	318.6457600	
Monthly Domestic Values	4	2024	Solar	CZ	B16	2025-03-03 12:12:11	100	413.7291200	
Monthly Domestic Values	5	2024	Solar	CZ	B16	2025-03-03 12:12:11	100	471.4871000	
Monthly Domestic Values	6	2024	Solar	CZ	B16	2025-03-03 12:12:11	100	512.0440000	
Monthly Domestic Values	7	2024	Solar	CZ	B16	2025-03-03 12:12:11	100	544.6999400	
Monthly Domestic Values	8	2024	Solar	CZ	B16	2025-03-03 12:12:11	100	530.6527125	
Monthly Domestic Values	9	2024	Solar	CZ	B16	2025-03-03 12:12:11	100	382.6008000	
Monthly Domestic Values	10	2024	Solar	CZ	B16	2025-03-03 12:12:11	100	245.3067525	
Monthly Domestic Values	11	2024	Solar	CZ	B16	2025-03-03 12:12:11	100	141.5428075	
Monthly Domestic Values	12	2024	Solar	CZ	B16	2025-03-03 12:12:11	100	90.4175625	
Monthly Domestic Values	1	2024	Waste	CZ	B17	2025-03-03 12:12:11	100	16.6109300	
Monthly Domestic Values	2	2024	Waste	CZ	B17	2025-03-03 12:12:11	100	15.8444300	
Monthly Domestic Values	3	2024	Waste	CZ	B17	2025-03-03 12:12:11	100	18.1752500	
Monthly Domestic Values	4	2024	Waste	CZ	B17	2025-03-03 12:12:11	100	16.8481800	
Monthly Domestic Values	5	2024	Waste	CZ	B17	2025-03-03 12:12:11	100	17.7077700	
Monthly Domestic Values	6	2024	Waste	CZ	B17	2025-03-03 12:12:11	100	17.7735100	
Monthly Domestic Values	7	2024	Waste	CZ	B17	2025-03-03 12:12:11	100	18.2809325	
Monthly Domestic Values	8	2024	Waste	CZ	B17	2025-03-03 12:12:11	100	17.0019600	
Monthly Domestic Values	9	2024	Waste	CZ	B17	2025-03-03 12:12:11	100	11.3415850	
Monthly Domestic Values	10	2024	Waste	CZ	B17	2025-03-03 12:12:11	100	17.2363700	
Monthly Domestic Values	11	2024	Waste	CZ	B17	2025-03-03 12:12:11	100	16.1209975	
Monthly Domestic Values	12	2024	Waste	CZ	B17	2025-03-03 12:12:11	100	17.9552625	
Monthly Domestic Values	1	2024	Wind Onshore	CZ	B19	2025-03-03 12:12:11	100	95.2440700	
Monthly Domestic Values	2	2024	Wind Onshore	CZ	B19	2025-03-03 12:12:11	100	82.6693800	
Monthly Domestic Values	3	2024	Wind Onshore	CZ	B19	2025-03-03 12:12:11	100	64.9239100	
Monthly Domestic Values	4	2024	Wind Onshore	CZ	B19	2025-03-03 12:12:11	100	62.3333500	
Monthly Domestic Values	5	2024	Wind Onshore	CZ	B19	2025-03-03 12:12:11	100	43.8902400	
Monthly Domestic Values	6	2024	Wind Onshore	CZ	B19	2025-03-03 12:12:11	100	32.0320200	
Monthly Domestic Values	7	2024	Wind Onshore	CZ	B19	2025-03-03 12:12:11	100	28.1540100	
Monthly Domestic Values	8	2024	Wind Onshore	CZ	B19	2025-03-03 12:12:11	100	28.2547125	
Monthly Domestic Values	9	2024	Wind Onshore	CZ	B19	2025-03-03 12:12:11	100	68.1354275	
Monthly Domestic Values	10	2024	Wind Onshore	CZ	B19	2025-03-03 12:12:11	100	66.6086975	
Monthly Domestic Values	11	2024	Wind Onshore	CZ	B19	2025-03-03 12:12:11	100	65.2631400	
Monthly Domestic Values	12	2024	Wind Onshore	CZ	B19	2025-03-03 12:12:11	100	58.5846650	
Monthly Domestic Values	1	2024	Biomass	DE	B01	2025-03-03 12:12:11	100	3178.7521975	
Monthly Domestic Values	2	2024	Biomass	DE	B01	2025-03-03 12:12:11	100	3025.4892125	
Monthly Domestic Values	3	2024	Biomass	DE	B01	2025-03-03 12:12:11	100	3274.6630475	
Monthly Domestic Values	4	2024	Biomass	DE	B01	2025-03-03 12:12:11	100	3027.9709600	
Monthly Domestic Values	5	2024	Biomass	DE	B01	2025-03-03 12:12:11	100	3027.5137025	
Monthly Domestic Values	6	2024	Biomass	DE	B01	2025-03-03 12:12:11	100	2860.3789625	
Monthly Domestic Values	7	2024	Biomass	DE	B01	2025-03-03 12:12:11	100	2878.1515475	
Monthly Domestic Values	8	2024	Biomass	DE	B01	2025-03-03 12:12:11	100	2817.8746325	
Monthly Domestic Values	9	2024	Biomass	DE	B01	2025-03-03 12:12:11	100	2746.9827200	
Monthly Domestic Values	10	2024	Biomass	DE	B01	2025-03-03 12:12:11	100	3037.9921375	
Monthly Domestic Values	11	2024	Biomass	DE	B01	2025-03-03 12:12:11	100	3102.4103675	
Monthly Domestic Values	12	2024	Biomass	DE	B01	2025-03-03 12:12:11	100	3218.9190750	
Monthly Domestic Values	1	2024	Consumption of Hydro Pumped Storage	DE	(B10)	2025-03-03 12:19:25	100	878.0062075	
Monthly Domestic Values	2	2024	Consumption of Hydro Pumped Storage	DE	(B10)	2025-03-03 12:19:25	100	894.9090725	
Monthly Domestic Values	3	2024	Consumption of Hydro Pumped Storage	DE	(B10)	2025-03-03 12:19:25	100	1021.0546100	
Monthly Domestic Values	4	2024	Consumption of Hydro Pumped Storage	DE	(B10)	2025-03-03 12:19:25	100	1210.4800000	
Monthly Domestic Values	5	2024	Consumption of Hydro Pumped Storage	DE	(B10)	2025-03-03 12:19:25	100	1142.6072300	
Monthly Domestic Values	6	2024	Consumption of Hydro Pumped Storage	DE	(B10)	2025-03-03 12:19:25	100	1180.9461225	
Monthly Domestic Values	7	2024	Consumption of Hydro Pumped Storage	DE	(B10)	2025-03-03 12:19:25	100	1242.5767050	
Monthly Domestic Values	8	2024	Consumption of Hydro Pumped Storage	DE	(B10)	2025-03-03 12:19:25	100	1315.3532400	
Monthly Domestic Values	9	2024	Consumption of Hydro Pumped Storage	DE	(B10)	2025-03-03 12:19:25	100	1180.1524600	
Monthly Domestic Values	10	2024	Consumption of Hydro Pumped Storage	DE	(B10)	2025-03-03 12:19:25	100	1025.2081650	
Monthly Domestic Values	11	2024	Consumption of Hydro Pumped Storage	DE	(B10)	2025-03-03 12:19:25	100	914.6097250	
Monthly Domestic Values	12	2024	Consumption of Hydro Pumped Storage	DE	(B10)	2025-03-03 12:19:25	100	1044.9932800	
Monthly Domestic Values	1	2024	Fossil Brown coal/Lignite	DE	B02	2025-03-03 12:12:11	100	6821.4658350	
Monthly Domestic Values	2	2024	Fossil Brown coal/Lignite	DE	B02	2025-03-03 12:12:11	100	6013.9891600	
Monthly Domestic Values	3	2024	Fossil Brown coal/Lignite	DE	B02	2025-03-03 12:12:11	100	6459.6849150	
Monthly Domestic Values	4	2024	Fossil Brown coal/Lignite	DE	B02	2025-03-03 12:12:11	100	4306.8403000	
Monthly Domestic Values	5	2024	Fossil Brown coal/Lignite	DE	B02	2025-03-03 12:12:11	100	4719.4363800	
Monthly Domestic Values	6	2024	Fossil Brown coal/Lignite	DE	B02	2025-03-03 12:12:11	100	5296.0698675	
Monthly Domestic Values	7	2024	Fossil Brown coal/Lignite	DE	B02	2025-03-03 12:12:11	100	5475.4525425	
Monthly Domestic Values	8	2024	Fossil Brown coal/Lignite	DE	B02	2025-03-03 12:12:11	100	5356.2713400	
Monthly Domestic Values	9	2024	Fossil Brown coal/Lignite	DE	B02	2025-03-03 12:12:11	100	5174.4330525	
Monthly Domestic Values	10	2024	Fossil Brown coal/Lignite	DE	B02	2025-03-03 12:12:11	100	7131.0435400	
Monthly Domestic Values	11	2024	Fossil Brown coal/Lignite	DE	B02	2025-03-03 12:12:11	100	7661.8369325	
Monthly Domestic Values	12	2024	Fossil Brown coal/Lignite	DE	B02	2025-03-03 12:12:11	100	6569.6655200	
Monthly Domestic Values	9	2024	Fossil Coal-derived gas	DE	B03	2025-03-03 12:12:11	100	47.7717850	
Monthly Domestic Values	10	2024	Fossil Coal-derived gas	DE	B03	2025-03-03 12:12:11	100	384.0474025	
Monthly Domestic Values	11	2024	Fossil Coal-derived gas	DE	B03	2025-03-03 12:12:11	100	309.4596225	
Monthly Domestic Values	12	2024	Fossil Coal-derived gas	DE	B03	2025-03-03 12:12:11	100	366.4129950	
Monthly Domestic Values	1	2024	Fossil Gas	DE	B04	2025-03-03 12:12:11	100	7174.4068700	
Monthly Domestic Values	2	2024	Fossil Gas	DE	B04	2025-03-03 12:12:11	100	5288.6339375	
Monthly Domestic Values	3	2024	Fossil Gas	DE	B04	2025-03-03 12:12:11	100	5300.6539225	
Monthly Domestic Values	4	2024	Fossil Gas	DE	B04	2025-03-03 12:12:11	100	4320.3432275	
Monthly Domestic Values	5	2024	Fossil Gas	DE	B04	2025-03-03 12:12:11	100	3874.1930025	
Monthly Domestic Values	6	2024	Fossil Gas	DE	B04	2025-03-03 12:12:11	100	3493.1216350	
Monthly Domestic Values	7	2024	Fossil Gas	DE	B04	2025-03-03 12:12:11	100	3260.7465500	
Monthly Domestic Values	8	2024	Fossil Gas	DE	B04	2025-03-03 12:12:11	100	3422.5967625	
Monthly Domestic Values	9	2024	Fossil Gas	DE	B04	2025-03-03 12:12:11	100	3206.5777475	
Monthly Domestic Values	10	2024	Fossil Gas	DE	B04	2025-03-03 12:12:11	100	3854.2886725	
Monthly Domestic Values	11	2024	Fossil Gas	DE	B04	2025-03-03 12:12:11	100	7061.0201050	
Monthly Domestic Values	12	2024	Fossil Gas	DE	B04	2025-03-03 12:12:11	100	6662.3003800	
Monthly Domestic Values	1	2024	Fossil Hard coal	DE	B05	2025-03-03 12:12:11	100	4040.2620325	
Monthly Domestic Values	2	2024	Fossil Hard coal	DE	B05	2025-03-03 12:12:11	100	2605.2684375	
Monthly Domestic Values	3	2024	Fossil Hard coal	DE	B05	2025-03-03 12:12:11	100	2423.7801375	
Monthly Domestic Values	4	2024	Fossil Hard coal	DE	B05	2025-03-03 12:12:11	100	1641.2118450	
Monthly Domestic Values	5	2024	Fossil Hard coal	DE	B05	2025-03-03 12:12:11	100	1087.0334350	
Monthly Domestic Values	6	2024	Fossil Hard coal	DE	B05	2025-03-03 12:12:11	100	1074.4408100	
Monthly Domestic Values	7	2024	Fossil Hard coal	DE	B05	2025-03-03 12:12:11	100	1057.7237800	
Monthly Domestic Values	8	2024	Fossil Hard coal	DE	B05	2025-03-03 12:12:11	100	1688.2989625	
Monthly Domestic Values	9	2024	Fossil Hard coal	DE	B05	2025-03-03 12:12:11	100	2189.4850475	
Monthly Domestic Values	10	2024	Fossil Hard coal	DE	B05	2025-03-03 12:12:11	100	2747.9481900	
Monthly Domestic Values	11	2024	Fossil Hard coal	DE	B05	2025-03-03 12:12:11	100	3686.3294000	
Monthly Domestic Values	12	2024	Fossil Hard coal	DE	B05	2025-03-03 12:12:11	100	3095.4425200	
Monthly Domestic Values	1	2024	Fossil Oil	DE	B06	2025-03-03 12:12:11	100	294.2320250	
Monthly Domestic Values	2	2024	Fossil Oil	DE	B06	2025-03-03 12:12:11	100	253.8939875	
Monthly Domestic Values	3	2024	Fossil Oil	DE	B06	2025-03-03 12:12:11	100	272.9218625	
Monthly Domestic Values	4	2024	Fossil Oil	DE	B06	2025-03-03 12:12:11	100	262.5727125	
Monthly Domestic Values	5	2024	Fossil Oil	DE	B06	2025-03-03 12:12:11	100	279.0466600	
Monthly Domestic Values	6	2024	Fossil Oil	DE	B06	2025-03-03 12:12:11	100	243.1663975	
Monthly Domestic Values	7	2024	Fossil Oil	DE	B06	2025-03-03 12:12:11	100	277.0562575	
Monthly Domestic Values	8	2024	Fossil Oil	DE	B06	2025-03-03 12:12:11	100	323.1996250	
Monthly Domestic Values	9	2024	Fossil Oil	DE	B06	2025-03-03 12:12:11	100	306.9330425	
Monthly Domestic Values	10	2024	Fossil Oil	DE	B06	2025-03-03 12:12:11	100	208.9876775	
Monthly Domestic Values	11	2024	Fossil Oil	DE	B06	2025-03-03 12:12:11	100	247.4348300	
Monthly Domestic Values	12	2024	Fossil Oil	DE	B06	2025-03-03 12:12:11	100	273.7283725	
Monthly Domestic Values	1	2024	Geothermal	DE	B09	2025-03-03 12:12:11	100	19.7949725	
Monthly Domestic Values	2	2024	Geothermal	DE	B09	2025-03-03 12:12:11	100	19.8561900	
Monthly Domestic Values	3	2024	Geothermal	DE	B09	2025-03-03 12:12:11	100	20.5781275	
Monthly Domestic Values	4	2024	Geothermal	DE	B09	2025-03-03 12:12:11	100	17.7326650	
Monthly Domestic Values	5	2024	Geothermal	DE	B09	2025-03-03 12:12:11	100	16.0352300	
Monthly Domestic Values	6	2024	Geothermal	DE	B09	2025-03-03 12:12:11	100	13.0609550	
Monthly Domestic Values	7	2024	Geothermal	DE	B09	2025-03-03 12:12:11	100	12.5712150	
Monthly Domestic Values	8	2024	Geothermal	DE	B09	2025-03-03 12:12:11	100	14.5535175	
Monthly Domestic Values	9	2024	Geothermal	DE	B09	2025-03-03 12:12:11	100	16.1959875	
Monthly Domestic Values	10	2024	Geothermal	DE	B09	2025-03-03 12:12:11	100	18.2284550	
Monthly Domestic Values	11	2024	Geothermal	DE	B09	2025-03-03 12:12:11	100	19.2863950	
Monthly Domestic Values	12	2024	Geothermal	DE	B09	2025-03-03 12:12:11	100	23.8447925	
Monthly Domestic Values	1	2024	Hydro Pumped Storage	DE	B10	2025-03-03 12:12:11	100	797.1010225	
Monthly Domestic Values	2	2024	Hydro Pumped Storage	DE	B10	2025-03-03 12:12:11	100	770.3900625	
Monthly Domestic Values	3	2024	Hydro Pumped Storage	DE	B10	2025-03-03 12:12:11	100	819.1517875	
Monthly Domestic Values	4	2024	Hydro Pumped Storage	DE	B10	2025-03-03 12:12:11	100	906.1900100	
Monthly Domestic Values	5	2024	Hydro Pumped Storage	DE	B10	2025-03-03 12:12:11	100	903.3571850	
Monthly Domestic Values	6	2024	Hydro Pumped Storage	DE	B10	2025-03-03 12:12:11	100	950.5794500	
Monthly Domestic Values	7	2024	Hydro Pumped Storage	DE	B10	2025-03-03 12:12:11	100	1070.0361525	
Monthly Domestic Values	8	2024	Hydro Pumped Storage	DE	B10	2025-03-03 12:12:11	100	995.4916100	
Monthly Domestic Values	9	2024	Hydro Pumped Storage	DE	B10	2025-03-03 12:12:11	100	836.5390625	
Monthly Domestic Values	10	2024	Hydro Pumped Storage	DE	B10	2025-03-03 12:12:11	100	834.1427425	
Monthly Domestic Values	11	2024	Hydro Pumped Storage	DE	B10	2025-03-03 12:12:11	100	717.1120900	
Monthly Domestic Values	12	2024	Hydro Pumped Storage	DE	B10	2025-03-03 12:12:11	100	790.5446800	
Monthly Domestic Values	1	2024	Hydro Run-of-river and poundage	DE	B11	2025-03-03 12:12:11	100	1255.4660600	
Monthly Domestic Values	2	2024	Hydro Run-of-river and poundage	DE	B11	2025-03-03 12:12:11	100	1143.3553350	
Monthly Domestic Values	3	2024	Hydro Run-of-river and poundage	DE	B11	2025-03-03 12:12:11	100	1181.9281375	
Monthly Domestic Values	4	2024	Hydro Run-of-river and poundage	DE	B11	2025-03-03 12:12:11	100	1285.5633675	
Monthly Domestic Values	5	2024	Hydro Run-of-river and poundage	DE	B11	2025-03-03 12:12:11	100	1545.4690925	
Monthly Domestic Values	6	2024	Hydro Run-of-river and poundage	DE	B11	2025-03-03 12:12:11	100	1398.3337500	
Monthly Domestic Values	7	2024	Hydro Run-of-river and poundage	DE	B11	2025-03-03 12:12:11	100	1512.6295600	
Monthly Domestic Values	8	2024	Hydro Run-of-river and poundage	DE	B11	2025-03-03 12:12:11	100	1373.4775825	
Monthly Domestic Values	9	2024	Hydro Run-of-river and poundage	DE	B11	2025-03-03 12:12:11	100	1273.8230850	
Monthly Domestic Values	10	2024	Hydro Run-of-river and poundage	DE	B11	2025-03-03 12:12:11	100	1381.9732050	
Monthly Domestic Values	11	2024	Hydro Run-of-river and poundage	DE	B11	2025-03-03 12:12:11	100	949.4894775	
Monthly Domestic Values	12	2024	Hydro Run-of-river and poundage	DE	B11	2025-03-03 12:12:11	100	984.4227750	
Monthly Domestic Values	1	2024	Hydro Water Reservoir	DE	B12	2025-03-03 12:12:11	100	153.7167500	
Monthly Domestic Values	2	2024	Hydro Water Reservoir	DE	B12	2025-03-03 12:12:11	100	87.9174925	
Monthly Domestic Values	3	2024	Hydro Water Reservoir	DE	B12	2025-03-03 12:12:11	100	75.8397950	
Monthly Domestic Values	4	2024	Hydro Water Reservoir	DE	B12	2025-03-03 12:12:11	100	87.1736425	
Monthly Domestic Values	5	2024	Hydro Water Reservoir	DE	B12	2025-03-03 12:12:11	100	180.0112925	
Monthly Domestic Values	6	2024	Hydro Water Reservoir	DE	B12	2025-03-03 12:12:11	100	280.7432925	
Monthly Domestic Values	7	2024	Hydro Water Reservoir	DE	B12	2025-03-03 12:12:11	100	337.9149700	
Monthly Domestic Values	8	2024	Hydro Water Reservoir	DE	B12	2025-03-03 12:12:11	100	173.3458825	
Monthly Domestic Values	9	2024	Hydro Water Reservoir	DE	B12	2025-03-03 12:12:11	100	125.6329150	
Monthly Domestic Values	10	2024	Hydro Water Reservoir	DE	B12	2025-03-03 12:12:11	100	172.8960825	
Monthly Domestic Values	11	2024	Hydro Water Reservoir	DE	B12	2025-03-03 12:12:11	100	103.0914300	
Monthly Domestic Values	12	2024	Hydro Water Reservoir	DE	B12	2025-03-03 12:12:11	100	87.7686750	
Monthly Domestic Values	1	2024	Other	DE	B20	2025-03-03 12:12:11	100	166.1139950	
Monthly Domestic Values	2	2024	Other	DE	B20	2025-03-03 12:12:11	100	139.7950200	
Monthly Domestic Values	3	2024	Other	DE	B20	2025-03-03 12:12:11	100	153.3820050	
Monthly Domestic Values	4	2024	Other	DE	B20	2025-03-03 12:12:11	100	127.8165750	
Monthly Domestic Values	5	2024	Other	DE	B20	2025-03-03 12:12:11	100	88.0492325	
Monthly Domestic Values	6	2024	Other	DE	B20	2025-03-03 12:12:11	100	81.1570975	
Monthly Domestic Values	7	2024	Other	DE	B20	2025-03-03 12:12:11	100	85.0304150	
Monthly Domestic Values	8	2024	Other	DE	B20	2025-03-03 12:12:11	100	87.7699525	
Monthly Domestic Values	9	2024	Other	DE	B20	2025-03-03 12:12:11	100	103.9346550	
Monthly Domestic Values	10	2024	Other	DE	B20	2025-03-03 12:12:11	100	123.3528025	
Monthly Domestic Values	11	2024	Other	DE	B20	2025-03-03 12:12:11	100	150.9234800	
Monthly Domestic Values	12	2024	Other	DE	B20	2025-03-03 12:12:11	100	162.5204575	
Monthly Domestic Values	1	2024	Other renewable	DE	B15	2025-03-03 12:12:11	100	86.5660550	
Monthly Domestic Values	2	2024	Other renewable	DE	B15	2025-03-03 12:12:11	100	67.0583800	
Monthly Domestic Values	3	2024	Other renewable	DE	B15	2025-03-03 12:12:11	100	46.5152750	
Monthly Domestic Values	4	2024	Other renewable	DE	B15	2025-03-03 12:12:11	100	45.3912350	
Monthly Domestic Values	5	2024	Other renewable	DE	B15	2025-03-03 12:12:11	100	57.1403575	
Monthly Domestic Values	6	2024	Other renewable	DE	B15	2025-03-03 12:12:11	100	48.9322475	
Monthly Domestic Values	7	2024	Other renewable	DE	B15	2025-03-03 12:12:11	100	61.6210900	
Monthly Domestic Values	8	2024	Other renewable	DE	B15	2025-03-03 12:12:11	100	62.9985025	
Monthly Domestic Values	9	2024	Other renewable	DE	B15	2025-03-03 12:12:11	100	58.0569000	
Monthly Domestic Values	10	2024	Other renewable	DE	B15	2025-03-03 12:12:11	100	53.0108750	
Monthly Domestic Values	11	2024	Other renewable	DE	B15	2025-03-03 12:12:11	100	55.9751575	
Monthly Domestic Values	12	2024	Other renewable	DE	B15	2025-03-03 12:12:11	100	61.3119675	
Monthly Domestic Values	1	2024	Solar	DE	B16	2025-03-03 12:12:11	100	1467.5600650	
Monthly Domestic Values	2	2024	Solar	DE	B16	2025-03-03 12:12:11	100	2263.0828950	
Monthly Domestic Values	3	2024	Solar	DE	B16	2025-03-03 12:12:11	100	4901.1921825	
Monthly Domestic Values	4	2024	Solar	DE	B16	2025-03-03 12:12:11	100	6651.9389050	
Monthly Domestic Values	5	2024	Solar	DE	B16	2025-03-03 12:12:11	100	8564.1401550	
Monthly Domestic Values	6	2024	Solar	DE	B16	2025-03-03 12:12:11	100	8785.7396025	
Monthly Domestic Values	7	2024	Solar	DE	B16	2025-03-03 12:12:11	100	9283.5671925	
Monthly Domestic Values	8	2024	Solar	DE	B16	2025-03-03 12:12:11	100	8928.5246950	
Monthly Domestic Values	9	2024	Solar	DE	B16	2025-03-03 12:12:11	100	6161.5870725	
Monthly Domestic Values	10	2024	Solar	DE	B16	2025-03-03 12:12:11	100	3572.6594650	
Monthly Domestic Values	11	2024	Solar	DE	B16	2025-03-03 12:12:11	100	1549.5009500	
Monthly Domestic Values	12	2024	Solar	DE	B16	2025-03-03 12:12:11	100	1054.2108125	
Monthly Domestic Values	1	2024	Waste	DE	B17	2025-03-03 12:12:11	100	500.4463925	
Monthly Domestic Values	2	2024	Waste	DE	B17	2025-03-03 12:12:11	100	556.9520975	
Monthly Domestic Values	3	2024	Waste	DE	B17	2025-03-03 12:12:11	100	567.9182900	
Monthly Domestic Values	4	2024	Waste	DE	B17	2025-03-03 12:12:11	100	465.9549325	
Monthly Domestic Values	5	2024	Waste	DE	B17	2025-03-03 12:12:11	100	548.2750650	
Monthly Domestic Values	6	2024	Waste	DE	B17	2025-03-03 12:12:11	100	423.8678800	
Monthly Domestic Values	7	2024	Waste	DE	B17	2025-03-03 12:12:11	100	639.1103725	
Monthly Domestic Values	8	2024	Waste	DE	B17	2025-03-03 12:12:11	100	572.7185925	
Monthly Domestic Values	9	2024	Waste	DE	B17	2025-03-03 12:12:11	100	545.2026450	
Monthly Domestic Values	10	2024	Waste	DE	B17	2025-03-03 12:12:11	100	584.2566850	
Monthly Domestic Values	11	2024	Waste	DE	B17	2025-03-03 12:12:11	100	537.1555250	
Monthly Domestic Values	12	2024	Waste	DE	B17	2025-03-03 12:12:11	100	539.1158125	
Monthly Domestic Values	1	2024	Wind Offshore	DE	B18	2025-03-03 12:12:11	100	3034.4668000	
Monthly Domestic Values	2	2024	Wind Offshore	DE	B18	2025-03-03 12:12:11	100	2782.2033450	
Monthly Domestic Values	3	2024	Wind Offshore	DE	B18	2025-03-03 12:12:11	100	2736.7389700	
Monthly Domestic Values	4	2024	Wind Offshore	DE	B18	2025-03-03 12:12:11	100	2186.2896025	
Monthly Domestic Values	5	2024	Wind Offshore	DE	B18	2025-03-03 12:12:11	100	1529.8002300	
Monthly Domestic Values	6	2024	Wind Offshore	DE	B18	2025-03-03 12:12:11	100	1548.8878475	
Monthly Domestic Values	7	2024	Wind Offshore	DE	B18	2025-03-03 12:12:11	100	1635.1503125	
Monthly Domestic Values	8	2024	Wind Offshore	DE	B18	2025-03-03 12:12:11	100	1429.8015325	
Monthly Domestic Values	9	2024	Wind Offshore	DE	B18	2025-03-03 12:12:11	100	1825.8266300	
Monthly Domestic Values	10	2024	Wind Offshore	DE	B18	2025-03-03 12:12:11	100	2256.0031950	
Monthly Domestic Values	11	2024	Wind Offshore	DE	B18	2025-03-03 12:12:11	100	2231.9312875	
Monthly Domestic Values	12	2024	Wind Offshore	DE	B18	2025-03-03 12:12:11	100	2467.1457850	
Monthly Domestic Values	1	2024	Wind Onshore	DE	B19	2025-03-03 12:12:11	100	15388.0639675	
Monthly Domestic Values	2	2024	Wind Onshore	DE	B19	2025-03-03 12:12:11	100	13917.4853325	
Monthly Domestic Values	3	2024	Wind Onshore	DE	B19	2025-03-03 12:12:11	100	9276.1888400	
Monthly Domestic Values	4	2024	Wind Onshore	DE	B19	2025-03-03 12:12:11	100	9619.5196250	
Monthly Domestic Values	5	2024	Wind Onshore	DE	B19	2025-03-03 12:12:11	100	6221.9442450	
Monthly Domestic Values	6	2024	Wind Onshore	DE	B19	2025-03-03 12:12:11	100	5648.3694750	
Monthly Domestic Values	7	2024	Wind Onshore	DE	B19	2025-03-03 12:12:11	100	5511.3656675	
Monthly Domestic Values	8	2024	Wind Onshore	DE	B19	2025-03-03 12:12:11	100	5181.5072050	
Monthly Domestic Values	9	2024	Wind Onshore	DE	B19	2025-03-03 12:12:11	100	8903.7754350	
Monthly Domestic Values	10	2024	Wind Onshore	DE	B19	2025-03-03 12:12:11	100	8303.0117075	
Monthly Domestic Values	11	2024	Wind Onshore	DE	B19	2025-03-03 12:12:11	100	10202.3136925	
Monthly Domestic Values	12	2024	Wind Onshore	DE	B19	2025-03-03 12:12:11	100	13623.6570075	
Monthly Domestic Values	1	2024	Biomass	DK	B01	2025-03-03 12:12:11	100	457.2027400	
Monthly Domestic Values	2	2024	Biomass	DK	B01	2025-03-03 12:12:11	100	479.5199800	
Monthly Domestic Values	3	2024	Biomass	DK	B01	2025-03-03 12:12:11	100	453.1049600	
Monthly Domestic Values	4	2024	Biomass	DK	B01	2025-03-03 12:12:11	100	329.5728600	
Monthly Domestic Values	5	2024	Biomass	DK	B01	2025-03-03 12:12:11	100	262.7072000	
Monthly Domestic Values	6	2024	Biomass	DK	B01	2025-03-03 12:12:11	100	103.5040900	
Monthly Domestic Values	7	2024	Biomass	DK	B01	2025-03-03 12:12:11	100	102.5110000	
Monthly Domestic Values	8	2024	Biomass	DK	B01	2025-03-03 12:12:11	100	130.9448700	
Monthly Domestic Values	9	2024	Biomass	DK	B01	2025-03-03 12:12:11	100	273.3508300	
Monthly Domestic Values	10	2024	Biomass	DK	B01	2025-03-03 12:12:11	100	362.9611600	
Monthly Domestic Values	11	2024	Biomass	DK	B01	2025-03-03 12:12:11	100	521.5392700	
Monthly Domestic Values	12	2024	Biomass	DK	B01	2025-03-03 12:12:11	100	532.6515100	
Monthly Domestic Values	1	2024	Fossil Gas	DK	B04	2025-03-03 12:12:11	100	298.8066300	
Monthly Domestic Values	2	2024	Fossil Gas	DK	B04	2025-03-03 12:12:11	100	214.5618400	
Monthly Domestic Values	3	2024	Fossil Gas	DK	B04	2025-03-03 12:12:11	100	225.2679600	
Monthly Domestic Values	4	2024	Fossil Gas	DK	B04	2025-03-03 12:12:11	100	153.7121300	
Monthly Domestic Values	5	2024	Fossil Gas	DK	B04	2025-03-03 12:12:11	100	90.4300500	
Monthly Domestic Values	6	2024	Fossil Gas	DK	B04	2025-03-03 12:12:11	100	70.3642300	
Monthly Domestic Values	7	2024	Fossil Gas	DK	B04	2025-03-03 12:12:11	100	86.6938200	
Monthly Domestic Values	8	2024	Fossil Gas	DK	B04	2025-03-03 12:12:11	100	88.7038200	
Monthly Domestic Values	9	2024	Fossil Gas	DK	B04	2025-03-03 12:12:11	100	81.4515900	
Monthly Domestic Values	10	2024	Fossil Gas	DK	B04	2025-03-03 12:12:11	100	133.6086800	
Monthly Domestic Values	11	2024	Fossil Gas	DK	B04	2025-03-03 12:12:11	100	204.9036700	
Monthly Domestic Values	12	2024	Fossil Gas	DK	B04	2025-03-03 12:12:11	100	205.5738700	
Monthly Domestic Values	1	2024	Fossil Hard coal	DK	B05	2025-03-03 12:12:11	100	518.1004300	
Monthly Domestic Values	2	2024	Fossil Hard coal	DK	B05	2025-03-03 12:12:11	100	368.4771300	
Monthly Domestic Values	3	2024	Fossil Hard coal	DK	B05	2025-03-03 12:12:11	100	402.4900300	
Monthly Domestic Values	4	2024	Fossil Hard coal	DK	B05	2025-03-03 12:12:11	100	206.8882600	
Monthly Domestic Values	5	2024	Fossil Hard coal	DK	B05	2025-03-03 12:12:11	100	106.7115500	
Monthly Domestic Values	6	2024	Fossil Hard coal	DK	B05	2025-03-03 12:12:11	100	157.9819900	
Monthly Domestic Values	7	2024	Fossil Hard coal	DK	B05	2025-03-03 12:12:11	100	253.5734800	
Monthly Domestic Values	8	2024	Fossil Hard coal	DK	B05	2025-03-03 12:12:11	100	257.2874100	
Monthly Domestic Values	9	2024	Fossil Hard coal	DK	B05	2025-03-03 12:12:11	100	139.8543400	
Monthly Domestic Values	10	2024	Fossil Hard coal	DK	B05	2025-03-03 12:12:11	100	248.7401300	
Monthly Domestic Values	11	2024	Fossil Hard coal	DK	B05	2025-03-03 12:12:11	100	333.8460600	
Monthly Domestic Values	12	2024	Fossil Hard coal	DK	B05	2025-03-03 12:12:11	100	276.1901000	
Monthly Domestic Values	1	2024	Fossil Oil	DK	B06	2025-03-03 12:12:11	100	54.9523000	
Monthly Domestic Values	2	2024	Fossil Oil	DK	B06	2025-03-03 12:12:11	100	48.4962900	
Monthly Domestic Values	3	2024	Fossil Oil	DK	B06	2025-03-03 12:12:11	100	46.5473300	
Monthly Domestic Values	4	2024	Fossil Oil	DK	B06	2025-03-03 12:12:11	100	27.6753400	
Monthly Domestic Values	5	2024	Fossil Oil	DK	B06	2025-03-03 12:12:11	100	17.2390300	
Monthly Domestic Values	6	2024	Fossil Oil	DK	B06	2025-03-03 12:12:11	100	15.7628000	
Monthly Domestic Values	7	2024	Fossil Oil	DK	B06	2025-03-03 12:12:11	100	17.7931200	
Monthly Domestic Values	8	2024	Fossil Oil	DK	B06	2025-03-03 12:12:11	100	19.1570100	
Monthly Domestic Values	9	2024	Fossil Oil	DK	B06	2025-03-03 12:12:11	100	16.4808900	
Monthly Domestic Values	10	2024	Fossil Oil	DK	B06	2025-03-03 12:12:11	100	35.1040000	
Monthly Domestic Values	11	2024	Fossil Oil	DK	B06	2025-03-03 12:12:11	100	31.7922700	
Monthly Domestic Values	12	2024	Fossil Oil	DK	B06	2025-03-03 12:12:11	100	30.6895200	
Monthly Domestic Values	1	2024	Solar	DK	B16	2025-03-03 12:12:11	100	55.2529300	
Monthly Domestic Values	2	2024	Solar	DK	B16	2025-03-03 12:12:11	100	97.8398500	
Monthly Domestic Values	3	2024	Solar	DK	B16	2025-03-03 12:12:11	100	239.3735400	
Monthly Domestic Values	4	2024	Solar	DK	B16	2025-03-03 12:12:11	100	397.5757400	
Monthly Domestic Values	5	2024	Solar	DK	B16	2025-03-03 12:12:11	100	632.9707500	
Monthly Domestic Values	6	2024	Solar	DK	B16	2025-03-03 12:12:11	100	563.2351700	
Monthly Domestic Values	7	2024	Solar	DK	B16	2025-03-03 12:12:11	100	492.8794700	
Monthly Domestic Values	8	2024	Solar	DK	B16	2025-03-03 12:12:11	100	493.4986100	
Monthly Domestic Values	9	2024	Solar	DK	B16	2025-03-03 12:12:11	100	391.1534600	
Monthly Domestic Values	10	2024	Solar	DK	B16	2025-03-03 12:12:11	100	234.5259100	
Monthly Domestic Values	11	2024	Solar	DK	B16	2025-03-03 12:12:11	100	70.4156300	
Monthly Domestic Values	12	2024	Solar	DK	B16	2025-03-03 12:12:11	100	30.8891300	
Monthly Domestic Values	1	2024	Waste	DK	B17	2025-03-03 12:12:11	100	73.6909600	
Monthly Domestic Values	2	2024	Waste	DK	B17	2025-03-03 12:12:11	100	68.5779900	
Monthly Domestic Values	3	2024	Waste	DK	B17	2025-03-03 12:12:11	100	71.2101500	
Monthly Domestic Values	4	2024	Waste	DK	B17	2025-03-03 12:12:11	100	62.8390700	
Monthly Domestic Values	5	2024	Waste	DK	B17	2025-03-03 12:12:11	100	64.1561700	
Monthly Domestic Values	6	2024	Waste	DK	B17	2025-03-03 12:12:11	100	59.6427900	
Monthly Domestic Values	7	2024	Waste	DK	B17	2025-03-03 12:12:11	100	68.1631300	
Monthly Domestic Values	8	2024	Waste	DK	B17	2025-03-03 12:12:11	100	60.5713700	
Monthly Domestic Values	9	2024	Waste	DK	B17	2025-03-03 12:12:11	100	68.2980700	
Monthly Domestic Values	10	2024	Waste	DK	B17	2025-03-03 12:12:11	100	71.6115400	
Monthly Domestic Values	11	2024	Waste	DK	B17	2025-03-03 12:12:11	100	87.1162300	
Monthly Domestic Values	12	2024	Waste	DK	B17	2025-03-03 12:12:11	100	84.7420500	
Monthly Domestic Values	1	2024	Wind Offshore	DK	B18	2025-03-03 12:12:11	100	1109.2938400	
Monthly Domestic Values	2	2024	Wind Offshore	DK	B18	2025-03-03 12:12:11	100	1041.5367700	
Monthly Domestic Values	3	2024	Wind Offshore	DK	B18	2025-03-03 12:12:11	100	980.4358800	
Monthly Domestic Values	4	2024	Wind Offshore	DK	B18	2025-03-03 12:12:11	100	830.0783200	
Monthly Domestic Values	5	2024	Wind Offshore	DK	B18	2025-03-03 12:12:11	100	651.1662600	
Monthly Domestic Values	6	2024	Wind Offshore	DK	B18	2025-03-03 12:12:11	100	638.3739000	
Monthly Domestic Values	7	2024	Wind Offshore	DK	B18	2025-03-03 12:12:11	100	558.2005400	
Monthly Domestic Values	8	2024	Wind Offshore	DK	B18	2025-03-03 12:12:11	100	542.2298700	
Monthly Domestic Values	9	2024	Wind Offshore	DK	B18	2025-03-03 12:12:11	100	655.8166500	
Monthly Domestic Values	10	2024	Wind Offshore	DK	B18	2025-03-03 12:12:11	100	896.8068400	
Monthly Domestic Values	11	2024	Wind Offshore	DK	B18	2025-03-03 12:12:11	100	793.4364300	
Monthly Domestic Values	12	2024	Wind Offshore	DK	B18	2025-03-03 12:12:11	100	1043.2589400	
Monthly Domestic Values	1	2024	Wind Onshore	DK	B19	2025-03-03 12:12:11	100	1429.5859300	
Monthly Domestic Values	2	2024	Wind Onshore	DK	B19	2025-03-03 12:12:11	100	1158.0550400	
Monthly Domestic Values	3	2024	Wind Onshore	DK	B19	2025-03-03 12:12:11	100	990.2789200	
Monthly Domestic Values	4	2024	Wind Onshore	DK	B19	2025-03-03 12:12:11	100	904.2386100	
Monthly Domestic Values	5	2024	Wind Onshore	DK	B19	2025-03-03 12:12:11	100	675.1032200	
Monthly Domestic Values	6	2024	Wind Onshore	DK	B19	2025-03-03 12:12:11	100	717.1765600	
Monthly Domestic Values	7	2024	Wind Onshore	DK	B19	2025-03-03 12:12:11	100	674.0143600	
Monthly Domestic Values	8	2024	Wind Onshore	DK	B19	2025-03-03 12:12:11	100	664.5688200	
Monthly Domestic Values	9	2024	Wind Onshore	DK	B19	2025-03-03 12:12:11	100	542.1049200	
Monthly Domestic Values	10	2024	Wind Onshore	DK	B19	2025-03-03 12:12:11	100	867.7020600	
Monthly Domestic Values	11	2024	Wind Onshore	DK	B19	2025-03-03 12:12:11	100	864.5836700	
Monthly Domestic Values	12	2024	Wind Onshore	DK	B19	2025-03-03 12:12:11	100	1212.2908200	
Monthly Domestic Values	1	2024	Biomass	EE	B01	2025-03-03 12:12:11	100	55.8313000	
Monthly Domestic Values	2	2024	Biomass	EE	B01	2025-03-03 12:12:11	100	46.1153000	
Monthly Domestic Values	3	2024	Biomass	EE	B01	2025-03-03 12:12:11	100	41.7100000	
Monthly Domestic Values	4	2024	Biomass	EE	B01	2025-03-03 12:12:11	100	31.2445000	
Monthly Domestic Values	5	2024	Biomass	EE	B01	2025-03-03 12:12:11	100	31.4169000	
Monthly Domestic Values	6	2024	Biomass	EE	B01	2025-03-03 12:12:11	100	34.5011000	
Monthly Domestic Values	7	2024	Biomass	EE	B01	2025-03-03 12:12:11	100	20.8187000	
Monthly Domestic Values	8	2024	Biomass	EE	B01	2025-03-03 12:12:11	100	21.8868000	
Monthly Domestic Values	9	2024	Biomass	EE	B01	2025-03-03 12:12:11	100	16.2825000	
Monthly Domestic Values	10	2024	Biomass	EE	B01	2025-03-03 12:12:11	100	35.3158000	
Monthly Domestic Values	11	2024	Biomass	EE	B01	2025-03-03 12:12:11	100	42.6632000	
Monthly Domestic Values	12	2024	Biomass	EE	B01	2025-03-03 12:12:11	100	55.6160000	
Monthly Domestic Values	1	2024	Fossil Coal-derived gas	EE	B03	2025-03-03 12:12:11	100	22.5398000	
Monthly Domestic Values	2	2024	Fossil Coal-derived gas	EE	B03	2025-03-03 12:12:11	100	25.4747000	
Monthly Domestic Values	3	2024	Fossil Coal-derived gas	EE	B03	2025-03-03 12:12:11	100	44.9172000	
Monthly Domestic Values	4	2024	Fossil Coal-derived gas	EE	B03	2025-03-03 12:12:11	100	42.9649000	
Monthly Domestic Values	5	2024	Fossil Coal-derived gas	EE	B03	2025-03-03 12:12:11	100	38.6101000	
Monthly Domestic Values	6	2024	Fossil Coal-derived gas	EE	B03	2025-03-03 12:12:11	100	45.9432000	
Monthly Domestic Values	7	2024	Fossil Coal-derived gas	EE	B03	2025-03-03 12:12:11	100	40.5265000	
Monthly Domestic Values	8	2024	Fossil Coal-derived gas	EE	B03	2025-03-03 12:12:11	100	47.1652000	
Monthly Domestic Values	9	2024	Fossil Coal-derived gas	EE	B03	2025-03-03 12:12:11	100	42.3943000	
Monthly Domestic Values	10	2024	Fossil Coal-derived gas	EE	B03	2025-03-03 12:12:11	100	39.2920000	
Monthly Domestic Values	11	2024	Fossil Coal-derived gas	EE	B03	2025-03-03 12:12:11	100	40.8864000	
Monthly Domestic Values	12	2024	Fossil Coal-derived gas	EE	B03	2025-03-03 12:12:11	100	44.3176000	
Monthly Domestic Values	1	2024	Fossil Gas	EE	B04	2025-03-03 12:12:11	100	4.4202000	
Monthly Domestic Values	2	2024	Fossil Gas	EE	B04	2025-03-03 12:12:11	100	3.0467000	
Monthly Domestic Values	3	2024	Fossil Gas	EE	B04	2025-03-03 12:12:11	100	4.6665000	
Monthly Domestic Values	4	2024	Fossil Gas	EE	B04	2025-03-03 12:12:11	100	3.6578000	
Monthly Domestic Values	5	2024	Fossil Gas	EE	B04	2025-03-03 12:12:11	100	1.0483000	
Monthly Domestic Values	6	2024	Fossil Gas	EE	B04	2025-03-03 12:12:11	100	1.7587000	
Monthly Domestic Values	7	2024	Fossil Gas	EE	B04	2025-03-03 12:12:11	100	1.5578000	
Monthly Domestic Values	8	2024	Fossil Gas	EE	B04	2025-03-03 12:12:11	100	1.9341000	
Monthly Domestic Values	9	2024	Fossil Gas	EE	B04	2025-03-03 12:12:11	100	1.4630000	
Monthly Domestic Values	10	2024	Fossil Gas	EE	B04	2025-03-03 12:12:11	100	3.4657000	
Monthly Domestic Values	11	2024	Fossil Gas	EE	B04	2025-03-03 12:12:11	100	3.8682000	
Monthly Domestic Values	12	2024	Fossil Gas	EE	B04	2025-03-03 12:12:11	100	3.8152000	
Monthly Domestic Values	1	2024	Fossil Oil shale	EE	B07	2025-03-03 12:12:11	100	315.0073000	
Monthly Domestic Values	2	2024	Fossil Oil shale	EE	B07	2025-03-03 12:12:11	100	185.0514000	
Monthly Domestic Values	3	2024	Fossil Oil shale	EE	B07	2025-03-03 12:12:11	100	161.1797000	
Monthly Domestic Values	4	2024	Fossil Oil shale	EE	B07	2025-03-03 12:12:11	100	98.6770000	
Monthly Domestic Values	5	2024	Fossil Oil shale	EE	B07	2025-03-03 12:12:11	100	123.5980000	
Monthly Domestic Values	6	2024	Fossil Oil shale	EE	B07	2025-03-03 12:12:11	100	121.9659000	
Monthly Domestic Values	7	2024	Fossil Oil shale	EE	B07	2025-03-03 12:12:11	100	110.4547000	
Monthly Domestic Values	8	2024	Fossil Oil shale	EE	B07	2025-03-03 12:12:11	100	66.4821000	
Monthly Domestic Values	9	2024	Fossil Oil shale	EE	B07	2025-03-03 12:12:11	100	126.9170000	
Monthly Domestic Values	10	2024	Fossil Oil shale	EE	B07	2025-03-03 12:12:11	100	118.0089000	
Monthly Domestic Values	11	2024	Fossil Oil shale	EE	B07	2025-03-03 12:12:11	100	118.1401000	
Monthly Domestic Values	12	2024	Fossil Oil shale	EE	B07	2025-03-03 12:12:11	100	150.9118000	
Monthly Domestic Values	1	2024	Fossil Peat	EE	B08	2025-03-03 12:12:11	100	0.0000000	
Monthly Domestic Values	2	2024	Fossil Peat	EE	B08	2025-03-03 12:12:11	100	0.0000000	
Monthly Domestic Values	3	2024	Fossil Peat	EE	B08	2025-03-03 12:12:11	100	0.0000000	
Monthly Domestic Values	4	2024	Fossil Peat	EE	B08	2025-03-03 12:12:11	100	0.0000000	
Monthly Domestic Values	5	2024	Fossil Peat	EE	B08	2025-03-03 12:12:11	100	0.0000000	
Monthly Domestic Values	6	2024	Fossil Peat	EE	B08	2025-03-03 12:12:11	100	0.0000000	
Monthly Domestic Values	7	2024	Fossil Peat	EE	B08	2025-03-03 12:12:11	100	0.0000000	
Monthly Domestic Values	8	2024	Fossil Peat	EE	B08	2025-03-03 12:12:11	100	0.0000000	
Monthly Domestic Values	9	2024	Fossil Peat	EE	B08	2025-03-03 12:12:11	100	0.0000000	
Monthly Domestic Values	10	2024	Fossil Peat	EE	B08	2025-03-03 12:12:11	100	0.0000000	
Monthly Domestic Values	11	2024	Fossil Peat	EE	B08	2025-03-03 12:12:11	100	0.0000000	
Monthly Domestic Values	12	2024	Fossil Peat	EE	B08	2025-03-03 12:12:11	100	0.0000000	
Monthly Domestic Values	1	2024	Hydro Run-of-river and poundage	EE	B11	2025-03-03 12:12:11	100	0.4570000	
Monthly Domestic Values	2	2024	Hydro Run-of-river and poundage	EE	B11	2025-03-03 12:12:11	100	0.5977000	
Monthly Domestic Values	3	2024	Hydro Run-of-river and poundage	EE	B11	2025-03-03 12:12:11	100	0.8585000	
Monthly Domestic Values	4	2024	Hydro Run-of-river and poundage	EE	B11	2025-03-03 12:12:11	100	0.8628000	
Monthly Domestic Values	5	2024	Hydro Run-of-river and poundage	EE	B11	2025-03-03 12:12:11	100	0.4560000	
Monthly Domestic Values	6	2024	Hydro Run-of-river and poundage	EE	B11	2025-03-03 12:12:11	100	0.1133000	
Monthly Domestic Values	7	2024	Hydro Run-of-river and poundage	EE	B11	2025-03-03 12:12:11	100	0.0294000	
Monthly Domestic Values	8	2024	Hydro Run-of-river and poundage	EE	B11	2025-03-03 12:12:11	100	0.3462000	
Monthly Domestic Values	9	2024	Hydro Run-of-river and poundage	EE	B11	2025-03-03 12:12:11	100	0.2994000	
Monthly Domestic Values	10	2024	Hydro Run-of-river and poundage	EE	B11	2025-03-03 12:12:11	100	0.4585000	
Monthly Domestic Values	11	2024	Hydro Run-of-river and poundage	EE	B11	2025-03-03 12:12:11	100	0.8313000	
Monthly Domestic Values	12	2024	Hydro Run-of-river and poundage	EE	B11	2025-03-03 12:12:11	100	0.8647000	
Monthly Domestic Values	1	2024	Other	EE	B20	2025-03-03 12:12:11	100	0.0000000	
Monthly Domestic Values	2	2024	Other	EE	B20	2025-03-03 12:12:11	100	0.0000000	
Monthly Domestic Values	3	2024	Other	EE	B20	2025-03-03 12:12:11	100	0.0000000	
Monthly Domestic Values	4	2024	Other	EE	B20	2025-03-03 12:12:11	100	0.0000000	
Monthly Domestic Values	5	2024	Other	EE	B20	2025-03-03 12:12:11	100	0.0000000	
Monthly Domestic Values	6	2024	Other	EE	B20	2025-03-03 12:12:11	100	0.0000000	
Monthly Domestic Values	7	2024	Other	EE	B20	2025-03-03 12:12:11	100	0.0000000	
Monthly Domestic Values	8	2024	Other	EE	B20	2025-03-03 12:12:11	100	0.0000000	
Monthly Domestic Values	9	2024	Other	EE	B20	2025-03-03 12:12:11	100	0.0000000	
Monthly Domestic Values	10	2024	Other	EE	B20	2025-03-03 12:12:11	100	0.0000000	
Monthly Domestic Values	11	2024	Other	EE	B20	2025-03-03 12:12:11	100	0.0000000	
Monthly Domestic Values	12	2024	Other	EE	B20	2025-03-03 12:12:11	100	0.0000000	
Monthly Domestic Values	1	2024	Other renewable	EE	B15	2025-03-03 12:12:11	100	0.4464000	
Monthly Domestic Values	2	2024	Other renewable	EE	B15	2025-03-03 12:12:11	100	0.4170000	
Monthly Domestic Values	3	2024	Other renewable	EE	B15	2025-03-03 12:12:11	100	0.4464000	
Monthly Domestic Values	4	2024	Other renewable	EE	B15	2025-03-03 12:12:11	100	0.4320000	
Monthly Domestic Values	5	2024	Other renewable	EE	B15	2025-03-03 12:12:11	100	0.4464000	
Monthly Domestic Values	6	2024	Other renewable	EE	B15	2025-03-03 12:12:11	100	0.0618000	
Monthly Domestic Values	7	2024	Other renewable	EE	B15	2025-03-03 12:12:11	100	0.0000000	
Monthly Domestic Values	8	2024	Other renewable	EE	B15	2025-03-03 12:12:11	100	0.0000000	
Monthly Domestic Values	9	2024	Other renewable	EE	B15	2025-03-03 12:12:11	100	0.0000000	
Monthly Domestic Values	10	2024	Other renewable	EE	B15	2025-03-03 12:12:11	100	0.0000000	
Monthly Domestic Values	11	2024	Other renewable	EE	B15	2025-03-03 12:12:11	100	0.1164000	
Monthly Domestic Values	12	2024	Other renewable	EE	B15	2025-03-03 12:12:11	100	0.0783000	
Monthly Domestic Values	1	2024	Solar	EE	B16	2025-03-03 12:12:11	100	4.4329000	
Monthly Domestic Values	2	2024	Solar	EE	B16	2025-03-03 12:12:11	100	19.1924000	
Monthly Domestic Values	3	2024	Solar	EE	B16	2025-03-03 12:12:11	100	64.0072000	
Monthly Domestic Values	4	2024	Solar	EE	B16	2025-03-03 12:12:11	100	82.3862000	
Monthly Domestic Values	5	2024	Solar	EE	B16	2025-03-03 12:12:11	100	183.1541000	
Monthly Domestic Values	6	2024	Solar	EE	B16	2025-03-03 12:12:11	100	162.6874400	
Monthly Domestic Values	7	2024	Solar	EE	B16	2025-03-03 12:12:11	100	139.5696000	
Monthly Domestic Values	8	2024	Solar	EE	B16	2025-03-03 12:12:11	100	137.5152000	
Monthly Domestic Values	9	2024	Solar	EE	B16	2025-03-03 12:12:11	100	120.9152000	
Monthly Domestic Values	10	2024	Solar	EE	B16	2025-03-03 12:12:11	100	62.7576000	
Monthly Domestic Values	11	2024	Solar	EE	B16	2025-03-03 12:12:11	100	10.8595000	
Monthly Domestic Values	12	2024	Solar	EE	B16	2025-03-03 12:12:11	100	4.8574000	
Monthly Domestic Values	1	2024	Waste	EE	B17	2025-03-03 12:12:11	100	8.8226000	
Monthly Domestic Values	2	2024	Waste	EE	B17	2025-03-03 12:12:11	100	10.6393000	
Monthly Domestic Values	3	2024	Waste	EE	B17	2025-03-03 12:12:11	100	10.8270000	
Monthly Domestic Values	4	2024	Waste	EE	B17	2025-03-03 12:12:11	100	9.6257000	
Monthly Domestic Values	5	2024	Waste	EE	B17	2025-03-03 12:12:11	100	12.0383000	
Monthly Domestic Values	6	2024	Waste	EE	B17	2025-03-03 12:12:11	100	9.8114000	
Monthly Domestic Values	7	2024	Waste	EE	B17	2025-03-03 12:12:11	100	2.3603000	
Monthly Domestic Values	8	2024	Waste	EE	B17	2025-03-03 12:12:11	100	7.6458000	
Monthly Domestic Values	9	2024	Waste	EE	B17	2025-03-03 12:12:11	100	12.0173000	
Monthly Domestic Values	10	2024	Waste	EE	B17	2025-03-03 12:12:11	100	10.3585000	
Monthly Domestic Values	11	2024	Waste	EE	B17	2025-03-03 12:12:11	100	11.6697000	
Monthly Domestic Values	12	2024	Waste	EE	B17	2025-03-03 12:12:11	100	10.5828000	
Monthly Domestic Values	1	2024	Wind Onshore	EE	B19	2025-03-03 12:12:11	100	122.3453000	
Monthly Domestic Values	2	2024	Wind Onshore	EE	B19	2025-03-03 12:12:11	100	91.5594000	
Monthly Domestic Values	3	2024	Wind Onshore	EE	B19	2025-03-03 12:12:11	100	75.9052000	
Monthly Domestic Values	4	2024	Wind Onshore	EE	B19	2025-03-03 12:12:11	100	85.7092000	
Monthly Domestic Values	5	2024	Wind Onshore	EE	B19	2025-03-03 12:12:11	100	48.8482000	
Monthly Domestic Values	6	2024	Wind Onshore	EE	B19	2025-03-03 12:12:11	100	46.7878000	
Monthly Domestic Values	7	2024	Wind Onshore	EE	B19	2025-03-03 12:12:11	100	53.0510000	
Monthly Domestic Values	8	2024	Wind Onshore	EE	B19	2025-03-03 12:12:11	100	56.3723000	
Monthly Domestic Values	9	2024	Wind Onshore	EE	B19	2025-03-03 12:12:11	100	71.8571000	
Monthly Domestic Values	10	2024	Wind Onshore	EE	B19	2025-03-03 12:12:11	100	135.7191000	
Monthly Domestic Values	11	2024	Wind Onshore	EE	B19	2025-03-03 12:12:11	100	171.4079000	
Monthly Domestic Values	12	2024	Wind Onshore	EE	B19	2025-03-03 12:12:11	100	201.2858000	
Monthly Domestic Values	1	2024	Biomass	ES	B01	2025-03-03 12:12:11	100	259.6030000	
Monthly Domestic Values	2	2024	Biomass	ES	B01	2025-03-03 12:12:11	100	225.7640000	
Monthly Domestic Values	3	2024	Biomass	ES	B01	2025-03-03 12:12:11	100	285.3720000	
Monthly Domestic Values	4	2024	Biomass	ES	B01	2025-03-03 12:12:11	100	287.7040000	
Monthly Domestic Values	5	2024	Biomass	ES	B01	2025-03-03 12:12:11	100	292.4000000	
Monthly Domestic Values	6	2024	Biomass	ES	B01	2025-03-03 12:12:11	100	311.0720000	
Monthly Domestic Values	7	2024	Biomass	ES	B01	2025-03-03 12:12:11	100	339.5400000	
Monthly Domestic Values	8	2024	Biomass	ES	B01	2025-03-03 12:12:11	100	301.5500000	
Monthly Domestic Values	9	2024	Biomass	ES	B01	2025-03-03 12:12:11	100	267.8430000	
Monthly Domestic Values	10	2024	Biomass	ES	B01	2025-03-03 12:12:11	100	249.1830000	
Monthly Domestic Values	11	2024	Biomass	ES	B01	2025-03-03 12:12:11	100	287.6100000	
Monthly Domestic Values	12	2024	Biomass	ES	B01	2025-03-03 12:12:11	100	323.2040000	
Monthly Domestic Values	1	2024	Consumption of Hydro Pumped Storage	ES	(B10)	2025-03-03 12:19:25	100	735.6030000	
Monthly Domestic Values	2	2024	Consumption of Hydro Pumped Storage	ES	(B10)	2025-03-03 12:19:25	100	864.0550000	
Monthly Domestic Values	3	2024	Consumption of Hydro Pumped Storage	ES	(B10)	2025-03-03 12:19:25	100	1086.8080000	
Monthly Domestic Values	4	2024	Consumption of Hydro Pumped Storage	ES	(B10)	2025-03-03 12:19:25	100	740.1520000	
Monthly Domestic Values	5	2024	Consumption of Hydro Pumped Storage	ES	(B10)	2025-03-03 12:19:25	100	997.0540000	
Monthly Domestic Values	6	2024	Consumption of Hydro Pumped Storage	ES	(B10)	2025-03-03 12:19:25	100	819.6190000	
Monthly Domestic Values	7	2024	Consumption of Hydro Pumped Storage	ES	(B10)	2025-03-03 12:19:25	100	676.1520000	
Monthly Domestic Values	8	2024	Consumption of Hydro Pumped Storage	ES	(B10)	2025-03-03 12:19:25	100	693.0920000	
Monthly Domestic Values	9	2024	Consumption of Hydro Pumped Storage	ES	(B10)	2025-03-03 12:19:25	100	725.5520000	
Monthly Domestic Values	10	2024	Consumption of Hydro Pumped Storage	ES	(B10)	2025-03-03 12:19:25	100	534.2590000	
Monthly Domestic Values	11	2024	Consumption of Hydro Pumped Storage	ES	(B10)	2025-03-03 12:19:25	100	448.2260000	
Monthly Domestic Values	12	2024	Consumption of Hydro Pumped Storage	ES	(B10)	2025-03-03 12:19:25	100	589.7470000	
Monthly Domestic Values	1	2024	Fossil Brown coal/Lignite	ES	B02	2025-03-03 12:12:11	100	0.0000000	
Monthly Domestic Values	2	2024	Fossil Brown coal/Lignite	ES	B02	2025-03-03 12:12:11	100	0.0000000	
Monthly Domestic Values	3	2024	Fossil Brown coal/Lignite	ES	B02	2025-03-03 12:12:11	100	0.0000000	
Monthly Domestic Values	4	2024	Fossil Brown coal/Lignite	ES	B02	2025-03-03 12:12:11	100	0.0000000	
Monthly Domestic Values	5	2024	Fossil Brown coal/Lignite	ES	B02	2025-03-03 12:12:11	100	0.0000000	
Monthly Domestic Values	6	2024	Fossil Brown coal/Lignite	ES	B02	2025-03-03 12:12:11	100	0.0000000	
Monthly Domestic Values	7	2024	Fossil Brown coal/Lignite	ES	B02	2025-03-03 12:12:11	100	0.0000000	
Monthly Domestic Values	8	2024	Fossil Brown coal/Lignite	ES	B02	2025-03-03 12:12:11	100	0.0000000	
Monthly Domestic Values	9	2024	Fossil Brown coal/Lignite	ES	B02	2025-03-03 12:12:11	100	0.0000000	
Monthly Domestic Values	10	2024	Fossil Brown coal/Lignite	ES	B02	2025-03-03 12:12:11	100	0.0000000	
Monthly Domestic Values	11	2024	Fossil Brown coal/Lignite	ES	B02	2025-03-03 12:12:11	100	0.0000000	
Monthly Domestic Values	12	2024	Fossil Brown coal/Lignite	ES	B02	2025-03-03 12:12:11	100	0.0000000	
Monthly Domestic Values	1	2024	Fossil Coal-derived gas	ES	B03	2025-03-03 12:12:11	100	0.0000000	
Monthly Domestic Values	2	2024	Fossil Coal-derived gas	ES	B03	2025-03-03 12:12:11	100	0.0000000	
Monthly Domestic Values	3	2024	Fossil Coal-derived gas	ES	B03	2025-03-03 12:12:11	100	0.0000000	
Monthly Domestic Values	4	2024	Fossil Coal-derived gas	ES	B03	2025-03-03 12:12:11	100	0.0000000	
Monthly Domestic Values	5	2024	Fossil Coal-derived gas	ES	B03	2025-03-03 12:12:11	100	0.0000000	
Monthly Domestic Values	6	2024	Fossil Coal-derived gas	ES	B03	2025-03-03 12:12:11	100	0.0000000	
Monthly Domestic Values	7	2024	Fossil Coal-derived gas	ES	B03	2025-03-03 12:12:11	100	0.0000000	
Monthly Domestic Values	8	2024	Fossil Coal-derived gas	ES	B03	2025-03-03 12:12:11	100	0.0000000	
Monthly Domestic Values	9	2024	Fossil Coal-derived gas	ES	B03	2025-03-03 12:12:11	100	0.0000000	
Monthly Domestic Values	10	2024	Fossil Coal-derived gas	ES	B03	2025-03-03 12:12:11	100	0.0000000	
Monthly Domestic Values	11	2024	Fossil Coal-derived gas	ES	B03	2025-03-03 12:12:11	100	0.0000000	
Monthly Domestic Values	12	2024	Fossil Coal-derived gas	ES	B03	2025-03-03 12:12:11	100	0.0000000	
Monthly Domestic Values	1	2024	Fossil Gas	ES	B04	2025-03-03 12:12:11	100	4127.7530000	
Monthly Domestic Values	2	2024	Fossil Gas	ES	B04	2025-03-03 12:12:11	100	2723.6870000	
Monthly Domestic Values	3	2024	Fossil Gas	ES	B04	2025-03-03 12:12:11	100	2604.2210000	
Monthly Domestic Values	4	2024	Fossil Gas	ES	B04	2025-03-03 12:12:11	100	2296.7500000	
Monthly Domestic Values	5	2024	Fossil Gas	ES	B04	2025-03-03 12:12:11	100	2592.6070000	
Monthly Domestic Values	6	2024	Fossil Gas	ES	B04	2025-03-03 12:12:11	100	2802.2830000	
Monthly Domestic Values	7	2024	Fossil Gas	ES	B04	2025-03-03 12:12:11	100	3942.5710000	
Monthly Domestic Values	8	2024	Fossil Gas	ES	B04	2025-03-03 12:12:11	100	4116.7220000	
Monthly Domestic Values	9	2024	Fossil Gas	ES	B04	2025-03-03 12:12:11	100	3423.5800000	
Monthly Domestic Values	10	2024	Fossil Gas	ES	B04	2025-03-03 12:12:11	100	3285.7150000	
Monthly Domestic Values	11	2024	Fossil Gas	ES	B04	2025-03-03 12:12:11	100	4753.6560000	
Monthly Domestic Values	12	2024	Fossil Gas	ES	B04	2025-03-03 12:12:11	100	5747.5700000	
Monthly Domestic Values	1	2024	Fossil Hard coal	ES	B05	2025-03-03 12:12:11	100	274.6210000	
Monthly Domestic Values	2	2024	Fossil Hard coal	ES	B05	2025-03-03 12:12:11	100	212.1790000	
Monthly Domestic Values	3	2024	Fossil Hard coal	ES	B05	2025-03-03 12:12:11	100	215.6340000	
Monthly Domestic Values	4	2024	Fossil Hard coal	ES	B05	2025-03-03 12:12:11	100	220.9410000	
Monthly Domestic Values	5	2024	Fossil Hard coal	ES	B05	2025-03-03 12:12:11	100	215.3190000	
Monthly Domestic Values	6	2024	Fossil Hard coal	ES	B05	2025-03-03 12:12:11	100	191.7590000	
Monthly Domestic Values	7	2024	Fossil Hard coal	ES	B05	2025-03-03 12:12:11	100	210.9710000	
Monthly Domestic Values	8	2024	Fossil Hard coal	ES	B05	2025-03-03 12:12:11	100	225.0670000	
Monthly Domestic Values	9	2024	Fossil Hard coal	ES	B05	2025-03-03 12:12:11	100	301.9760000	
Monthly Domestic Values	10	2024	Fossil Hard coal	ES	B05	2025-03-03 12:12:11	100	307.6050000	
Monthly Domestic Values	11	2024	Fossil Hard coal	ES	B05	2025-03-03 12:12:11	100	287.1850000	
Monthly Domestic Values	12	2024	Fossil Hard coal	ES	B05	2025-03-03 12:12:11	100	314.7530000	
Monthly Domestic Values	1	2024	Fossil Oil	ES	B06	2025-03-03 12:12:11	100	45.6100000	
Monthly Domestic Values	2	2024	Fossil Oil	ES	B06	2025-03-03 12:12:11	100	30.9930000	
Monthly Domestic Values	3	2024	Fossil Oil	ES	B06	2025-03-03 12:12:11	100	26.9910000	
Monthly Domestic Values	4	2024	Fossil Oil	ES	B06	2025-03-03 12:12:11	100	27.1160000	
Monthly Domestic Values	5	2024	Fossil Oil	ES	B06	2025-03-03 12:12:11	100	32.6880000	
Monthly Domestic Values	6	2024	Fossil Oil	ES	B06	2025-03-03 12:12:11	100	33.0440000	
Monthly Domestic Values	7	2024	Fossil Oil	ES	B06	2025-03-03 12:12:11	100	24.6190000	
Monthly Domestic Values	8	2024	Fossil Oil	ES	B06	2025-03-03 12:12:11	100	17.1320000	
Monthly Domestic Values	9	2024	Fossil Oil	ES	B06	2025-03-03 12:12:11	100	16.3880000	
Monthly Domestic Values	10	2024	Fossil Oil	ES	B06	2025-03-03 12:12:11	100	18.9160000	
Monthly Domestic Values	11	2024	Fossil Oil	ES	B06	2025-03-03 12:12:11	100	17.2050000	
Monthly Domestic Values	12	2024	Fossil Oil	ES	B06	2025-03-03 12:12:11	100	15.9770000	
Monthly Domestic Values	1	2024	Fossil Oil shale	ES	B07	2025-03-03 12:12:11	100	0.0000000	
Monthly Domestic Values	2	2024	Fossil Oil shale	ES	B07	2025-03-03 12:12:11	100	0.0000000	
Monthly Domestic Values	3	2024	Fossil Oil shale	ES	B07	2025-03-03 12:12:11	100	0.0000000	
Monthly Domestic Values	4	2024	Fossil Oil shale	ES	B07	2025-03-03 12:12:11	100	0.0000000	
Monthly Domestic Values	5	2024	Fossil Oil shale	ES	B07	2025-03-03 12:12:11	100	0.0000000	
Monthly Domestic Values	6	2024	Fossil Oil shale	ES	B07	2025-03-03 12:12:11	100	0.0000000	
Monthly Domestic Values	7	2024	Fossil Oil shale	ES	B07	2025-03-03 12:12:11	100	0.0000000	
Monthly Domestic Values	8	2024	Fossil Oil shale	ES	B07	2025-03-03 12:12:11	100	0.0000000	
Monthly Domestic Values	9	2024	Fossil Oil shale	ES	B07	2025-03-03 12:12:11	100	0.0000000	
Monthly Domestic Values	10	2024	Fossil Oil shale	ES	B07	2025-03-03 12:12:11	100	0.0000000	
Monthly Domestic Values	11	2024	Fossil Oil shale	ES	B07	2025-03-03 12:12:11	100	0.0000000	
Monthly Domestic Values	12	2024	Fossil Oil shale	ES	B07	2025-03-03 12:12:11	100	0.0000000	
Monthly Domestic Values	1	2024	Fossil Peat	ES	B08	2025-03-03 12:12:11	100	0.0000000	
Monthly Domestic Values	2	2024	Fossil Peat	ES	B08	2025-03-03 12:12:11	100	0.0000000	
Monthly Domestic Values	3	2024	Fossil Peat	ES	B08	2025-03-03 12:12:11	100	0.0000000	
Monthly Domestic Values	4	2024	Fossil Peat	ES	B08	2025-03-03 12:12:11	100	0.0000000	
Monthly Domestic Values	5	2024	Fossil Peat	ES	B08	2025-03-03 12:12:11	100	0.0000000	
Monthly Domestic Values	6	2024	Fossil Peat	ES	B08	2025-03-03 12:12:11	100	0.0000000	
Monthly Domestic Values	7	2024	Fossil Peat	ES	B08	2025-03-03 12:12:11	100	0.0000000	
Monthly Domestic Values	8	2024	Fossil Peat	ES	B08	2025-03-03 12:12:11	100	0.0000000	
Monthly Domestic Values	9	2024	Fossil Peat	ES	B08	2025-03-03 12:12:11	100	0.0000000	
Monthly Domestic Values	10	2024	Fossil Peat	ES	B08	2025-03-03 12:12:11	100	0.0000000	
Monthly Domestic Values	11	2024	Fossil Peat	ES	B08	2025-03-03 12:12:11	100	0.0000000	
Monthly Domestic Values	12	2024	Fossil Peat	ES	B08	2025-03-03 12:12:11	100	0.0000000	
Monthly Domestic Values	1	2024	Geothermal	ES	B09	2025-03-03 12:12:11	100	0.0000000	
Monthly Domestic Values	2	2024	Geothermal	ES	B09	2025-03-03 12:12:11	100	0.0000000	
Monthly Domestic Values	3	2024	Geothermal	ES	B09	2025-03-03 12:12:11	100	0.0000000	
Monthly Domestic Values	4	2024	Geothermal	ES	B09	2025-03-03 12:12:11	100	0.0000000	
Monthly Domestic Values	5	2024	Geothermal	ES	B09	2025-03-03 12:12:11	100	0.0000000	
Monthly Domestic Values	6	2024	Geothermal	ES	B09	2025-03-03 12:12:11	100	0.0000000	
Monthly Domestic Values	7	2024	Geothermal	ES	B09	2025-03-03 12:12:11	100	0.0000000	
Monthly Domestic Values	8	2024	Geothermal	ES	B09	2025-03-03 12:12:11	100	0.0000000	
Monthly Domestic Values	9	2024	Geothermal	ES	B09	2025-03-03 12:12:11	100	0.0000000	
Monthly Domestic Values	10	2024	Geothermal	ES	B09	2025-03-03 12:12:11	100	0.0000000	
Monthly Domestic Values	11	2024	Geothermal	ES	B09	2025-03-03 12:12:11	100	0.0000000	
Monthly Domestic Values	12	2024	Geothermal	ES	B09	2025-03-03 12:12:11	100	0.0000000	
Monthly Domestic Values	1	2024	Hydro Pumped Storage	ES	B10	2025-03-03 12:12:11	100	732.4520000	
Monthly Domestic Values	2	2024	Hydro Pumped Storage	ES	B10	2025-03-03 12:12:11	100	683.8810000	
Monthly Domestic Values	3	2024	Hydro Pumped Storage	ES	B10	2025-03-03 12:12:11	100	778.0080000	
Monthly Domestic Values	4	2024	Hydro Pumped Storage	ES	B10	2025-03-03 12:12:11	100	767.4460000	
Monthly Domestic Values	5	2024	Hydro Pumped Storage	ES	B10	2025-03-03 12:12:11	100	746.9920000	
Monthly Domestic Values	6	2024	Hydro Pumped Storage	ES	B10	2025-03-03 12:12:11	100	727.5360000	
Monthly Domestic Values	7	2024	Hydro Pumped Storage	ES	B10	2025-03-03 12:12:11	100	752.9710000	
Monthly Domestic Values	8	2024	Hydro Pumped Storage	ES	B10	2025-03-03 12:12:11	100	664.7640000	
Monthly Domestic Values	9	2024	Hydro Pumped Storage	ES	B10	2025-03-03 12:12:11	100	556.3910000	
Monthly Domestic Values	10	2024	Hydro Pumped Storage	ES	B10	2025-03-03 12:12:11	100	542.7390000	
Monthly Domestic Values	11	2024	Hydro Pumped Storage	ES	B10	2025-03-03 12:12:11	100	589.8520000	
Monthly Domestic Values	12	2024	Hydro Pumped Storage	ES	B10	2025-03-03 12:12:11	100	512.1950000	
Monthly Domestic Values	1	2024	Hydro Run-of-river and poundage	ES	B11	2025-03-03 12:12:11	100	833.0840000	
Monthly Domestic Values	2	2024	Hydro Run-of-river and poundage	ES	B11	2025-03-03 12:12:11	100	706.3420000	
Monthly Domestic Values	3	2024	Hydro Run-of-river and poundage	ES	B11	2025-03-03 12:12:11	100	1054.4050000	
Monthly Domestic Values	4	2024	Hydro Run-of-river and poundage	ES	B11	2025-03-03 12:12:11	100	899.4330000	
Monthly Domestic Values	5	2024	Hydro Run-of-river and poundage	ES	B11	2025-03-03 12:12:11	100	952.5460000	
Monthly Domestic Values	6	2024	Hydro Run-of-river and poundage	ES	B11	2025-03-03 12:12:11	100	727.6630000	
Monthly Domestic Values	7	2024	Hydro Run-of-river and poundage	ES	B11	2025-03-03 12:12:11	100	552.3280000	
Monthly Domestic Values	8	2024	Hydro Run-of-river and poundage	ES	B11	2025-03-03 12:12:11	100	435.8670000	
Monthly Domestic Values	9	2024	Hydro Run-of-river and poundage	ES	B11	2025-03-03 12:12:11	100	471.1670000	
Monthly Domestic Values	10	2024	Hydro Run-of-river and poundage	ES	B11	2025-03-03 12:12:11	100	773.8100000	
Monthly Domestic Values	11	2024	Hydro Run-of-river and poundage	ES	B11	2025-03-03 12:12:11	100	677.2890000	
Monthly Domestic Values	12	2024	Hydro Run-of-river and poundage	ES	B11	2025-03-03 12:12:11	100	729.0130000	
Monthly Domestic Values	1	2024	Hydro Water Reservoir	ES	B12	2025-03-03 12:12:11	100	2808.0500000	
Monthly Domestic Values	2	2024	Hydro Water Reservoir	ES	B12	2025-03-03 12:12:11	100	2171.7630000	
Monthly Domestic Values	3	2024	Hydro Water Reservoir	ES	B12	2025-03-03 12:12:11	100	3442.9640000	
Monthly Domestic Values	4	2024	Hydro Water Reservoir	ES	B12	2025-03-03 12:12:11	100	2794.9100000	
Monthly Domestic Values	5	2024	Hydro Water Reservoir	ES	B12	2025-03-03 12:12:11	100	1839.3990000	
Monthly Domestic Values	6	2024	Hydro Water Reservoir	ES	B12	2025-03-03 12:12:11	100	1438.9820000	
Monthly Domestic Values	7	2024	Hydro Water Reservoir	ES	B12	2025-03-03 12:12:11	100	1283.2460000	
Monthly Domestic Values	8	2024	Hydro Water Reservoir	ES	B12	2025-03-03 12:12:11	100	1121.7620000	
Monthly Domestic Values	9	2024	Hydro Water Reservoir	ES	B12	2025-03-03 12:12:11	100	1049.0970000	
Monthly Domestic Values	10	2024	Hydro Water Reservoir	ES	B12	2025-03-03 12:12:11	100	1876.5970000	
Monthly Domestic Values	11	2024	Hydro Water Reservoir	ES	B12	2025-03-03 12:12:11	100	1675.4880000	
Monthly Domestic Values	12	2024	Hydro Water Reservoir	ES	B12	2025-03-03 12:12:11	100	1564.4530000	
Monthly Domestic Values	1	2024	Marine	ES	B13	2025-03-03 12:12:11	100	0.0000000	
Monthly Domestic Values	2	2024	Marine	ES	B13	2025-03-03 12:12:11	100	0.0000000	
Monthly Domestic Values	3	2024	Marine	ES	B13	2025-03-03 12:12:11	100	0.0000000	
Monthly Domestic Values	4	2024	Marine	ES	B13	2025-03-03 12:12:11	100	0.0000000	
Monthly Domestic Values	5	2024	Marine	ES	B13	2025-03-03 12:12:11	100	0.0000000	
Monthly Domestic Values	6	2024	Marine	ES	B13	2025-03-03 12:12:11	100	0.0000000	
Monthly Domestic Values	7	2024	Marine	ES	B13	2025-03-03 12:12:11	100	0.0000000	
Monthly Domestic Values	8	2024	Marine	ES	B13	2025-03-03 12:12:11	100	0.0000000	
Monthly Domestic Values	9	2024	Marine	ES	B13	2025-03-03 12:12:11	100	0.0000000	
Monthly Domestic Values	10	2024	Marine	ES	B13	2025-03-03 12:12:11	100	0.0000000	
Monthly Domestic Values	11	2024	Marine	ES	B13	2025-03-03 12:12:11	100	0.0000000	
Monthly Domestic Values	12	2024	Marine	ES	B13	2025-03-03 12:12:11	100	0.0000000	
Monthly Domestic Values	1	2024	Nuclear	ES	B14	2025-03-03 12:12:11	100	5154.4310000	
Monthly Domestic Values	2	2024	Nuclear	ES	B14	2025-03-03 12:12:11	100	4499.5020000	
Monthly Domestic Values	3	2024	Nuclear	ES	B14	2025-03-03 12:12:11	100	3512.4120000	
Monthly Domestic Values	4	2024	Nuclear	ES	B14	2025-03-03 12:12:11	100	3525.1360000	
Monthly Domestic Values	5	2024	Nuclear	ES	B14	2025-03-03 12:12:11	100	3541.6270000	
Monthly Domestic Values	6	2024	Nuclear	ES	B14	2025-03-03 12:12:11	100	4367.8370000	
Monthly Domestic Values	7	2024	Nuclear	ES	B14	2025-03-03 12:12:11	100	5077.2410000	
Monthly Domestic Values	8	2024	Nuclear	ES	B14	2025-03-03 12:12:11	100	5124.8460000	
Monthly Domestic Values	9	2024	Nuclear	ES	B14	2025-03-03 12:12:11	100	5015.1360000	
Monthly Domestic Values	10	2024	Nuclear	ES	B14	2025-03-03 12:12:11	100	4622.0910000	
Monthly Domestic Values	11	2024	Nuclear	ES	B14	2025-03-03 12:12:11	100	3629.1420000	
Monthly Domestic Values	12	2024	Nuclear	ES	B14	2025-03-03 12:12:11	100	4247.8930000	
Monthly Domestic Values	1	2024	Other	ES	B20	2025-03-03 12:12:11	100	6.6840000	
Monthly Domestic Values	2	2024	Other	ES	B20	2025-03-03 12:12:11	100	5.8140000	
Monthly Domestic Values	3	2024	Other	ES	B20	2025-03-03 12:12:11	100	7.6830000	
Monthly Domestic Values	4	2024	Other	ES	B20	2025-03-03 12:12:11	100	6.0390000	
Monthly Domestic Values	5	2024	Other	ES	B20	2025-03-03 12:12:11	100	4.5290000	
Monthly Domestic Values	6	2024	Other	ES	B20	2025-03-03 12:12:11	100	5.1800000	
Monthly Domestic Values	7	2024	Other	ES	B20	2025-03-03 12:12:11	100	22.9630000	
Monthly Domestic Values	8	2024	Other	ES	B20	2025-03-03 12:12:11	100	37.9560000	
Monthly Domestic Values	9	2024	Other	ES	B20	2025-03-03 12:12:11	100	30.2370000	
Monthly Domestic Values	10	2024	Other	ES	B20	2025-03-03 12:12:11	100	35.9340000	
Monthly Domestic Values	11	2024	Other	ES	B20	2025-03-03 12:12:11	100	16.2490000	
Monthly Domestic Values	12	2024	Other	ES	B20	2025-03-03 12:12:11	100	13.0610000	
Monthly Domestic Values	1	2024	Other renewable	ES	B15	2025-03-03 12:12:11	100	60.8680000	
Monthly Domestic Values	2	2024	Other renewable	ES	B15	2025-03-03 12:12:11	100	58.4220000	
Monthly Domestic Values	3	2024	Other renewable	ES	B15	2025-03-03 12:12:11	100	58.4630000	
Monthly Domestic Values	4	2024	Other renewable	ES	B15	2025-03-03 12:12:11	100	53.6950000	
Monthly Domestic Values	5	2024	Other renewable	ES	B15	2025-03-03 12:12:11	100	56.3310000	
Monthly Domestic Values	6	2024	Other renewable	ES	B15	2025-03-03 12:12:11	100	51.8150000	
Monthly Domestic Values	7	2024	Other renewable	ES	B15	2025-03-03 12:12:11	100	53.6120000	
Monthly Domestic Values	8	2024	Other renewable	ES	B15	2025-03-03 12:12:11	100	50.3340000	
Monthly Domestic Values	9	2024	Other renewable	ES	B15	2025-03-03 12:12:11	100	49.6910000	
Monthly Domestic Values	10	2024	Other renewable	ES	B15	2025-03-03 12:12:11	100	57.5410000	
Monthly Domestic Values	11	2024	Other renewable	ES	B15	2025-03-03 12:12:11	100	53.1500000	
Monthly Domestic Values	12	2024	Other renewable	ES	B15	2025-03-03 12:12:11	100	56.0410000	
Monthly Domestic Values	1	2024	Solar	ES	B16	2025-03-03 12:12:11	100	1929.8150000	
Monthly Domestic Values	2	2024	Solar	ES	B16	2025-03-03 12:12:11	100	2617.4810000	
Monthly Domestic Values	3	2024	Solar	ES	B16	2025-03-03 12:12:11	100	3083.2360000	
Monthly Domestic Values	4	2024	Solar	ES	B16	2025-03-03 12:12:11	100	4285.0660000	
Monthly Domestic Values	5	2024	Solar	ES	B16	2025-03-03 12:12:11	100	5622.2060000	
Monthly Domestic Values	6	2024	Solar	ES	B16	2025-03-03 12:12:11	100	5147.5360000	
Monthly Domestic Values	7	2024	Solar	ES	B16	2025-03-03 12:12:11	100	6422.2440000	
Monthly Domestic Values	8	2024	Solar	ES	B16	2025-03-03 12:12:11	100	5945.6710000	
Monthly Domestic Values	9	2024	Solar	ES	B16	2025-03-03 12:12:11	100	4569.2200000	
Monthly Domestic Values	10	2024	Solar	ES	B16	2025-03-03 12:12:11	100	2839.1480000	
Monthly Domestic Values	11	2024	Solar	ES	B16	2025-03-03 12:12:11	100	2352.8610000	
Monthly Domestic Values	12	2024	Solar	ES	B16	2025-03-03 12:12:11	100	2495.9930000	
Monthly Domestic Values	1	2024	Waste	ES	B17	2025-03-03 12:12:11	100	171.3600000	
Monthly Domestic Values	2	2024	Waste	ES	B17	2025-03-03 12:12:11	100	159.6500000	
Monthly Domestic Values	3	2024	Waste	ES	B17	2025-03-03 12:12:11	100	142.0480000	
Monthly Domestic Values	4	2024	Waste	ES	B17	2025-03-03 12:12:11	100	111.1710000	
Monthly Domestic Values	5	2024	Waste	ES	B17	2025-03-03 12:12:11	100	162.4800000	
Monthly Domestic Values	6	2024	Waste	ES	B17	2025-03-03 12:12:11	100	179.9290000	
Monthly Domestic Values	7	2024	Waste	ES	B17	2025-03-03 12:12:11	100	193.8890000	
Monthly Domestic Values	8	2024	Waste	ES	B17	2025-03-03 12:12:11	100	176.8220000	
Monthly Domestic Values	9	2024	Waste	ES	B17	2025-03-03 12:12:11	100	130.6640000	
Monthly Domestic Values	10	2024	Waste	ES	B17	2025-03-03 12:12:11	100	127.2730000	
Monthly Domestic Values	11	2024	Waste	ES	B17	2025-03-03 12:12:11	100	149.4000000	
Monthly Domestic Values	12	2024	Waste	ES	B17	2025-03-03 12:12:11	100	145.5130000	
Monthly Domestic Values	1	2024	Wind Offshore	ES	B18	2025-03-03 12:12:11	100	0.0000000	
Monthly Domestic Values	2	2024	Wind Offshore	ES	B18	2025-03-03 12:12:11	100	0.0000000	
Monthly Domestic Values	3	2024	Wind Offshore	ES	B18	2025-03-03 12:12:11	100	0.0000000	
Monthly Domestic Values	4	2024	Wind Offshore	ES	B18	2025-03-03 12:12:11	100	0.0000000	
Monthly Domestic Values	5	2024	Wind Offshore	ES	B18	2025-03-03 12:12:11	100	0.0000000	
Monthly Domestic Values	6	2024	Wind Offshore	ES	B18	2025-03-03 12:12:11	100	0.0000000	
Monthly Domestic Values	7	2024	Wind Offshore	ES	B18	2025-03-03 12:12:11	100	0.0000000	
Monthly Domestic Values	8	2024	Wind Offshore	ES	B18	2025-03-03 12:12:11	100	0.0000000	
Monthly Domestic Values	9	2024	Wind Offshore	ES	B18	2025-03-03 12:12:11	100	0.0000000	
Monthly Domestic Values	10	2024	Wind Offshore	ES	B18	2025-03-03 12:12:11	100	0.0000000	
Monthly Domestic Values	11	2024	Wind Offshore	ES	B18	2025-03-03 12:12:11	100	0.0000000	
Monthly Domestic Values	12	2024	Wind Offshore	ES	B18	2025-03-03 12:12:11	100	0.0000000	
Monthly Domestic Values	1	2024	Wind Onshore	ES	B19	2025-03-03 12:12:11	100	5650.2090000	
Monthly Domestic Values	2	2024	Wind Onshore	ES	B19	2025-03-03 12:12:11	100	6723.5880000	
Monthly Domestic Values	3	2024	Wind Onshore	ES	B19	2025-03-03 12:12:11	100	5897.2080000	
Monthly Domestic Values	4	2024	Wind Onshore	ES	B19	2025-03-03 12:12:11	100	4512.9320000	
Monthly Domestic Values	5	2024	Wind Onshore	ES	B19	2025-03-03 12:12:11	100	4125.0600000	
Monthly Domestic Values	6	2024	Wind Onshore	ES	B19	2025-03-03 12:12:11	100	4285.4210000	
Monthly Domestic Values	7	2024	Wind Onshore	ES	B19	2025-03-03 12:12:11	100	4068.8910000	
Monthly Domestic Values	8	2024	Wind Onshore	ES	B19	2025-03-03 12:12:11	100	3725.1570000	
Monthly Domestic Values	9	2024	Wind Onshore	ES	B19	2025-03-03 12:12:11	100	4468.0410000	
Monthly Domestic Values	10	2024	Wind Onshore	ES	B19	2025-03-03 12:12:11	100	5565.8560000	
Monthly Domestic Values	11	2024	Wind Onshore	ES	B19	2025-03-03 12:12:11	100	4796.6950000	
Monthly Domestic Values	12	2024	Wind Onshore	ES	B19	2025-03-03 12:12:11	100	5148.7310000	
Monthly Domestic Values	1	2024	Biomass	FI	B01	2025-03-03 12:12:11	100	560.8182900	
Monthly Domestic Values	2	2024	Biomass	FI	B01	2025-03-03 12:12:11	100	464.9976775	
Monthly Domestic Values	3	2024	Biomass	FI	B01	2025-03-03 12:12:11	100	391.4046400	
Monthly Domestic Values	4	2024	Biomass	FI	B01	2025-03-03 12:12:11	100	321.6139475	
Monthly Domestic Values	5	2024	Biomass	FI	B01	2025-03-03 12:12:11	100	386.7360100	
Monthly Domestic Values	6	2024	Biomass	FI	B01	2025-03-03 12:12:11	100	482.9358850	
Monthly Domestic Values	7	2024	Biomass	FI	B01	2025-03-03 12:12:11	100	561.2858325	
Monthly Domestic Values	8	2024	Biomass	FI	B01	2025-03-03 12:12:11	100	550.1734950	
Monthly Domestic Values	9	2024	Biomass	FI	B01	2025-03-03 12:12:11	100	481.9929600	
Monthly Domestic Values	10	2024	Biomass	FI	B01	2025-03-03 12:12:11	100	566.7726025	
Monthly Domestic Values	11	2024	Biomass	FI	B01	2025-03-03 12:12:11	100	730.6244200	
Monthly Domestic Values	12	2024	Biomass	FI	B01	2025-03-03 12:12:11	100	840.3917100	
Monthly Domestic Values	1	2024	Fossil Gas	FI	B04	2025-03-03 12:12:11	100	257.4642225	
Monthly Domestic Values	2	2024	Fossil Gas	FI	B04	2025-03-03 12:12:11	100	200.9928950	
Monthly Domestic Values	3	2024	Fossil Gas	FI	B04	2025-03-03 12:12:11	100	206.4081900	
Monthly Domestic Values	4	2024	Fossil Gas	FI	B04	2025-03-03 12:12:11	100	147.8053625	
Monthly Domestic Values	5	2024	Fossil Gas	FI	B04	2025-03-03 12:12:11	100	48.7519975	
Monthly Domestic Values	6	2024	Fossil Gas	FI	B04	2025-03-03 12:12:11	100	40.2335875	
Monthly Domestic Values	7	2024	Fossil Gas	FI	B04	2025-03-03 12:12:11	100	28.3561075	
Monthly Domestic Values	8	2024	Fossil Gas	FI	B04	2025-03-03 12:12:11	100	23.1606175	
Monthly Domestic Values	9	2024	Fossil Gas	FI	B04	2025-03-03 12:12:11	100	37.9940475	
Monthly Domestic Values	10	2024	Fossil Gas	FI	B04	2025-03-03 12:12:11	100	66.5576425	
Monthly Domestic Values	11	2024	Fossil Gas	FI	B04	2025-03-03 12:12:11	100	82.7447575	
Monthly Domestic Values	12	2024	Fossil Gas	FI	B04	2025-03-03 12:12:11	100	92.0363350	
Monthly Domestic Values	1	2024	Fossil Hard coal	FI	B05	2025-03-03 12:12:11	100	281.3501825	
Monthly Domestic Values	2	2024	Fossil Hard coal	FI	B05	2025-03-03 12:12:11	100	170.5691250	
Monthly Domestic Values	3	2024	Fossil Hard coal	FI	B05	2025-03-03 12:12:11	100	185.0081550	
Monthly Domestic Values	4	2024	Fossil Hard coal	FI	B05	2025-03-03 12:12:11	100	141.4166950	
Monthly Domestic Values	5	2024	Fossil Hard coal	FI	B05	2025-03-03 12:12:11	100	47.2556175	
Monthly Domestic Values	6	2024	Fossil Hard coal	FI	B05	2025-03-03 12:12:11	100	3.6779550	
Monthly Domestic Values	7	2024	Fossil Hard coal	FI	B05	2025-03-03 12:12:11	100	8.0444375	
Monthly Domestic Values	8	2024	Fossil Hard coal	FI	B05	2025-03-03 12:12:11	100	0.0000000	
Monthly Domestic Values	9	2024	Fossil Hard coal	FI	B05	2025-03-03 12:12:11	100	3.4293275	
Monthly Domestic Values	10	2024	Fossil Hard coal	FI	B05	2025-03-03 12:12:11	100	12.3730550	
Monthly Domestic Values	11	2024	Fossil Hard coal	FI	B05	2025-03-03 12:12:11	100	103.7113225	
Monthly Domestic Values	12	2024	Fossil Hard coal	FI	B05	2025-03-03 12:12:11	100	107.2154400	
Monthly Domestic Values	1	2024	Fossil Oil	FI	B06	2025-03-03 12:12:11	100	0.8199875	
Monthly Domestic Values	2	2024	Fossil Oil	FI	B06	2025-03-03 12:12:11	100	0.9708200	
Monthly Domestic Values	3	2024	Fossil Oil	FI	B06	2025-03-03 12:12:11	100	0.5982775	
Monthly Domestic Values	4	2024	Fossil Oil	FI	B06	2025-03-03 12:12:11	100	0.4858250	
Monthly Domestic Values	5	2024	Fossil Oil	FI	B06	2025-03-03 12:12:11	100	0.3652650	
Monthly Domestic Values	6	2024	Fossil Oil	FI	B06	2025-03-03 12:12:11	100	0.6497700	
Monthly Domestic Values	7	2024	Fossil Oil	FI	B06	2025-03-03 12:12:11	100	0.6878250	
Monthly Domestic Values	8	2024	Fossil Oil	FI	B06	2025-03-03 12:12:11	100	0.5393800	
Monthly Domestic Values	9	2024	Fossil Oil	FI	B06	2025-03-03 12:12:11	100	0.3409175	
Monthly Domestic Values	10	2024	Fossil Oil	FI	B06	2025-03-03 12:12:11	100	0.5177100	
Monthly Domestic Values	11	2024	Fossil Oil	FI	B06	2025-03-03 12:12:11	100	0.4311975	
Monthly Domestic Values	12	2024	Fossil Oil	FI	B06	2025-03-03 12:12:11	100	0.3168675	
Monthly Domestic Values	1	2024	Fossil Peat	FI	B08	2025-03-03 12:12:11	100	430.4488225	
Monthly Domestic Values	2	2024	Fossil Peat	FI	B08	2025-03-03 12:12:11	100	289.6828025	
Monthly Domestic Values	3	2024	Fossil Peat	FI	B08	2025-03-03 12:12:11	100	253.7865600	
Monthly Domestic Values	4	2024	Fossil Peat	FI	B08	2025-03-03 12:12:11	100	239.0916500	
Monthly Domestic Values	5	2024	Fossil Peat	FI	B08	2025-03-03 12:12:11	100	124.4070250	
Monthly Domestic Values	6	2024	Fossil Peat	FI	B08	2025-03-03 12:12:11	100	21.8246650	
Monthly Domestic Values	7	2024	Fossil Peat	FI	B08	2025-03-03 12:12:11	100	13.8245575	
Monthly Domestic Values	8	2024	Fossil Peat	FI	B08	2025-03-03 12:12:11	100	17.6205025	
Monthly Domestic Values	9	2024	Fossil Peat	FI	B08	2025-03-03 12:12:11	100	35.3524975	
Monthly Domestic Values	10	2024	Fossil Peat	FI	B08	2025-03-03 12:12:11	100	89.2963775	
Monthly Domestic Values	11	2024	Fossil Peat	FI	B08	2025-03-03 12:12:11	100	138.7683075	
Monthly Domestic Values	12	2024	Fossil Peat	FI	B08	2025-03-03 12:12:11	100	182.3955000	
Monthly Domestic Values	1	2024	Hydro Run-of-river and poundage	FI	B11	2025-03-03 12:12:11	100	1230.5310375	
Monthly Domestic Values	2	2024	Hydro Run-of-river and poundage	FI	B11	2025-03-03 12:12:11	100	1082.0290450	
Monthly Domestic Values	3	2024	Hydro Run-of-river and poundage	FI	B11	2025-03-03 12:12:11	100	1234.2318050	
Monthly Domestic Values	4	2024	Hydro Run-of-river and poundage	FI	B11	2025-03-03 12:12:11	100	1230.8077275	
Monthly Domestic Values	5	2024	Hydro Run-of-river and poundage	FI	B11	2025-03-03 12:12:11	100	1486.2768000	
Monthly Domestic Values	6	2024	Hydro Run-of-river and poundage	FI	B11	2025-03-03 12:12:11	100	1325.9603075	
Monthly Domestic Values	7	2024	Hydro Run-of-river and poundage	FI	B11	2025-03-03 12:12:11	100	1172.1618350	
Monthly Domestic Values	8	2024	Hydro Run-of-river and poundage	FI	B11	2025-03-03 12:12:11	100	760.0300350	
Monthly Domestic Values	9	2024	Hydro Run-of-river and poundage	FI	B11	2025-03-03 12:12:11	100	974.5485550	
Monthly Domestic Values	10	2024	Hydro Run-of-river and poundage	FI	B11	2025-03-03 12:12:11	100	1049.5738650	
Monthly Domestic Values	11	2024	Hydro Run-of-river and poundage	FI	B11	2025-03-03 12:12:11	100	995.3834425	
Monthly Domestic Values	12	2024	Hydro Run-of-river and poundage	FI	B11	2025-03-03 12:12:11	100	1022.4136325	
Monthly Domestic Values	1	2024	Nuclear	FI	B14	2025-03-03 12:12:11	100	3235.9466500	
Monthly Domestic Values	2	2024	Nuclear	FI	B14	2025-03-03 12:12:11	100	2976.6311500	
Monthly Domestic Values	3	2024	Nuclear	FI	B14	2025-03-03 12:12:11	100	2114.2236000	
Monthly Domestic Values	4	2024	Nuclear	FI	B14	2025-03-03 12:12:11	100	1943.5906500	
Monthly Domestic Values	5	2024	Nuclear	FI	B14	2025-03-03 12:12:11	100	1918.5455000	
Monthly Domestic Values	6	2024	Nuclear	FI	B14	2025-03-03 12:12:11	100	2507.9429250	
Monthly Domestic Values	7	2024	Nuclear	FI	B14	2025-03-03 12:12:11	100	3050.2839500	
Monthly Domestic Values	8	2024	Nuclear	FI	B14	2025-03-03 12:12:11	100	2660.2560500	
Monthly Domestic Values	9	2024	Nuclear	FI	B14	2025-03-03 12:12:11	100	2204.6514250	
Monthly Domestic Values	10	2024	Nuclear	FI	B14	2025-03-03 12:12:11	100	2721.1051000	
Monthly Domestic Values	11	2024	Nuclear	FI	B14	2025-03-03 12:12:11	100	2732.7157250	
Monthly Domestic Values	12	2024	Nuclear	FI	B14	2025-03-03 12:12:11	100	2995.2925500	
Monthly Domestic Values	1	2024	Other	FI	B20	2025-03-03 12:12:11	100	126.4443800	
Monthly Domestic Values	2	2024	Other	FI	B20	2025-03-03 12:12:11	100	86.7789550	
Monthly Domestic Values	3	2024	Other	FI	B20	2025-03-03 12:12:11	100	61.2108975	
Monthly Domestic Values	4	2024	Other	FI	B20	2025-03-03 12:12:11	100	53.2884525	
Monthly Domestic Values	5	2024	Other	FI	B20	2025-03-03 12:12:11	100	53.7300725	
Monthly Domestic Values	6	2024	Other	FI	B20	2025-03-03 12:12:11	100	99.4466600	
Monthly Domestic Values	7	2024	Other	FI	B20	2025-03-03 12:12:11	100	92.7865025	
Monthly Domestic Values	8	2024	Other	FI	B20	2025-03-03 12:12:11	100	171.3642825	
Monthly Domestic Values	9	2024	Other	FI	B20	2025-03-03 12:12:11	100	162.8756375	
Monthly Domestic Values	10	2024	Other	FI	B20	2025-03-03 12:12:11	100	170.4110475	
Monthly Domestic Values	11	2024	Other	FI	B20	2025-03-03 12:12:11	100	165.4897350	
Monthly Domestic Values	12	2024	Other	FI	B20	2025-03-03 12:12:11	100	231.6959725	
Monthly Domestic Values	1	2024	Other renewable	FI	B15	2025-03-03 12:12:11	100	0.9142450	
Monthly Domestic Values	2	2024	Other renewable	FI	B15	2025-03-03 12:12:11	100	1.0157325	
Monthly Domestic Values	3	2024	Other renewable	FI	B15	2025-03-03 12:12:11	100	1.2462975	
Monthly Domestic Values	4	2024	Other renewable	FI	B15	2025-03-03 12:12:11	100	1.2778775	
Monthly Domestic Values	5	2024	Other renewable	FI	B15	2025-03-03 12:12:11	100	1.8442675	
Monthly Domestic Values	6	2024	Other renewable	FI	B15	2025-03-03 12:12:11	100	1.6416550	
Monthly Domestic Values	7	2024	Other renewable	FI	B15	2025-03-03 12:12:11	100	0.0030875	
Monthly Domestic Values	8	2024	Other renewable	FI	B15	2025-03-03 12:12:11	100	4.3219600	
Monthly Domestic Values	9	2024	Other renewable	FI	B15	2025-03-03 12:12:11	100	21.6646175	
Monthly Domestic Values	10	2024	Other renewable	FI	B15	2025-03-03 12:12:11	100	23.6155350	
Monthly Domestic Values	11	2024	Other renewable	FI	B15	2025-03-03 12:12:11	100	27.9423075	
Monthly Domestic Values	12	2024	Other renewable	FI	B15	2025-03-03 12:12:11	100	24.2528700	
Monthly Domestic Values	1	2024	Solar	FI	B16	2025-03-03 12:12:11	100	5.8989300	
Monthly Domestic Values	2	2024	Solar	FI	B16	2025-03-03 12:12:11	100	20.7117450	
Monthly Domestic Values	3	2024	Solar	FI	B16	2025-03-03 12:12:11	100	62.3603400	
Monthly Domestic Values	4	2024	Solar	FI	B16	2025-03-03 12:12:11	100	112.0652900	
Monthly Domestic Values	5	2024	Solar	FI	B16	2025-03-03 12:12:11	100	223.5685550	
Monthly Domestic Values	6	2024	Solar	FI	B16	2025-03-03 12:12:11	100	230.3209000	
Monthly Domestic Values	7	2024	Solar	FI	B16	2025-03-03 12:12:11	100	213.6867775	
Monthly Domestic Values	8	2024	Solar	FI	B16	2025-03-03 12:12:11	100	173.8216050	
Monthly Domestic Values	9	2024	Solar	FI	B16	2025-03-03 12:12:11	100	103.4740800	
Monthly Domestic Values	10	2024	Solar	FI	B16	2025-03-03 12:12:11	100	45.5378000	
Monthly Domestic Values	11	2024	Solar	FI	B16	2025-03-03 12:12:11	100	11.3203100	
Monthly Domestic Values	12	2024	Solar	FI	B16	2025-03-03 12:12:11	100	3.1656525	
Monthly Domestic Values	1	2024	Waste	FI	B17	2025-03-03 12:12:11	100	10.2562000	
Monthly Domestic Values	2	2024	Waste	FI	B17	2025-03-03 12:12:11	100	9.8195050	
Monthly Domestic Values	3	2024	Waste	FI	B17	2025-03-03 12:12:11	100	16.7741200	
Monthly Domestic Values	4	2024	Waste	FI	B17	2025-03-03 12:12:11	100	17.8264200	
Monthly Domestic Values	5	2024	Waste	FI	B17	2025-03-03 12:12:11	100	25.8044125	
Monthly Domestic Values	6	2024	Waste	FI	B17	2025-03-03 12:12:11	100	35.3268800	
Monthly Domestic Values	7	2024	Waste	FI	B17	2025-03-03 12:12:11	100	32.9864775	
Monthly Domestic Values	8	2024	Waste	FI	B17	2025-03-03 12:12:11	100	8.9319350	
Monthly Domestic Values	9	2024	Waste	FI	B17	2025-03-03 12:12:11	100	39.5459750	
Monthly Domestic Values	10	2024	Waste	FI	B17	2025-03-03 12:12:11	100	28.6276600	
Monthly Domestic Values	11	2024	Waste	FI	B17	2025-03-03 12:12:11	100	25.6512225	
Monthly Domestic Values	12	2024	Waste	FI	B17	2025-03-03 12:12:11	100	25.0438100	
Monthly Domestic Values	1	2024	Wind Onshore	FI	B19	2025-03-03 12:12:11	100	2093.1277100	
Monthly Domestic Values	2	2024	Wind Onshore	FI	B19	2025-03-03 12:12:11	100	1869.0009275	
Monthly Domestic Values	3	2024	Wind Onshore	FI	B19	2025-03-03 12:12:11	100	1211.9522725	
Monthly Domestic Values	4	2024	Wind Onshore	FI	B19	2025-03-03 12:12:11	100	1457.6563875	
Monthly Domestic Values	5	2024	Wind Onshore	FI	B19	2025-03-03 12:12:11	100	978.1561125	
Monthly Domestic Values	6	2024	Wind Onshore	FI	B19	2025-03-03 12:12:11	100	772.6191350	
Monthly Domestic Values	7	2024	Wind Onshore	FI	B19	2025-03-03 12:12:11	100	849.9599075	
Monthly Domestic Values	8	2024	Wind Onshore	FI	B19	2025-03-03 12:12:11	100	1350.6956625	
Monthly Domestic Values	9	2024	Wind Onshore	FI	B19	2025-03-03 12:12:11	100	1625.9942475	
Monthly Domestic Values	10	2024	Wind Onshore	FI	B19	2025-03-03 12:12:11	100	2258.3312525	
Monthly Domestic Values	11	2024	Wind Onshore	FI	B19	2025-03-03 12:12:11	100	2300.6048775	
Monthly Domestic Values	12	2024	Wind Onshore	FI	B19	2025-03-03 12:12:11	100	2692.6776675	
Monthly Domestic Values	1	2024	Biomass	FR	B01	2025-03-03 12:12:11	100	254.6590000	
Monthly Domestic Values	2	2024	Biomass	FR	B01	2025-03-03 12:12:11	100	241.2370000	
Monthly Domestic Values	3	2024	Biomass	FR	B01	2025-03-03 12:12:11	100	255.8000000	
Monthly Domestic Values	4	2024	Biomass	FR	B01	2025-03-03 12:12:11	100	258.8140000	
Monthly Domestic Values	5	2024	Biomass	FR	B01	2025-03-03 12:12:11	100	281.4160000	
Monthly Domestic Values	6	2024	Biomass	FR	B01	2025-03-03 12:12:11	100	250.6070000	
Monthly Domestic Values	7	2024	Biomass	FR	B01	2025-03-03 12:12:11	100	258.4600000	
Monthly Domestic Values	8	2024	Biomass	FR	B01	2025-03-03 12:12:11	100	265.0340000	
Monthly Domestic Values	9	2024	Biomass	FR	B01	2025-03-03 12:12:11	100	261.3810000	
Monthly Domestic Values	10	2024	Biomass	FR	B01	2025-03-03 12:12:11	100	247.3470000	
Monthly Domestic Values	11	2024	Biomass	FR	B01	2025-03-03 12:12:11	100	262.7720000	
Monthly Domestic Values	12	2024	Biomass	FR	B01	2025-03-03 12:12:11	100	263.1013550	
Monthly Domestic Values	12	2024	Consumption of Fossil Hard coal	FR	(B05)	2025-03-03 12:19:25	100	0.1407025	
Monthly Domestic Values	1	2024	Consumption of Hydro Pumped Storage	FR	(B10)	2025-03-03 12:19:25	100	416.2110000	
Monthly Domestic Values	2	2024	Consumption of Hydro Pumped Storage	FR	(B10)	2025-03-03 12:19:25	100	512.2030000	
Monthly Domestic Values	3	2024	Consumption of Hydro Pumped Storage	FR	(B10)	2025-03-03 12:19:25	100	521.5220000	
Monthly Domestic Values	4	2024	Consumption of Hydro Pumped Storage	FR	(B10)	2025-03-03 12:19:25	100	642.4490000	
Monthly Domestic Values	5	2024	Consumption of Hydro Pumped Storage	FR	(B10)	2025-03-03 12:19:25	100	645.6670000	
Monthly Domestic Values	6	2024	Consumption of Hydro Pumped Storage	FR	(B10)	2025-03-03 12:19:25	100	373.7590000	
Monthly Domestic Values	7	2024	Consumption of Hydro Pumped Storage	FR	(B10)	2025-03-03 12:19:25	100	301.0540000	
Monthly Domestic Values	8	2024	Consumption of Hydro Pumped Storage	FR	(B10)	2025-03-03 12:19:25	100	559.8720000	
Monthly Domestic Values	9	2024	Consumption of Hydro Pumped Storage	FR	(B10)	2025-03-03 12:19:25	100	517.2950000	
Monthly Domestic Values	10	2024	Consumption of Hydro Pumped Storage	FR	(B10)	2025-03-03 12:19:25	100	531.8540000	
Monthly Domestic Values	11	2024	Consumption of Hydro Pumped Storage	FR	(B10)	2025-03-03 12:19:25	100	456.7290000	
Monthly Domestic Values	12	2024	Consumption of Hydro Pumped Storage	FR	(B10)	2025-03-03 12:19:25	100	585.0471800	
Monthly Domestic Values	12	2024	Consumption of Wind Offshore	FR	(B18)	2025-03-03 12:19:25	100	0.2049025	
Monthly Domestic Values	1	2024	Fossil Gas	FR	B04	2025-03-03 12:12:11	100	3527.9530000	
Monthly Domestic Values	2	2024	Fossil Gas	FR	B04	2025-03-03 12:12:11	100	2359.7210000	
Monthly Domestic Values	3	2024	Fossil Gas	FR	B04	2025-03-03 12:12:11	100	2324.5240000	
Monthly Domestic Values	4	2024	Fossil Gas	FR	B04	2025-03-03 12:12:11	100	600.8920000	
Monthly Domestic Values	5	2024	Fossil Gas	FR	B04	2025-03-03 12:12:11	100	369.9060000	
Monthly Domestic Values	6	2024	Fossil Gas	FR	B04	2025-03-03 12:12:11	100	396.5600000	
Monthly Domestic Values	7	2024	Fossil Gas	FR	B04	2025-03-03 12:12:11	100	576.9290000	
Monthly Domestic Values	8	2024	Fossil Gas	FR	B04	2025-03-03 12:12:11	100	623.2020000	
Monthly Domestic Values	9	2024	Fossil Gas	FR	B04	2025-03-03 12:12:11	100	672.8580000	
Monthly Domestic Values	10	2024	Fossil Gas	FR	B04	2025-03-03 12:12:11	100	639.6320000	
Monthly Domestic Values	11	2024	Fossil Gas	FR	B04	2025-03-03 12:12:11	100	2617.2740000	
Monthly Domestic Values	12	2024	Fossil Gas	FR	B04	2025-03-03 12:12:11	100	2513.0809650	
Monthly Domestic Values	1	2024	Fossil Hard coal	FR	B05	2025-03-03 12:12:11	100	120.5200000	
Monthly Domestic Values	2	2024	Fossil Hard coal	FR	B05	2025-03-03 12:12:11	100	103.6760000	
Monthly Domestic Values	3	2024	Fossil Hard coal	FR	B05	2025-03-03 12:12:11	100	6.5610000	
Monthly Domestic Values	4	2024	Fossil Hard coal	FR	B05	2025-03-03 12:12:11	100	0.0000000	
Monthly Domestic Values	5	2024	Fossil Hard coal	FR	B05	2025-03-03 12:12:11	100	0.0000000	
Monthly Domestic Values	6	2024	Fossil Hard coal	FR	B05	2025-03-03 12:12:11	100	0.0000000	
Monthly Domestic Values	7	2024	Fossil Hard coal	FR	B05	2025-03-03 12:12:11	100	0.0000000	
Monthly Domestic Values	8	2024	Fossil Hard coal	FR	B05	2025-03-03 12:12:11	100	0.0000000	
Monthly Domestic Values	9	2024	Fossil Hard coal	FR	B05	2025-03-03 12:12:11	100	80.7170000	
Monthly Domestic Values	10	2024	Fossil Hard coal	FR	B05	2025-03-03 12:12:11	100	27.2640000	
Monthly Domestic Values	11	2024	Fossil Hard coal	FR	B05	2025-03-03 12:12:11	100	150.0130000	
Monthly Domestic Values	12	2024	Fossil Hard coal	FR	B05	2025-03-03 12:12:11	100	114.2380000	
Monthly Domestic Values	1	2024	Fossil Oil	FR	B06	2025-03-03 12:12:11	100	159.7570000	
Monthly Domestic Values	2	2024	Fossil Oil	FR	B06	2025-03-03 12:12:11	100	169.2270000	
Monthly Domestic Values	3	2024	Fossil Oil	FR	B06	2025-03-03 12:12:11	100	154.9470000	
Monthly Domestic Values	4	2024	Fossil Oil	FR	B06	2025-03-03 12:12:11	100	109.4060000	
Monthly Domestic Values	5	2024	Fossil Oil	FR	B06	2025-03-03 12:12:11	100	95.9460000	
Monthly Domestic Values	6	2024	Fossil Oil	FR	B06	2025-03-03 12:12:11	100	112.7570000	
Monthly Domestic Values	7	2024	Fossil Oil	FR	B06	2025-03-03 12:12:11	100	114.2920000	
Monthly Domestic Values	8	2024	Fossil Oil	FR	B06	2025-03-03 12:12:11	100	98.0200000	
Monthly Domestic Values	9	2024	Fossil Oil	FR	B06	2025-03-03 12:12:11	100	89.0560000	
Monthly Domestic Values	10	2024	Fossil Oil	FR	B06	2025-03-03 12:12:11	100	84.6000000	
Monthly Domestic Values	11	2024	Fossil Oil	FR	B06	2025-03-03 12:12:11	100	97.4780000	
Monthly Domestic Values	12	2024	Fossil Oil	FR	B06	2025-03-03 12:12:11	100	107.9938075	
Monthly Domestic Values	1	2024	Hydro Pumped Storage	FR	B10	2025-03-03 12:12:11	100	723.8780000	
Monthly Domestic Values	2	2024	Hydro Pumped Storage	FR	B10	2025-03-03 12:12:11	100	577.4750000	
Monthly Domestic Values	3	2024	Hydro Pumped Storage	FR	B10	2025-03-03 12:12:11	100	642.7400000	
Monthly Domestic Values	4	2024	Hydro Pumped Storage	FR	B10	2025-03-03 12:12:11	100	592.8840000	
Monthly Domestic Values	5	2024	Hydro Pumped Storage	FR	B10	2025-03-03 12:12:11	100	666.1110000	
Monthly Domestic Values	6	2024	Hydro Pumped Storage	FR	B10	2025-03-03 12:12:11	100	508.0020000	
Monthly Domestic Values	7	2024	Hydro Pumped Storage	FR	B10	2025-03-03 12:12:11	100	514.9350000	
Monthly Domestic Values	8	2024	Hydro Pumped Storage	FR	B10	2025-03-03 12:12:11	100	417.5460000	
Monthly Domestic Values	9	2024	Hydro Pumped Storage	FR	B10	2025-03-03 12:12:11	100	403.2320000	
Monthly Domestic Values	10	2024	Hydro Pumped Storage	FR	B10	2025-03-03 12:12:11	100	612.1060000	
Monthly Domestic Values	11	2024	Hydro Pumped Storage	FR	B10	2025-03-03 12:12:11	100	525.8610000	
Monthly Domestic Values	12	2024	Hydro Pumped Storage	FR	B10	2025-03-03 12:12:11	100	744.3700275	
Monthly Domestic Values	1	2024	Hydro Run-of-river and poundage	FR	B11	2025-03-03 12:12:11	100	4446.1080000	
Monthly Domestic Values	2	2024	Hydro Run-of-river and poundage	FR	B11	2025-03-03 12:12:11	100	3751.0860000	
Monthly Domestic Values	3	2024	Hydro Run-of-river and poundage	FR	B11	2025-03-03 12:12:11	100	4439.8250000	
Monthly Domestic Values	4	2024	Hydro Run-of-river and poundage	FR	B11	2025-03-03 12:12:11	100	3960.6240000	
Monthly Domestic Values	5	2024	Hydro Run-of-river and poundage	FR	B11	2025-03-03 12:12:11	100	5043.1350000	
Monthly Domestic Values	6	2024	Hydro Run-of-river and poundage	FR	B11	2025-03-03 12:12:11	100	4305.0160000	
Monthly Domestic Values	7	2024	Hydro Run-of-river and poundage	FR	B11	2025-03-03 12:12:11	100	3870.2900000	
Monthly Domestic Values	8	2024	Hydro Run-of-river and poundage	FR	B11	2025-03-03 12:12:11	100	2701.4910000	
Monthly Domestic Values	9	2024	Hydro Run-of-river and poundage	FR	B11	2025-03-03 12:12:11	100	2580.3520000	
Monthly Domestic Values	10	2024	Hydro Run-of-river and poundage	FR	B11	2025-03-03 12:12:11	100	3790.7080000	
Monthly Domestic Values	11	2024	Hydro Run-of-river and poundage	FR	B11	2025-03-03 12:12:11	100	2946.8930000	
Monthly Domestic Values	12	2024	Hydro Run-of-river and poundage	FR	B11	2025-03-03 12:12:11	100	4053.4729900	
Monthly Domestic Values	1	2024	Hydro Water Reservoir	FR	B12	2025-03-03 12:12:11	100	2196.1860000	
Monthly Domestic Values	2	2024	Hydro Water Reservoir	FR	B12	2025-03-03 12:12:11	100	1612.9830000	
Monthly Domestic Values	3	2024	Hydro Water Reservoir	FR	B12	2025-03-03 12:12:11	100	1958.7230000	
Monthly Domestic Values	4	2024	Hydro Water Reservoir	FR	B12	2025-03-03 12:12:11	100	1150.3230000	
Monthly Domestic Values	5	2024	Hydro Water Reservoir	FR	B12	2025-03-03 12:12:11	100	1450.0880000	
Monthly Domestic Values	6	2024	Hydro Water Reservoir	FR	B12	2025-03-03 12:12:11	100	1390.8970000	
Monthly Domestic Values	7	2024	Hydro Water Reservoir	FR	B12	2025-03-03 12:12:11	100	1295.6330000	
Monthly Domestic Values	8	2024	Hydro Water Reservoir	FR	B12	2025-03-03 12:12:11	100	1003.3240000	
Monthly Domestic Values	9	2024	Hydro Water Reservoir	FR	B12	2025-03-03 12:12:11	100	791.6720000	
Monthly Domestic Values	10	2024	Hydro Water Reservoir	FR	B12	2025-03-03 12:12:11	100	1663.9080000	
Monthly Domestic Values	11	2024	Hydro Water Reservoir	FR	B12	2025-03-03 12:12:11	100	1367.7320000	
Monthly Domestic Values	12	2024	Hydro Water Reservoir	FR	B12	2025-03-03 12:12:11	100	1554.9196175	
Monthly Domestic Values	1	2024	Nuclear	FR	B14	2025-03-03 12:12:11	100	35801.5730000	
Monthly Domestic Values	2	2024	Nuclear	FR	B14	2025-03-03 12:12:11	100	30649.3960000	
Monthly Domestic Values	3	2024	Nuclear	FR	B14	2025-03-03 12:12:11	100	29831.6010000	
Monthly Domestic Values	4	2024	Nuclear	FR	B14	2025-03-03 12:12:11	100	26588.6510000	
Monthly Domestic Values	5	2024	Nuclear	FR	B14	2025-03-03 12:12:11	100	27694.9110000	
Monthly Domestic Values	6	2024	Nuclear	FR	B14	2025-03-03 12:12:11	100	26255.5990000	
Monthly Domestic Values	7	2024	Nuclear	FR	B14	2025-03-03 12:12:11	100	28436.5680000	
Monthly Domestic Values	8	2024	Nuclear	FR	B14	2025-03-03 12:12:11	100	28428.1090000	
Monthly Domestic Values	9	2024	Nuclear	FR	B14	2025-03-03 12:12:11	100	27285.2080000	
Monthly Domestic Values	10	2024	Nuclear	FR	B14	2025-03-03 12:12:11	100	29770.4370000	
Monthly Domestic Values	11	2024	Nuclear	FR	B14	2025-03-03 12:12:11	100	32827.8240000	
Monthly Domestic Values	12	2024	Nuclear	FR	B14	2025-03-03 12:12:11	100	36483.2815400	
Monthly Domestic Values	1	2024	Solar	FR	B16	2025-03-03 12:12:11	100	908.9530000	
Monthly Domestic Values	2	2024	Solar	FR	B16	2025-03-03 12:12:11	100	1080.7410000	
Monthly Domestic Values	3	2024	Solar	FR	B16	2025-03-03 12:12:11	100	1893.5260000	
Monthly Domestic Values	4	2024	Solar	FR	B16	2025-03-03 12:12:11	100	2283.6270000	
Monthly Domestic Values	5	2024	Solar	FR	B16	2025-03-03 12:12:11	100	2435.1800000	
Monthly Domestic Values	6	2024	Solar	FR	B16	2025-03-03 12:12:11	100	2700.0240000	
Monthly Domestic Values	7	2024	Solar	FR	B16	2025-03-03 12:12:11	100	3063.8740000	
Monthly Domestic Values	8	2024	Solar	FR	B16	2025-03-03 12:12:11	100	3100.1570000	
Monthly Domestic Values	9	2024	Solar	FR	B16	2025-03-03 12:12:11	100	2115.3470000	
Monthly Domestic Values	10	2024	Solar	FR	B16	2025-03-03 12:12:11	100	1631.6130000	
Monthly Domestic Values	11	2024	Solar	FR	B16	2025-03-03 12:12:11	100	1186.8400000	
Monthly Domestic Values	12	2024	Solar	FR	B16	2025-03-03 12:12:11	100	920.0369675	
Monthly Domestic Values	1	2024	Waste	FR	B17	2025-03-03 12:12:11	100	62.9820000	
Monthly Domestic Values	2	2024	Waste	FR	B17	2025-03-03 12:12:11	100	117.1460000	
Monthly Domestic Values	3	2024	Waste	FR	B17	2025-03-03 12:12:11	100	142.9840000	
Monthly Domestic Values	4	2024	Waste	FR	B17	2025-03-03 12:12:11	100	122.9980000	
Monthly Domestic Values	5	2024	Waste	FR	B17	2025-03-03 12:12:11	100	129.6850000	
Monthly Domestic Values	6	2024	Waste	FR	B17	2025-03-03 12:12:11	100	132.1270000	
Monthly Domestic Values	7	2024	Waste	FR	B17	2025-03-03 12:12:11	100	163.7600000	
Monthly Domestic Values	8	2024	Waste	FR	B17	2025-03-03 12:12:11	100	155.9440000	
Monthly Domestic Values	9	2024	Waste	FR	B17	2025-03-03 12:12:11	100	149.8800000	
Monthly Domestic Values	10	2024	Waste	FR	B17	2025-03-03 12:12:11	100	228.9440000	
Monthly Domestic Values	11	2024	Waste	FR	B17	2025-03-03 12:12:11	100	215.5500000	
Monthly Domestic Values	12	2024	Waste	FR	B17	2025-03-03 12:12:11	100	225.3594425	
Monthly Domestic Values	1	2024	Wind Offshore	FR	B18	2025-03-03 12:12:11	100	285.9720000	
Monthly Domestic Values	2	2024	Wind Offshore	FR	B18	2025-03-03 12:12:11	100	367.5350000	
Monthly Domestic Values	3	2024	Wind Offshore	FR	B18	2025-03-03 12:12:11	100	312.4570000	
Monthly Domestic Values	4	2024	Wind Offshore	FR	B18	2025-03-03 12:12:11	100	343.7690000	
Monthly Domestic Values	5	2024	Wind Offshore	FR	B18	2025-03-03 12:12:11	100	255.8190000	
Monthly Domestic Values	6	2024	Wind Offshore	FR	B18	2025-03-03 12:12:11	100	248.6940000	
Monthly Domestic Values	7	2024	Wind Offshore	FR	B18	2025-03-03 12:12:11	100	255.5690000	
Monthly Domestic Values	8	2024	Wind Offshore	FR	B18	2025-03-03 12:12:11	100	260.6020000	
Monthly Domestic Values	9	2024	Wind Offshore	FR	B18	2025-03-03 12:12:11	100	394.6540000	
Monthly Domestic Values	10	2024	Wind Offshore	FR	B18	2025-03-03 12:12:11	100	316.5870000	
Monthly Domestic Values	11	2024	Wind Offshore	FR	B18	2025-03-03 12:12:11	100	387.6880000	
Monthly Domestic Values	12	2024	Wind Offshore	FR	B18	2025-03-03 12:12:11	100	524.4732400	
Monthly Domestic Values	1	2024	Wind Onshore	FR	B19	2025-03-03 12:12:11	100	4944.6480000	
Monthly Domestic Values	2	2024	Wind Onshore	FR	B19	2025-03-03 12:12:11	100	5183.8940000	
Monthly Domestic Values	3	2024	Wind Onshore	FR	B19	2025-03-03 12:12:11	100	4069.9100000	
Monthly Domestic Values	4	2024	Wind Onshore	FR	B19	2025-03-03 12:12:11	100	3984.7040000	
Monthly Domestic Values	5	2024	Wind Onshore	FR	B19	2025-03-03 12:12:11	100	2372.8990000	
Monthly Domestic Values	6	2024	Wind Onshore	FR	B19	2025-03-03 12:12:11	100	2175.0630000	
Monthly Domestic Values	7	2024	Wind Onshore	FR	B19	2025-03-03 12:12:11	100	1950.4850000	
Monthly Domestic Values	8	2024	Wind Onshore	FR	B19	2025-03-03 12:12:11	100	2004.2710000	
Monthly Domestic Values	9	2024	Wind Onshore	FR	B19	2025-03-03 12:12:11	100	3673.5680000	
Monthly Domestic Values	10	2024	Wind Onshore	FR	B19	2025-03-03 12:12:11	100	3059.5280000	
Monthly Domestic Values	11	2024	Wind Onshore	FR	B19	2025-03-03 12:12:11	100	3710.5840000	
Monthly Domestic Values	12	2024	Wind Onshore	FR	B19	2025-03-03 12:12:11	100	4780.0897625	
Monthly Domestic Values	1	2024	Consumption of Wind Onshore	GB	(B19)	2025-03-03 12:19:25	100	234.1645250	
Monthly Domestic Values	2	2024	Consumption of Wind Onshore	GB	(B19)	2025-03-03 12:19:25	100	229.9216800	
Monthly Domestic Values	3	2024	Consumption of Wind Onshore	GB	(B19)	2025-03-03 12:19:25	100	235.6696300	
Monthly Domestic Values	4	2024	Consumption of Wind Onshore	GB	(B19)	2025-03-03 12:19:25	100	167.4610500	
Monthly Domestic Values	5	2024	Consumption of Wind Onshore	GB	(B19)	2025-03-03 12:19:25	100	118.3628350	
Monthly Domestic Values	6	2024	Consumption of Wind Onshore	GB	(B19)	2025-03-03 12:19:25	100	140.8920700	
Monthly Domestic Values	7	2024	Consumption of Wind Onshore	GB	(B19)	2025-03-03 12:19:25	100	92.4548350	
Monthly Domestic Values	8	2024	Consumption of Wind Onshore	GB	(B19)	2025-03-03 12:19:25	100	166.3912700	
Monthly Domestic Values	9	2024	Consumption of Wind Onshore	GB	(B19)	2025-03-03 12:19:25	100	119.2678850	
Monthly Domestic Values	10	2024	Consumption of Wind Onshore	GB	(B19)	2025-03-03 12:19:25	100	199.0366450	
Monthly Domestic Values	11	2024	Consumption of Wind Onshore	GB	(B19)	2025-03-03 12:19:25	100	159.6390250	
Monthly Domestic Values	12	2024	Consumption of Wind Onshore	GB	(B19)	2025-03-03 12:19:25	100	204.2830550	
Monthly Domestic Values	1	2024	Fossil Gas	GB	B04	2025-03-03 12:12:11	100	205.3391100	
Monthly Domestic Values	2	2024	Fossil Gas	GB	B04	2025-03-03 12:12:11	100	179.6037850	
Monthly Domestic Values	3	2024	Fossil Gas	GB	B04	2025-03-03 12:12:11	100	185.1880050	
Monthly Domestic Values	4	2024	Fossil Gas	GB	B04	2025-03-03 12:12:11	100	181.3371950	
Monthly Domestic Values	5	2024	Fossil Gas	GB	B04	2025-03-03 12:12:11	100	186.5676600	
Monthly Domestic Values	6	2024	Fossil Gas	GB	B04	2025-03-03 12:12:11	100	181.0175550	
Monthly Domestic Values	7	2024	Fossil Gas	GB	B04	2025-03-03 12:12:11	100	178.6780100	
Monthly Domestic Values	8	2024	Fossil Gas	GB	B04	2025-03-03 12:12:11	100	138.8698750	
Monthly Domestic Values	9	2024	Fossil Gas	GB	B04	2025-03-03 12:12:11	100	159.8663100	
Monthly Domestic Values	10	2024	Fossil Gas	GB	B04	2025-03-03 12:12:11	100	146.0583750	
Monthly Domestic Values	11	2024	Fossil Gas	GB	B04	2025-03-03 12:12:11	100	140.5447750	
Monthly Domestic Values	12	2024	Fossil Gas	GB	B04	2025-03-03 12:12:11	100	119.0642850	
Monthly Domestic Values	1	2024	Fossil Hard coal	GB	B05	2025-03-03 12:12:11	100	0.0000000	
Monthly Domestic Values	2	2024	Fossil Hard coal	GB	B05	2025-03-03 12:12:11	100	0.0000000	
Monthly Domestic Values	3	2024	Fossil Hard coal	GB	B05	2025-03-03 12:12:11	100	0.0000000	
Monthly Domestic Values	4	2024	Fossil Hard coal	GB	B05	2025-03-03 12:12:11	100	0.0000000	
Monthly Domestic Values	5	2024	Fossil Hard coal	GB	B05	2025-03-03 12:12:11	100	0.0000000	
Monthly Domestic Values	6	2024	Fossil Hard coal	GB	B05	2025-03-03 12:12:11	100	0.0000000	
Monthly Domestic Values	7	2024	Fossil Hard coal	GB	B05	2025-03-03 12:12:11	100	0.0000000	
Monthly Domestic Values	8	2024	Fossil Hard coal	GB	B05	2025-03-03 12:12:11	100	0.0000000	
Monthly Domestic Values	9	2024	Fossil Hard coal	GB	B05	2025-03-03 12:12:11	100	0.0000000	
Monthly Domestic Values	10	2024	Fossil Hard coal	GB	B05	2025-03-03 12:12:11	100	0.0000000	
Monthly Domestic Values	11	2024	Fossil Hard coal	GB	B05	2025-03-03 12:12:11	100	0.0000000	
Monthly Domestic Values	12	2024	Fossil Hard coal	GB	B05	2025-03-03 12:12:11	100	0.0000000	
Monthly Domestic Values	1	2024	Fossil Oil	GB	B06	2025-03-03 12:12:11	100	0.2217450	
Monthly Domestic Values	2	2024	Fossil Oil	GB	B06	2025-03-03 12:12:11	100	0.0660200	
Monthly Domestic Values	3	2024	Fossil Oil	GB	B06	2025-03-03 12:12:11	100	0.0745250	
Monthly Domestic Values	4	2024	Fossil Oil	GB	B06	2025-03-03 12:12:11	100	0.0752950	
Monthly Domestic Values	5	2024	Fossil Oil	GB	B06	2025-03-03 12:12:11	100	0.0358600	
Monthly Domestic Values	6	2024	Fossil Oil	GB	B06	2025-03-03 12:12:11	100	0.0516550	
Monthly Domestic Values	7	2024	Fossil Oil	GB	B06	2025-03-03 12:12:11	100	0.1332750	
Monthly Domestic Values	8	2024	Fossil Oil	GB	B06	2025-03-03 12:12:11	100	0.3834000	
Monthly Domestic Values	9	2024	Fossil Oil	GB	B06	2025-03-03 12:12:11	100	0.1205450	
Monthly Domestic Values	10	2024	Fossil Oil	GB	B06	2025-03-03 12:12:11	100	0.3431900	
Monthly Domestic Values	11	2024	Fossil Oil	GB	B06	2025-03-03 12:12:11	100	0.6480100	
Monthly Domestic Values	12	2024	Fossil Oil	GB	B06	2025-03-03 12:12:11	100	1.0735700	
Monthly Domestic Values	1	2024	Other	GB	B20	2025-03-03 12:12:11	100	0.0926950	
Monthly Domestic Values	2	2024	Other	GB	B20	2025-03-03 12:12:11	100	0.0178300	
Monthly Domestic Values	3	2024	Other	GB	B20	2025-03-03 12:12:11	100	0.0325950	
Monthly Domestic Values	4	2024	Other	GB	B20	2025-03-03 12:12:11	100	0.0241850	
Monthly Domestic Values	5	2024	Other	GB	B20	2025-03-03 12:12:11	100	0.0523300	
Monthly Domestic Values	6	2024	Other	GB	B20	2025-03-03 12:12:11	100	0.0236450	
Monthly Domestic Values	7	2024	Other	GB	B20	2025-03-03 12:12:11	100	0.0309300	
Monthly Domestic Values	8	2024	Other	GB	B20	2025-03-03 12:12:11	100	0.0332300	
Monthly Domestic Values	9	2024	Other	GB	B20	2025-03-03 12:12:11	100	0.0000000	
Monthly Domestic Values	10	2024	Other	GB	B20	2025-03-03 12:12:11	100	0.0000000	
Monthly Domestic Values	11	2024	Other	GB	B20	2025-03-03 12:12:11	100	0.0000000	
Monthly Domestic Values	12	2024	Other	GB	B20	2025-03-03 12:12:11	100	0.0000000	
Monthly Domestic Values	1	2024	Wind Onshore	GB	B19	2025-03-03 12:12:11	100	234.8998550	
Monthly Domestic Values	2	2024	Wind Onshore	GB	B19	2025-03-03 12:12:11	100	230.6192150	
Monthly Domestic Values	3	2024	Wind Onshore	GB	B19	2025-03-03 12:12:11	100	236.7555300	
Monthly Domestic Values	4	2024	Wind Onshore	GB	B19	2025-03-03 12:12:11	100	168.5863350	
Monthly Domestic Values	5	2024	Wind Onshore	GB	B19	2025-03-03 12:12:11	100	119.6921700	
Monthly Domestic Values	6	2024	Wind Onshore	GB	B19	2025-03-03 12:12:11	100	141.6394250	
Monthly Domestic Values	7	2024	Wind Onshore	GB	B19	2025-03-03 12:12:11	100	94.0119200	
Monthly Domestic Values	8	2024	Wind Onshore	GB	B19	2025-03-03 12:12:11	100	166.9772050	
Monthly Domestic Values	9	2024	Wind Onshore	GB	B19	2025-03-03 12:12:11	100	119.9260650	
Monthly Domestic Values	10	2024	Wind Onshore	GB	B19	2025-03-03 12:12:11	100	198.8352600	
Monthly Domestic Values	11	2024	Wind Onshore	GB	B19	2025-03-03 12:12:11	100	159.6077950	
Monthly Domestic Values	12	2024	Wind Onshore	GB	B19	2025-03-03 12:12:11	100	203.6432700	
Monthly Domestic Values	1	2024	Fossil Gas	GE	B04	2025-03-03 12:12:11	100	429.5565800	
Monthly Domestic Values	2	2024	Fossil Gas	GE	B04	2025-03-03 12:12:11	100	341.6243400	
Monthly Domestic Values	3	2024	Fossil Gas	GE	B04	2025-03-03 12:12:11	100	392.7668900	
Monthly Domestic Values	4	2024	Fossil Gas	GE	B04	2025-03-03 12:12:11	100	66.1039500	
Monthly Domestic Values	5	2024	Fossil Gas	GE	B04	2025-03-03 12:12:11	100	0.0362800	
Monthly Domestic Values	6	2024	Fossil Gas	GE	B04	2025-03-03 12:12:11	100	0.2722500	
Monthly Domestic Values	7	2024	Fossil Gas	GE	B04	2025-03-03 12:12:11	100	5.4692200	
Monthly Domestic Values	8	2024	Fossil Gas	GE	B04	2025-03-03 12:12:11	100	175.0010700	
Monthly Domestic Values	9	2024	Fossil Gas	GE	B04	2025-03-03 12:12:11	100	275.8718100	
Monthly Domestic Values	10	2024	Fossil Gas	GE	B04	2025-03-03 12:12:11	100	267.4521900	
Monthly Domestic Values	11	2024	Fossil Gas	GE	B04	2025-03-03 12:12:11	100	319.9307500	
Monthly Domestic Values	12	2024	Fossil Gas	GE	B04	2025-03-03 12:12:11	100	415.4927800	
Monthly Domestic Values	1	2024	Hydro Run-of-river and poundage	GE	B11	2025-03-03 12:12:11	100	343.6663100	
Monthly Domestic Values	2	2024	Hydro Run-of-river and poundage	GE	B11	2025-03-03 12:12:11	100	328.2730800	
Monthly Domestic Values	3	2024	Hydro Run-of-river and poundage	GE	B11	2025-03-03 12:12:11	100	353.0642300	
Monthly Domestic Values	4	2024	Hydro Run-of-river and poundage	GE	B11	2025-03-03 12:12:11	100	562.7813000	
Monthly Domestic Values	5	2024	Hydro Run-of-river and poundage	GE	B11	2025-03-03 12:12:11	100	551.5340700	
Monthly Domestic Values	6	2024	Hydro Run-of-river and poundage	GE	B11	2025-03-03 12:12:11	100	520.0771500	
Monthly Domestic Values	7	2024	Hydro Run-of-river and poundage	GE	B11	2025-03-03 12:12:11	100	429.1008200	
Monthly Domestic Values	8	2024	Hydro Run-of-river and poundage	GE	B11	2025-03-03 12:12:11	100	285.5941200	
Monthly Domestic Values	9	2024	Hydro Run-of-river and poundage	GE	B11	2025-03-03 12:12:11	100	178.9124300	
Monthly Domestic Values	10	2024	Hydro Run-of-river and poundage	GE	B11	2025-03-03 12:12:11	100	315.8336800	
Monthly Domestic Values	11	2024	Hydro Run-of-river and poundage	GE	B11	2025-03-03 12:12:11	100	302.7349700	
Monthly Domestic Values	12	2024	Hydro Run-of-river and poundage	GE	B11	2025-03-03 12:12:11	100	314.7349900	
Monthly Domestic Values	1	2024	Hydro Water Reservoir	GE	B12	2025-03-03 12:12:11	100	324.8548500	
Monthly Domestic Values	2	2024	Hydro Water Reservoir	GE	B12	2025-03-03 12:12:11	100	282.6893100	
Monthly Domestic Values	3	2024	Hydro Water Reservoir	GE	B12	2025-03-03 12:12:11	100	288.1831000	
Monthly Domestic Values	4	2024	Hydro Water Reservoir	GE	B12	2025-03-03 12:12:11	100	262.6293500	
Monthly Domestic Values	5	2024	Hydro Water Reservoir	GE	B12	2025-03-03 12:12:11	100	578.3329400	
Monthly Domestic Values	6	2024	Hydro Water Reservoir	GE	B12	2025-03-03 12:12:11	100	836.6157200	
Monthly Domestic Values	7	2024	Hydro Water Reservoir	GE	B12	2025-03-03 12:12:11	100	935.2033400	
Monthly Domestic Values	8	2024	Hydro Water Reservoir	GE	B12	2025-03-03 12:12:11	100	622.3429600	
Monthly Domestic Values	9	2024	Hydro Water Reservoir	GE	B12	2025-03-03 12:12:11	100	317.7348400	
Monthly Domestic Values	10	2024	Hydro Water Reservoir	GE	B12	2025-03-03 12:12:11	100	269.4796500	
Monthly Domestic Values	11	2024	Hydro Water Reservoir	GE	B12	2025-03-03 12:12:11	100	210.6844600	
Monthly Domestic Values	12	2024	Hydro Water Reservoir	GE	B12	2025-03-03 12:12:11	100	174.7848400	
Monthly Domestic Values	1	2024	Wind Onshore	GE	B19	2025-03-03 12:12:11	100	5.1948000	
Monthly Domestic Values	2	2024	Wind Onshore	GE	B19	2025-03-03 12:12:11	100	5.6260900	
Monthly Domestic Values	3	2024	Wind Onshore	GE	B19	2025-03-03 12:12:11	100	8.1819600	
Monthly Domestic Values	4	2024	Wind Onshore	GE	B19	2025-03-03 12:12:11	100	7.3790600	
Monthly Domestic Values	5	2024	Wind Onshore	GE	B19	2025-03-03 12:12:11	100	5.8781600	
Monthly Domestic Values	6	2024	Wind Onshore	GE	B19	2025-03-03 12:12:11	100	5.0734700	
Monthly Domestic Values	7	2024	Wind Onshore	GE	B19	2025-03-03 12:12:11	100	4.9967800	
Monthly Domestic Values	8	2024	Wind Onshore	GE	B19	2025-03-03 12:12:11	100	5.7469300	
Monthly Domestic Values	9	2024	Wind Onshore	GE	B19	2025-03-03 12:12:11	100	6.3701100	
Monthly Domestic Values	10	2024	Wind Onshore	GE	B19	2025-03-03 12:12:11	100	5.9328700	
Monthly Domestic Values	11	2024	Wind Onshore	GE	B19	2025-03-03 12:12:11	100	5.7385700	
Monthly Domestic Values	12	2024	Wind Onshore	GE	B19	2025-03-03 12:12:11	100	5.2939500	
Monthly Domestic Values	1	2024	Fossil Brown coal/Lignite	GR	B02	2025-03-03 12:12:11	100	394.4290000	
Monthly Domestic Values	2	2024	Fossil Brown coal/Lignite	GR	B02	2025-03-03 12:12:11	100	371.5450000	
Monthly Domestic Values	3	2024	Fossil Brown coal/Lignite	GR	B02	2025-03-03 12:12:11	100	284.9620000	
Monthly Domestic Values	4	2024	Fossil Brown coal/Lignite	GR	B02	2025-03-03 12:12:11	100	206.2330000	
Monthly Domestic Values	5	2024	Fossil Brown coal/Lignite	GR	B02	2025-03-03 12:12:11	100	49.8860000	
Monthly Domestic Values	6	2024	Fossil Brown coal/Lignite	GR	B02	2025-03-03 12:12:11	100	191.9490000	
Monthly Domestic Values	7	2024	Fossil Brown coal/Lignite	GR	B02	2025-03-03 12:12:11	100	390.0210000	
Monthly Domestic Values	8	2024	Fossil Brown coal/Lignite	GR	B02	2025-03-03 12:12:11	100	287.0990000	
Monthly Domestic Values	9	2024	Fossil Brown coal/Lignite	GR	B02	2025-03-03 12:12:11	100	158.9480000	
Monthly Domestic Values	10	2024	Fossil Brown coal/Lignite	GR	B02	2025-03-03 12:12:11	100	65.8650000	
Monthly Domestic Values	11	2024	Fossil Brown coal/Lignite	GR	B02	2025-03-03 12:12:11	100	409.5230000	
Monthly Domestic Values	12	2024	Fossil Brown coal/Lignite	GR	B02	2025-03-03 12:12:11	100	441.7720000	
Monthly Domestic Values	1	2024	Fossil Gas	GR	B04	2025-03-03 12:12:11	100	1452.5770000	
Monthly Domestic Values	2	2024	Fossil Gas	GR	B04	2025-03-03 12:12:11	100	1200.4230000	
Monthly Domestic Values	3	2024	Fossil Gas	GR	B04	2025-03-03 12:12:11	100	1455.9750000	
Monthly Domestic Values	4	2024	Fossil Gas	GR	B04	2025-03-03 12:12:11	100	1234.8750000	
Monthly Domestic Values	5	2024	Fossil Gas	GR	B04	2025-03-03 12:12:11	100	1675.0360000	
Monthly Domestic Values	6	2024	Fossil Gas	GR	B04	2025-03-03 12:12:11	100	2026.3270000	
Monthly Domestic Values	7	2024	Fossil Gas	GR	B04	2025-03-03 12:12:11	100	2402.3940000	
Monthly Domestic Values	8	2024	Fossil Gas	GR	B04	2025-03-03 12:12:11	100	2193.1570000	
Monthly Domestic Values	9	2024	Fossil Gas	GR	B04	2025-03-03 12:12:11	100	1702.2330000	
Monthly Domestic Values	10	2024	Fossil Gas	GR	B04	2025-03-03 12:12:11	100	1444.1780000	
Monthly Domestic Values	11	2024	Fossil Gas	GR	B04	2025-03-03 12:12:11	100	2151.7250000	
Monthly Domestic Values	12	2024	Fossil Gas	GR	B04	2025-03-03 12:12:11	100	2161.9880000	
Monthly Domestic Values	1	2024	Fossil Oil	GR	B06	2025-03-03 12:12:11	100	0.0000000	
Monthly Domestic Values	2	2024	Fossil Oil	GR	B06	2025-03-03 12:12:11	100	0.0000000	
Monthly Domestic Values	3	2024	Fossil Oil	GR	B06	2025-03-03 12:12:11	100	0.0000000	
Monthly Domestic Values	4	2024	Fossil Oil	GR	B06	2025-03-03 12:12:11	100	0.0000000	
Monthly Domestic Values	5	2024	Fossil Oil	GR	B06	2025-03-03 12:12:11	100	0.0000000	
Monthly Domestic Values	6	2024	Fossil Oil	GR	B06	2025-03-03 12:12:11	100	0.0000000	
Monthly Domestic Values	7	2024	Fossil Oil	GR	B06	2025-03-03 12:12:11	100	0.0000000	
Monthly Domestic Values	8	2024	Fossil Oil	GR	B06	2025-03-03 12:12:11	100	0.0000000	
Monthly Domestic Values	9	2024	Fossil Oil	GR	B06	2025-03-03 12:12:11	100	0.0000000	
Monthly Domestic Values	10	2024	Fossil Oil	GR	B06	2025-03-03 12:12:11	100	0.0000000	
Monthly Domestic Values	11	2024	Fossil Oil	GR	B06	2025-03-03 12:12:11	100	0.0000000	
Monthly Domestic Values	12	2024	Fossil Oil	GR	B06	2025-03-03 12:12:11	100	0.0000000	
Monthly Domestic Values	1	2024	Hydro Pumped Storage	GR	B10	2025-03-03 12:12:11	100	66.3920000	
Monthly Domestic Values	2	2024	Hydro Pumped Storage	GR	B10	2025-03-03 12:12:11	100	51.0250000	
Monthly Domestic Values	3	2024	Hydro Pumped Storage	GR	B10	2025-03-03 12:12:11	100	64.9600000	
Monthly Domestic Values	4	2024	Hydro Pumped Storage	GR	B10	2025-03-03 12:12:11	100	72.9230000	
Monthly Domestic Values	5	2024	Hydro Pumped Storage	GR	B10	2025-03-03 12:12:11	100	72.2890000	
Monthly Domestic Values	6	2024	Hydro Pumped Storage	GR	B10	2025-03-03 12:12:11	100	88.0970000	
Monthly Domestic Values	7	2024	Hydro Pumped Storage	GR	B10	2025-03-03 12:12:11	100	89.4930000	
Monthly Domestic Values	8	2024	Hydro Pumped Storage	GR	B10	2025-03-03 12:12:11	100	88.9040000	
Monthly Domestic Values	9	2024	Hydro Pumped Storage	GR	B10	2025-03-03 12:12:11	100	83.5280000	
Monthly Domestic Values	10	2024	Hydro Pumped Storage	GR	B10	2025-03-03 12:12:11	100	81.8960000	
Monthly Domestic Values	11	2024	Hydro Pumped Storage	GR	B10	2025-03-03 12:12:11	100	52.5360000	
Monthly Domestic Values	12	2024	Hydro Pumped Storage	GR	B10	2025-03-03 12:12:11	100	56.7150000	
Monthly Domestic Values	1	2024	Hydro Water Reservoir	GR	B12	2025-03-03 12:12:11	100	298.3470000	
Monthly Domestic Values	2	2024	Hydro Water Reservoir	GR	B12	2025-03-03 12:12:11	100	220.5290000	
Monthly Domestic Values	3	2024	Hydro Water Reservoir	GR	B12	2025-03-03 12:12:11	100	201.0270000	
Monthly Domestic Values	4	2024	Hydro Water Reservoir	GR	B12	2025-03-03 12:12:11	100	183.3350000	
Monthly Domestic Values	5	2024	Hydro Water Reservoir	GR	B12	2025-03-03 12:12:11	100	202.1390000	
Monthly Domestic Values	6	2024	Hydro Water Reservoir	GR	B12	2025-03-03 12:12:11	100	306.1880000	
Monthly Domestic Values	7	2024	Hydro Water Reservoir	GR	B12	2025-03-03 12:12:11	100	360.0300000	
Monthly Domestic Values	8	2024	Hydro Water Reservoir	GR	B12	2025-03-03 12:12:11	100	329.9630000	
Monthly Domestic Values	9	2024	Hydro Water Reservoir	GR	B12	2025-03-03 12:12:11	100	179.3850000	
Monthly Domestic Values	10	2024	Hydro Water Reservoir	GR	B12	2025-03-03 12:12:11	100	99.2210000	
Monthly Domestic Values	11	2024	Hydro Water Reservoir	GR	B12	2025-03-03 12:12:11	100	98.6390000	
Monthly Domestic Values	12	2024	Hydro Water Reservoir	GR	B12	2025-03-03 12:12:11	100	166.7050000	
Monthly Domestic Values	1	2024	Solar	GR	B16	2025-03-03 12:12:11	100	532.5690000	
Monthly Domestic Values	2	2024	Solar	GR	B16	2025-03-03 12:12:11	100	645.6110000	
Monthly Domestic Values	3	2024	Solar	GR	B16	2025-03-03 12:12:11	100	842.1190000	
Monthly Domestic Values	4	2024	Solar	GR	B16	2025-03-03 12:12:11	100	950.0240000	
Monthly Domestic Values	5	2024	Solar	GR	B16	2025-03-03 12:12:11	100	961.3390000	
Monthly Domestic Values	6	2024	Solar	GR	B16	2025-03-03 12:12:11	100	1227.6530000	
Monthly Domestic Values	7	2024	Solar	GR	B16	2025-03-03 12:12:11	100	1373.7630000	
Monthly Domestic Values	8	2024	Solar	GR	B16	2025-03-03 12:12:11	100	1337.7430000	
Monthly Domestic Values	9	2024	Solar	GR	B16	2025-03-03 12:12:11	100	1111.5520000	
Monthly Domestic Values	10	2024	Solar	GR	B16	2025-03-03 12:12:11	100	1074.4670000	
Monthly Domestic Values	11	2024	Solar	GR	B16	2025-03-03 12:12:11	100	715.1540000	
Monthly Domestic Values	12	2024	Solar	GR	B16	2025-03-03 12:12:11	100	594.6940000	
Monthly Domestic Values	1	2024	Wind Onshore	GR	B19	2025-03-03 12:12:11	100	1358.9240000	
Monthly Domestic Values	2	2024	Wind Onshore	GR	B19	2025-03-03 12:12:11	100	938.1570000	
Monthly Domestic Values	3	2024	Wind Onshore	GR	B19	2025-03-03 12:12:11	100	704.6600000	
Monthly Domestic Values	4	2024	Wind Onshore	GR	B19	2025-03-03 12:12:11	100	933.2490000	
Monthly Domestic Values	5	2024	Wind Onshore	GR	B19	2025-03-03 12:12:11	100	657.7540000	
Monthly Domestic Values	6	2024	Wind Onshore	GR	B19	2025-03-03 12:12:11	100	812.8580000	
Monthly Domestic Values	7	2024	Wind Onshore	GR	B19	2025-03-03 12:12:11	100	1058.5100000	
Monthly Domestic Values	8	2024	Wind Onshore	GR	B19	2025-03-03 12:12:11	100	753.0600000	
Monthly Domestic Values	9	2024	Wind Onshore	GR	B19	2025-03-03 12:12:11	100	536.3870000	
Monthly Domestic Values	10	2024	Wind Onshore	GR	B19	2025-03-03 12:12:11	100	1027.8200000	
Monthly Domestic Values	11	2024	Wind Onshore	GR	B19	2025-03-03 12:12:11	100	1073.2170000	
Monthly Domestic Values	12	2024	Wind Onshore	GR	B19	2025-03-03 12:12:11	100	1098.7370000	
Monthly Domestic Values	1	2024	Biomass	HR	B01	2025-03-03 12:12:11	100	57.0912000	
Monthly Domestic Values	2	2024	Biomass	HR	B01	2025-03-03 12:12:11	100	51.3860000	
Monthly Domestic Values	3	2024	Biomass	HR	B01	2025-03-03 12:12:11	100	53.9384000	
Monthly Domestic Values	4	2024	Biomass	HR	B01	2025-03-03 12:12:11	100	52.3220000	
Monthly Domestic Values	5	2024	Biomass	HR	B01	2025-03-03 12:12:11	100	52.9928000	
Monthly Domestic Values	6	2024	Biomass	HR	B01	2025-03-03 12:12:11	100	50.5252000	
Monthly Domestic Values	7	2024	Biomass	HR	B01	2025-03-03 12:12:11	100	45.0908000	
Monthly Domestic Values	8	2024	Biomass	HR	B01	2025-03-03 12:12:11	100	45.9612000	
Monthly Domestic Values	9	2024	Biomass	HR	B01	2025-03-03 12:12:11	100	42.4092000	
Monthly Domestic Values	10	2024	Biomass	HR	B01	2025-03-03 12:12:11	100	47.8380000	
Monthly Domestic Values	11	2024	Biomass	HR	B01	2025-03-03 12:12:11	100	52.9468000	
Monthly Domestic Values	12	2024	Biomass	HR	B01	2025-03-03 12:12:11	100	53.1316000	
Monthly Domestic Values	1	2024	Consumption of Hydro Pumped Storage	HR	(B10)	2025-03-03 12:19:25	100	19.9004000	
Monthly Domestic Values	2	2024	Consumption of Hydro Pumped Storage	HR	(B10)	2025-03-03 12:19:25	100	13.0725000	
Monthly Domestic Values	3	2024	Consumption of Hydro Pumped Storage	HR	(B10)	2025-03-03 12:19:25	100	6.8273000	
Monthly Domestic Values	4	2024	Consumption of Hydro Pumped Storage	HR	(B10)	2025-03-03 12:19:25	100	38.3216000	
Monthly Domestic Values	5	2024	Consumption of Hydro Pumped Storage	HR	(B10)	2025-03-03 12:19:25	100	30.3454000	
Monthly Domestic Values	6	2024	Consumption of Hydro Pumped Storage	HR	(B10)	2025-03-03 12:19:25	100	23.7605000	
Monthly Domestic Values	7	2024	Consumption of Hydro Pumped Storage	HR	(B10)	2025-03-03 12:19:25	100	32.0072000	
Monthly Domestic Values	8	2024	Consumption of Hydro Pumped Storage	HR	(B10)	2025-03-03 12:19:25	100	18.0963000	
Monthly Domestic Values	9	2024	Consumption of Hydro Pumped Storage	HR	(B10)	2025-03-03 12:19:25	100	1.5400000	
Monthly Domestic Values	10	2024	Consumption of Hydro Pumped Storage	HR	(B10)	2025-03-03 12:19:25	100	12.6229000	
Monthly Domestic Values	11	2024	Consumption of Hydro Pumped Storage	HR	(B10)	2025-03-03 12:19:25	100	16.0553000	
Monthly Domestic Values	12	2024	Consumption of Hydro Pumped Storage	HR	(B10)	2025-03-03 12:19:25	100	12.6788000	
Monthly Domestic Values	1	2024	Fossil Gas	HR	B04	2025-03-03 12:12:11	100	320.4846000	
Monthly Domestic Values	2	2024	Fossil Gas	HR	B04	2025-03-03 12:12:11	100	291.0656000	
Monthly Domestic Values	3	2024	Fossil Gas	HR	B04	2025-03-03 12:12:11	100	290.7606000	
Monthly Domestic Values	4	2024	Fossil Gas	HR	B04	2025-03-03 12:12:11	100	199.0564000	
Monthly Domestic Values	5	2024	Fossil Gas	HR	B04	2025-03-03 12:12:11	100	188.6242000	
Monthly Domestic Values	6	2024	Fossil Gas	HR	B04	2025-03-03 12:12:11	100	134.4283000	
Monthly Domestic Values	7	2024	Fossil Gas	HR	B04	2025-03-03 12:12:11	100	265.5442000	
Monthly Domestic Values	8	2024	Fossil Gas	HR	B04	2025-03-03 12:12:11	100	258.8131000	
Monthly Domestic Values	9	2024	Fossil Gas	HR	B04	2025-03-03 12:12:11	100	234.5625000	
Monthly Domestic Values	10	2024	Fossil Gas	HR	B04	2025-03-03 12:12:11	100	201.9157000	
Monthly Domestic Values	11	2024	Fossil Gas	HR	B04	2025-03-03 12:12:11	100	172.2652000	
Monthly Domestic Values	12	2024	Fossil Gas	HR	B04	2025-03-03 12:12:11	100	320.5551000	
Monthly Domestic Values	1	2024	Fossil Hard coal	HR	B05	2025-03-03 12:12:11	100	0.0205000	
Monthly Domestic Values	2	2024	Fossil Hard coal	HR	B05	2025-03-03 12:12:11	100	0.0000000	
Monthly Domestic Values	3	2024	Fossil Hard coal	HR	B05	2025-03-03 12:12:11	100	0.0000000	
Monthly Domestic Values	4	2024	Fossil Hard coal	HR	B05	2025-03-03 12:12:11	100	0.0000000	
Monthly Domestic Values	5	2024	Fossil Hard coal	HR	B05	2025-03-03 12:12:11	100	0.0000000	
Monthly Domestic Values	6	2024	Fossil Hard coal	HR	B05	2025-03-03 12:12:11	100	0.0009000	
Monthly Domestic Values	7	2024	Fossil Hard coal	HR	B05	2025-03-03 12:12:11	100	96.5424000	
Monthly Domestic Values	8	2024	Fossil Hard coal	HR	B05	2025-03-03 12:12:11	100	128.0683000	
Monthly Domestic Values	9	2024	Fossil Hard coal	HR	B05	2025-03-03 12:12:11	100	84.2462000	
Monthly Domestic Values	10	2024	Fossil Hard coal	HR	B05	2025-03-03 12:12:11	100	141.4914000	
Monthly Domestic Values	11	2024	Fossil Hard coal	HR	B05	2025-03-03 12:12:11	100	139.2259000	
Monthly Domestic Values	12	2024	Fossil Hard coal	HR	B05	2025-03-03 12:12:11	100	141.8241000	
Monthly Domestic Values	1	2024	Fossil Oil	HR	B06	2025-03-03 12:12:11	100	0.0000000	
Monthly Domestic Values	2	2024	Fossil Oil	HR	B06	2025-03-03 12:12:11	100	0.0000000	
Monthly Domestic Values	3	2024	Fossil Oil	HR	B06	2025-03-03 12:12:11	100	2.8907000	
Monthly Domestic Values	4	2024	Fossil Oil	HR	B06	2025-03-03 12:12:11	100	0.0000000	
Monthly Domestic Values	5	2024	Fossil Oil	HR	B06	2025-03-03 12:12:11	100	0.0000000	
Monthly Domestic Values	6	2024	Fossil Oil	HR	B06	2025-03-03 12:12:11	100	0.0000000	
Monthly Domestic Values	7	2024	Fossil Oil	HR	B06	2025-03-03 12:12:11	100	0.0000000	
Monthly Domestic Values	8	2024	Fossil Oil	HR	B06	2025-03-03 12:12:11	100	0.0000000	
Monthly Domestic Values	9	2024	Fossil Oil	HR	B06	2025-03-03 12:12:11	100	0.0000000	
Monthly Domestic Values	10	2024	Fossil Oil	HR	B06	2025-03-03 12:12:11	100	0.0000000	
Monthly Domestic Values	11	2024	Fossil Oil	HR	B06	2025-03-03 12:12:11	100	0.0000000	
Monthly Domestic Values	12	2024	Fossil Oil	HR	B06	2025-03-03 12:12:11	100	0.0000000	
Monthly Domestic Values	1	2024	Geothermal	HR	B09	2025-03-03 12:12:11	100	0.0000000	
Monthly Domestic Values	2	2024	Geothermal	HR	B09	2025-03-03 12:12:11	100	0.0000000	
Monthly Domestic Values	3	2024	Geothermal	HR	B09	2025-03-03 12:12:11	100	0.0000000	
Monthly Domestic Values	4	2024	Geothermal	HR	B09	2025-03-03 12:12:11	100	0.0000000	
Monthly Domestic Values	5	2024	Geothermal	HR	B09	2025-03-03 12:12:11	100	0.0000000	
Monthly Domestic Values	6	2024	Geothermal	HR	B09	2025-03-03 12:12:11	100	0.0000000	
Monthly Domestic Values	7	2024	Geothermal	HR	B09	2025-03-03 12:12:11	100	0.0000000	
Monthly Domestic Values	8	2024	Geothermal	HR	B09	2025-03-03 12:12:11	100	0.0000000	
Monthly Domestic Values	9	2024	Geothermal	HR	B09	2025-03-03 12:12:11	100	0.0000000	
Monthly Domestic Values	10	2024	Geothermal	HR	B09	2025-03-03 12:12:11	100	0.0000000	
Monthly Domestic Values	11	2024	Geothermal	HR	B09	2025-03-03 12:12:11	100	0.0000000	
Monthly Domestic Values	12	2024	Geothermal	HR	B09	2025-03-03 12:12:11	100	0.0000000	
Monthly Domestic Values	1	2024	Hydro Pumped Storage	HR	B10	2025-03-03 12:12:11	100	67.6599000	
Monthly Domestic Values	2	2024	Hydro Pumped Storage	HR	B10	2025-03-03 12:12:11	100	73.6489000	
Monthly Domestic Values	3	2024	Hydro Pumped Storage	HR	B10	2025-03-03 12:12:11	100	70.0875000	
Monthly Domestic Values	4	2024	Hydro Pumped Storage	HR	B10	2025-03-03 12:12:11	100	44.1886000	
Monthly Domestic Values	5	2024	Hydro Pumped Storage	HR	B10	2025-03-03 12:12:11	100	23.1517000	
Monthly Domestic Values	6	2024	Hydro Pumped Storage	HR	B10	2025-03-03 12:12:11	100	27.3108000	
Monthly Domestic Values	7	2024	Hydro Pumped Storage	HR	B10	2025-03-03 12:12:11	100	23.9058000	
Monthly Domestic Values	8	2024	Hydro Pumped Storage	HR	B10	2025-03-03 12:12:11	100	15.0526000	
Monthly Domestic Values	9	2024	Hydro Pumped Storage	HR	B10	2025-03-03 12:12:11	100	9.5334000	
Monthly Domestic Values	10	2024	Hydro Pumped Storage	HR	B10	2025-03-03 12:12:11	100	67.1936000	
Monthly Domestic Values	11	2024	Hydro Pumped Storage	HR	B10	2025-03-03 12:12:11	100	47.7885000	
Monthly Domestic Values	12	2024	Hydro Pumped Storage	HR	B10	2025-03-03 12:12:11	100	64.4987000	
Monthly Domestic Values	1	2024	Hydro Run-of-river and poundage	HR	B11	2025-03-03 12:12:11	100	163.1556000	
Monthly Domestic Values	2	2024	Hydro Run-of-river and poundage	HR	B11	2025-03-03 12:12:11	100	132.1685000	
Monthly Domestic Values	3	2024	Hydro Run-of-river and poundage	HR	B11	2025-03-03 12:12:11	100	151.2703000	
Monthly Domestic Values	4	2024	Hydro Run-of-river and poundage	HR	B11	2025-03-03 12:12:11	100	152.6450000	
Monthly Domestic Values	5	2024	Hydro Run-of-river and poundage	HR	B11	2025-03-03 12:12:11	100	171.2226000	
Monthly Domestic Values	6	2024	Hydro Run-of-river and poundage	HR	B11	2025-03-03 12:12:11	100	197.1601000	
Monthly Domestic Values	7	2024	Hydro Run-of-river and poundage	HR	B11	2025-03-03 12:12:11	100	160.5850000	
Monthly Domestic Values	8	2024	Hydro Run-of-river and poundage	HR	B11	2025-03-03 12:12:11	100	103.9899000	
Monthly Domestic Values	9	2024	Hydro Run-of-river and poundage	HR	B11	2025-03-03 12:12:11	100	147.2030000	
Monthly Domestic Values	10	2024	Hydro Run-of-river and poundage	HR	B11	2025-03-03 12:12:11	100	212.4956000	
Monthly Domestic Values	11	2024	Hydro Run-of-river and poundage	HR	B11	2025-03-03 12:12:11	100	118.4196000	
Monthly Domestic Values	12	2024	Hydro Run-of-river and poundage	HR	B11	2025-03-03 12:12:11	100	101.5485000	
Monthly Domestic Values	1	2024	Hydro Water Reservoir	HR	B12	2025-03-03 12:12:11	100	496.8505000	
Monthly Domestic Values	2	2024	Hydro Water Reservoir	HR	B12	2025-03-03 12:12:11	100	392.1208000	
Monthly Domestic Values	3	2024	Hydro Water Reservoir	HR	B12	2025-03-03 12:12:11	100	491.2693000	
Monthly Domestic Values	4	2024	Hydro Water Reservoir	HR	B12	2025-03-03 12:12:11	100	316.6091000	
Monthly Domestic Values	5	2024	Hydro Water Reservoir	HR	B12	2025-03-03 12:12:11	100	205.2447000	
Monthly Domestic Values	6	2024	Hydro Water Reservoir	HR	B12	2025-03-03 12:12:11	100	233.9634000	
Monthly Domestic Values	7	2024	Hydro Water Reservoir	HR	B12	2025-03-03 12:12:11	100	225.3470000	
Monthly Domestic Values	8	2024	Hydro Water Reservoir	HR	B12	2025-03-03 12:12:11	100	225.1880000	
Monthly Domestic Values	9	2024	Hydro Water Reservoir	HR	B12	2025-03-03 12:12:11	100	159.4551000	
Monthly Domestic Values	10	2024	Hydro Water Reservoir	HR	B12	2025-03-03 12:12:11	100	310.6510000	
Monthly Domestic Values	11	2024	Hydro Water Reservoir	HR	B12	2025-03-03 12:12:11	100	283.7342000	
Monthly Domestic Values	12	2024	Hydro Water Reservoir	HR	B12	2025-03-03 12:12:11	100	353.6102000	
Monthly Domestic Values	1	2024	Other renewable	HR	B15	2025-03-03 12:12:11	100	21.4684000	
Monthly Domestic Values	2	2024	Other renewable	HR	B15	2025-03-03 12:12:11	100	20.7740000	
Monthly Domestic Values	3	2024	Other renewable	HR	B15	2025-03-03 12:12:11	100	23.0460000	
Monthly Domestic Values	4	2024	Other renewable	HR	B15	2025-03-03 12:12:11	100	22.2576000	
Monthly Domestic Values	5	2024	Other renewable	HR	B15	2025-03-03 12:12:11	100	22.9960000	
Monthly Domestic Values	6	2024	Other renewable	HR	B15	2025-03-03 12:12:11	100	22.0196000	
Monthly Domestic Values	7	2024	Other renewable	HR	B15	2025-03-03 12:12:11	100	22.6440000	
Monthly Domestic Values	8	2024	Other renewable	HR	B15	2025-03-03 12:12:11	100	23.7500000	
Monthly Domestic Values	9	2024	Other renewable	HR	B15	2025-03-03 12:12:11	100	22.8784000	
Monthly Domestic Values	10	2024	Other renewable	HR	B15	2025-03-03 12:12:11	100	26.4796000	
Monthly Domestic Values	11	2024	Other renewable	HR	B15	2025-03-03 12:12:11	100	25.5988000	
Monthly Domestic Values	12	2024	Other renewable	HR	B15	2025-03-03 12:12:11	100	25.1028000	
Monthly Domestic Values	1	2024	Solar	HR	B16	2025-03-03 12:12:11	100	6.8538000	
Monthly Domestic Values	2	2024	Solar	HR	B16	2025-03-03 12:12:11	100	7.9502000	
Monthly Domestic Values	3	2024	Solar	HR	B16	2025-03-03 12:12:11	100	12.0498000	
Monthly Domestic Values	4	2024	Solar	HR	B16	2025-03-03 12:12:11	100	18.1406000	
Monthly Domestic Values	5	2024	Solar	HR	B16	2025-03-03 12:12:11	100	21.2521000	
Monthly Domestic Values	6	2024	Solar	HR	B16	2025-03-03 12:12:11	100	23.1715000	
Monthly Domestic Values	7	2024	Solar	HR	B16	2025-03-03 12:12:11	100	27.3226000	
Monthly Domestic Values	8	2024	Solar	HR	B16	2025-03-03 12:12:11	100	37.5673000	
Monthly Domestic Values	9	2024	Solar	HR	B16	2025-03-03 12:12:11	100	29.7065000	
Monthly Domestic Values	10	2024	Solar	HR	B16	2025-03-03 12:12:11	100	22.1793000	
Monthly Domestic Values	11	2024	Solar	HR	B16	2025-03-03 12:12:11	100	18.4223000	
Monthly Domestic Values	12	2024	Solar	HR	B16	2025-03-03 12:12:11	100	13.9980000	
Monthly Domestic Values	1	2024	Waste	HR	B17	2025-03-03 12:12:11	100	6.5780000	
Monthly Domestic Values	2	2024	Waste	HR	B17	2025-03-03 12:12:11	100	6.1136000	
Monthly Domestic Values	3	2024	Waste	HR	B17	2025-03-03 12:12:11	100	6.5828000	
Monthly Domestic Values	4	2024	Waste	HR	B17	2025-03-03 12:12:11	100	6.1516000	
Monthly Domestic Values	5	2024	Waste	HR	B17	2025-03-03 12:12:11	100	5.7364000	
Monthly Domestic Values	6	2024	Waste	HR	B17	2025-03-03 12:12:11	100	5.1008000	
Monthly Domestic Values	7	2024	Waste	HR	B17	2025-03-03 12:12:11	100	4.1136000	
Monthly Domestic Values	8	2024	Waste	HR	B17	2025-03-03 12:12:11	100	4.2100000	
Monthly Domestic Values	9	2024	Waste	HR	B17	2025-03-03 12:12:11	100	4.5920000	
Monthly Domestic Values	10	2024	Waste	HR	B17	2025-03-03 12:12:11	100	4.4552000	
Monthly Domestic Values	11	2024	Waste	HR	B17	2025-03-03 12:12:11	100	5.6324000	
Monthly Domestic Values	12	2024	Waste	HR	B17	2025-03-03 12:12:11	100	6.1156000	
Monthly Domestic Values	1	2024	Wind Onshore	HR	B19	2025-03-03 12:12:11	100	293.2878000	
Monthly Domestic Values	2	2024	Wind Onshore	HR	B19	2025-03-03 12:12:11	100	207.8210000	
Monthly Domestic Values	3	2024	Wind Onshore	HR	B19	2025-03-03 12:12:11	100	248.7196000	
Monthly Domestic Values	4	2024	Wind Onshore	HR	B19	2025-03-03 12:12:11	100	202.4176000	
Monthly Domestic Values	5	2024	Wind Onshore	HR	B19	2025-03-03 12:12:11	100	186.9934000	
Monthly Domestic Values	6	2024	Wind Onshore	HR	B19	2025-03-03 12:12:11	100	110.6128000	
Monthly Domestic Values	7	2024	Wind Onshore	HR	B19	2025-03-03 12:12:11	100	190.4811000	
Monthly Domestic Values	8	2024	Wind Onshore	HR	B19	2025-03-03 12:12:11	100	160.9036000	
Monthly Domestic Values	9	2024	Wind Onshore	HR	B19	2025-03-03 12:12:11	100	251.1183000	
Monthly Domestic Values	10	2024	Wind Onshore	HR	B19	2025-03-03 12:12:11	100	170.6701000	
Monthly Domestic Values	11	2024	Wind Onshore	HR	B19	2025-03-03 12:12:11	100	286.5694000	
Monthly Domestic Values	12	2024	Wind Onshore	HR	B19	2025-03-03 12:12:11	100	306.6460000	
Monthly Domestic Values	1	2024	Biomass	HU	B01	2025-03-03 12:12:11	100	85.9046100	
Monthly Domestic Values	2	2024	Biomass	HU	B01	2025-03-03 12:12:11	100	76.6366950	
Monthly Domestic Values	3	2024	Biomass	HU	B01	2025-03-03 12:12:11	100	83.0156825	
Monthly Domestic Values	4	2024	Biomass	HU	B01	2025-03-03 12:12:11	100	78.9887350	
Monthly Domestic Values	5	2024	Biomass	HU	B01	2025-03-03 12:12:11	100	54.1443800	
Monthly Domestic Values	6	2024	Biomass	HU	B01	2025-03-03 12:12:11	100	61.0227000	
Monthly Domestic Values	7	2024	Biomass	HU	B01	2025-03-03 12:12:11	100	35.4471450	
Monthly Domestic Values	8	2024	Biomass	HU	B01	2025-03-03 12:12:11	100	35.6292450	
Monthly Domestic Values	9	2024	Biomass	HU	B01	2025-03-03 12:12:11	100	83.5218300	
Monthly Domestic Values	10	2024	Biomass	HU	B01	2025-03-03 12:12:11	100	92.0431875	
Monthly Domestic Values	11	2024	Biomass	HU	B01	2025-03-03 12:12:11	100	106.3861550	
Monthly Domestic Values	12	2024	Biomass	HU	B01	2025-03-03 12:12:11	100	127.2060825	
Monthly Domestic Values	1	2024	Consumption of Fossil Oil	HU	(B06)	2025-03-03 12:19:25	100	0.0405300	
Monthly Domestic Values	2	2024	Consumption of Fossil Oil	HU	(B06)	2025-03-03 12:19:25	100	0.0265425	
Monthly Domestic Values	3	2024	Consumption of Fossil Oil	HU	(B06)	2025-03-03 12:19:25	100	0.0510175	
Monthly Domestic Values	4	2024	Consumption of Fossil Oil	HU	(B06)	2025-03-03 12:19:25	100	0.0242525	
Monthly Domestic Values	5	2024	Consumption of Fossil Oil	HU	(B06)	2025-03-03 12:19:25	100	0.0200050	
Monthly Domestic Values	6	2024	Consumption of Fossil Oil	HU	(B06)	2025-03-03 12:19:25	100	0.0095875	
Monthly Domestic Values	7	2024	Consumption of Fossil Oil	HU	(B06)	2025-03-03 12:19:25	100	0.0356150	
Monthly Domestic Values	8	2024	Consumption of Fossil Oil	HU	(B06)	2025-03-03 12:19:25	100	0.0129125	
Monthly Domestic Values	9	2024	Consumption of Fossil Oil	HU	(B06)	2025-03-03 12:19:25	100	0.0041500	
Monthly Domestic Values	10	2024	Consumption of Fossil Oil	HU	(B06)	2025-03-03 12:19:25	100	0.0266850	
Monthly Domestic Values	11	2024	Consumption of Fossil Oil	HU	(B06)	2025-03-03 12:19:25	100	0.0493900	
Monthly Domestic Values	12	2024	Consumption of Fossil Oil	HU	(B06)	2025-03-03 12:19:25	100	0.0169625	
Monthly Domestic Values	1	2024	Consumption of Hydro Water Reservoir	HU	(B12)	2025-03-03 12:19:25	100	0.0036175	
Monthly Domestic Values	2	2024	Consumption of Hydro Water Reservoir	HU	(B12)	2025-03-03 12:19:25	100	0.0004900	
Monthly Domestic Values	3	2024	Consumption of Hydro Water Reservoir	HU	(B12)	2025-03-03 12:19:25	100	0.0000175	
Monthly Domestic Values	1	2024	Fossil Brown coal/Lignite	HU	B02	2025-03-03 12:12:11	100	192.8841000	
Monthly Domestic Values	2	2024	Fossil Brown coal/Lignite	HU	B02	2025-03-03 12:12:11	100	186.6366800	
Monthly Domestic Values	3	2024	Fossil Brown coal/Lignite	HU	B02	2025-03-03 12:12:11	100	200.7320500	
Monthly Domestic Values	4	2024	Fossil Brown coal/Lignite	HU	B02	2025-03-03 12:12:11	100	189.4161175	
Monthly Domestic Values	5	2024	Fossil Brown coal/Lignite	HU	B02	2025-03-03 12:12:11	100	184.3808600	
Monthly Domestic Values	6	2024	Fossil Brown coal/Lignite	HU	B02	2025-03-03 12:12:11	100	198.3311600	
Monthly Domestic Values	7	2024	Fossil Brown coal/Lignite	HU	B02	2025-03-03 12:12:11	100	210.6319075	
Monthly Domestic Values	8	2024	Fossil Brown coal/Lignite	HU	B02	2025-03-03 12:12:11	100	202.6249125	
Monthly Domestic Values	9	2024	Fossil Brown coal/Lignite	HU	B02	2025-03-03 12:12:11	100	192.5454700	
Monthly Domestic Values	10	2024	Fossil Brown coal/Lignite	HU	B02	2025-03-03 12:12:11	100	189.5245325	
Monthly Domestic Values	11	2024	Fossil Brown coal/Lignite	HU	B02	2025-03-03 12:12:11	100	193.1430525	
Monthly Domestic Values	12	2024	Fossil Brown coal/Lignite	HU	B02	2025-03-03 12:12:11	100	212.5693525	
Monthly Domestic Values	1	2024	Fossil Gas	HU	B04	2025-03-03 12:12:11	100	750.9958600	
Monthly Domestic Values	2	2024	Fossil Gas	HU	B04	2025-03-03 12:12:11	100	548.8715325	
Monthly Domestic Values	3	2024	Fossil Gas	HU	B04	2025-03-03 12:12:11	100	516.4875050	
Monthly Domestic Values	4	2024	Fossil Gas	HU	B04	2025-03-03 12:12:11	100	385.9548925	
Monthly Domestic Values	5	2024	Fossil Gas	HU	B04	2025-03-03 12:12:11	100	370.5838950	
Monthly Domestic Values	6	2024	Fossil Gas	HU	B04	2025-03-03 12:12:11	100	343.9575875	
Monthly Domestic Values	7	2024	Fossil Gas	HU	B04	2025-03-03 12:12:11	100	417.1855825	
Monthly Domestic Values	8	2024	Fossil Gas	HU	B04	2025-03-03 12:12:11	100	418.2867575	
Monthly Domestic Values	9	2024	Fossil Gas	HU	B04	2025-03-03 12:12:11	100	418.1210575	
Monthly Domestic Values	10	2024	Fossil Gas	HU	B04	2025-03-03 12:12:11	100	539.6139250	
Monthly Domestic Values	11	2024	Fossil Gas	HU	B04	2025-03-03 12:12:11	100	838.2539450	
Monthly Domestic Values	12	2024	Fossil Gas	HU	B04	2025-03-03 12:12:11	100	854.0174525	
Monthly Domestic Values	1	2024	Fossil Hard coal	HU	B05	2025-03-03 12:12:11	100	26.8145325	
Monthly Domestic Values	2	2024	Fossil Hard coal	HU	B05	2025-03-03 12:12:11	100	25.7072200	
Monthly Domestic Values	3	2024	Fossil Hard coal	HU	B05	2025-03-03 12:12:11	100	26.5398375	
Monthly Domestic Values	4	2024	Fossil Hard coal	HU	B05	2025-03-03 12:12:11	100	26.3157375	
Monthly Domestic Values	5	2024	Fossil Hard coal	HU	B05	2025-03-03 12:12:11	100	27.2536700	
Monthly Domestic Values	6	2024	Fossil Hard coal	HU	B05	2025-03-03 12:12:11	100	27.4473775	
Monthly Domestic Values	7	2024	Fossil Hard coal	HU	B05	2025-03-03 12:12:11	100	0.4963250	
Monthly Domestic Values	8	2024	Fossil Hard coal	HU	B05	2025-03-03 12:12:11	100	7.2398400	
Monthly Domestic Values	9	2024	Fossil Hard coal	HU	B05	2025-03-03 12:12:11	100	19.1987550	
Monthly Domestic Values	10	2024	Fossil Hard coal	HU	B05	2025-03-03 12:12:11	100	18.0387450	
Monthly Domestic Values	11	2024	Fossil Hard coal	HU	B05	2025-03-03 12:12:11	100	26.8881375	
Monthly Domestic Values	12	2024	Fossil Hard coal	HU	B05	2025-03-03 12:12:11	100	25.6098800	
Monthly Domestic Values	1	2024	Fossil Oil	HU	B06	2025-03-03 12:12:11	100	0.1945725	
Monthly Domestic Values	2	2024	Fossil Oil	HU	B06	2025-03-03 12:12:11	100	0.1848125	
Monthly Domestic Values	3	2024	Fossil Oil	HU	B06	2025-03-03 12:12:11	100	1.5361700	
Monthly Domestic Values	4	2024	Fossil Oil	HU	B06	2025-03-03 12:12:11	100	0.6473525	
Monthly Domestic Values	5	2024	Fossil Oil	HU	B06	2025-03-03 12:12:11	100	0.5505050	
Monthly Domestic Values	6	2024	Fossil Oil	HU	B06	2025-03-03 12:12:11	100	0.1674625	
Monthly Domestic Values	7	2024	Fossil Oil	HU	B06	2025-03-03 12:12:11	100	8.1314675	
Monthly Domestic Values	8	2024	Fossil Oil	HU	B06	2025-03-03 12:12:11	100	1.1875450	
Monthly Domestic Values	9	2024	Fossil Oil	HU	B06	2025-03-03 12:12:11	100	0.2999000	
Monthly Domestic Values	10	2024	Fossil Oil	HU	B06	2025-03-03 12:12:11	100	0.4286450	
Monthly Domestic Values	11	2024	Fossil Oil	HU	B06	2025-03-03 12:12:11	100	10.5043875	
Monthly Domestic Values	12	2024	Fossil Oil	HU	B06	2025-03-03 12:12:11	100	1.4970175	
Monthly Domestic Values	1	2024	Geothermal	HU	B09	2025-03-03 12:12:11	100	0.4551225	
Monthly Domestic Values	2	2024	Geothermal	HU	B09	2025-03-03 12:12:11	100	0.5755125	
Monthly Domestic Values	3	2024	Geothermal	HU	B09	2025-03-03 12:12:11	100	0.6531300	
Monthly Domestic Values	4	2024	Geothermal	HU	B09	2025-03-03 12:12:11	100	0.4795275	
Monthly Domestic Values	5	2024	Geothermal	HU	B09	2025-03-03 12:12:11	100	0.3779450	
Monthly Domestic Values	6	2024	Geothermal	HU	B09	2025-03-03 12:12:11	100	0.1541325	
Monthly Domestic Values	7	2024	Geothermal	HU	B09	2025-03-03 12:12:11	100	0.1551875	
Monthly Domestic Values	8	2024	Geothermal	HU	B09	2025-03-03 12:12:11	100	0.1588550	
Monthly Domestic Values	9	2024	Geothermal	HU	B09	2025-03-03 12:12:11	100	0.2388050	
Monthly Domestic Values	10	2024	Geothermal	HU	B09	2025-03-03 12:12:11	100	0.3052100	
Monthly Domestic Values	11	2024	Geothermal	HU	B09	2025-03-03 12:12:11	100	0.4149950	
Monthly Domestic Values	12	2024	Geothermal	HU	B09	2025-03-03 12:12:11	100	0.4253000	
Monthly Domestic Values	1	2024	Hydro Run-of-river and poundage	HU	B11	2025-03-03 12:12:11	100	5.6090950	
Monthly Domestic Values	2	2024	Hydro Run-of-river and poundage	HU	B11	2025-03-03 12:12:11	100	5.9956075	
Monthly Domestic Values	3	2024	Hydro Run-of-river and poundage	HU	B11	2025-03-03 12:12:11	100	9.6504550	
Monthly Domestic Values	4	2024	Hydro Run-of-river and poundage	HU	B11	2025-03-03 12:12:11	100	9.2509675	
Monthly Domestic Values	5	2024	Hydro Run-of-river and poundage	HU	B11	2025-03-03 12:12:11	100	11.2494850	
Monthly Domestic Values	6	2024	Hydro Run-of-river and poundage	HU	B11	2025-03-03 12:12:11	100	11.2751950	
Monthly Domestic Values	7	2024	Hydro Run-of-river and poundage	HU	B11	2025-03-03 12:12:11	100	10.8272100	
Monthly Domestic Values	8	2024	Hydro Run-of-river and poundage	HU	B11	2025-03-03 12:12:11	100	5.7979125	
Monthly Domestic Values	9	2024	Hydro Run-of-river and poundage	HU	B11	2025-03-03 12:12:11	100	5.3196400	
Monthly Domestic Values	10	2024	Hydro Run-of-river and poundage	HU	B11	2025-03-03 12:12:11	100	8.3982300	
Monthly Domestic Values	11	2024	Hydro Run-of-river and poundage	HU	B11	2025-03-03 12:12:11	100	6.6735700	
Monthly Domestic Values	12	2024	Hydro Run-of-river and poundage	HU	B11	2025-03-03 12:12:11	100	8.7298200	
Monthly Domestic Values	1	2024	Hydro Water Reservoir	HU	B12	2025-03-03 12:12:11	100	0.0544075	
Monthly Domestic Values	2	2024	Hydro Water Reservoir	HU	B12	2025-03-03 12:12:11	100	0.9130675	
Monthly Domestic Values	3	2024	Hydro Water Reservoir	HU	B12	2025-03-03 12:12:11	100	8.9072375	
Monthly Domestic Values	4	2024	Hydro Water Reservoir	HU	B12	2025-03-03 12:12:11	100	10.5436275	
Monthly Domestic Values	5	2024	Hydro Water Reservoir	HU	B12	2025-03-03 12:12:11	100	14.0216075	
Monthly Domestic Values	6	2024	Hydro Water Reservoir	HU	B12	2025-03-03 12:12:11	100	13.5959025	
Monthly Domestic Values	7	2024	Hydro Water Reservoir	HU	B12	2025-03-03 12:12:11	100	11.7129775	
Monthly Domestic Values	8	2024	Hydro Water Reservoir	HU	B12	2025-03-03 12:12:11	100	6.0593300	
Monthly Domestic Values	9	2024	Hydro Water Reservoir	HU	B12	2025-03-03 12:12:11	100	5.8553925	
Monthly Domestic Values	10	2024	Hydro Water Reservoir	HU	B12	2025-03-03 12:12:11	100	9.9542950	
Monthly Domestic Values	11	2024	Hydro Water Reservoir	HU	B12	2025-03-03 12:12:11	100	8.3861950	
Monthly Domestic Values	12	2024	Hydro Water Reservoir	HU	B12	2025-03-03 12:12:11	100	9.1765800	
Monthly Domestic Values	1	2024	Nuclear	HU	B14	2025-03-03 12:12:11	100	1416.6598725	
Monthly Domestic Values	2	2024	Nuclear	HU	B14	2025-03-03 12:12:11	100	1108.0159950	
Monthly Domestic Values	3	2024	Nuclear	HU	B14	2025-03-03 12:12:11	100	1059.7022675	
Monthly Domestic Values	4	2024	Nuclear	HU	B14	2025-03-03 12:12:11	100	1261.9798025	
Monthly Domestic Values	5	2024	Nuclear	HU	B14	2025-03-03 12:12:11	100	1155.9026450	
Monthly Domestic Values	6	2024	Nuclear	HU	B14	2025-03-03 12:12:11	100	1290.2422000	
Monthly Domestic Values	7	2024	Nuclear	HU	B14	2025-03-03 12:12:11	100	1376.2713100	
Monthly Domestic Values	8	2024	Nuclear	HU	B14	2025-03-03 12:12:11	100	1232.5934500	
Monthly Domestic Values	9	2024	Nuclear	HU	B14	2025-03-03 12:12:11	100	1110.0041650	
Monthly Domestic Values	10	2024	Nuclear	HU	B14	2025-03-03 12:12:11	100	1284.1229400	
Monthly Domestic Values	11	2024	Nuclear	HU	B14	2025-03-03 12:12:11	100	1397.1847250	
Monthly Domestic Values	12	2024	Nuclear	HU	B14	2025-03-03 12:12:11	100	1448.8717250	
Monthly Domestic Values	1	2024	Other	HU	B20	2025-03-03 12:12:11	100	45.7629825	
Monthly Domestic Values	2	2024	Other	HU	B20	2025-03-03 12:12:11	100	43.9643575	
Monthly Domestic Values	3	2024	Other	HU	B20	2025-03-03 12:12:11	100	44.7032900	
Monthly Domestic Values	4	2024	Other	HU	B20	2025-03-03 12:12:11	100	37.8596425	
Monthly Domestic Values	5	2024	Other	HU	B20	2025-03-03 12:12:11	100	41.6939900	
Monthly Domestic Values	6	2024	Other	HU	B20	2025-03-03 12:12:11	100	35.3697550	
Monthly Domestic Values	7	2024	Other	HU	B20	2025-03-03 12:12:11	100	35.9704725	
Monthly Domestic Values	8	2024	Other	HU	B20	2025-03-03 12:12:11	100	19.8170900	
Monthly Domestic Values	9	2024	Other	HU	B20	2025-03-03 12:12:11	100	30.9221975	
Monthly Domestic Values	10	2024	Other	HU	B20	2025-03-03 12:12:11	100	34.0877900	
Monthly Domestic Values	11	2024	Other	HU	B20	2025-03-03 12:12:11	100	35.8022650	
Monthly Domestic Values	12	2024	Other	HU	B20	2025-03-03 12:12:11	100	34.8479975	
Monthly Domestic Values	1	2024	Other renewable	HU	B15	2025-03-03 12:12:11	100	3.3428800	
Monthly Domestic Values	2	2024	Other renewable	HU	B15	2025-03-03 12:12:11	100	6.6637175	
Monthly Domestic Values	3	2024	Other renewable	HU	B15	2025-03-03 12:12:11	100	9.7516400	
Monthly Domestic Values	4	2024	Other renewable	HU	B15	2025-03-03 12:12:11	100	9.4888275	
Monthly Domestic Values	5	2024	Other renewable	HU	B15	2025-03-03 12:12:11	100	7.3022575	
Monthly Domestic Values	6	2024	Other renewable	HU	B15	2025-03-03 12:12:11	100	7.0540525	
Monthly Domestic Values	7	2024	Other renewable	HU	B15	2025-03-03 12:12:11	100	12.1164350	
Monthly Domestic Values	8	2024	Other renewable	HU	B15	2025-03-03 12:12:11	100	12.6052525	
Monthly Domestic Values	9	2024	Other renewable	HU	B15	2025-03-03 12:12:11	100	12.3824000	
Monthly Domestic Values	10	2024	Other renewable	HU	B15	2025-03-03 12:12:11	100	12.4788350	
Monthly Domestic Values	11	2024	Other renewable	HU	B15	2025-03-03 12:12:11	100	13.5560975	
Monthly Domestic Values	12	2024	Other renewable	HU	B15	2025-03-03 12:12:11	100	14.8321675	
Monthly Domestic Values	1	2024	Solar	HU	B16	2025-03-03 12:12:11	100	233.3036325	
Monthly Domestic Values	2	2024	Solar	HU	B16	2025-03-03 12:12:11	100	287.2213150	
Monthly Domestic Values	3	2024	Solar	HU	B16	2025-03-03 12:12:11	100	430.9955000	
Monthly Domestic Values	4	2024	Solar	HU	B16	2025-03-03 12:12:11	100	589.0853150	
Monthly Domestic Values	5	2024	Solar	HU	B16	2025-03-03 12:12:11	100	671.2650625	
Monthly Domestic Values	6	2024	Solar	HU	B16	2025-03-03 12:12:11	100	657.2183925	
Monthly Domestic Values	7	2024	Solar	HU	B16	2025-03-03 12:12:11	100	748.7032900	
Monthly Domestic Values	8	2024	Solar	HU	B16	2025-03-03 12:12:11	100	721.9192375	
Monthly Domestic Values	9	2024	Solar	HU	B16	2025-03-03 12:12:11	100	505.5849650	
Monthly Domestic Values	10	2024	Solar	HU	B16	2025-03-03 12:12:11	100	443.4727050	
Monthly Domestic Values	11	2024	Solar	HU	B16	2025-03-03 12:12:11	100	244.7648500	
Monthly Domestic Values	12	2024	Solar	HU	B16	2025-03-03 12:12:11	100	153.3486075	
Monthly Domestic Values	1	2024	Waste	HU	B17	2025-03-03 12:12:11	100	13.3500350	
Monthly Domestic Values	2	2024	Waste	HU	B17	2025-03-03 12:12:11	100	12.9360525	
Monthly Domestic Values	3	2024	Waste	HU	B17	2025-03-03 12:12:11	100	16.4578150	
Monthly Domestic Values	4	2024	Waste	HU	B17	2025-03-03 12:12:11	100	5.4517725	
Monthly Domestic Values	5	2024	Waste	HU	B17	2025-03-03 12:12:11	100	9.1424550	
Monthly Domestic Values	6	2024	Waste	HU	B17	2025-03-03 12:12:11	100	14.4133325	
Monthly Domestic Values	7	2024	Waste	HU	B17	2025-03-03 12:12:11	100	13.3209725	
Monthly Domestic Values	8	2024	Waste	HU	B17	2025-03-03 12:12:11	100	11.1343500	
Monthly Domestic Values	9	2024	Waste	HU	B17	2025-03-03 12:12:11	100	9.3388725	
Monthly Domestic Values	10	2024	Waste	HU	B17	2025-03-03 12:12:11	100	10.8331850	
Monthly Domestic Values	11	2024	Waste	HU	B17	2025-03-03 12:12:11	100	10.7156875	
Monthly Domestic Values	12	2024	Waste	HU	B17	2025-03-03 12:12:11	100	9.5986400	
Monthly Domestic Values	1	2024	Wind Onshore	HU	B19	2025-03-03 12:12:11	100	79.8341375	
Monthly Domestic Values	2	2024	Wind Onshore	HU	B19	2025-03-03 12:12:11	100	73.3722225	
Monthly Domestic Values	3	2024	Wind Onshore	HU	B19	2025-03-03 12:12:11	100	75.7220325	
Monthly Domestic Values	4	2024	Wind Onshore	HU	B19	2025-03-03 12:12:11	100	66.0682725	
Monthly Domestic Values	5	2024	Wind Onshore	HU	B19	2025-03-03 12:12:11	100	41.1488725	
Monthly Domestic Values	6	2024	Wind Onshore	HU	B19	2025-03-03 12:12:11	100	29.2622000	
Monthly Domestic Values	7	2024	Wind Onshore	HU	B19	2025-03-03 12:12:11	100	38.2731700	
Monthly Domestic Values	8	2024	Wind Onshore	HU	B19	2025-03-03 12:12:11	100	26.5939350	
Monthly Domestic Values	9	2024	Wind Onshore	HU	B19	2025-03-03 12:12:11	100	54.1886100	
Monthly Domestic Values	10	2024	Wind Onshore	HU	B19	2025-03-03 12:12:11	100	46.5109150	
Monthly Domestic Values	11	2024	Wind Onshore	HU	B19	2025-03-03 12:12:11	100	47.1215975	
Monthly Domestic Values	12	2024	Wind Onshore	HU	B19	2025-03-03 12:12:11	100	56.1581475	
Monthly Domestic Values	1	2024	Consumption of Fossil Gas	IE	(B04)	2025-03-03 12:19:25	100	1.5660450	
Monthly Domestic Values	2	2024	Consumption of Fossil Gas	IE	(B04)	2025-03-03 12:19:25	100	0.8301950	
Monthly Domestic Values	3	2024	Consumption of Fossil Gas	IE	(B04)	2025-03-03 12:19:25	100	1.3406150	
Monthly Domestic Values	4	2024	Consumption of Fossil Gas	IE	(B04)	2025-03-03 12:19:25	100	1.7089750	
Monthly Domestic Values	5	2024	Consumption of Fossil Gas	IE	(B04)	2025-03-03 12:19:25	100	0.9456950	
Monthly Domestic Values	6	2024	Consumption of Fossil Gas	IE	(B04)	2025-03-03 12:19:25	100	1.3587000	
Monthly Domestic Values	7	2024	Consumption of Fossil Gas	IE	(B04)	2025-03-03 12:19:25	100	1.2669050	
Monthly Domestic Values	8	2024	Consumption of Fossil Gas	IE	(B04)	2025-03-03 12:19:25	100	2.5496100	
Monthly Domestic Values	9	2024	Consumption of Fossil Gas	IE	(B04)	2025-03-03 12:19:25	100	1.7522000	
Monthly Domestic Values	10	2024	Consumption of Fossil Gas	IE	(B04)	2025-03-03 12:19:25	100	1.8066050	
Monthly Domestic Values	11	2024	Consumption of Fossil Gas	IE	(B04)	2025-03-03 12:19:25	100	0.1885250	
Monthly Domestic Values	1	2024	Consumption of Fossil Hard coal	IE	(B05)	2025-03-03 12:19:25	100	5.6304300	
Monthly Domestic Values	2	2024	Consumption of Fossil Hard coal	IE	(B05)	2025-03-03 12:19:25	100	2.9489550	
Monthly Domestic Values	3	2024	Consumption of Fossil Hard coal	IE	(B05)	2025-03-03 12:19:25	100	5.8764950	
Monthly Domestic Values	4	2024	Consumption of Fossil Hard coal	IE	(B05)	2025-03-03 12:19:25	100	5.8425000	
Monthly Domestic Values	5	2024	Consumption of Fossil Hard coal	IE	(B05)	2025-03-03 12:19:25	100	5.8574500	
Monthly Domestic Values	6	2024	Consumption of Fossil Hard coal	IE	(B05)	2025-03-03 12:19:25	100	5.1470450	
Monthly Domestic Values	7	2024	Consumption of Fossil Hard coal	IE	(B05)	2025-03-03 12:19:25	100	5.6895500	
Monthly Domestic Values	8	2024	Consumption of Fossil Hard coal	IE	(B05)	2025-03-03 12:19:25	100	7.0220300	
Monthly Domestic Values	9	2024	Consumption of Fossil Hard coal	IE	(B05)	2025-03-03 12:19:25	100	3.5307850	
Monthly Domestic Values	10	2024	Consumption of Fossil Hard coal	IE	(B05)	2025-03-03 12:19:25	100	4.5138200	
Monthly Domestic Values	11	2024	Consumption of Fossil Hard coal	IE	(B05)	2025-03-03 12:19:25	100	2.1335150	
Monthly Domestic Values	1	2024	Consumption of Fossil Oil	IE	(B06)	2025-03-03 12:19:25	100	0.8362200	
Monthly Domestic Values	2	2024	Consumption of Fossil Oil	IE	(B06)	2025-03-03 12:19:25	100	0.3867950	
Monthly Domestic Values	3	2024	Consumption of Fossil Oil	IE	(B06)	2025-03-03 12:19:25	100	0.6029900	
Monthly Domestic Values	4	2024	Consumption of Fossil Oil	IE	(B06)	2025-03-03 12:19:25	100	0.8788850	
Monthly Domestic Values	5	2024	Consumption of Fossil Oil	IE	(B06)	2025-03-03 12:19:25	100	0.2262200	
Monthly Domestic Values	6	2024	Consumption of Fossil Oil	IE	(B06)	2025-03-03 12:19:25	100	0.4638550	
Monthly Domestic Values	7	2024	Consumption of Fossil Oil	IE	(B06)	2025-03-03 12:19:25	100	0.8370400	
Monthly Domestic Values	8	2024	Consumption of Fossil Oil	IE	(B06)	2025-03-03 12:19:25	100	0.2271900	
Monthly Domestic Values	9	2024	Consumption of Fossil Oil	IE	(B06)	2025-03-03 12:19:25	100	0.0578600	
Monthly Domestic Values	10	2024	Consumption of Fossil Oil	IE	(B06)	2025-03-03 12:19:25	100	0.1295800	
Monthly Domestic Values	11	2024	Consumption of Fossil Oil	IE	(B06)	2025-03-03 12:19:25	100	0.0945250	
Monthly Domestic Values	1	2024	Consumption of Fossil Peat	IE	(B08)	2025-03-03 12:19:25	100	0.4071950	
Monthly Domestic Values	3	2024	Consumption of Fossil Peat	IE	(B08)	2025-03-03 12:19:25	100	0.1233400	
Monthly Domestic Values	4	2024	Consumption of Fossil Peat	IE	(B08)	2025-03-03 12:19:25	100	0.1362350	
Monthly Domestic Values	7	2024	Consumption of Fossil Peat	IE	(B08)	2025-03-03 12:19:25	100	0.2985750	
Monthly Domestic Values	8	2024	Consumption of Fossil Peat	IE	(B08)	2025-03-03 12:19:25	100	0.2501250	
Monthly Domestic Values	9	2024	Consumption of Fossil Peat	IE	(B08)	2025-03-03 12:19:25	100	0.3941200	
Monthly Domestic Values	10	2024	Consumption of Fossil Peat	IE	(B08)	2025-03-03 12:19:25	100	0.4815550	
Monthly Domestic Values	1	2024	Consumption of Hydro Pumped Storage	IE	(B10)	2025-03-03 12:19:25	100	38.7233750	
Monthly Domestic Values	2	2024	Consumption of Hydro Pumped Storage	IE	(B10)	2025-03-03 12:19:25	100	20.5265550	
Monthly Domestic Values	3	2024	Consumption of Hydro Pumped Storage	IE	(B10)	2025-03-03 12:19:25	100	33.3023900	
Monthly Domestic Values	4	2024	Consumption of Hydro Pumped Storage	IE	(B10)	2025-03-03 12:19:25	100	37.1965200	
Monthly Domestic Values	5	2024	Consumption of Hydro Pumped Storage	IE	(B10)	2025-03-03 12:19:25	100	41.2460350	
Monthly Domestic Values	6	2024	Consumption of Hydro Pumped Storage	IE	(B10)	2025-03-03 12:19:25	100	34.4606350	
Monthly Domestic Values	7	2024	Consumption of Hydro Pumped Storage	IE	(B10)	2025-03-03 12:19:25	100	40.6867100	
Monthly Domestic Values	8	2024	Consumption of Hydro Pumped Storage	IE	(B10)	2025-03-03 12:19:25	100	38.7911350	
Monthly Domestic Values	9	2024	Consumption of Hydro Pumped Storage	IE	(B10)	2025-03-03 12:19:25	100	35.3023400	
Monthly Domestic Values	10	2024	Consumption of Hydro Pumped Storage	IE	(B10)	2025-03-03 12:19:25	100	43.7744500	
Monthly Domestic Values	11	2024	Consumption of Hydro Pumped Storage	IE	(B10)	2025-03-03 12:19:25	100	18.0493700	
Monthly Domestic Values	4	2024	Consumption of Hydro Run-of-river and poundage	IE	(B11)	2025-03-03 12:19:25	100	0.0105700	
Monthly Domestic Values	5	2024	Consumption of Hydro Run-of-river and poundage	IE	(B11)	2025-03-03 12:19:25	100	0.1879700	
Monthly Domestic Values	6	2024	Consumption of Hydro Run-of-river and poundage	IE	(B11)	2025-03-03 12:19:25	100	0.0547650	
Monthly Domestic Values	7	2024	Consumption of Hydro Run-of-river and poundage	IE	(B11)	2025-03-03 12:19:25	100	0.0003900	
Monthly Domestic Values	10	2024	Consumption of Hydro Run-of-river and poundage	IE	(B11)	2025-03-03 12:19:25	100	0.1052250	
Monthly Domestic Values	11	2024	Consumption of Hydro Run-of-river and poundage	IE	(B11)	2025-03-03 12:19:25	100	0.0196350	
Monthly Domestic Values	1	2024	Consumption of Other	IE	(B20)	2025-03-03 12:19:25	100	0.4859100	
Monthly Domestic Values	2	2024	Consumption of Other	IE	(B20)	2025-03-03 12:19:25	100	0.2385100	
Monthly Domestic Values	3	2024	Consumption of Other	IE	(B20)	2025-03-03 12:19:25	100	0.3842600	
Monthly Domestic Values	4	2024	Consumption of Other	IE	(B20)	2025-03-03 12:19:25	100	0.4572400	
Monthly Domestic Values	5	2024	Consumption of Other	IE	(B20)	2025-03-03 12:19:25	100	0.4678950	
Monthly Domestic Values	6	2024	Consumption of Other	IE	(B20)	2025-03-03 12:19:25	100	0.4648950	
Monthly Domestic Values	7	2024	Consumption of Other	IE	(B20)	2025-03-03 12:19:25	100	0.4082150	
Monthly Domestic Values	8	2024	Consumption of Other	IE	(B20)	2025-03-03 12:19:25	100	0.4673500	
Monthly Domestic Values	9	2024	Consumption of Other	IE	(B20)	2025-03-03 12:19:25	100	0.3991200	
Monthly Domestic Values	10	2024	Consumption of Other	IE	(B20)	2025-03-03 12:19:25	100	0.4545450	
Monthly Domestic Values	11	2024	Consumption of Other	IE	(B20)	2025-03-03 12:19:25	100	0.1908150	
Monthly Domestic Values	1	2024	Fossil Gas	IE	B04	2025-03-03 12:12:11	100	865.1968600	
Monthly Domestic Values	2	2024	Fossil Gas	IE	B04	2025-03-03 12:12:11	100	339.5293300	
Monthly Domestic Values	3	2024	Fossil Gas	IE	B04	2025-03-03 12:12:11	100	487.9741150	
Monthly Domestic Values	4	2024	Fossil Gas	IE	B04	2025-03-03 12:12:11	100	621.0076300	
Monthly Domestic Values	5	2024	Fossil Gas	IE	B04	2025-03-03 12:12:11	100	779.0764900	
Monthly Domestic Values	6	2024	Fossil Gas	IE	B04	2025-03-03 12:12:11	100	673.6013850	
Monthly Domestic Values	7	2024	Fossil Gas	IE	B04	2025-03-03 12:12:11	100	741.5501150	
Monthly Domestic Values	8	2024	Fossil Gas	IE	B04	2025-03-03 12:12:11	100	392.2678450	
Monthly Domestic Values	9	2024	Fossil Gas	IE	B04	2025-03-03 12:12:11	100	504.7306450	
Monthly Domestic Values	10	2024	Fossil Gas	IE	B04	2025-03-03 12:12:11	100	701.9716950	
Monthly Domestic Values	11	2024	Fossil Gas	IE	B04	2025-03-03 12:12:11	100	469.0049000	
Monthly Domestic Values	1	2024	Fossil Hard coal	IE	B05	2025-03-03 12:12:11	100	126.8181950	
Monthly Domestic Values	2	2024	Fossil Hard coal	IE	B05	2025-03-03 12:12:11	100	51.1178250	
Monthly Domestic Values	3	2024	Fossil Hard coal	IE	B05	2025-03-03 12:12:11	100	71.1776250	
Monthly Domestic Values	4	2024	Fossil Hard coal	IE	B05	2025-03-03 12:12:11	100	81.8117800	
Monthly Domestic Values	5	2024	Fossil Hard coal	IE	B05	2025-03-03 12:12:11	100	45.4436500	
Monthly Domestic Values	6	2024	Fossil Hard coal	IE	B05	2025-03-03 12:12:11	100	72.0230000	
Monthly Domestic Values	7	2024	Fossil Hard coal	IE	B05	2025-03-03 12:12:11	100	133.2245850	
Monthly Domestic Values	8	2024	Fossil Hard coal	IE	B05	2025-03-03 12:12:11	100	68.7825850	
Monthly Domestic Values	9	2024	Fossil Hard coal	IE	B05	2025-03-03 12:12:11	100	115.6099500	
Monthly Domestic Values	10	2024	Fossil Hard coal	IE	B05	2025-03-03 12:12:11	100	93.7430100	
Monthly Domestic Values	11	2024	Fossil Hard coal	IE	B05	2025-03-03 12:12:11	100	37.9978000	
Monthly Domestic Values	1	2024	Fossil Oil	IE	B06	2025-03-03 12:12:11	100	156.2354000	
Monthly Domestic Values	2	2024	Fossil Oil	IE	B06	2025-03-03 12:12:11	100	74.6201600	
Monthly Domestic Values	3	2024	Fossil Oil	IE	B06	2025-03-03 12:12:11	100	110.6072000	
Monthly Domestic Values	4	2024	Fossil Oil	IE	B06	2025-03-03 12:12:11	100	128.8455850	
Monthly Domestic Values	5	2024	Fossil Oil	IE	B06	2025-03-03 12:12:11	100	129.7505900	
Monthly Domestic Values	6	2024	Fossil Oil	IE	B06	2025-03-03 12:12:11	100	0.0093700	
Monthly Domestic Values	7	2024	Fossil Oil	IE	B06	2025-03-03 12:12:11	100	5.5506250	
Monthly Domestic Values	8	2024	Fossil Oil	IE	B06	2025-03-03 12:12:11	100	173.8556250	
Monthly Domestic Values	9	2024	Fossil Oil	IE	B06	2025-03-03 12:12:11	100	192.2758200	
Monthly Domestic Values	10	2024	Fossil Oil	IE	B06	2025-03-03 12:12:11	100	184.5329600	
Monthly Domestic Values	11	2024	Fossil Oil	IE	B06	2025-03-03 12:12:11	100	95.8264050	
Monthly Domestic Values	1	2024	Fossil Peat	IE	B08	2025-03-03 12:12:11	100	37.7338800	
Monthly Domestic Values	2	2024	Fossil Peat	IE	B08	2025-03-03 12:12:11	100	27.7127450	
Monthly Domestic Values	3	2024	Fossil Peat	IE	B08	2025-03-03 12:12:11	100	39.9476300	
Monthly Domestic Values	4	2024	Fossil Peat	IE	B08	2025-03-03 12:12:11	100	54.0193400	
Monthly Domestic Values	5	2024	Fossil Peat	IE	B08	2025-03-03 12:12:11	100	57.2375000	
Monthly Domestic Values	6	2024	Fossil Peat	IE	B08	2025-03-03 12:12:11	100	48.8265900	
Monthly Domestic Values	7	2024	Fossil Peat	IE	B08	2025-03-03 12:12:11	100	30.9802300	
Monthly Domestic Values	8	2024	Fossil Peat	IE	B08	2025-03-03 12:12:11	100	1.3032900	
Monthly Domestic Values	9	2024	Fossil Peat	IE	B08	2025-03-03 12:12:11	100	0.3507450	
Monthly Domestic Values	10	2024	Fossil Peat	IE	B08	2025-03-03 12:12:11	100	37.7207850	
Monthly Domestic Values	11	2024	Fossil Peat	IE	B08	2025-03-03 12:12:11	100	19.6288050	
Monthly Domestic Values	1	2024	Hydro Pumped Storage	IE	B10	2025-03-03 12:12:11	100	26.3775850	
Monthly Domestic Values	2	2024	Hydro Pumped Storage	IE	B10	2025-03-03 12:12:11	100	11.9468450	
Monthly Domestic Values	3	2024	Hydro Pumped Storage	IE	B10	2025-03-03 12:12:11	100	22.5810750	
Monthly Domestic Values	4	2024	Hydro Pumped Storage	IE	B10	2025-03-03 12:12:11	100	25.3999700	
Monthly Domestic Values	5	2024	Hydro Pumped Storage	IE	B10	2025-03-03 12:12:11	100	29.5646750	
Monthly Domestic Values	6	2024	Hydro Pumped Storage	IE	B10	2025-03-03 12:12:11	100	24.0015800	
Monthly Domestic Values	7	2024	Hydro Pumped Storage	IE	B10	2025-03-03 12:12:11	100	28.3032000	
Monthly Domestic Values	8	2024	Hydro Pumped Storage	IE	B10	2025-03-03 12:12:11	100	26.7628100	
Monthly Domestic Values	9	2024	Hydro Pumped Storage	IE	B10	2025-03-03 12:12:11	100	24.6823050	
Monthly Domestic Values	10	2024	Hydro Pumped Storage	IE	B10	2025-03-03 12:12:11	100	30.6752000	
Monthly Domestic Values	11	2024	Hydro Pumped Storage	IE	B10	2025-03-03 12:12:11	100	11.6537100	
Monthly Domestic Values	1	2024	Hydro Run-of-river and poundage	IE	B11	2025-03-03 12:12:11	100	124.1244350	
Monthly Domestic Values	2	2024	Hydro Run-of-river and poundage	IE	B11	2025-03-03 12:12:11	100	51.6909050	
Monthly Domestic Values	3	2024	Hydro Run-of-river and poundage	IE	B11	2025-03-03 12:12:11	100	87.5805850	
Monthly Domestic Values	4	2024	Hydro Run-of-river and poundage	IE	B11	2025-03-03 12:12:11	100	82.3748950	
Monthly Domestic Values	5	2024	Hydro Run-of-river and poundage	IE	B11	2025-03-03 12:12:11	100	31.9887150	
Monthly Domestic Values	6	2024	Hydro Run-of-river and poundage	IE	B11	2025-03-03 12:12:11	100	13.1975850	
Monthly Domestic Values	7	2024	Hydro Run-of-river and poundage	IE	B11	2025-03-03 12:12:11	100	8.2304550	
Monthly Domestic Values	8	2024	Hydro Run-of-river and poundage	IE	B11	2025-03-03 12:12:11	100	26.1212500	
Monthly Domestic Values	9	2024	Hydro Run-of-river and poundage	IE	B11	2025-03-03 12:12:11	100	19.0398850	
Monthly Domestic Values	10	2024	Hydro Run-of-river and poundage	IE	B11	2025-03-03 12:12:11	100	39.4510300	
Monthly Domestic Values	11	2024	Hydro Run-of-river and poundage	IE	B11	2025-03-03 12:12:11	100	12.8974450	
Monthly Domestic Values	12	2024	Hydro Run-of-river and poundage	IE	B11	2025-03-03 12:12:11	100	0.0138450	
Monthly Domestic Values	1	2024	Other	IE	B20	2025-03-03 12:12:11	100	0.5549450	
Monthly Domestic Values	2	2024	Other	IE	B20	2025-03-03 12:12:11	100	0.0000000	
Monthly Domestic Values	3	2024	Other	IE	B20	2025-03-03 12:12:11	100	0.2048550	
Monthly Domestic Values	4	2024	Other	IE	B20	2025-03-03 12:12:11	100	0.4727850	
Monthly Domestic Values	5	2024	Other	IE	B20	2025-03-03 12:12:11	100	0.9097350	
Monthly Domestic Values	6	2024	Other	IE	B20	2025-03-03 12:12:11	100	0.1949400	
Monthly Domestic Values	7	2024	Other	IE	B20	2025-03-03 12:12:11	100	2.2179600	
Monthly Domestic Values	8	2024	Other	IE	B20	2025-03-03 12:12:11	100	0.7591750	
Monthly Domestic Values	9	2024	Other	IE	B20	2025-03-03 12:12:11	100	2.5605850	
Monthly Domestic Values	10	2024	Other	IE	B20	2025-03-03 12:12:11	100	4.7508550	
Monthly Domestic Values	11	2024	Other	IE	B20	2025-03-03 12:12:11	100	4.1296600	
Monthly Domestic Values	1	2024	Wind Onshore	IE	B19	2025-03-03 12:12:11	100	1133.5299750	
Monthly Domestic Values	2	2024	Wind Onshore	IE	B19	2025-03-03 12:12:11	100	592.2361100	
Monthly Domestic Values	3	2024	Wind Onshore	IE	B19	2025-03-03 12:12:11	100	983.8841900	
Monthly Domestic Values	4	2024	Wind Onshore	IE	B19	2025-03-03 12:12:11	100	905.5301400	
Monthly Domestic Values	5	2024	Wind Onshore	IE	B19	2025-03-03 12:12:11	100	532.7051250	
Monthly Domestic Values	6	2024	Wind Onshore	IE	B19	2025-03-03 12:12:11	100	634.2396400	
Monthly Domestic Values	7	2024	Wind Onshore	IE	B19	2025-03-03 12:12:11	100	569.0089800	
Monthly Domestic Values	8	2024	Wind Onshore	IE	B19	2025-03-03 12:12:11	100	887.7889550	
Monthly Domestic Values	9	2024	Wind Onshore	IE	B19	2025-03-03 12:12:11	100	672.2042050	
Monthly Domestic Values	10	2024	Wind Onshore	IE	B19	2025-03-03 12:12:11	100	975.7959050	
Monthly Domestic Values	11	2024	Wind Onshore	IE	B19	2025-03-03 12:12:11	100	237.1193650	
Monthly Domestic Values	12	2024	Wind Onshore	IE	B19	2025-03-03 12:12:11	100	32.3127600	
Monthly Domestic Values	1	2024	Biomass	IT	B01	2025-03-03 12:12:11	100	342.7700000	
Monthly Domestic Values	2	2024	Biomass	IT	B01	2025-03-03 12:12:11	100	430.4380000	
Monthly Domestic Values	3	2024	Biomass	IT	B01	2025-03-03 12:12:11	100	470.6850000	
Monthly Domestic Values	4	2024	Biomass	IT	B01	2025-03-03 12:12:11	100	448.7020000	
Monthly Domestic Values	5	2024	Biomass	IT	B01	2025-03-03 12:12:11	100	470.2960000	
Monthly Domestic Values	6	2024	Biomass	IT	B01	2025-03-03 12:12:11	100	451.6800000	
Monthly Domestic Values	7	2024	Biomass	IT	B01	2025-03-03 12:12:11	100	424.8630000	
Monthly Domestic Values	8	2024	Biomass	IT	B01	2025-03-03 12:12:11	100	406.6910000	
Monthly Domestic Values	9	2024	Biomass	IT	B01	2025-03-03 12:12:11	100	364.2230000	
Monthly Domestic Values	10	2024	Biomass	IT	B01	2025-03-03 12:12:11	100	389.4150000	
Monthly Domestic Values	11	2024	Biomass	IT	B01	2025-03-03 12:12:11	100	473.2780000	
Monthly Domestic Values	12	2024	Biomass	IT	B01	2025-03-03 12:12:11	100	480.6430000	
Monthly Domestic Values	5	2024	Consumption of Fossil Hard coal	IT	(B05)	2025-03-03 12:19:25	100	0.0140000	
Monthly Domestic Values	6	2024	Consumption of Fossil Hard coal	IT	(B05)	2025-03-03 12:19:25	100	0.0140000	
Monthly Domestic Values	7	2024	Consumption of Fossil Hard coal	IT	(B05)	2025-03-03 12:19:25	100	0.1200000	
Monthly Domestic Values	8	2024	Consumption of Fossil Hard coal	IT	(B05)	2025-03-03 12:19:25	100	0.1390000	
Monthly Domestic Values	12	2024	Consumption of Fossil Hard coal	IT	(B05)	2025-03-03 12:19:25	100	0.0100000	
Monthly Domestic Values	5	2024	Consumption of Fossil Oil	IT	(B06)	2025-03-03 12:19:25	100	0.0020000	
Monthly Domestic Values	6	2024	Consumption of Fossil Oil	IT	(B06)	2025-03-03 12:19:25	100	0.0700000	
Monthly Domestic Values	7	2024	Consumption of Fossil Oil	IT	(B06)	2025-03-03 12:19:25	100	0.0020000	
Monthly Domestic Values	11	2024	Consumption of Fossil Oil	IT	(B06)	2025-03-03 12:19:25	100	0.2130000	
Monthly Domestic Values	1	2024	Consumption of Hydro Pumped Storage	IT	(B10)	2025-03-03 12:19:25	100	85.3780000	
Monthly Domestic Values	2	2024	Consumption of Hydro Pumped Storage	IT	(B10)	2025-03-03 12:19:25	100	141.4050000	
Monthly Domestic Values	3	2024	Consumption of Hydro Pumped Storage	IT	(B10)	2025-03-03 12:19:25	100	197.8430000	
Monthly Domestic Values	4	2024	Consumption of Hydro Pumped Storage	IT	(B10)	2025-03-03 12:19:25	100	237.4850000	
Monthly Domestic Values	5	2024	Consumption of Hydro Pumped Storage	IT	(B10)	2025-03-03 12:19:25	100	195.7790000	
Monthly Domestic Values	6	2024	Consumption of Hydro Pumped Storage	IT	(B10)	2025-03-03 12:19:25	100	119.0960000	
Monthly Domestic Values	7	2024	Consumption of Hydro Pumped Storage	IT	(B10)	2025-03-03 12:19:25	100	115.8750000	
Monthly Domestic Values	8	2024	Consumption of Hydro Pumped Storage	IT	(B10)	2025-03-03 12:19:25	100	142.3220000	
Monthly Domestic Values	9	2024	Consumption of Hydro Pumped Storage	IT	(B10)	2025-03-03 12:19:25	100	142.4800000	
Monthly Domestic Values	10	2024	Consumption of Hydro Pumped Storage	IT	(B10)	2025-03-03 12:19:25	100	112.0540000	
Monthly Domestic Values	11	2024	Consumption of Hydro Pumped Storage	IT	(B10)	2025-03-03 12:19:25	100	88.6660000	
Monthly Domestic Values	12	2024	Consumption of Hydro Pumped Storage	IT	(B10)	2025-03-03 12:19:25	100	147.4310000	
Monthly Domestic Values	5	2024	Consumption of Other	IT	(B20)	2025-03-03 12:19:25	100	0.0010000	
Monthly Domestic Values	10	2024	Consumption of Other	IT	(B20)	2025-03-03 12:19:25	100	0.0070000	
Monthly Domestic Values	12	2024	Consumption of Other	IT	(B20)	2025-03-03 12:19:25	100	0.1720000	
Monthly Domestic Values	1	2024	Consumption of Solar	IT	(B16)	2025-03-03 12:19:25	100	0.0260000	
Monthly Domestic Values	2	2024	Consumption of Solar	IT	(B16)	2025-03-03 12:19:25	100	0.3030000	
Monthly Domestic Values	3	2024	Consumption of Solar	IT	(B16)	2025-03-03 12:19:25	100	0.3030000	
Monthly Domestic Values	4	2024	Consumption of Solar	IT	(B16)	2025-03-03 12:19:25	100	0.0030000	
Monthly Domestic Values	5	2024	Consumption of Solar	IT	(B16)	2025-03-03 12:19:25	100	0.0090000	
Monthly Domestic Values	6	2024	Consumption of Solar	IT	(B16)	2025-03-03 12:19:25	100	0.0080000	
Monthly Domestic Values	7	2024	Consumption of Solar	IT	(B16)	2025-03-03 12:19:25	100	0.0190000	
Monthly Domestic Values	8	2024	Consumption of Solar	IT	(B16)	2025-03-03 12:19:25	100	0.0090000	
Monthly Domestic Values	9	2024	Consumption of Solar	IT	(B16)	2025-03-03 12:19:25	100	0.0240000	
Monthly Domestic Values	10	2024	Consumption of Solar	IT	(B16)	2025-03-03 12:19:25	100	0.0830000	
Monthly Domestic Values	11	2024	Consumption of Solar	IT	(B16)	2025-03-03 12:19:25	100	0.3060000	
Monthly Domestic Values	12	2024	Consumption of Solar	IT	(B16)	2025-03-03 12:19:25	100	0.1750000	
Monthly Domestic Values	7	2024	Consumption of Wind Onshore	IT	(B19)	2025-03-03 12:19:25	100	0.0010000	
Monthly Domestic Values	1	2024	Fossil Coal-derived gas	IT	B03	2025-03-03 12:12:11	100	480.0270000	
Monthly Domestic Values	2	2024	Fossil Coal-derived gas	IT	B03	2025-03-03 12:12:11	100	541.5200000	
Monthly Domestic Values	3	2024	Fossil Coal-derived gas	IT	B03	2025-03-03 12:12:11	100	487.1940000	
Monthly Domestic Values	4	2024	Fossil Coal-derived gas	IT	B03	2025-03-03 12:12:11	100	446.0790000	
Monthly Domestic Values	5	2024	Fossil Coal-derived gas	IT	B03	2025-03-03 12:12:11	100	353.9890000	
Monthly Domestic Values	6	2024	Fossil Coal-derived gas	IT	B03	2025-03-03 12:12:11	100	381.4980000	
Monthly Domestic Values	7	2024	Fossil Coal-derived gas	IT	B03	2025-03-03 12:12:11	100	498.1600000	
Monthly Domestic Values	8	2024	Fossil Coal-derived gas	IT	B03	2025-03-03 12:12:11	100	529.8060000	
Monthly Domestic Values	9	2024	Fossil Coal-derived gas	IT	B03	2025-03-03 12:12:11	100	368.2460000	
Monthly Domestic Values	10	2024	Fossil Coal-derived gas	IT	B03	2025-03-03 12:12:11	100	259.2810000	
Monthly Domestic Values	11	2024	Fossil Coal-derived gas	IT	B03	2025-03-03 12:12:11	100	206.3940000	
Monthly Domestic Values	12	2024	Fossil Coal-derived gas	IT	B03	2025-03-03 12:12:11	100	300.8420000	
Monthly Domestic Values	1	2024	Fossil Gas	IT	B04	2025-03-03 12:12:11	100	8644.5230000	
Monthly Domestic Values	2	2024	Fossil Gas	IT	B04	2025-03-03 12:12:11	100	7310.9060000	
Monthly Domestic Values	3	2024	Fossil Gas	IT	B04	2025-03-03 12:12:11	100	6378.3980000	
Monthly Domestic Values	4	2024	Fossil Gas	IT	B04	2025-03-03 12:12:11	100	4856.2100000	
Monthly Domestic Values	5	2024	Fossil Gas	IT	B04	2025-03-03 12:12:11	100	4791.8850000	
Monthly Domestic Values	6	2024	Fossil Gas	IT	B04	2025-03-03 12:12:11	100	6135.9360000	
Monthly Domestic Values	7	2024	Fossil Gas	IT	B04	2025-03-03 12:12:11	100	9824.8430000	
Monthly Domestic Values	8	2024	Fossil Gas	IT	B04	2025-03-03 12:12:11	100	9611.5600000	
Monthly Domestic Values	9	2024	Fossil Gas	IT	B04	2025-03-03 12:12:11	100	8578.2750000	
Monthly Domestic Values	10	2024	Fossil Gas	IT	B04	2025-03-03 12:12:11	100	7620.9450000	
Monthly Domestic Values	11	2024	Fossil Gas	IT	B04	2025-03-03 12:12:11	100	9881.7930000	
Monthly Domestic Values	12	2024	Fossil Gas	IT	B04	2025-03-03 12:12:11	100	9785.0630000	
Monthly Domestic Values	1	2024	Fossil Hard coal	IT	B05	2025-03-03 12:12:11	100	365.8730000	
Monthly Domestic Values	2	2024	Fossil Hard coal	IT	B05	2025-03-03 12:12:11	100	471.0680000	
Monthly Domestic Values	3	2024	Fossil Hard coal	IT	B05	2025-03-03 12:12:11	100	243.2250000	
Monthly Domestic Values	4	2024	Fossil Hard coal	IT	B05	2025-03-03 12:12:11	100	267.9990000	
Monthly Domestic Values	5	2024	Fossil Hard coal	IT	B05	2025-03-03 12:12:11	100	245.0860000	
Monthly Domestic Values	6	2024	Fossil Hard coal	IT	B05	2025-03-03 12:12:11	100	253.6630000	
Monthly Domestic Values	7	2024	Fossil Hard coal	IT	B05	2025-03-03 12:12:11	100	262.6660000	
Monthly Domestic Values	8	2024	Fossil Hard coal	IT	B05	2025-03-03 12:12:11	100	240.2320000	
Monthly Domestic Values	9	2024	Fossil Hard coal	IT	B05	2025-03-03 12:12:11	100	270.9250000	
Monthly Domestic Values	10	2024	Fossil Hard coal	IT	B05	2025-03-03 12:12:11	100	321.2210000	
Monthly Domestic Values	11	2024	Fossil Hard coal	IT	B05	2025-03-03 12:12:11	100	255.9390000	
Monthly Domestic Values	12	2024	Fossil Hard coal	IT	B05	2025-03-03 12:12:11	100	343.7440000	
Monthly Domestic Values	1	2024	Fossil Oil	IT	B06	2025-03-03 12:12:11	100	34.9000000	
Monthly Domestic Values	2	2024	Fossil Oil	IT	B06	2025-03-03 12:12:11	100	21.1520000	
Monthly Domestic Values	3	2024	Fossil Oil	IT	B06	2025-03-03 12:12:11	100	3.8850000	
Monthly Domestic Values	4	2024	Fossil Oil	IT	B06	2025-03-03 12:12:11	100	2.9880000	
Monthly Domestic Values	5	2024	Fossil Oil	IT	B06	2025-03-03 12:12:11	100	8.4420000	
Monthly Domestic Values	6	2024	Fossil Oil	IT	B06	2025-03-03 12:12:11	100	19.9120000	
Monthly Domestic Values	7	2024	Fossil Oil	IT	B06	2025-03-03 12:12:11	100	35.9660000	
Monthly Domestic Values	8	2024	Fossil Oil	IT	B06	2025-03-03 12:12:11	100	128.8040000	
Monthly Domestic Values	9	2024	Fossil Oil	IT	B06	2025-03-03 12:12:11	100	104.9280000	
Monthly Domestic Values	10	2024	Fossil Oil	IT	B06	2025-03-03 12:12:11	100	170.2860000	
Monthly Domestic Values	11	2024	Fossil Oil	IT	B06	2025-03-03 12:12:11	100	556.7830000	
Monthly Domestic Values	1	2024	Geothermal	IT	B09	2025-03-03 12:12:11	100	458.7420000	
Monthly Domestic Values	2	2024	Geothermal	IT	B09	2025-03-03 12:12:11	100	432.0070000	
Monthly Domestic Values	3	2024	Geothermal	IT	B09	2025-03-03 12:12:11	100	459.7450000	
Monthly Domestic Values	4	2024	Geothermal	IT	B09	2025-03-03 12:12:11	100	436.8620000	
Monthly Domestic Values	5	2024	Geothermal	IT	B09	2025-03-03 12:12:11	100	440.2730000	
Monthly Domestic Values	6	2024	Geothermal	IT	B09	2025-03-03 12:12:11	100	423.6780000	
Monthly Domestic Values	7	2024	Geothermal	IT	B09	2025-03-03 12:12:11	100	448.4450000	
Monthly Domestic Values	8	2024	Geothermal	IT	B09	2025-03-03 12:12:11	100	428.2610000	
Monthly Domestic Values	9	2024	Geothermal	IT	B09	2025-03-03 12:12:11	100	422.1340000	
Monthly Domestic Values	10	2024	Geothermal	IT	B09	2025-03-03 12:12:11	100	437.4740000	
Monthly Domestic Values	11	2024	Geothermal	IT	B09	2025-03-03 12:12:11	100	327.9210000	
Monthly Domestic Values	12	2024	Geothermal	IT	B09	2025-03-03 12:12:11	100	84.5670000	
Monthly Domestic Values	1	2024	Hydro Pumped Storage	IT	B10	2025-03-03 12:12:11	100	316.2460000	
Monthly Domestic Values	2	2024	Hydro Pumped Storage	IT	B10	2025-03-03 12:12:11	100	246.2300000	
Monthly Domestic Values	3	2024	Hydro Pumped Storage	IT	B10	2025-03-03 12:12:11	100	419.6710000	
Monthly Domestic Values	4	2024	Hydro Pumped Storage	IT	B10	2025-03-03 12:12:11	100	469.5720000	
Monthly Domestic Values	5	2024	Hydro Pumped Storage	IT	B10	2025-03-03 12:12:11	100	600.3670000	
Monthly Domestic Values	6	2024	Hydro Pumped Storage	IT	B10	2025-03-03 12:12:11	100	662.1440000	
Monthly Domestic Values	7	2024	Hydro Pumped Storage	IT	B10	2025-03-03 12:12:11	100	685.0760000	
Monthly Domestic Values	8	2024	Hydro Pumped Storage	IT	B10	2025-03-03 12:12:11	100	437.6230000	
Monthly Domestic Values	9	2024	Hydro Pumped Storage	IT	B10	2025-03-03 12:12:11	100	389.6440000	
Monthly Domestic Values	10	2024	Hydro Pumped Storage	IT	B10	2025-03-03 12:12:11	100	576.3360000	
Monthly Domestic Values	11	2024	Hydro Pumped Storage	IT	B10	2025-03-03 12:12:11	100	246.1760000	
Monthly Domestic Values	12	2024	Hydro Pumped Storage	IT	B10	2025-03-03 12:12:11	100	172.1157500	
Monthly Domestic Values	1	2024	Hydro Run-of-river and poundage	IT	B11	2025-03-03 12:12:11	100	2386.6110000	
Monthly Domestic Values	2	2024	Hydro Run-of-river and poundage	IT	B11	2025-03-03 12:12:11	100	2124.4010000	
Monthly Domestic Values	3	2024	Hydro Run-of-river and poundage	IT	B11	2025-03-03 12:12:11	100	3126.4660000	
Monthly Domestic Values	4	2024	Hydro Run-of-river and poundage	IT	B11	2025-03-03 12:12:11	100	3706.5380000	
Monthly Domestic Values	5	2024	Hydro Run-of-river and poundage	IT	B11	2025-03-03 12:12:11	100	4483.4930000	
Monthly Domestic Values	6	2024	Hydro Run-of-river and poundage	IT	B11	2025-03-03 12:12:11	100	4953.0280000	
Monthly Domestic Values	7	2024	Hydro Run-of-river and poundage	IT	B11	2025-03-03 12:12:11	100	4741.3490000	
Monthly Domestic Values	8	2024	Hydro Run-of-river and poundage	IT	B11	2025-03-03 12:12:11	100	3279.2420000	
Monthly Domestic Values	9	2024	Hydro Run-of-river and poundage	IT	B11	2025-03-03 12:12:11	100	3026.6980000	
Monthly Domestic Values	10	2024	Hydro Run-of-river and poundage	IT	B11	2025-03-03 12:12:11	100	4127.1740000	
Monthly Domestic Values	11	2024	Hydro Run-of-river and poundage	IT	B11	2025-03-03 12:12:11	100	2572.8030000	
Monthly Domestic Values	12	2024	Hydro Run-of-river and poundage	IT	B11	2025-03-03 12:12:11	100	1771.9917500	
Monthly Domestic Values	1	2024	Hydro Water Reservoir	IT	B12	2025-03-03 12:12:11	100	354.6530000	
Monthly Domestic Values	2	2024	Hydro Water Reservoir	IT	B12	2025-03-03 12:12:11	100	309.8260000	
Monthly Domestic Values	3	2024	Hydro Water Reservoir	IT	B12	2025-03-03 12:12:11	100	417.5450000	
Monthly Domestic Values	4	2024	Hydro Water Reservoir	IT	B12	2025-03-03 12:12:11	100	458.9930000	
Monthly Domestic Values	5	2024	Hydro Water Reservoir	IT	B12	2025-03-03 12:12:11	100	585.6640000	
Monthly Domestic Values	6	2024	Hydro Water Reservoir	IT	B12	2025-03-03 12:12:11	100	687.8570000	
Monthly Domestic Values	7	2024	Hydro Water Reservoir	IT	B12	2025-03-03 12:12:11	100	739.6940000	
Monthly Domestic Values	8	2024	Hydro Water Reservoir	IT	B12	2025-03-03 12:12:11	100	576.8650000	
Monthly Domestic Values	9	2024	Hydro Water Reservoir	IT	B12	2025-03-03 12:12:11	100	466.9160000	
Monthly Domestic Values	10	2024	Hydro Water Reservoir	IT	B12	2025-03-03 12:12:11	100	590.0780000	
Monthly Domestic Values	11	2024	Hydro Water Reservoir	IT	B12	2025-03-03 12:12:11	100	379.9570000	
Monthly Domestic Values	12	2024	Hydro Water Reservoir	IT	B12	2025-03-03 12:12:11	100	267.0100000	
Monthly Domestic Values	1	2024	Other	IT	B20	2025-03-03 12:12:11	100	1566.2150000	
Monthly Domestic Values	2	2024	Other	IT	B20	2025-03-03 12:12:11	100	1427.9200000	
Monthly Domestic Values	3	2024	Other	IT	B20	2025-03-03 12:12:11	100	1398.9910000	
Monthly Domestic Values	4	2024	Other	IT	B20	2025-03-03 12:12:11	100	1217.7830000	
Monthly Domestic Values	5	2024	Other	IT	B20	2025-03-03 12:12:11	100	1285.3300000	
Monthly Domestic Values	6	2024	Other	IT	B20	2025-03-03 12:12:11	100	1220.8130000	
Monthly Domestic Values	7	2024	Other	IT	B20	2025-03-03 12:12:11	100	1512.3910000	
Monthly Domestic Values	8	2024	Other	IT	B20	2025-03-03 12:12:11	100	1400.1680000	
Monthly Domestic Values	9	2024	Other	IT	B20	2025-03-03 12:12:11	100	1226.9050000	
Monthly Domestic Values	10	2024	Other	IT	B20	2025-03-03 12:12:11	100	1078.3590000	
Monthly Domestic Values	11	2024	Other	IT	B20	2025-03-03 12:12:11	100	1221.2580000	
Monthly Domestic Values	12	2024	Other	IT	B20	2025-03-03 12:12:11	100	1178.6815000	
Monthly Domestic Values	1	2024	Solar	IT	B16	2025-03-03 12:12:11	100	1024.4930000	
Monthly Domestic Values	2	2024	Solar	IT	B16	2025-03-03 12:12:11	100	1340.7730000	
Monthly Domestic Values	3	2024	Solar	IT	B16	2025-03-03 12:12:11	100	2112.0750000	
Monthly Domestic Values	4	2024	Solar	IT	B16	2025-03-03 12:12:11	100	2975.0660000	
Monthly Domestic Values	5	2024	Solar	IT	B16	2025-03-03 12:12:11	100	3154.7680000	
Monthly Domestic Values	6	2024	Solar	IT	B16	2025-03-03 12:12:11	100	3198.0890000	
Monthly Domestic Values	7	2024	Solar	IT	B16	2025-03-03 12:12:11	100	3808.2100000	
Monthly Domestic Values	8	2024	Solar	IT	B16	2025-03-03 12:12:11	100	3406.9270000	
Monthly Domestic Values	9	2024	Solar	IT	B16	2025-03-03 12:12:11	100	2466.7280000	
Monthly Domestic Values	10	2024	Solar	IT	B16	2025-03-03 12:12:11	100	1704.8630000	
Monthly Domestic Values	11	2024	Solar	IT	B16	2025-03-03 12:12:11	100	1427.2210000	
Monthly Domestic Values	12	2024	Solar	IT	B16	2025-03-03 12:12:11	100	1106.1700000	
Monthly Domestic Values	1	2024	Waste	IT	B17	2025-03-03 12:12:11	100	253.7600000	
Monthly Domestic Values	2	2024	Waste	IT	B17	2025-03-03 12:12:11	100	202.8500000	
Monthly Domestic Values	3	2024	Waste	IT	B17	2025-03-03 12:12:11	100	236.2410000	
Monthly Domestic Values	4	2024	Waste	IT	B17	2025-03-03 12:12:11	100	229.1420000	
Monthly Domestic Values	5	2024	Waste	IT	B17	2025-03-03 12:12:11	100	247.5010000	
Monthly Domestic Values	6	2024	Waste	IT	B17	2025-03-03 12:12:11	100	258.5420000	
Monthly Domestic Values	7	2024	Waste	IT	B17	2025-03-03 12:12:11	100	255.6290000	
Monthly Domestic Values	8	2024	Waste	IT	B17	2025-03-03 12:12:11	100	241.9250000	
Monthly Domestic Values	9	2024	Waste	IT	B17	2025-03-03 12:12:11	100	232.6520000	
Monthly Domestic Values	10	2024	Waste	IT	B17	2025-03-03 12:12:11	100	235.1220000	
Monthly Domestic Values	11	2024	Waste	IT	B17	2025-03-03 12:12:11	100	219.7690000	
Monthly Domestic Values	12	2024	Waste	IT	B17	2025-03-03 12:12:11	100	215.2460000	
Monthly Domestic Values	1	2024	Wind Offshore	IT	B18	2025-03-03 12:12:11	100	6.1820000	
Monthly Domestic Values	2	2024	Wind Offshore	IT	B18	2025-03-03 12:12:11	100	5.8410000	
Monthly Domestic Values	3	2024	Wind Offshore	IT	B18	2025-03-03 12:12:11	100	5.6140000	
Monthly Domestic Values	4	2024	Wind Offshore	IT	B18	2025-03-03 12:12:11	100	2.6200000	
Monthly Domestic Values	5	2024	Wind Offshore	IT	B18	2025-03-03 12:12:11	100	4.4500000	
Monthly Domestic Values	6	2024	Wind Offshore	IT	B18	2025-03-03 12:12:11	100	2.3760000	
Monthly Domestic Values	7	2024	Wind Offshore	IT	B18	2025-03-03 12:12:11	100	2.9210000	
Monthly Domestic Values	8	2024	Wind Offshore	IT	B18	2025-03-03 12:12:11	100	1.6140000	
Monthly Domestic Values	9	2024	Wind Offshore	IT	B18	2025-03-03 12:12:11	100	4.0200000	
Monthly Domestic Values	10	2024	Wind Offshore	IT	B18	2025-03-03 12:12:11	100	4.0210000	
Monthly Domestic Values	11	2024	Wind Offshore	IT	B18	2025-03-03 12:12:11	100	3.7280000	
Monthly Domestic Values	12	2024	Wind Offshore	IT	B18	2025-03-03 12:12:11	100	6.4990000	
Monthly Domestic Values	1	2024	Wind Onshore	IT	B19	2025-03-03 12:12:11	100	2791.2650000	
Monthly Domestic Values	2	2024	Wind Onshore	IT	B19	2025-03-03 12:12:11	100	2268.6240000	
Monthly Domestic Values	3	2024	Wind Onshore	IT	B19	2025-03-03 12:12:11	100	2391.4750000	
Monthly Domestic Values	4	2024	Wind Onshore	IT	B19	2025-03-03 12:12:11	100	2067.9090000	
Monthly Domestic Values	5	2024	Wind Onshore	IT	B19	2025-03-03 12:12:11	100	1668.4290000	
Monthly Domestic Values	6	2024	Wind Onshore	IT	B19	2025-03-03 12:12:11	100	1316.3010000	
Monthly Domestic Values	7	2024	Wind Onshore	IT	B19	2025-03-03 12:12:11	100	1184.1250000	
Monthly Domestic Values	8	2024	Wind Onshore	IT	B19	2025-03-03 12:12:11	100	905.3780000	
Monthly Domestic Values	9	2024	Wind Onshore	IT	B19	2025-03-03 12:12:11	100	1603.0470000	
Monthly Domestic Values	10	2024	Wind Onshore	IT	B19	2025-03-03 12:12:11	100	1358.7810000	
Monthly Domestic Values	11	2024	Wind Onshore	IT	B19	2025-03-03 12:12:11	100	1747.1310000	
Monthly Domestic Values	12	2024	Wind Onshore	IT	B19	2025-03-03 12:12:11	100	2603.7272500	
Monthly Domestic Values	1	2024	Biomass	LT	B01	2025-03-03 12:12:11	100	24.8336100	
Monthly Domestic Values	2	2024	Biomass	LT	B01	2025-03-03 12:12:11	100	22.9992500	
Monthly Domestic Values	3	2024	Biomass	LT	B01	2025-03-03 12:12:11	100	24.7167500	
Monthly Domestic Values	4	2024	Biomass	LT	B01	2025-03-03 12:12:11	100	23.2368200	
Monthly Domestic Values	5	2024	Biomass	LT	B01	2025-03-03 12:12:11	100	22.2344000	
Monthly Domestic Values	6	2024	Biomass	LT	B01	2025-03-03 12:12:11	100	21.4149300	
Monthly Domestic Values	7	2024	Biomass	LT	B01	2025-03-03 12:12:11	100	22.1259400	
Monthly Domestic Values	8	2024	Biomass	LT	B01	2025-03-03 12:12:11	100	23.5482800	
Monthly Domestic Values	9	2024	Biomass	LT	B01	2025-03-03 12:12:11	100	15.2627400	
Monthly Domestic Values	10	2024	Biomass	LT	B01	2025-03-03 12:12:11	100	15.1978300	
Monthly Domestic Values	11	2024	Biomass	LT	B01	2025-03-03 12:12:11	100	14.3440025	
Monthly Domestic Values	12	2024	Biomass	LT	B01	2025-03-03 12:12:11	100	15.8302775	
Monthly Domestic Values	1	2024	Consumption of Hydro Pumped Storage	LT	(B10)	2025-03-03 12:19:25	100	56.4248300	
Monthly Domestic Values	2	2024	Consumption of Hydro Pumped Storage	LT	(B10)	2025-03-03 12:19:25	100	44.9923800	
Monthly Domestic Values	3	2024	Consumption of Hydro Pumped Storage	LT	(B10)	2025-03-03 12:19:25	100	50.8424700	
Monthly Domestic Values	4	2024	Consumption of Hydro Pumped Storage	LT	(B10)	2025-03-03 12:19:25	100	57.9154300	
Monthly Domestic Values	5	2024	Consumption of Hydro Pumped Storage	LT	(B10)	2025-03-03 12:19:25	100	69.7625500	
Monthly Domestic Values	6	2024	Consumption of Hydro Pumped Storage	LT	(B10)	2025-03-03 12:19:25	100	64.4327100	
Monthly Domestic Values	7	2024	Consumption of Hydro Pumped Storage	LT	(B10)	2025-03-03 12:19:25	100	79.3606600	
Monthly Domestic Values	8	2024	Consumption of Hydro Pumped Storage	LT	(B10)	2025-03-03 12:19:25	100	78.2841100	
Monthly Domestic Values	9	2024	Consumption of Hydro Pumped Storage	LT	(B10)	2025-03-03 12:19:25	100	72.9737600	
Monthly Domestic Values	10	2024	Consumption of Hydro Pumped Storage	LT	(B10)	2025-03-03 12:19:25	100	68.9640000	
Monthly Domestic Values	11	2024	Consumption of Hydro Pumped Storage	LT	(B10)	2025-03-03 12:19:25	100	58.4768750	
Monthly Domestic Values	12	2024	Consumption of Hydro Pumped Storage	LT	(B10)	2025-03-03 12:19:25	100	75.8703525	
Monthly Domestic Values	1	2024	Fossil Gas	LT	B04	2025-03-03 12:12:11	100	148.2176900	
Monthly Domestic Values	2	2024	Fossil Gas	LT	B04	2025-03-03 12:12:11	100	74.4980200	
Monthly Domestic Values	3	2024	Fossil Gas	LT	B04	2025-03-03 12:12:11	100	38.3055100	
Monthly Domestic Values	4	2024	Fossil Gas	LT	B04	2025-03-03 12:12:11	100	37.7687200	
Monthly Domestic Values	5	2024	Fossil Gas	LT	B04	2025-03-03 12:12:11	100	22.9959800	
Monthly Domestic Values	6	2024	Fossil Gas	LT	B04	2025-03-03 12:12:11	100	53.0074100	
Monthly Domestic Values	7	2024	Fossil Gas	LT	B04	2025-03-03 12:12:11	100	74.2634500	
Monthly Domestic Values	8	2024	Fossil Gas	LT	B04	2025-03-03 12:12:11	100	61.7110000	
Monthly Domestic Values	9	2024	Fossil Gas	LT	B04	2025-03-03 12:12:11	100	43.7610300	
Monthly Domestic Values	10	2024	Fossil Gas	LT	B04	2025-03-03 12:12:11	100	53.2936800	
Monthly Domestic Values	11	2024	Fossil Gas	LT	B04	2025-03-03 12:12:11	100	81.2585050	
Monthly Domestic Values	12	2024	Fossil Gas	LT	B04	2025-03-03 12:12:11	100	134.6930150	
Monthly Domestic Values	1	2024	Hydro Pumped Storage	LT	B10	2025-03-03 12:12:11	100	46.5343600	
Monthly Domestic Values	2	2024	Hydro Pumped Storage	LT	B10	2025-03-03 12:12:11	100	33.1723900	
Monthly Domestic Values	3	2024	Hydro Pumped Storage	LT	B10	2025-03-03 12:12:11	100	33.4066700	
Monthly Domestic Values	4	2024	Hydro Pumped Storage	LT	B10	2025-03-03 12:12:11	100	43.6627000	
Monthly Domestic Values	5	2024	Hydro Pumped Storage	LT	B10	2025-03-03 12:12:11	100	52.9117100	
Monthly Domestic Values	6	2024	Hydro Pumped Storage	LT	B10	2025-03-03 12:12:11	100	44.2783500	
Monthly Domestic Values	7	2024	Hydro Pumped Storage	LT	B10	2025-03-03 12:12:11	100	59.0649300	
Monthly Domestic Values	8	2024	Hydro Pumped Storage	LT	B10	2025-03-03 12:12:11	100	60.9123400	
Monthly Domestic Values	9	2024	Hydro Pumped Storage	LT	B10	2025-03-03 12:12:11	100	49.2094600	
Monthly Domestic Values	10	2024	Hydro Pumped Storage	LT	B10	2025-03-03 12:12:11	100	53.2254600	
Monthly Domestic Values	11	2024	Hydro Pumped Storage	LT	B10	2025-03-03 12:12:11	100	41.1731625	
Monthly Domestic Values	12	2024	Hydro Pumped Storage	LT	B10	2025-03-03 12:12:11	100	50.8612700	
Monthly Domestic Values	1	2024	Hydro Run-of-river and poundage	LT	B11	2025-03-03 12:12:11	100	35.3917600	
Monthly Domestic Values	2	2024	Hydro Run-of-river and poundage	LT	B11	2025-03-03 12:12:11	100	63.5676400	
Monthly Domestic Values	3	2024	Hydro Run-of-river and poundage	LT	B11	2025-03-03 12:12:11	100	59.4080200	
Monthly Domestic Values	4	2024	Hydro Run-of-river and poundage	LT	B11	2025-03-03 12:12:11	100	42.5938200	
Monthly Domestic Values	5	2024	Hydro Run-of-river and poundage	LT	B11	2025-03-03 12:12:11	100	33.5206400	
Monthly Domestic Values	6	2024	Hydro Run-of-river and poundage	LT	B11	2025-03-03 12:12:11	100	21.4353300	
Monthly Domestic Values	7	2024	Hydro Run-of-river and poundage	LT	B11	2025-03-03 12:12:11	100	20.2385900	
Monthly Domestic Values	8	2024	Hydro Run-of-river and poundage	LT	B11	2025-03-03 12:12:11	100	20.4685200	
Monthly Domestic Values	9	2024	Hydro Run-of-river and poundage	LT	B11	2025-03-03 12:12:11	100	17.6998000	
Monthly Domestic Values	10	2024	Hydro Run-of-river and poundage	LT	B11	2025-03-03 12:12:11	100	21.3789400	
Monthly Domestic Values	11	2024	Hydro Run-of-river and poundage	LT	B11	2025-03-03 12:12:11	100	20.4005275	
Monthly Domestic Values	12	2024	Hydro Run-of-river and poundage	LT	B11	2025-03-03 12:12:11	100	24.0027400	
Monthly Domestic Values	1	2024	Other	LT	B20	2025-03-03 12:12:11	100	14.9426600	
Monthly Domestic Values	2	2024	Other	LT	B20	2025-03-03 12:12:11	100	10.9280400	
Monthly Domestic Values	3	2024	Other	LT	B20	2025-03-03 12:12:11	100	9.6938900	
Monthly Domestic Values	4	2024	Other	LT	B20	2025-03-03 12:12:11	100	16.2709200	
Monthly Domestic Values	5	2024	Other	LT	B20	2025-03-03 12:12:11	100	15.1244600	
Monthly Domestic Values	6	2024	Other	LT	B20	2025-03-03 12:12:11	100	24.1475000	
Monthly Domestic Values	7	2024	Other	LT	B20	2025-03-03 12:12:11	100	25.8010700	
Monthly Domestic Values	8	2024	Other	LT	B20	2025-03-03 12:12:11	100	29.9600700	
Monthly Domestic Values	9	2024	Other	LT	B20	2025-03-03 12:12:11	100	32.2808800	
Monthly Domestic Values	10	2024	Other	LT	B20	2025-03-03 12:12:11	100	34.1196400	
Monthly Domestic Values	11	2024	Other	LT	B20	2025-03-03 12:12:11	100	30.5075775	
Monthly Domestic Values	12	2024	Other	LT	B20	2025-03-03 12:12:11	100	35.0359250	
Monthly Domestic Values	1	2024	Solar	LT	B16	2025-03-03 12:12:11	100	5.9049900	
Monthly Domestic Values	2	2024	Solar	LT	B16	2025-03-03 12:12:11	100	9.0509200	
Monthly Domestic Values	3	2024	Solar	LT	B16	2025-03-03 12:12:11	100	93.3512400	
Monthly Domestic Values	4	2024	Solar	LT	B16	2025-03-03 12:12:11	100	124.5407600	
Monthly Domestic Values	5	2024	Solar	LT	B16	2025-03-03 12:12:11	100	231.9329300	
Monthly Domestic Values	6	2024	Solar	LT	B16	2025-03-03 12:12:11	100	235.1152500	
Monthly Domestic Values	7	2024	Solar	LT	B16	2025-03-03 12:12:11	100	213.6179500	
Monthly Domestic Values	8	2024	Solar	LT	B16	2025-03-03 12:12:11	100	204.8322600	
Monthly Domestic Values	9	2024	Solar	LT	B16	2025-03-03 12:12:11	100	157.6928300	
Monthly Domestic Values	10	2024	Solar	LT	B16	2025-03-03 12:12:11	100	80.5924700	
Monthly Domestic Values	11	2024	Solar	LT	B16	2025-03-03 12:12:11	100	23.6680325	
Monthly Domestic Values	12	2024	Solar	LT	B16	2025-03-03 12:12:11	100	12.4660700	
Monthly Domestic Values	1	2024	Waste	LT	B17	2025-03-03 12:12:11	100	49.3499800	
Monthly Domestic Values	2	2024	Waste	LT	B17	2025-03-03 12:12:11	100	49.0119200	
Monthly Domestic Values	3	2024	Waste	LT	B17	2025-03-03 12:12:11	100	53.4119000	
Monthly Domestic Values	4	2024	Waste	LT	B17	2025-03-03 12:12:11	100	64.1124300	
Monthly Domestic Values	5	2024	Waste	LT	B17	2025-03-03 12:12:11	100	61.6423000	
Monthly Domestic Values	6	2024	Waste	LT	B17	2025-03-03 12:12:11	100	46.9137800	
Monthly Domestic Values	7	2024	Waste	LT	B17	2025-03-03 12:12:11	100	37.7697200	
Monthly Domestic Values	8	2024	Waste	LT	B17	2025-03-03 12:12:11	100	46.5855000	
Monthly Domestic Values	9	2024	Waste	LT	B17	2025-03-03 12:12:11	100	54.8741900	
Monthly Domestic Values	10	2024	Waste	LT	B17	2025-03-03 12:12:11	100	73.3418800	
Monthly Domestic Values	11	2024	Waste	LT	B17	2025-03-03 12:12:11	100	68.9792650	
Monthly Domestic Values	12	2024	Waste	LT	B17	2025-03-03 12:12:11	100	76.3516425	
Monthly Domestic Values	1	2024	Wind Onshore	LT	B19	2025-03-03 12:12:11	100	375.8062200	
Monthly Domestic Values	2	2024	Wind Onshore	LT	B19	2025-03-03 12:12:11	100	301.2349400	
Monthly Domestic Values	3	2024	Wind Onshore	LT	B19	2025-03-03 12:12:11	100	301.2111700	
Monthly Domestic Values	4	2024	Wind Onshore	LT	B19	2025-03-03 12:12:11	100	283.5103400	
Monthly Domestic Values	5	2024	Wind Onshore	LT	B19	2025-03-03 12:12:11	100	200.4932600	
Monthly Domestic Values	6	2024	Wind Onshore	LT	B19	2025-03-03 12:12:11	100	150.9822800	
Monthly Domestic Values	7	2024	Wind Onshore	LT	B19	2025-03-03 12:12:11	100	178.9770000	
Monthly Domestic Values	8	2024	Wind Onshore	LT	B19	2025-03-03 12:12:11	100	167.8132800	
Monthly Domestic Values	9	2024	Wind Onshore	LT	B19	2025-03-03 12:12:11	100	231.3576500	
Monthly Domestic Values	10	2024	Wind Onshore	LT	B19	2025-03-03 12:12:11	100	280.5933900	
Monthly Domestic Values	11	2024	Wind Onshore	LT	B19	2025-03-03 12:12:11	100	353.1067675	
Monthly Domestic Values	12	2024	Wind Onshore	LT	B19	2025-03-03 12:12:11	100	442.0277625	
Monthly Domestic Values	1	2024	Biomass	LU	B01	2025-03-03 12:12:11	100	16.3190750	
Monthly Domestic Values	2	2024	Biomass	LU	B01	2025-03-03 12:12:11	100	12.8765550	
Monthly Domestic Values	3	2024	Biomass	LU	B01	2025-03-03 12:12:11	100	13.5614875	
Monthly Domestic Values	4	2024	Biomass	LU	B01	2025-03-03 12:12:11	100	10.4630000	
Monthly Domestic Values	5	2024	Biomass	LU	B01	2025-03-03 12:12:11	100	15.5033025	
Monthly Domestic Values	6	2024	Biomass	LU	B01	2025-03-03 12:12:11	100	15.1231675	
Monthly Domestic Values	7	2024	Biomass	LU	B01	2025-03-03 12:12:11	100	24.0402525	
Monthly Domestic Values	8	2024	Biomass	LU	B01	2025-03-03 12:12:11	100	29.6277875	
Monthly Domestic Values	9	2024	Biomass	LU	B01	2025-03-03 12:12:11	100	31.0842175	
Monthly Domestic Values	10	2024	Biomass	LU	B01	2025-03-03 12:12:11	100	38.6807300	
Monthly Domestic Values	11	2024	Biomass	LU	B01	2025-03-03 12:12:11	100	26.9440200	
Monthly Domestic Values	12	2024	Biomass	LU	B01	2025-03-03 12:12:11	100	22.8210250	
Monthly Domestic Values	1	2024	Fossil Gas	LU	B04	2025-03-03 12:12:11	100	9.8914250	
Monthly Domestic Values	2	2024	Fossil Gas	LU	B04	2025-03-03 12:12:11	100	7.4451650	
Monthly Domestic Values	3	2024	Fossil Gas	LU	B04	2025-03-03 12:12:11	100	6.4994425	
Monthly Domestic Values	4	2024	Fossil Gas	LU	B04	2025-03-03 12:12:11	100	5.0292325	
Monthly Domestic Values	5	2024	Fossil Gas	LU	B04	2025-03-03 12:12:11	100	3.4548800	
Monthly Domestic Values	6	2024	Fossil Gas	LU	B04	2025-03-03 12:12:11	100	3.1971050	
Monthly Domestic Values	7	2024	Fossil Gas	LU	B04	2025-03-03 12:12:11	100	2.8295625	
Monthly Domestic Values	8	2024	Fossil Gas	LU	B04	2025-03-03 12:12:11	100	2.6892300	
Monthly Domestic Values	9	2024	Fossil Gas	LU	B04	2025-03-03 12:12:11	100	3.0959550	
Monthly Domestic Values	10	2024	Fossil Gas	LU	B04	2025-03-03 12:12:11	100	5.0846875	
Monthly Domestic Values	11	2024	Fossil Gas	LU	B04	2025-03-03 12:12:11	100	7.5059000	
Monthly Domestic Values	12	2024	Fossil Gas	LU	B04	2025-03-03 12:12:11	100	8.4410175	
Monthly Domestic Values	1	2024	Hydro Run-of-river and poundage	LU	B11	2025-03-03 12:12:11	100	6.5197925	
Monthly Domestic Values	2	2024	Hydro Run-of-river and poundage	LU	B11	2025-03-03 12:12:11	100	6.8777575	
Monthly Domestic Values	3	2024	Hydro Run-of-river and poundage	LU	B11	2025-03-03 12:12:11	100	8.7194075	
Monthly Domestic Values	4	2024	Hydro Run-of-river and poundage	LU	B11	2025-03-03 12:12:11	100	7.6167850	
Monthly Domestic Values	5	2024	Hydro Run-of-river and poundage	LU	B11	2025-03-03 12:12:11	100	7.4848675	
Monthly Domestic Values	6	2024	Hydro Run-of-river and poundage	LU	B11	2025-03-03 12:12:11	100	6.7495200	
Monthly Domestic Values	7	2024	Hydro Run-of-river and poundage	LU	B11	2025-03-03 12:12:11	100	5.8680250	
Monthly Domestic Values	8	2024	Hydro Run-of-river and poundage	LU	B11	2025-03-03 12:12:11	100	4.1382350	
Monthly Domestic Values	9	2024	Hydro Run-of-river and poundage	LU	B11	2025-03-03 12:12:11	100	4.4485950	
Monthly Domestic Values	10	2024	Hydro Run-of-river and poundage	LU	B11	2025-03-03 12:12:11	100	6.7008150	
Monthly Domestic Values	11	2024	Hydro Run-of-river and poundage	LU	B11	2025-03-03 12:12:11	100	5.4570875	
Monthly Domestic Values	12	2024	Hydro Run-of-river and poundage	LU	B11	2025-03-03 12:12:11	100	7.5614400	
Monthly Domestic Values	1	2024	Hydro Water Reservoir	LU	B12	2025-03-03 12:12:11	100	4.2619975	
Monthly Domestic Values	2	2024	Hydro Water Reservoir	LU	B12	2025-03-03 12:12:11	100	3.9727825	
Monthly Domestic Values	3	2024	Hydro Water Reservoir	LU	B12	2025-03-03 12:12:11	100	1.3270025	
Monthly Domestic Values	4	2024	Hydro Water Reservoir	LU	B12	2025-03-03 12:12:11	100	1.8325650	
Monthly Domestic Values	5	2024	Hydro Water Reservoir	LU	B12	2025-03-03 12:12:11	100	1.7436925	
Monthly Domestic Values	6	2024	Hydro Water Reservoir	LU	B12	2025-03-03 12:12:11	100	1.8459800	
Monthly Domestic Values	7	2024	Hydro Water Reservoir	LU	B12	2025-03-03 12:12:11	100	1.0469700	
Monthly Domestic Values	8	2024	Hydro Water Reservoir	LU	B12	2025-03-03 12:12:11	100	0.8738375	
Monthly Domestic Values	9	2024	Hydro Water Reservoir	LU	B12	2025-03-03 12:12:11	100	0.9444450	
Monthly Domestic Values	10	2024	Hydro Water Reservoir	LU	B12	2025-03-03 12:12:11	100	3.3882225	
Monthly Domestic Values	11	2024	Hydro Water Reservoir	LU	B12	2025-03-03 12:12:11	100	1.6459075	
Monthly Domestic Values	12	2024	Hydro Water Reservoir	LU	B12	2025-03-03 12:12:11	100	2.6436550	
Monthly Domestic Values	1	2024	Solar	LU	B16	2025-03-03 12:12:11	100	6.5452950	
Monthly Domestic Values	2	2024	Solar	LU	B16	2025-03-03 12:12:11	100	8.8082550	
Monthly Domestic Values	3	2024	Solar	LU	B16	2025-03-03 12:12:11	100	21.4986075	
Monthly Domestic Values	4	2024	Solar	LU	B16	2025-03-03 12:12:11	100	30.1986225	
Monthly Domestic Values	5	2024	Solar	LU	B16	2025-03-03 12:12:11	100	36.4932675	
Monthly Domestic Values	6	2024	Solar	LU	B16	2025-03-03 12:12:11	100	42.5788175	
Monthly Domestic Values	7	2024	Solar	LU	B16	2025-03-03 12:12:11	100	45.4206325	
Monthly Domestic Values	8	2024	Solar	LU	B16	2025-03-03 12:12:11	100	45.9318800	
Monthly Domestic Values	9	2024	Solar	LU	B16	2025-03-03 12:12:11	100	29.7486900	
Monthly Domestic Values	10	2024	Solar	LU	B16	2025-03-03 12:12:11	100	18.4139100	
Monthly Domestic Values	11	2024	Solar	LU	B16	2025-03-03 12:12:11	100	6.2260225	
Monthly Domestic Values	12	2024	Solar	LU	B16	2025-03-03 12:12:11	100	3.8616575	
Monthly Domestic Values	1	2024	Waste	LU	B17	2025-03-03 12:12:11	100	5.1672425	
Monthly Domestic Values	2	2024	Waste	LU	B17	2025-03-03 12:12:11	100	8.1285725	
Monthly Domestic Values	3	2024	Waste	LU	B17	2025-03-03 12:12:11	100	8.5118575	
Monthly Domestic Values	4	2024	Waste	LU	B17	2025-03-03 12:12:11	100	6.4881625	
Monthly Domestic Values	5	2024	Waste	LU	B17	2025-03-03 12:12:11	100	9.1800350	
Monthly Domestic Values	6	2024	Waste	LU	B17	2025-03-03 12:12:11	100	8.9018475	
Monthly Domestic Values	7	2024	Waste	LU	B17	2025-03-03 12:12:11	100	9.3083000	
Monthly Domestic Values	8	2024	Waste	LU	B17	2025-03-03 12:12:11	100	8.5393600	
Monthly Domestic Values	9	2024	Waste	LU	B17	2025-03-03 12:12:11	100	8.0083725	
Monthly Domestic Values	10	2024	Waste	LU	B17	2025-03-03 12:12:11	100	8.7501925	
Monthly Domestic Values	11	2024	Waste	LU	B17	2025-03-03 12:12:11	100	2.3646725	
Monthly Domestic Values	12	2024	Waste	LU	B17	2025-03-03 12:12:11	100	9.9327100	
Monthly Domestic Values	1	2024	Wind Onshore	LU	B19	2025-03-03 12:12:11	100	54.3979875	
Monthly Domestic Values	2	2024	Wind Onshore	LU	B19	2025-03-03 12:12:11	100	59.8982350	
Monthly Domestic Values	3	2024	Wind Onshore	LU	B19	2025-03-03 12:12:11	100	45.6998300	
Monthly Domestic Values	4	2024	Wind Onshore	LU	B19	2025-03-03 12:12:11	100	49.6789625	
Monthly Domestic Values	5	2024	Wind Onshore	LU	B19	2025-03-03 12:12:11	100	25.6326350	
Monthly Domestic Values	6	2024	Wind Onshore	LU	B19	2025-03-03 12:12:11	100	22.9217975	
Monthly Domestic Values	7	2024	Wind Onshore	LU	B19	2025-03-03 12:12:11	100	20.4353575	
Monthly Domestic Values	8	2024	Wind Onshore	LU	B19	2025-03-03 12:12:11	100	20.3157425	
Monthly Domestic Values	9	2024	Wind Onshore	LU	B19	2025-03-03 12:12:11	100	43.4283275	
Monthly Domestic Values	10	2024	Wind Onshore	LU	B19	2025-03-03 12:12:11	100	33.6041750	
Monthly Domestic Values	11	2024	Wind Onshore	LU	B19	2025-03-03 12:12:11	100	40.7802450	
Monthly Domestic Values	12	2024	Wind Onshore	LU	B19	2025-03-03 12:12:11	100	49.3444100	
Monthly Domestic Values	1	2024	Biomass	LV	B01	2025-03-03 12:12:11	100	45.1740000	
Monthly Domestic Values	2	2024	Biomass	LV	B01	2025-03-03 12:12:11	100	39.5030000	
Monthly Domestic Values	3	2024	Biomass	LV	B01	2025-03-03 12:12:11	100	44.8280000	
Monthly Domestic Values	4	2024	Biomass	LV	B01	2025-03-03 12:12:11	100	35.3270000	
Monthly Domestic Values	5	2024	Biomass	LV	B01	2025-03-03 12:12:11	100	34.6870000	
Monthly Domestic Values	6	2024	Biomass	LV	B01	2025-03-03 12:12:11	100	34.4900000	
Monthly Domestic Values	7	2024	Biomass	LV	B01	2025-03-03 12:12:11	100	28.8010000	
Monthly Domestic Values	8	2024	Biomass	LV	B01	2025-03-03 12:12:11	100	34.9278500	
Monthly Domestic Values	9	2024	Biomass	LV	B01	2025-03-03 12:12:11	100	26.7454600	
Monthly Domestic Values	10	2024	Biomass	LV	B01	2025-03-03 12:12:11	100	34.0134800	
Monthly Domestic Values	11	2024	Biomass	LV	B01	2025-03-03 12:12:11	100	37.9507900	
Monthly Domestic Values	12	2024	Biomass	LV	B01	2025-03-03 12:12:11	100	42.7311000	
Monthly Domestic Values	1	2024	Fossil Gas	LV	B04	2025-03-03 12:12:11	100	409.2630000	
Monthly Domestic Values	2	2024	Fossil Gas	LV	B04	2025-03-03 12:12:11	100	315.7120000	
Monthly Domestic Values	3	2024	Fossil Gas	LV	B04	2025-03-03 12:12:11	100	161.3620000	
Monthly Domestic Values	4	2024	Fossil Gas	LV	B04	2025-03-03 12:12:11	100	37.8500000	
Monthly Domestic Values	5	2024	Fossil Gas	LV	B04	2025-03-03 12:12:11	100	3.6260000	
Monthly Domestic Values	6	2024	Fossil Gas	LV	B04	2025-03-03 12:12:11	100	2.9600000	
Monthly Domestic Values	7	2024	Fossil Gas	LV	B04	2025-03-03 12:12:11	100	80.6030000	
Monthly Domestic Values	8	2024	Fossil Gas	LV	B04	2025-03-03 12:12:11	100	104.6895900	
Monthly Domestic Values	9	2024	Fossil Gas	LV	B04	2025-03-03 12:12:11	100	137.9782900	
Monthly Domestic Values	10	2024	Fossil Gas	LV	B04	2025-03-03 12:12:11	100	64.0032600	
Monthly Domestic Values	11	2024	Fossil Gas	LV	B04	2025-03-03 12:12:11	100	154.6645900	
Monthly Domestic Values	12	2024	Fossil Gas	LV	B04	2025-03-03 12:12:11	100	129.7573000	
Monthly Domestic Values	1	2024	Hydro Run-of-river and poundage	LV	B11	2025-03-03 12:12:11	100	338.9710000	
Monthly Domestic Values	2	2024	Hydro Run-of-river and poundage	LV	B11	2025-03-03 12:12:11	100	387.5230000	
Monthly Domestic Values	3	2024	Hydro Run-of-river and poundage	LV	B11	2025-03-03 12:12:11	100	695.9210000	
Monthly Domestic Values	4	2024	Hydro Run-of-river and poundage	LV	B11	2025-03-03 12:12:11	100	666.3930000	
Monthly Domestic Values	5	2024	Hydro Run-of-river and poundage	LV	B11	2025-03-03 12:12:11	100	377.7640000	
Monthly Domestic Values	6	2024	Hydro Run-of-river and poundage	LV	B11	2025-03-03 12:12:11	100	123.7450000	
Monthly Domestic Values	7	2024	Hydro Run-of-river and poundage	LV	B11	2025-03-03 12:12:11	100	103.7290000	
Monthly Domestic Values	8	2024	Hydro Run-of-river and poundage	LV	B11	2025-03-03 12:12:11	100	97.1082900	
Monthly Domestic Values	9	2024	Hydro Run-of-river and poundage	LV	B11	2025-03-03 12:12:11	100	57.0833500	
Monthly Domestic Values	10	2024	Hydro Run-of-river and poundage	LV	B11	2025-03-03 12:12:11	100	69.2454600	
Monthly Domestic Values	11	2024	Hydro Run-of-river and poundage	LV	B11	2025-03-03 12:12:11	100	116.9229600	
Monthly Domestic Values	12	2024	Hydro Run-of-river and poundage	LV	B11	2025-03-03 12:12:11	100	156.3502300	
Monthly Domestic Values	1	2024	Other	LV	B20	2025-03-03 12:12:11	100	0.0000000	
Monthly Domestic Values	2	2024	Other	LV	B20	2025-03-03 12:12:11	100	0.0000000	
Monthly Domestic Values	3	2024	Other	LV	B20	2025-03-03 12:12:11	100	0.0000000	
Monthly Domestic Values	4	2024	Other	LV	B20	2025-03-03 12:12:11	100	0.0000000	
Monthly Domestic Values	5	2024	Other	LV	B20	2025-03-03 12:12:11	100	0.0000000	
Monthly Domestic Values	6	2024	Other	LV	B20	2025-03-03 12:12:11	100	0.0000000	
Monthly Domestic Values	7	2024	Other	LV	B20	2025-03-03 12:12:11	100	0.0000000	
Monthly Domestic Values	8	2024	Other	LV	B20	2025-03-03 12:12:11	100	0.0000000	
Monthly Domestic Values	9	2024	Other	LV	B20	2025-03-03 12:12:11	100	0.0000000	
Monthly Domestic Values	10	2024	Other	LV	B20	2025-03-03 12:12:11	100	0.0000000	
Monthly Domestic Values	11	2024	Other	LV	B20	2025-03-03 12:12:11	100	0.0000000	
Monthly Domestic Values	12	2024	Other	LV	B20	2025-03-03 12:12:11	100	0.0000000	
Monthly Domestic Values	1	2024	Solar	LV	B16	2025-03-03 12:12:11	100	1.2370000	
Monthly Domestic Values	2	2024	Solar	LV	B16	2025-03-03 12:12:11	100	4.0070000	
Monthly Domestic Values	3	2024	Solar	LV	B16	2025-03-03 12:12:11	100	22.5420000	
Monthly Domestic Values	4	2024	Solar	LV	B16	2025-03-03 12:12:11	100	26.5350000	
Monthly Domestic Values	5	2024	Solar	LV	B16	2025-03-03 12:12:11	100	61.7040000	
Monthly Domestic Values	6	2024	Solar	LV	B16	2025-03-03 12:12:11	100	63.6370000	
Monthly Domestic Values	7	2024	Solar	LV	B16	2025-03-03 12:12:11	100	60.4620000	
Monthly Domestic Values	8	2024	Solar	LV	B16	2025-03-03 12:12:11	100	65.6591100	
Monthly Domestic Values	9	2024	Solar	LV	B16	2025-03-03 12:12:11	100	54.6051700	
Monthly Domestic Values	10	2024	Solar	LV	B16	2025-03-03 12:12:11	100	27.3397100	
Monthly Domestic Values	11	2024	Solar	LV	B16	2025-03-03 12:12:11	100	6.6789000	
Monthly Domestic Values	12	2024	Solar	LV	B16	2025-03-03 12:12:11	100	3.3739700	
Monthly Domestic Values	1	2024	Wind Onshore	LV	B19	2025-03-03 12:12:11	100	36.7040000	
Monthly Domestic Values	2	2024	Wind Onshore	LV	B19	2025-03-03 12:12:11	100	26.2300000	
Monthly Domestic Values	3	2024	Wind Onshore	LV	B19	2025-03-03 12:12:11	100	22.8970000	
Monthly Domestic Values	4	2024	Wind Onshore	LV	B19	2025-03-03 12:12:11	100	21.1800000	
Monthly Domestic Values	5	2024	Wind Onshore	LV	B19	2025-03-03 12:12:11	100	13.7580000	
Monthly Domestic Values	6	2024	Wind Onshore	LV	B19	2025-03-03 12:12:11	100	13.9630000	
Monthly Domestic Values	7	2024	Wind Onshore	LV	B19	2025-03-03 12:12:11	100	16.9580000	
Monthly Domestic Values	8	2024	Wind Onshore	LV	B19	2025-03-03 12:12:11	100	13.6279300	
Monthly Domestic Values	9	2024	Wind Onshore	LV	B19	2025-03-03 12:12:11	100	15.1697400	
Monthly Domestic Values	10	2024	Wind Onshore	LV	B19	2025-03-03 12:12:11	100	24.3382700	
Monthly Domestic Values	11	2024	Wind Onshore	LV	B19	2025-03-03 12:12:11	100	30.4946500	
Monthly Domestic Values	12	2024	Wind Onshore	LV	B19	2025-03-03 12:12:11	100	37.9135700	
Monthly Domestic Values	1	2024	Biomass	MD	B01	2025-03-03 12:12:11	100	1.5580000	
Monthly Domestic Values	2	2024	Biomass	MD	B01	2025-03-03 12:12:11	100	0.9810000	
Monthly Domestic Values	3	2024	Biomass	MD	B01	2025-03-03 12:12:11	100	1.1780000	
Monthly Domestic Values	4	2024	Biomass	MD	B01	2025-03-03 12:12:11	100	1.4410000	
Monthly Domestic Values	5	2024	Biomass	MD	B01	2025-03-03 12:12:11	100	1.3840000	
Monthly Domestic Values	6	2024	Biomass	MD	B01	2025-03-03 12:12:11	100	1.4220000	
Monthly Domestic Values	7	2024	Biomass	MD	B01	2025-03-03 12:12:11	100	1.6050000	
Monthly Domestic Values	8	2024	Biomass	MD	B01	2025-03-03 12:12:11	100	1.6390000	
Monthly Domestic Values	9	2024	Biomass	MD	B01	2025-03-03 12:12:11	100	0.9580000	
Monthly Domestic Values	10	2024	Biomass	MD	B01	2025-03-03 12:12:11	100	1.0010000	
Monthly Domestic Values	11	2024	Biomass	MD	B01	2025-03-03 12:12:11	100	0.0840000	
Monthly Domestic Values	12	2024	Biomass	MD	B01	2025-03-03 12:12:11	100	1.4480000	
Monthly Domestic Values	1	2024	Fossil Gas	MD	B04	2025-03-03 12:12:11	100	425.3110000	
Monthly Domestic Values	2	2024	Fossil Gas	MD	B04	2025-03-03 12:12:11	100	416.9720000	
Monthly Domestic Values	3	2024	Fossil Gas	MD	B04	2025-03-03 12:12:11	100	419.8270000	
Monthly Domestic Values	4	2024	Fossil Gas	MD	B04	2025-03-03 12:12:11	100	390.2160000	
Monthly Domestic Values	5	2024	Fossil Gas	MD	B04	2025-03-03 12:12:11	100	376.1370000	
Monthly Domestic Values	6	2024	Fossil Gas	MD	B04	2025-03-03 12:12:11	100	404.6020000	
Monthly Domestic Values	7	2024	Fossil Gas	MD	B04	2025-03-03 12:12:11	100	454.0380000	
Monthly Domestic Values	8	2024	Fossil Gas	MD	B04	2025-03-03 12:12:11	100	436.7370000	
Monthly Domestic Values	9	2024	Fossil Gas	MD	B04	2025-03-03 12:12:11	100	408.0910000	
Monthly Domestic Values	10	2024	Fossil Gas	MD	B04	2025-03-03 12:12:11	100	430.4300000	
Monthly Domestic Values	11	2024	Fossil Gas	MD	B04	2025-03-03 12:12:11	100	419.4000000	
Monthly Domestic Values	12	2024	Fossil Gas	MD	B04	2025-03-03 12:12:11	100	400.0650000	
Monthly Domestic Values	1	2024	Fossil Hard coal	MD	B05	2025-03-03 12:12:11	100	0.0000000	
Monthly Domestic Values	2	2024	Fossil Hard coal	MD	B05	2025-03-03 12:12:11	100	0.0000000	
Monthly Domestic Values	3	2024	Fossil Hard coal	MD	B05	2025-03-03 12:12:11	100	0.0000000	
Monthly Domestic Values	4	2024	Fossil Hard coal	MD	B05	2025-03-03 12:12:11	100	0.0000000	
Monthly Domestic Values	5	2024	Fossil Hard coal	MD	B05	2025-03-03 12:12:11	100	0.0000000	
Monthly Domestic Values	6	2024	Fossil Hard coal	MD	B05	2025-03-03 12:12:11	100	0.0000000	
Monthly Domestic Values	7	2024	Fossil Hard coal	MD	B05	2025-03-03 12:12:11	100	0.0000000	
Monthly Domestic Values	8	2024	Fossil Hard coal	MD	B05	2025-03-03 12:12:11	100	0.0000000	
Monthly Domestic Values	9	2024	Fossil Hard coal	MD	B05	2025-03-03 12:12:11	100	0.0000000	
Monthly Domestic Values	10	2024	Fossil Hard coal	MD	B05	2025-03-03 12:12:11	100	0.0000000	
Monthly Domestic Values	11	2024	Fossil Hard coal	MD	B05	2025-03-03 12:12:11	100	0.0000000	
Monthly Domestic Values	12	2024	Fossil Hard coal	MD	B05	2025-03-03 12:12:11	100	0.0000000	
Monthly Domestic Values	1	2024	Fossil Oil	MD	B06	2025-03-03 12:12:11	100	0.0000000	
Monthly Domestic Values	2	2024	Fossil Oil	MD	B06	2025-03-03 12:12:11	100	0.0000000	
Monthly Domestic Values	3	2024	Fossil Oil	MD	B06	2025-03-03 12:12:11	100	0.0000000	
Monthly Domestic Values	4	2024	Fossil Oil	MD	B06	2025-03-03 12:12:11	100	0.0000000	
Monthly Domestic Values	5	2024	Fossil Oil	MD	B06	2025-03-03 12:12:11	100	0.0000000	
Monthly Domestic Values	6	2024	Fossil Oil	MD	B06	2025-03-03 12:12:11	100	0.0000000	
Monthly Domestic Values	7	2024	Fossil Oil	MD	B06	2025-03-03 12:12:11	100	0.0000000	
Monthly Domestic Values	8	2024	Fossil Oil	MD	B06	2025-03-03 12:12:11	100	0.0000000	
Monthly Domestic Values	9	2024	Fossil Oil	MD	B06	2025-03-03 12:12:11	100	0.0000000	
Monthly Domestic Values	10	2024	Fossil Oil	MD	B06	2025-03-03 12:12:11	100	0.0000000	
Monthly Domestic Values	11	2024	Fossil Oil	MD	B06	2025-03-03 12:12:11	100	0.0000000	
Monthly Domestic Values	12	2024	Fossil Oil	MD	B06	2025-03-03 12:12:11	100	0.0000000	
Monthly Domestic Values	1	2024	Hydro Run-of-river and poundage	MD	B11	2025-03-03 12:12:11	100	20.7220000	
Monthly Domestic Values	2	2024	Hydro Run-of-river and poundage	MD	B11	2025-03-03 12:12:11	100	23.2180000	
Monthly Domestic Values	3	2024	Hydro Run-of-river and poundage	MD	B11	2025-03-03 12:12:11	100	22.8240000	
Monthly Domestic Values	4	2024	Hydro Run-of-river and poundage	MD	B11	2025-03-03 12:12:11	100	22.1600000	
Monthly Domestic Values	5	2024	Hydro Run-of-river and poundage	MD	B11	2025-03-03 12:12:11	100	22.0340000	
Monthly Domestic Values	6	2024	Hydro Run-of-river and poundage	MD	B11	2025-03-03 12:12:11	100	14.9690000	
Monthly Domestic Values	7	2024	Hydro Run-of-river and poundage	MD	B11	2025-03-03 12:12:11	100	15.1370000	
Monthly Domestic Values	8	2024	Hydro Run-of-river and poundage	MD	B11	2025-03-03 12:12:11	100	19.2100000	
Monthly Domestic Values	9	2024	Hydro Run-of-river and poundage	MD	B11	2025-03-03 12:12:11	100	17.1860000	
Monthly Domestic Values	10	2024	Hydro Run-of-river and poundage	MD	B11	2025-03-03 12:12:11	100	14.7820000	
Monthly Domestic Values	11	2024	Hydro Run-of-river and poundage	MD	B11	2025-03-03 12:12:11	100	15.9280000	
Monthly Domestic Values	12	2024	Hydro Run-of-river and poundage	MD	B11	2025-03-03 12:12:11	100	13.4500000	
Monthly Domestic Values	1	2024	Solar	MD	B16	2025-03-03 12:12:11	100	0.1500000	
Monthly Domestic Values	2	2024	Solar	MD	B16	2025-03-03 12:12:11	100	0.2010000	
Monthly Domestic Values	3	2024	Solar	MD	B16	2025-03-03 12:12:11	100	0.3640000	
Monthly Domestic Values	4	2024	Solar	MD	B16	2025-03-03 12:12:11	100	0.5960000	
Monthly Domestic Values	5	2024	Solar	MD	B16	2025-03-03 12:12:11	100	0.7090000	
Monthly Domestic Values	6	2024	Solar	MD	B16	2025-03-03 12:12:11	100	2.1890000	
Monthly Domestic Values	7	2024	Solar	MD	B16	2025-03-03 12:12:11	100	5.7450000	
Monthly Domestic Values	8	2024	Solar	MD	B16	2025-03-03 12:12:11	100	7.8760000	
Monthly Domestic Values	9	2024	Solar	MD	B16	2025-03-03 12:12:11	100	6.3490000	
Monthly Domestic Values	10	2024	Solar	MD	B16	2025-03-03 12:12:11	100	4.9880000	
Monthly Domestic Values	11	2024	Solar	MD	B16	2025-03-03 12:12:11	100	3.1480000	
Monthly Domestic Values	12	2024	Solar	MD	B16	2025-03-03 12:12:11	100	1.3870000	
Monthly Domestic Values	1	2024	Wind Onshore	MD	B19	2025-03-03 12:12:11	100	7.5380000	
Monthly Domestic Values	2	2024	Wind Onshore	MD	B19	2025-03-03 12:12:11	100	7.8000000	
Monthly Domestic Values	3	2024	Wind Onshore	MD	B19	2025-03-03 12:12:11	100	5.3580000	
Monthly Domestic Values	4	2024	Wind Onshore	MD	B19	2025-03-03 12:12:11	100	6.1810000	
Monthly Domestic Values	5	2024	Wind Onshore	MD	B19	2025-03-03 12:12:11	100	5.0700000	
Monthly Domestic Values	6	2024	Wind Onshore	MD	B19	2025-03-03 12:12:11	100	3.7210000	
Monthly Domestic Values	7	2024	Wind Onshore	MD	B19	2025-03-03 12:12:11	100	3.5280000	
Monthly Domestic Values	8	2024	Wind Onshore	MD	B19	2025-03-03 12:12:11	100	4.1390000	
Monthly Domestic Values	9	2024	Wind Onshore	MD	B19	2025-03-03 12:12:11	100	5.7120000	
Monthly Domestic Values	10	2024	Wind Onshore	MD	B19	2025-03-03 12:12:11	100	5.2150000	
Monthly Domestic Values	11	2024	Wind Onshore	MD	B19	2025-03-03 12:12:11	100	7.2460000	
Monthly Domestic Values	12	2024	Wind Onshore	MD	B19	2025-03-03 12:12:11	100	9.0640000	
Monthly Domestic Values	1	2024	Fossil Brown coal/Lignite	ME	B02	2025-03-03 12:12:11	100	148.3270600	
Monthly Domestic Values	2	2024	Fossil Brown coal/Lignite	ME	B02	2025-03-03 12:12:11	100	138.7197200	
Monthly Domestic Values	3	2024	Fossil Brown coal/Lignite	ME	B02	2025-03-03 12:12:11	100	120.6405500	
Monthly Domestic Values	4	2024	Fossil Brown coal/Lignite	ME	B02	2025-03-03 12:12:11	100	21.0119000	
Monthly Domestic Values	5	2024	Fossil Brown coal/Lignite	ME	B02	2025-03-03 12:12:11	100	0.0000000	
Monthly Domestic Values	6	2024	Fossil Brown coal/Lignite	ME	B02	2025-03-03 12:12:11	100	58.0631900	
Monthly Domestic Values	7	2024	Fossil Brown coal/Lignite	ME	B02	2025-03-03 12:12:11	100	126.5045600	
Monthly Domestic Values	8	2024	Fossil Brown coal/Lignite	ME	B02	2025-03-03 12:12:11	100	147.5754800	
Monthly Domestic Values	9	2024	Fossil Brown coal/Lignite	ME	B02	2025-03-03 12:12:11	100	141.0584800	
Monthly Domestic Values	10	2024	Fossil Brown coal/Lignite	ME	B02	2025-03-03 12:12:11	100	146.7022300	
Monthly Domestic Values	11	2024	Fossil Brown coal/Lignite	ME	B02	2025-03-03 12:12:11	100	141.8771500	
Monthly Domestic Values	12	2024	Fossil Brown coal/Lignite	ME	B02	2025-03-03 12:12:11	100	146.8203100	
Monthly Domestic Values	1	2024	Hydro Water Reservoir	ME	B12	2025-03-03 12:12:11	100	179.7520100	
Monthly Domestic Values	2	2024	Hydro Water Reservoir	ME	B12	2025-03-03 12:12:11	100	192.6803500	
Monthly Domestic Values	3	2024	Hydro Water Reservoir	ME	B12	2025-03-03 12:12:11	100	228.0049400	
Monthly Domestic Values	4	2024	Hydro Water Reservoir	ME	B12	2025-03-03 12:12:11	100	103.4778500	
Monthly Domestic Values	5	2024	Hydro Water Reservoir	ME	B12	2025-03-03 12:12:11	100	57.1594400	
Monthly Domestic Values	6	2024	Hydro Water Reservoir	ME	B12	2025-03-03 12:12:11	100	83.7768800	
Monthly Domestic Values	7	2024	Hydro Water Reservoir	ME	B12	2025-03-03 12:12:11	100	72.3748200	
Monthly Domestic Values	8	2024	Hydro Water Reservoir	ME	B12	2025-03-03 12:12:11	100	65.8399500	
Monthly Domestic Values	9	2024	Hydro Water Reservoir	ME	B12	2025-03-03 12:12:11	100	51.2906900	
Monthly Domestic Values	10	2024	Hydro Water Reservoir	ME	B12	2025-03-03 12:12:11	100	182.0082000	
Monthly Domestic Values	11	2024	Hydro Water Reservoir	ME	B12	2025-03-03 12:12:11	100	182.9425800	
Monthly Domestic Values	12	2024	Hydro Water Reservoir	ME	B12	2025-03-03 12:12:11	100	200.6733700	
Monthly Domestic Values	1	2024	Solar	ME	B16	2025-03-03 12:12:11	100	0.0000000	
Monthly Domestic Values	1	2024	Wind Onshore	ME	B19	2025-03-03 12:12:11	100	44.4523100	
Monthly Domestic Values	2	2024	Wind Onshore	ME	B19	2025-03-03 12:12:11	100	30.3021800	
Monthly Domestic Values	3	2024	Wind Onshore	ME	B19	2025-03-03 12:12:11	100	28.0581600	
Monthly Domestic Values	4	2024	Wind Onshore	ME	B19	2025-03-03 12:12:11	100	22.5619000	
Monthly Domestic Values	5	2024	Wind Onshore	ME	B19	2025-03-03 12:12:11	100	18.6179100	
Monthly Domestic Values	6	2024	Wind Onshore	ME	B19	2025-03-03 12:12:11	100	14.6628200	
Monthly Domestic Values	7	2024	Wind Onshore	ME	B19	2025-03-03 12:12:11	100	16.1119600	
Monthly Domestic Values	8	2024	Wind Onshore	ME	B19	2025-03-03 12:12:11	100	16.3869400	
Monthly Domestic Values	9	2024	Wind Onshore	ME	B19	2025-03-03 12:12:11	100	21.5301800	
Monthly Domestic Values	10	2024	Wind Onshore	ME	B19	2025-03-03 12:12:11	100	17.1781400	
Monthly Domestic Values	11	2024	Wind Onshore	ME	B19	2025-03-03 12:12:11	100	28.4475100	
Monthly Domestic Values	12	2024	Wind Onshore	ME	B19	2025-03-03 12:12:11	100	33.1015300	
Monthly Domestic Values	1	2024	Fossil Brown coal/Lignite	MK	B02	2025-03-03 12:12:11	100	209.1326600	
Monthly Domestic Values	2	2024	Fossil Brown coal/Lignite	MK	B02	2025-03-03 12:12:11	100	247.4895800	
Monthly Domestic Values	3	2024	Fossil Brown coal/Lignite	MK	B02	2025-03-03 12:12:11	100	196.5708100	
Monthly Domestic Values	4	2024	Fossil Brown coal/Lignite	MK	B02	2025-03-03 12:12:11	100	210.7683900	
Monthly Domestic Values	5	2024	Fossil Brown coal/Lignite	MK	B02	2025-03-03 12:12:11	100	182.7468600	
Monthly Domestic Values	6	2024	Fossil Brown coal/Lignite	MK	B02	2025-03-03 12:12:11	100	174.1233600	
Monthly Domestic Values	7	2024	Fossil Brown coal/Lignite	MK	B02	2025-03-03 12:12:11	100	133.1079000	
Monthly Domestic Values	8	2024	Fossil Brown coal/Lignite	MK	B02	2025-03-03 12:12:11	100	145.9346300	
Monthly Domestic Values	9	2024	Fossil Brown coal/Lignite	MK	B02	2025-03-03 12:12:11	100	117.1794400	
Monthly Domestic Values	10	2024	Fossil Brown coal/Lignite	MK	B02	2025-03-03 12:12:11	100	149.3708900	
Monthly Domestic Values	11	2024	Fossil Brown coal/Lignite	MK	B02	2025-03-03 12:12:11	100	216.7608000	
Monthly Domestic Values	12	2024	Fossil Brown coal/Lignite	MK	B02	2025-03-03 12:12:11	100	213.2319600	
Monthly Domestic Values	1	2024	Fossil Gas	MK	B04	2025-03-03 12:12:11	100	143.8480100	
Monthly Domestic Values	2	2024	Fossil Gas	MK	B04	2025-03-03 12:12:11	100	113.9100100	
Monthly Domestic Values	3	2024	Fossil Gas	MK	B04	2025-03-03 12:12:11	100	29.5908700	
Monthly Domestic Values	4	2024	Fossil Gas	MK	B04	2025-03-03 12:12:11	100	24.1554600	
Monthly Domestic Values	5	2024	Fossil Gas	MK	B04	2025-03-03 12:12:11	100	0.0000000	
Monthly Domestic Values	6	2024	Fossil Gas	MK	B04	2025-03-03 12:12:11	100	66.2241400	
Monthly Domestic Values	7	2024	Fossil Gas	MK	B04	2025-03-03 12:12:11	100	132.8447700	
Monthly Domestic Values	8	2024	Fossil Gas	MK	B04	2025-03-03 12:12:11	100	140.9190100	
Monthly Domestic Values	9	2024	Fossil Gas	MK	B04	2025-03-03 12:12:11	100	132.8008800	
Monthly Domestic Values	10	2024	Fossil Gas	MK	B04	2025-03-03 12:12:11	100	56.1182600	
Monthly Domestic Values	11	2024	Fossil Gas	MK	B04	2025-03-03 12:12:11	100	140.7775900	
Monthly Domestic Values	12	2024	Fossil Gas	MK	B04	2025-03-03 12:12:11	100	117.1751700	
Monthly Domestic Values	1	2024	Fossil Oil	MK	B06	2025-03-03 12:12:11	100	0.0000000	
Monthly Domestic Values	2	2024	Fossil Oil	MK	B06	2025-03-03 12:12:11	100	0.0000000	
Monthly Domestic Values	3	2024	Fossil Oil	MK	B06	2025-03-03 12:12:11	100	0.0000000	
Monthly Domestic Values	4	2024	Fossil Oil	MK	B06	2025-03-03 12:12:11	100	0.0000000	
Monthly Domestic Values	5	2024	Fossil Oil	MK	B06	2025-03-03 12:12:11	100	0.0000000	
Monthly Domestic Values	6	2024	Fossil Oil	MK	B06	2025-03-03 12:12:11	100	0.0000000	
Monthly Domestic Values	7	2024	Fossil Oil	MK	B06	2025-03-03 12:12:11	100	0.0000000	
Monthly Domestic Values	8	2024	Fossil Oil	MK	B06	2025-03-03 12:12:11	100	0.0000000	
Monthly Domestic Values	9	2024	Fossil Oil	MK	B06	2025-03-03 12:12:11	100	0.0000000	
Monthly Domestic Values	10	2024	Fossil Oil	MK	B06	2025-03-03 12:12:11	100	0.0000000	
Monthly Domestic Values	11	2024	Fossil Oil	MK	B06	2025-03-03 12:12:11	100	0.0000000	
Monthly Domestic Values	12	2024	Fossil Oil	MK	B06	2025-03-03 12:12:11	100	0.0000000	
Monthly Domestic Values	1	2024	Hydro Water Reservoir	MK	B12	2025-03-03 12:12:11	100	112.9559400	
Monthly Domestic Values	2	2024	Hydro Water Reservoir	MK	B12	2025-03-03 12:12:11	100	75.3849900	
Monthly Domestic Values	3	2024	Hydro Water Reservoir	MK	B12	2025-03-03 12:12:11	100	73.4281800	
Monthly Domestic Values	4	2024	Hydro Water Reservoir	MK	B12	2025-03-03 12:12:11	100	49.5652800	
Monthly Domestic Values	5	2024	Hydro Water Reservoir	MK	B12	2025-03-03 12:12:11	100	67.0027800	
Monthly Domestic Values	6	2024	Hydro Water Reservoir	MK	B12	2025-03-03 12:12:11	100	71.1732700	
Monthly Domestic Values	7	2024	Hydro Water Reservoir	MK	B12	2025-03-03 12:12:11	100	111.1318000	
Monthly Domestic Values	8	2024	Hydro Water Reservoir	MK	B12	2025-03-03 12:12:11	100	83.2173100	
Monthly Domestic Values	9	2024	Hydro Water Reservoir	MK	B12	2025-03-03 12:12:11	100	45.8231500	
Monthly Domestic Values	10	2024	Hydro Water Reservoir	MK	B12	2025-03-03 12:12:11	100	65.1406600	
Monthly Domestic Values	11	2024	Hydro Water Reservoir	MK	B12	2025-03-03 12:12:11	100	69.4466300	
Monthly Domestic Values	12	2024	Hydro Water Reservoir	MK	B12	2025-03-03 12:12:11	100	96.8263800	
Monthly Domestic Values	1	2024	Wind Onshore	MK	B19	2025-03-03 12:12:11	100	13.6932200	
Monthly Domestic Values	2	2024	Wind Onshore	MK	B19	2025-03-03 12:12:11	100	7.5126100	
Monthly Domestic Values	3	2024	Wind Onshore	MK	B19	2025-03-03 12:12:11	100	8.1245100	
Monthly Domestic Values	4	2024	Wind Onshore	MK	B19	2025-03-03 12:12:11	100	7.6913400	
Monthly Domestic Values	5	2024	Wind Onshore	MK	B19	2025-03-03 12:12:11	100	6.0293500	
Monthly Domestic Values	6	2024	Wind Onshore	MK	B19	2025-03-03 12:12:11	100	5.1628400	
Monthly Domestic Values	7	2024	Wind Onshore	MK	B19	2025-03-03 12:12:11	100	7.5664600	
Monthly Domestic Values	8	2024	Wind Onshore	MK	B19	2025-03-03 12:12:11	100	6.4518800	
Monthly Domestic Values	9	2024	Wind Onshore	MK	B19	2025-03-03 12:12:11	100	5.1860100	
Monthly Domestic Values	10	2024	Wind Onshore	MK	B19	2025-03-03 12:12:11	100	7.3678200	
Monthly Domestic Values	11	2024	Wind Onshore	MK	B19	2025-03-03 12:12:11	100	11.2634100	
Monthly Domestic Values	12	2024	Wind Onshore	MK	B19	2025-03-03 12:12:11	100	12.8283800	
Monthly Domestic Values	1	2024	Biomass	NL	B01	2025-03-03 12:12:11	100	12.3193050	
Monthly Domestic Values	2	2024	Biomass	NL	B01	2025-03-03 12:12:11	100	10.9612025	
Monthly Domestic Values	3	2024	Biomass	NL	B01	2025-03-03 12:12:11	100	10.4719500	
Monthly Domestic Values	4	2024	Biomass	NL	B01	2025-03-03 12:12:11	100	8.8345625	
Monthly Domestic Values	5	2024	Biomass	NL	B01	2025-03-03 12:12:11	100	24.8850125	
Monthly Domestic Values	6	2024	Biomass	NL	B01	2025-03-03 12:12:11	100	14.8905100	
Monthly Domestic Values	7	2024	Biomass	NL	B01	2025-03-03 12:12:11	100	26.2631400	
Monthly Domestic Values	8	2024	Biomass	NL	B01	2025-03-03 12:12:11	100	18.9351475	
Monthly Domestic Values	9	2024	Biomass	NL	B01	2025-03-03 12:12:11	100	6.7220450	
Monthly Domestic Values	10	2024	Biomass	NL	B01	2025-03-03 12:12:11	100	14.7925125	
Monthly Domestic Values	11	2024	Biomass	NL	B01	2025-03-03 12:12:11	100	6.5703075	
Monthly Domestic Values	12	2024	Biomass	NL	B01	2025-03-03 12:12:11	100	6.8605400	
Monthly Domestic Values	3	2024	Consumption of Biomass	NL	(B01)	2025-03-03 12:19:25	100	0.1790725	
Monthly Domestic Values	4	2024	Consumption of Biomass	NL	(B01)	2025-03-03 12:19:25	100	0.3971725	
Monthly Domestic Values	5	2024	Consumption of Biomass	NL	(B01)	2025-03-03 12:19:25	100	0.0035725	
Monthly Domestic Values	6	2024	Consumption of Biomass	NL	(B01)	2025-03-03 12:19:25	100	0.0274175	
Monthly Domestic Values	9	2024	Consumption of Biomass	NL	(B01)	2025-03-03 12:19:25	100	0.1181500	
Monthly Domestic Values	1	2024	Consumption of Fossil Gas	NL	(B04)	2025-03-03 12:19:25	100	45.3755775	
Monthly Domestic Values	2	2024	Consumption of Fossil Gas	NL	(B04)	2025-03-03 12:19:25	100	49.0948800	
Monthly Domestic Values	3	2024	Consumption of Fossil Gas	NL	(B04)	2025-03-03 12:19:25	100	48.8082325	
Monthly Domestic Values	4	2024	Consumption of Fossil Gas	NL	(B04)	2025-03-03 12:19:25	100	41.9413300	
Monthly Domestic Values	5	2024	Consumption of Fossil Gas	NL	(B04)	2025-03-03 12:19:25	100	42.6577925	
Monthly Domestic Values	6	2024	Consumption of Fossil Gas	NL	(B04)	2025-03-03 12:19:25	100	34.3201775	
Monthly Domestic Values	7	2024	Consumption of Fossil Gas	NL	(B04)	2025-03-03 12:19:25	100	53.0658475	
Monthly Domestic Values	8	2024	Consumption of Fossil Gas	NL	(B04)	2025-03-03 12:19:25	100	47.9206575	
Monthly Domestic Values	9	2024	Consumption of Fossil Gas	NL	(B04)	2025-03-03 12:19:25	100	42.3820400	
Monthly Domestic Values	10	2024	Consumption of Fossil Gas	NL	(B04)	2025-03-03 12:19:25	100	51.2189500	
Monthly Domestic Values	11	2024	Consumption of Fossil Gas	NL	(B04)	2025-03-03 12:19:25	100	47.9848550	
Monthly Domestic Values	12	2024	Consumption of Fossil Gas	NL	(B04)	2025-03-03 12:19:25	100	53.7136175	
Monthly Domestic Values	1	2024	Consumption of Fossil Hard coal	NL	(B05)	2025-03-03 12:19:25	100	9.7873200	
Monthly Domestic Values	2	2024	Consumption of Fossil Hard coal	NL	(B05)	2025-03-03 12:19:25	100	5.5854000	
Monthly Domestic Values	3	2024	Consumption of Fossil Hard coal	NL	(B05)	2025-03-03 12:19:25	100	8.8314500	
Monthly Domestic Values	4	2024	Consumption of Fossil Hard coal	NL	(B05)	2025-03-03 12:19:25	100	15.4874625	
Monthly Domestic Values	5	2024	Consumption of Fossil Hard coal	NL	(B05)	2025-03-03 12:19:25	100	5.6445950	
Monthly Domestic Values	6	2024	Consumption of Fossil Hard coal	NL	(B05)	2025-03-03 12:19:25	100	8.5299475	
Monthly Domestic Values	7	2024	Consumption of Fossil Hard coal	NL	(B05)	2025-03-03 12:19:25	100	14.2020075	
Monthly Domestic Values	8	2024	Consumption of Fossil Hard coal	NL	(B05)	2025-03-03 12:19:25	100	18.1528100	
Monthly Domestic Values	9	2024	Consumption of Fossil Hard coal	NL	(B05)	2025-03-03 12:19:25	100	20.9924750	
Monthly Domestic Values	10	2024	Consumption of Fossil Hard coal	NL	(B05)	2025-03-03 12:19:25	100	9.0093825	
Monthly Domestic Values	11	2024	Consumption of Fossil Hard coal	NL	(B05)	2025-03-03 12:19:25	100	5.5382750	
Monthly Domestic Values	12	2024	Consumption of Fossil Hard coal	NL	(B05)	2025-03-03 12:19:25	100	6.7093225	
Monthly Domestic Values	1	2024	Consumption of Nuclear	NL	(B14)	2025-03-03 12:19:25	100	0.0222975	
Monthly Domestic Values	2	2024	Consumption of Nuclear	NL	(B14)	2025-03-03 12:19:25	100	0.0208825	
Monthly Domestic Values	3	2024	Consumption of Nuclear	NL	(B14)	2025-03-03 12:19:25	100	0.0223200	
Monthly Domestic Values	4	2024	Consumption of Nuclear	NL	(B14)	2025-03-03 12:19:25	100	0.4510025	
Monthly Domestic Values	5	2024	Consumption of Nuclear	NL	(B14)	2025-03-03 12:19:25	100	1.2487850	
Monthly Domestic Values	6	2024	Consumption of Nuclear	NL	(B14)	2025-03-03 12:19:25	100	0.0300225	
Monthly Domestic Values	7	2024	Consumption of Nuclear	NL	(B14)	2025-03-03 12:19:25	100	0.0222050	
Monthly Domestic Values	8	2024	Consumption of Nuclear	NL	(B14)	2025-03-03 12:19:25	100	0.0220075	
Monthly Domestic Values	9	2024	Consumption of Nuclear	NL	(B14)	2025-03-03 12:19:25	100	0.0216000	
Monthly Domestic Values	10	2024	Consumption of Nuclear	NL	(B14)	2025-03-03 12:19:25	100	0.0222675	
Monthly Domestic Values	11	2024	Consumption of Nuclear	NL	(B14)	2025-03-03 12:19:25	100	0.0216000	
Monthly Domestic Values	12	2024	Consumption of Nuclear	NL	(B14)	2025-03-03 12:19:25	100	0.0222900	
Monthly Domestic Values	1	2024	Consumption of Other	NL	(B20)	2025-03-03 12:19:25	100	411.3969350	
Monthly Domestic Values	2	2024	Consumption of Other	NL	(B20)	2025-03-03 12:19:25	100	424.1500750	
Monthly Domestic Values	3	2024	Consumption of Other	NL	(B20)	2025-03-03 12:19:25	100	377.8086350	
Monthly Domestic Values	4	2024	Consumption of Other	NL	(B20)	2025-03-03 12:19:25	100	345.0209150	
Monthly Domestic Values	5	2024	Consumption of Other	NL	(B20)	2025-03-03 12:19:25	100	398.8406625	
Monthly Domestic Values	6	2024	Consumption of Other	NL	(B20)	2025-03-03 12:19:25	100	397.3753025	
Monthly Domestic Values	7	2024	Consumption of Other	NL	(B20)	2025-03-03 12:19:25	100	429.2404700	
Monthly Domestic Values	8	2024	Consumption of Other	NL	(B20)	2025-03-03 12:19:25	100	411.8900675	
Monthly Domestic Values	9	2024	Consumption of Other	NL	(B20)	2025-03-03 12:19:25	100	352.5737575	
Monthly Domestic Values	10	2024	Consumption of Other	NL	(B20)	2025-03-03 12:19:25	100	407.1264750	
Monthly Domestic Values	11	2024	Consumption of Other	NL	(B20)	2025-03-03 12:19:25	100	381.5181425	
Monthly Domestic Values	12	2024	Consumption of Other	NL	(B20)	2025-03-03 12:19:25	100	356.0715550	
Monthly Domestic Values	1	2024	Consumption of Solar	NL	(B16)	2025-03-03 12:19:25	100	0.5850800	
Monthly Domestic Values	2	2024	Consumption of Solar	NL	(B16)	2025-03-03 12:19:25	100	0.4742675	
Monthly Domestic Values	3	2024	Consumption of Solar	NL	(B16)	2025-03-03 12:19:25	100	0.4793400	
Monthly Domestic Values	4	2024	Consumption of Solar	NL	(B16)	2025-03-03 12:19:25	100	0.4265000	
Monthly Domestic Values	5	2024	Consumption of Solar	NL	(B16)	2025-03-03 12:19:25	100	0.3239550	
Monthly Domestic Values	6	2024	Consumption of Solar	NL	(B16)	2025-03-03 12:19:25	100	0.2943175	
Monthly Domestic Values	7	2024	Consumption of Solar	NL	(B16)	2025-03-03 12:19:25	100	0.3080875	
Monthly Domestic Values	8	2024	Consumption of Solar	NL	(B16)	2025-03-03 12:19:25	100	0.3694475	
Monthly Domestic Values	9	2024	Consumption of Solar	NL	(B16)	2025-03-03 12:19:25	100	0.4425975	
Monthly Domestic Values	10	2024	Consumption of Solar	NL	(B16)	2025-03-03 12:19:25	100	0.5183900	
Monthly Domestic Values	11	2024	Consumption of Solar	NL	(B16)	2025-03-03 12:19:25	100	0.5855075	
Monthly Domestic Values	12	2024	Consumption of Solar	NL	(B16)	2025-03-03 12:19:25	100	0.6449925	
Monthly Domestic Values	1	2024	Consumption of Waste	NL	(B17)	2025-03-03 12:19:25	100	5.1177175	
Monthly Domestic Values	2	2024	Consumption of Waste	NL	(B17)	2025-03-03 12:19:25	100	4.4167150	
Monthly Domestic Values	3	2024	Consumption of Waste	NL	(B17)	2025-03-03 12:19:25	100	4.9007300	
Monthly Domestic Values	4	2024	Consumption of Waste	NL	(B17)	2025-03-03 12:19:25	100	7.1631250	
Monthly Domestic Values	5	2024	Consumption of Waste	NL	(B17)	2025-03-03 12:19:25	100	5.1189400	
Monthly Domestic Values	6	2024	Consumption of Waste	NL	(B17)	2025-03-03 12:19:25	100	4.6218375	
Monthly Domestic Values	7	2024	Consumption of Waste	NL	(B17)	2025-03-03 12:19:25	100	6.4350150	
Monthly Domestic Values	8	2024	Consumption of Waste	NL	(B17)	2025-03-03 12:19:25	100	6.0963475	
Monthly Domestic Values	9	2024	Consumption of Waste	NL	(B17)	2025-03-03 12:19:25	100	6.8203875	
Monthly Domestic Values	10	2024	Consumption of Waste	NL	(B17)	2025-03-03 12:19:25	100	4.5073375	
Monthly Domestic Values	11	2024	Consumption of Waste	NL	(B17)	2025-03-03 12:19:25	100	5.4774050	
Monthly Domestic Values	12	2024	Consumption of Waste	NL	(B17)	2025-03-03 12:19:25	100	2.6018025	
Monthly Domestic Values	1	2024	Consumption of Wind Offshore	NL	(B18)	2025-03-03 12:19:25	100	1.5767525	
Monthly Domestic Values	2	2024	Consumption of Wind Offshore	NL	(B18)	2025-03-03 12:19:25	100	1.6339600	
Monthly Domestic Values	3	2024	Consumption of Wind Offshore	NL	(B18)	2025-03-03 12:19:25	100	2.9062625	
Monthly Domestic Values	4	2024	Consumption of Wind Offshore	NL	(B18)	2025-03-03 12:19:25	100	1.4499650	
Monthly Domestic Values	5	2024	Consumption of Wind Offshore	NL	(B18)	2025-03-03 12:19:25	100	4.4950575	
Monthly Domestic Values	6	2024	Consumption of Wind Offshore	NL	(B18)	2025-03-03 12:19:25	100	3.2192850	
Monthly Domestic Values	7	2024	Consumption of Wind Offshore	NL	(B18)	2025-03-03 12:19:25	100	3.9493200	
Monthly Domestic Values	8	2024	Consumption of Wind Offshore	NL	(B18)	2025-03-03 12:19:25	100	4.6500025	
Monthly Domestic Values	9	2024	Consumption of Wind Offshore	NL	(B18)	2025-03-03 12:19:25	100	1.7276625	
Monthly Domestic Values	10	2024	Consumption of Wind Offshore	NL	(B18)	2025-03-03 12:19:25	100	3.8063200	
Monthly Domestic Values	11	2024	Consumption of Wind Offshore	NL	(B18)	2025-03-03 12:19:25	100	2.4153000	
Monthly Domestic Values	12	2024	Consumption of Wind Offshore	NL	(B18)	2025-03-03 12:19:25	100	1.5122975	
Monthly Domestic Values	1	2024	Consumption of Wind Onshore	NL	(B19)	2025-03-03 12:19:25	100	4.1915000	
Monthly Domestic Values	2	2024	Consumption of Wind Onshore	NL	(B19)	2025-03-03 12:19:25	100	2.6742550	
Monthly Domestic Values	3	2024	Consumption of Wind Onshore	NL	(B19)	2025-03-03 12:19:25	100	1.6147650	
Monthly Domestic Values	4	2024	Consumption of Wind Onshore	NL	(B19)	2025-03-03 12:19:25	100	2.1824325	
Monthly Domestic Values	5	2024	Consumption of Wind Onshore	NL	(B19)	2025-03-03 12:19:25	100	2.0814625	
Monthly Domestic Values	6	2024	Consumption of Wind Onshore	NL	(B19)	2025-03-03 12:19:25	100	2.6107950	
Monthly Domestic Values	7	2024	Consumption of Wind Onshore	NL	(B19)	2025-03-03 12:19:25	100	10.9665350	
Monthly Domestic Values	8	2024	Consumption of Wind Onshore	NL	(B19)	2025-03-03 12:19:25	100	2.0797400	
Monthly Domestic Values	9	2024	Consumption of Wind Onshore	NL	(B19)	2025-03-03 12:19:25	100	2.0122350	
Monthly Domestic Values	10	2024	Consumption of Wind Onshore	NL	(B19)	2025-03-03 12:19:25	100	3.2294350	
Monthly Domestic Values	11	2024	Consumption of Wind Onshore	NL	(B19)	2025-03-03 12:19:25	100	3.0408550	
Monthly Domestic Values	12	2024	Consumption of Wind Onshore	NL	(B19)	2025-03-03 12:19:25	100	4.3773150	
Monthly Domestic Values	1	2024	Fossil Gas	NL	B04	2025-03-03 12:12:11	100	3112.3244250	
Monthly Domestic Values	2	2024	Fossil Gas	NL	B04	2025-03-03 12:12:11	100	2235.6019125	
Monthly Domestic Values	3	2024	Fossil Gas	NL	B04	2025-03-03 12:12:11	100	2468.6834375	
Monthly Domestic Values	4	2024	Fossil Gas	NL	B04	2025-03-03 12:12:11	100	1708.8170475	
Monthly Domestic Values	5	2024	Fossil Gas	NL	B04	2025-03-03 12:12:11	100	2053.4426075	
Monthly Domestic Values	6	2024	Fossil Gas	NL	B04	2025-03-03 12:12:11	100	2067.0203625	
Monthly Domestic Values	7	2024	Fossil Gas	NL	B04	2025-03-03 12:12:11	100	2246.5838275	
Monthly Domestic Values	8	2024	Fossil Gas	NL	B04	2025-03-03 12:12:11	100	2398.6642650	
Monthly Domestic Values	9	2024	Fossil Gas	NL	B04	2025-03-03 12:12:11	100	2179.4852525	
Monthly Domestic Values	10	2024	Fossil Gas	NL	B04	2025-03-03 12:12:11	100	2321.1278650	
Monthly Domestic Values	11	2024	Fossil Gas	NL	B04	2025-03-03 12:12:11	100	3698.5368125	
Monthly Domestic Values	12	2024	Fossil Gas	NL	B04	2025-03-03 12:12:11	100	2708.4938825	
Monthly Domestic Values	1	2024	Fossil Hard coal	NL	B05	2025-03-03 12:12:11	100	1198.4055650	
Monthly Domestic Values	2	2024	Fossil Hard coal	NL	B05	2025-03-03 12:12:11	100	1080.7775775	
Monthly Domestic Values	3	2024	Fossil Hard coal	NL	B05	2025-03-03 12:12:11	100	1115.0677200	
Monthly Domestic Values	4	2024	Fossil Hard coal	NL	B05	2025-03-03 12:12:11	100	363.2001125	
Monthly Domestic Values	5	2024	Fossil Hard coal	NL	B05	2025-03-03 12:12:11	100	422.4051175	
Monthly Domestic Values	6	2024	Fossil Hard coal	NL	B05	2025-03-03 12:12:11	100	52.5486400	
Monthly Domestic Values	7	2024	Fossil Hard coal	NL	B05	2025-03-03 12:12:11	100	73.6446675	
Monthly Domestic Values	8	2024	Fossil Hard coal	NL	B05	2025-03-03 12:12:11	100	399.4831075	
Monthly Domestic Values	9	2024	Fossil Hard coal	NL	B05	2025-03-03 12:12:11	100	673.5606375	
Monthly Domestic Values	10	2024	Fossil Hard coal	NL	B05	2025-03-03 12:12:11	100	1423.0156550	
Monthly Domestic Values	11	2024	Fossil Hard coal	NL	B05	2025-03-03 12:12:11	100	1871.6578150	
Monthly Domestic Values	12	2024	Fossil Hard coal	NL	B05	2025-03-03 12:12:11	100	1712.2143500	
Monthly Domestic Values	1	2024	Hydro Run-of-river and poundage	NL	B11	2025-03-03 12:12:11	100	0.0000000	
Monthly Domestic Values	2	2024	Hydro Run-of-river and poundage	NL	B11	2025-03-03 12:12:11	100	0.0000000	
Monthly Domestic Values	3	2024	Hydro Run-of-river and poundage	NL	B11	2025-03-03 12:12:11	100	0.0000000	
Monthly Domestic Values	4	2024	Hydro Run-of-river and poundage	NL	B11	2025-03-03 12:12:11	100	0.0000000	
Monthly Domestic Values	5	2024	Hydro Run-of-river and poundage	NL	B11	2025-03-03 12:12:11	100	0.0000000	
Monthly Domestic Values	6	2024	Hydro Run-of-river and poundage	NL	B11	2025-03-03 12:12:11	100	0.0000000	
Monthly Domestic Values	7	2024	Hydro Run-of-river and poundage	NL	B11	2025-03-03 12:12:11	100	0.0000000	
Monthly Domestic Values	8	2024	Hydro Run-of-river and poundage	NL	B11	2025-03-03 12:12:11	100	0.0000000	
Monthly Domestic Values	9	2024	Hydro Run-of-river and poundage	NL	B11	2025-03-03 12:12:11	100	0.0000000	
Monthly Domestic Values	10	2024	Hydro Run-of-river and poundage	NL	B11	2025-03-03 12:12:11	100	0.0000000	
Monthly Domestic Values	11	2024	Hydro Run-of-river and poundage	NL	B11	2025-03-03 12:12:11	100	0.0000000	
Monthly Domestic Values	12	2024	Hydro Run-of-river and poundage	NL	B11	2025-03-03 12:12:11	100	0.0000000	
Monthly Domestic Values	1	2024	Nuclear	NL	B14	2025-03-03 12:12:11	100	361.8698250	
Monthly Domestic Values	2	2024	Nuclear	NL	B14	2025-03-03 12:12:11	100	338.0937725	
Monthly Domestic Values	3	2024	Nuclear	NL	B14	2025-03-03 12:12:11	100	361.0304775	
Monthly Domestic Values	4	2024	Nuclear	NL	B14	2025-03-03 12:12:11	100	52.9403925	
Monthly Domestic Values	5	2024	Nuclear	NL	B14	2025-03-03 12:12:11	100	0.0012000	
Monthly Domestic Values	6	2024	Nuclear	NL	B14	2025-03-03 12:12:11	100	168.6443950	
Monthly Domestic Values	7	2024	Nuclear	NL	B14	2025-03-03 12:12:11	100	350.9266425	
Monthly Domestic Values	8	2024	Nuclear	NL	B14	2025-03-03 12:12:11	100	348.0524700	
Monthly Domestic Values	9	2024	Nuclear	NL	B14	2025-03-03 12:12:11	100	338.7432200	
Monthly Domestic Values	10	2024	Nuclear	NL	B14	2025-03-03 12:12:11	100	355.0678225	
Monthly Domestic Values	11	2024	Nuclear	NL	B14	2025-03-03 12:12:11	100	347.5175375	
Monthly Domestic Values	12	2024	Nuclear	NL	B14	2025-03-03 12:12:11	100	361.3936675	
Monthly Domestic Values	1	2024	Other	NL	B20	2025-03-03 12:12:11	100	3013.5333975	
Monthly Domestic Values	2	2024	Other	NL	B20	2025-03-03 12:12:11	100	2632.9487725	
Monthly Domestic Values	3	2024	Other	NL	B20	2025-03-03 12:12:11	100	3085.2011700	
Monthly Domestic Values	4	2024	Other	NL	B20	2025-03-03 12:12:11	100	3740.1975875	
Monthly Domestic Values	5	2024	Other	NL	B20	2025-03-03 12:12:11	100	3517.1563050	
Monthly Domestic Values	6	2024	Other	NL	B20	2025-03-03 12:12:11	100	3596.2674500	
Monthly Domestic Values	7	2024	Other	NL	B20	2025-03-03 12:12:11	100	3554.3057375	
Monthly Domestic Values	8	2024	Other	NL	B20	2025-03-03 12:12:11	100	3451.2286800	
Monthly Domestic Values	9	2024	Other	NL	B20	2025-03-03 12:12:11	100	2924.1262425	
Monthly Domestic Values	10	2024	Other	NL	B20	2025-03-03 12:12:11	100	2492.6699425	
Monthly Domestic Values	11	2024	Other	NL	B20	2025-03-03 12:12:11	100	2401.5737150	
Monthly Domestic Values	12	2024	Other	NL	B20	2025-03-03 12:12:11	100	2538.3553725	
Monthly Domestic Values	1	2024	Solar	NL	B16	2025-03-03 12:12:11	100	10.9724325	
Monthly Domestic Values	2	2024	Solar	NL	B16	2025-03-03 12:12:11	100	13.3401600	
Monthly Domestic Values	3	2024	Solar	NL	B16	2025-03-03 12:12:11	100	36.9231125	
Monthly Domestic Values	4	2024	Solar	NL	B16	2025-03-03 12:12:11	100	53.5747825	
Monthly Domestic Values	5	2024	Solar	NL	B16	2025-03-03 12:12:11	100	70.2301575	
Monthly Domestic Values	6	2024	Solar	NL	B16	2025-03-03 12:12:11	100	67.4083550	
Monthly Domestic Values	7	2024	Solar	NL	B16	2025-03-03 12:12:11	100	70.4016100	
Monthly Domestic Values	8	2024	Solar	NL	B16	2025-03-03 12:12:11	100	65.9213350	
Monthly Domestic Values	9	2024	Solar	NL	B16	2025-03-03 12:12:11	100	51.9273500	
Monthly Domestic Values	10	2024	Solar	NL	B16	2025-03-03 12:12:11	100	30.5601800	
Monthly Domestic Values	11	2024	Solar	NL	B16	2025-03-03 12:12:11	100	10.5678350	
Monthly Domestic Values	12	2024	Solar	NL	B16	2025-03-03 12:12:11	100	5.5331625	
Monthly Domestic Values	1	2024	Waste	NL	B17	2025-03-03 12:12:11	100	248.4677900	
Monthly Domestic Values	2	2024	Waste	NL	B17	2025-03-03 12:12:11	100	237.2056800	
Monthly Domestic Values	3	2024	Waste	NL	B17	2025-03-03 12:12:11	100	271.5397575	
Monthly Domestic Values	4	2024	Waste	NL	B17	2025-03-03 12:12:11	100	231.9808025	
Monthly Domestic Values	5	2024	Waste	NL	B17	2025-03-03 12:12:11	100	221.2132850	
Monthly Domestic Values	6	2024	Waste	NL	B17	2025-03-03 12:12:11	100	216.6970425	
Monthly Domestic Values	7	2024	Waste	NL	B17	2025-03-03 12:12:11	100	259.0353100	
Monthly Domestic Values	8	2024	Waste	NL	B17	2025-03-03 12:12:11	100	261.7311900	
Monthly Domestic Values	9	2024	Waste	NL	B17	2025-03-03 12:12:11	100	215.9701400	
Monthly Domestic Values	10	2024	Waste	NL	B17	2025-03-03 12:12:11	100	193.5396700	
Monthly Domestic Values	11	2024	Waste	NL	B17	2025-03-03 12:12:11	100	189.7870550	
Monthly Domestic Values	12	2024	Waste	NL	B17	2025-03-03 12:12:11	100	249.5368550	
Monthly Domestic Values	1	2024	Wind Offshore	NL	B18	2025-03-03 12:12:11	100	1590.4120200	
Monthly Domestic Values	2	2024	Wind Offshore	NL	B18	2025-03-03 12:12:11	100	1581.8970575	
Monthly Domestic Values	3	2024	Wind Offshore	NL	B18	2025-03-03 12:12:11	100	1347.5922850	
Monthly Domestic Values	4	2024	Wind Offshore	NL	B18	2025-03-03 12:12:11	100	1639.4404025	
Monthly Domestic Values	5	2024	Wind Offshore	NL	B18	2025-03-03 12:12:11	100	851.6602550	
Monthly Domestic Values	6	2024	Wind Offshore	NL	B18	2025-03-03 12:12:11	100	840.6346075	
Monthly Domestic Values	7	2024	Wind Offshore	NL	B18	2025-03-03 12:12:11	100	925.3886275	
Monthly Domestic Values	8	2024	Wind Offshore	NL	B18	2025-03-03 12:12:11	100	937.5714125	
Monthly Domestic Values	9	2024	Wind Offshore	NL	B18	2025-03-03 12:12:11	100	1240.6383425	
Monthly Domestic Values	10	2024	Wind Offshore	NL	B18	2025-03-03 12:12:11	100	1178.4277700	
Monthly Domestic Values	11	2024	Wind Offshore	NL	B18	2025-03-03 12:12:11	100	1279.4329650	
Monthly Domestic Values	12	2024	Wind Offshore	NL	B18	2025-03-03 12:12:11	100	1790.7545050	
Monthly Domestic Values	1	2024	Wind Onshore	NL	B19	2025-03-03 12:12:11	100	981.8413125	
Monthly Domestic Values	2	2024	Wind Onshore	NL	B19	2025-03-03 12:12:11	100	946.8177925	
Monthly Domestic Values	3	2024	Wind Onshore	NL	B19	2025-03-03 12:12:11	100	681.0447225	
Monthly Domestic Values	4	2024	Wind Onshore	NL	B19	2025-03-03 12:12:11	100	783.6204100	
Monthly Domestic Values	5	2024	Wind Onshore	NL	B19	2025-03-03 12:12:11	100	381.7110675	
Monthly Domestic Values	6	2024	Wind Onshore	NL	B19	2025-03-03 12:12:11	100	402.7962675	
Monthly Domestic Values	7	2024	Wind Onshore	NL	B19	2025-03-03 12:12:11	100	437.9849325	
Monthly Domestic Values	8	2024	Wind Onshore	NL	B19	2025-03-03 12:12:11	100	424.4157550	
Monthly Domestic Values	9	2024	Wind Onshore	NL	B19	2025-03-03 12:12:11	100	526.8165525	
Monthly Domestic Values	10	2024	Wind Onshore	NL	B19	2025-03-03 12:12:11	100	502.7141175	
Monthly Domestic Values	11	2024	Wind Onshore	NL	B19	2025-03-03 12:12:11	100	606.8891450	
Monthly Domestic Values	12	2024	Wind Onshore	NL	B19	2025-03-03 12:12:11	100	974.0727625	
Monthly Domestic Values	1	2024	Biomass	NO	B01	2025-03-03 12:12:11	100	0.0000000	
Monthly Domestic Values	2	2024	Biomass	NO	B01	2025-03-03 12:12:11	100	0.0000000	
Monthly Domestic Values	3	2024	Biomass	NO	B01	2025-03-03 12:12:11	100	0.0000000	
Monthly Domestic Values	4	2024	Biomass	NO	B01	2025-03-03 12:12:11	100	0.0000000	
Monthly Domestic Values	5	2024	Biomass	NO	B01	2025-03-03 12:12:11	100	0.0000000	
Monthly Domestic Values	6	2024	Biomass	NO	B01	2025-03-03 12:12:11	100	0.0000000	
Monthly Domestic Values	7	2024	Biomass	NO	B01	2025-03-03 12:12:11	100	0.0000000	
Monthly Domestic Values	8	2024	Biomass	NO	B01	2025-03-03 12:12:11	100	0.0000000	
Monthly Domestic Values	9	2024	Biomass	NO	B01	2025-03-03 12:12:11	100	0.0000000	
Monthly Domestic Values	10	2024	Biomass	NO	B01	2025-03-03 12:12:11	100	0.0000000	
Monthly Domestic Values	11	2024	Biomass	NO	B01	2025-03-03 12:12:11	100	0.0000000	
Monthly Domestic Values	12	2024	Biomass	NO	B01	2025-03-03 12:12:11	100	0.0000000	
Monthly Domestic Values	1	2024	Fossil Gas	NO	B04	2025-03-03 12:12:11	100	150.6300400	
Monthly Domestic Values	2	2024	Fossil Gas	NO	B04	2025-03-03 12:12:11	100	139.3094900	
Monthly Domestic Values	3	2024	Fossil Gas	NO	B04	2025-03-03 12:12:11	100	154.7988200	
Monthly Domestic Values	4	2024	Fossil Gas	NO	B04	2025-03-03 12:12:11	100	138.3389900	
Monthly Domestic Values	5	2024	Fossil Gas	NO	B04	2025-03-03 12:12:11	100	135.0734200	
Monthly Domestic Values	6	2024	Fossil Gas	NO	B04	2025-03-03 12:12:11	100	123.9298200	
Monthly Domestic Values	7	2024	Fossil Gas	NO	B04	2025-03-03 12:12:11	100	129.7390900	
Monthly Domestic Values	8	2024	Fossil Gas	NO	B04	2025-03-03 12:12:11	100	127.3198500	
Monthly Domestic Values	9	2024	Fossil Gas	NO	B04	2025-03-03 12:12:11	100	128.8801700	
Monthly Domestic Values	10	2024	Fossil Gas	NO	B04	2025-03-03 12:12:11	100	145.3601000	
Monthly Domestic Values	11	2024	Fossil Gas	NO	B04	2025-03-03 12:12:11	100	128.9571600	
Monthly Domestic Values	12	2024	Fossil Gas	NO	B04	2025-03-03 12:12:11	100	126.7184200	
Monthly Domestic Values	1	2024	Hydro Pumped Storage	NO	B10	2025-03-03 12:12:11	100	447.0673700	
Monthly Domestic Values	2	2024	Hydro Pumped Storage	NO	B10	2025-03-03 12:12:11	100	404.3455300	
Monthly Domestic Values	3	2024	Hydro Pumped Storage	NO	B10	2025-03-03 12:12:11	100	271.8328000	
Monthly Domestic Values	4	2024	Hydro Pumped Storage	NO	B10	2025-03-03 12:12:11	100	160.5251300	
Monthly Domestic Values	5	2024	Hydro Pumped Storage	NO	B10	2025-03-03 12:12:11	100	14.4775900	
Monthly Domestic Values	6	2024	Hydro Pumped Storage	NO	B10	2025-03-03 12:12:11	100	10.6371200	
Monthly Domestic Values	7	2024	Hydro Pumped Storage	NO	B10	2025-03-03 12:12:11	100	41.4753100	
Monthly Domestic Values	8	2024	Hydro Pumped Storage	NO	B10	2025-03-03 12:12:11	100	65.0002700	
Monthly Domestic Values	9	2024	Hydro Pumped Storage	NO	B10	2025-03-03 12:12:11	100	88.1762700	
Monthly Domestic Values	10	2024	Hydro Pumped Storage	NO	B10	2025-03-03 12:12:11	100	102.6451200	
Monthly Domestic Values	11	2024	Hydro Pumped Storage	NO	B10	2025-03-03 12:12:11	100	312.7905400	
Monthly Domestic Values	12	2024	Hydro Pumped Storage	NO	B10	2025-03-03 12:12:11	100	264.6852000	
Monthly Domestic Values	1	2024	Hydro Run-of-river and poundage	NO	B11	2025-03-03 12:12:11	100	1735.3607800	
Monthly Domestic Values	2	2024	Hydro Run-of-river and poundage	NO	B11	2025-03-03 12:12:11	100	1745.8368000	
Monthly Domestic Values	3	2024	Hydro Run-of-river and poundage	NO	B11	2025-03-03 12:12:11	100	2073.2949300	
Monthly Domestic Values	4	2024	Hydro Run-of-river and poundage	NO	B11	2025-03-03 12:12:11	100	2497.1926000	
Monthly Domestic Values	5	2024	Hydro Run-of-river and poundage	NO	B11	2025-03-03 12:12:11	100	3457.5863800	
Monthly Domestic Values	6	2024	Hydro Run-of-river and poundage	NO	B11	2025-03-03 12:12:11	100	2993.9063500	
Monthly Domestic Values	7	2024	Hydro Run-of-river and poundage	NO	B11	2025-03-03 12:12:11	100	2782.5961800	
Monthly Domestic Values	8	2024	Hydro Run-of-river and poundage	NO	B11	2025-03-03 12:12:11	100	2671.5364900	
Monthly Domestic Values	9	2024	Hydro Run-of-river and poundage	NO	B11	2025-03-03 12:12:11	100	2549.4884600	
Monthly Domestic Values	10	2024	Hydro Run-of-river and poundage	NO	B11	2025-03-03 12:12:11	100	2874.0631000	
Monthly Domestic Values	11	2024	Hydro Run-of-river and poundage	NO	B11	2025-03-03 12:12:11	100	2396.2642100	
Monthly Domestic Values	12	2024	Hydro Run-of-river and poundage	NO	B11	2025-03-03 12:12:11	100	2410.2842100	
Monthly Domestic Values	1	2024	Hydro Water Reservoir	NO	B12	2025-03-03 12:12:11	100	11478.0179200	
Monthly Domestic Values	2	2024	Hydro Water Reservoir	NO	B12	2025-03-03 12:12:11	100	10389.1684000	
Monthly Domestic Values	3	2024	Hydro Water Reservoir	NO	B12	2025-03-03 12:12:11	100	10550.3423700	
Monthly Domestic Values	4	2024	Hydro Water Reservoir	NO	B12	2025-03-03 12:12:11	100	8360.7634700	
Monthly Domestic Values	5	2024	Hydro Water Reservoir	NO	B12	2025-03-03 12:12:11	100	7089.2962700	
Monthly Domestic Values	6	2024	Hydro Water Reservoir	NO	B12	2025-03-03 12:12:11	100	6971.8727600	
Monthly Domestic Values	7	2024	Hydro Water Reservoir	NO	B12	2025-03-03 12:12:11	100	7189.2710000	
Monthly Domestic Values	8	2024	Hydro Water Reservoir	NO	B12	2025-03-03 12:12:11	100	6850.4963600	
Monthly Domestic Values	9	2024	Hydro Water Reservoir	NO	B12	2025-03-03 12:12:11	100	7650.7098000	
Monthly Domestic Values	10	2024	Hydro Water Reservoir	NO	B12	2025-03-03 12:12:11	100	8134.4100300	
Monthly Domestic Values	11	2024	Hydro Water Reservoir	NO	B12	2025-03-03 12:12:11	100	10397.4697300	
Monthly Domestic Values	12	2024	Hydro Water Reservoir	NO	B12	2025-03-03 12:12:11	100	11122.3606100	
Monthly Domestic Values	1	2024	Other	NO	B20	2025-03-03 12:12:11	100	0.0000000	
Monthly Domestic Values	2	2024	Other	NO	B20	2025-03-03 12:12:11	100	0.0000000	
Monthly Domestic Values	3	2024	Other	NO	B20	2025-03-03 12:12:11	100	0.0000000	
Monthly Domestic Values	4	2024	Other	NO	B20	2025-03-03 12:12:11	100	0.0000000	
Monthly Domestic Values	5	2024	Other	NO	B20	2025-03-03 12:12:11	100	0.0000000	
Monthly Domestic Values	6	2024	Other	NO	B20	2025-03-03 12:12:11	100	0.0000000	
Monthly Domestic Values	7	2024	Other	NO	B20	2025-03-03 12:12:11	100	0.0000000	
Monthly Domestic Values	8	2024	Other	NO	B20	2025-03-03 12:12:11	100	0.0000000	
Monthly Domestic Values	9	2024	Other	NO	B20	2025-03-03 12:12:11	100	0.0000000	
Monthly Domestic Values	10	2024	Other	NO	B20	2025-03-03 12:12:11	100	0.0000000	
Monthly Domestic Values	11	2024	Other	NO	B20	2025-03-03 12:12:11	100	0.0000000	
Monthly Domestic Values	12	2024	Other	NO	B20	2025-03-03 12:12:11	100	0.0000000	
Monthly Domestic Values	1	2024	Other renewable	NO	B15	2025-03-03 12:12:11	100	38.2222100	
Monthly Domestic Values	2	2024	Other renewable	NO	B15	2025-03-03 12:12:11	100	36.0698400	
Monthly Domestic Values	3	2024	Other renewable	NO	B15	2025-03-03 12:12:11	100	30.7602800	
Monthly Domestic Values	4	2024	Other renewable	NO	B15	2025-03-03 12:12:11	100	15.5112500	
Monthly Domestic Values	5	2024	Other renewable	NO	B15	2025-03-03 12:12:11	100	35.6175000	
Monthly Domestic Values	6	2024	Other renewable	NO	B15	2025-03-03 12:12:11	100	50.8465500	
Monthly Domestic Values	7	2024	Other renewable	NO	B15	2025-03-03 12:12:11	100	32.0203100	
Monthly Domestic Values	8	2024	Other renewable	NO	B15	2025-03-03 12:12:11	100	24.3139000	
Monthly Domestic Values	9	2024	Other renewable	NO	B15	2025-03-03 12:12:11	100	28.9898800	
Monthly Domestic Values	10	2024	Other renewable	NO	B15	2025-03-03 12:12:11	100	25.7173800	
Monthly Domestic Values	11	2024	Other renewable	NO	B15	2025-03-03 12:12:11	100	39.3094900	
Monthly Domestic Values	12	2024	Other renewable	NO	B15	2025-03-03 12:12:11	100	40.9973900	
Monthly Domestic Values	5	2024	Solar	NO	B16	2025-03-03 12:12:11	100	0.7291600	
Monthly Domestic Values	6	2024	Solar	NO	B16	2025-03-03 12:12:11	100	0.4795900	
Monthly Domestic Values	7	2024	Solar	NO	B16	2025-03-03 12:12:11	100	0.2266600	
Monthly Domestic Values	8	2024	Solar	NO	B16	2025-03-03 12:12:11	100	0.4022000	
Monthly Domestic Values	9	2024	Solar	NO	B16	2025-03-03 12:12:11	100	0.2692300	
Monthly Domestic Values	10	2024	Solar	NO	B16	2025-03-03 12:12:11	100	0.1596500	
Monthly Domestic Values	11	2024	Solar	NO	B16	2025-03-03 12:12:11	100	0.0179400	
Monthly Domestic Values	12	2024	Solar	NO	B16	2025-03-03 12:12:11	100	0.0301500	
Monthly Domestic Values	1	2024	Waste	NO	B17	2025-03-03 12:12:11	100	20.6255100	
Monthly Domestic Values	2	2024	Waste	NO	B17	2025-03-03 12:12:11	100	23.5649000	
Monthly Domestic Values	3	2024	Waste	NO	B17	2025-03-03 12:12:11	100	29.9103100	
Monthly Domestic Values	4	2024	Waste	NO	B17	2025-03-03 12:12:11	100	24.3290100	
Monthly Domestic Values	5	2024	Waste	NO	B17	2025-03-03 12:12:11	100	31.9962500	
Monthly Domestic Values	6	2024	Waste	NO	B17	2025-03-03 12:12:11	100	23.8663800	
Monthly Domestic Values	7	2024	Waste	NO	B17	2025-03-03 12:12:11	100	33.9155000	
Monthly Domestic Values	8	2024	Waste	NO	B17	2025-03-03 12:12:11	100	22.9144700	
Monthly Domestic Values	9	2024	Waste	NO	B17	2025-03-03 12:12:11	100	21.8004400	
Monthly Domestic Values	10	2024	Waste	NO	B17	2025-03-03 12:12:11	100	24.1881100	
Monthly Domestic Values	11	2024	Waste	NO	B17	2025-03-03 12:12:11	100	23.2970100	
Monthly Domestic Values	12	2024	Waste	NO	B17	2025-03-03 12:12:11	100	24.8308900	
Monthly Domestic Values	1	2024	Wind Onshore	NO	B19	2025-03-03 12:12:11	100	1713.2838200	
Monthly Domestic Values	2	2024	Wind Onshore	NO	B19	2025-03-03 12:12:11	100	1519.6805000	
Monthly Domestic Values	3	2024	Wind Onshore	NO	B19	2025-03-03 12:12:11	100	1318.8782200	
Monthly Domestic Values	4	2024	Wind Onshore	NO	B19	2025-03-03 12:12:11	100	1141.5639600	
Monthly Domestic Values	5	2024	Wind Onshore	NO	B19	2025-03-03 12:12:11	100	746.1287600	
Monthly Domestic Values	6	2024	Wind Onshore	NO	B19	2025-03-03 12:12:11	100	920.2039600	
Monthly Domestic Values	7	2024	Wind Onshore	NO	B19	2025-03-03 12:12:11	100	630.5502500	
Monthly Domestic Values	8	2024	Wind Onshore	NO	B19	2025-03-03 12:12:11	100	1125.8696300	
Monthly Domestic Values	9	2024	Wind Onshore	NO	B19	2025-03-03 12:12:11	100	948.7936400	
Monthly Domestic Values	10	2024	Wind Onshore	NO	B19	2025-03-03 12:12:11	100	1382.2027800	
Monthly Domestic Values	11	2024	Wind Onshore	NO	B19	2025-03-03 12:12:11	100	1334.4637200	
Monthly Domestic Values	12	2024	Wind Onshore	NO	B19	2025-03-03 12:12:11	100	1749.5596800	
Monthly Domestic Values	1	2024	Biomass	PL	B01	2025-03-03 12:12:11	100	192.8212700	
Monthly Domestic Values	2	2024	Biomass	PL	B01	2025-03-03 12:12:11	100	141.7151100	
Monthly Domestic Values	3	2024	Biomass	PL	B01	2025-03-03 12:12:11	100	130.1599700	
Monthly Domestic Values	4	2024	Biomass	PL	B01	2025-03-03 12:12:11	100	82.4075400	
Monthly Domestic Values	5	2024	Biomass	PL	B01	2025-03-03 12:12:11	100	154.2026100	
Monthly Domestic Values	6	2024	Biomass	PL	B01	2025-03-03 12:12:11	100	203.4892500	
Monthly Domestic Values	7	2024	Biomass	PL	B01	2025-03-03 12:12:11	100	168.7693625	
Monthly Domestic Values	8	2024	Biomass	PL	B01	2025-03-03 12:12:11	100	236.5422325	
Monthly Domestic Values	9	2024	Biomass	PL	B01	2025-03-03 12:12:11	100	234.1986350	
Monthly Domestic Values	10	2024	Biomass	PL	B01	2025-03-03 12:12:11	100	267.6338400	
Monthly Domestic Values	11	2024	Biomass	PL	B01	2025-03-03 12:12:11	100	286.9176775	
Monthly Domestic Values	12	2024	Biomass	PL	B01	2025-03-03 12:12:11	100	264.5447750	
Monthly Domestic Values	1	2024	Fossil Brown coal/Lignite	PL	B02	2025-03-03 12:12:11	100	2853.7802100	
Monthly Domestic Values	2	2024	Fossil Brown coal/Lignite	PL	B02	2025-03-03 12:12:11	100	2463.0764900	
Monthly Domestic Values	3	2024	Fossil Brown coal/Lignite	PL	B02	2025-03-03 12:12:11	100	2692.6783700	
Monthly Domestic Values	4	2024	Fossil Brown coal/Lignite	PL	B02	2025-03-03 12:12:11	100	2437.9650700	
Monthly Domestic Values	5	2024	Fossil Brown coal/Lignite	PL	B02	2025-03-03 12:12:11	100	2566.0338100	
Monthly Domestic Values	6	2024	Fossil Brown coal/Lignite	PL	B02	2025-03-03 12:12:11	100	2824.5788275	
Monthly Domestic Values	7	2024	Fossil Brown coal/Lignite	PL	B02	2025-03-03 12:12:11	100	2883.4619300	
Monthly Domestic Values	8	2024	Fossil Brown coal/Lignite	PL	B02	2025-03-03 12:12:11	100	2938.7597650	
Monthly Domestic Values	9	2024	Fossil Brown coal/Lignite	PL	B02	2025-03-03 12:12:11	100	2687.7891125	
Monthly Domestic Values	10	2024	Fossil Brown coal/Lignite	PL	B02	2025-03-03 12:12:11	100	2814.8303775	
Monthly Domestic Values	11	2024	Fossil Brown coal/Lignite	PL	B02	2025-03-03 12:12:11	100	2710.2066150	
Monthly Domestic Values	12	2024	Fossil Brown coal/Lignite	PL	B02	2025-03-03 12:12:11	100	3031.1272875	
Monthly Domestic Values	1	2024	Fossil Coal-derived gas	PL	B03	2025-03-03 12:12:11	100	40.3797200	
Monthly Domestic Values	2	2024	Fossil Coal-derived gas	PL	B03	2025-03-03 12:12:11	100	39.3757800	
Monthly Domestic Values	3	2024	Fossil Coal-derived gas	PL	B03	2025-03-03 12:12:11	100	45.3381600	
Monthly Domestic Values	4	2024	Fossil Coal-derived gas	PL	B03	2025-03-03 12:12:11	100	40.3319900	
Monthly Domestic Values	5	2024	Fossil Coal-derived gas	PL	B03	2025-03-03 12:12:11	100	54.3180600	
Monthly Domestic Values	6	2024	Fossil Coal-derived gas	PL	B03	2025-03-03 12:12:11	100	100.3314925	
Monthly Domestic Values	7	2024	Fossil Coal-derived gas	PL	B03	2025-03-03 12:12:11	100	128.7289925	
Monthly Domestic Values	8	2024	Fossil Coal-derived gas	PL	B03	2025-03-03 12:12:11	100	115.0712175	
Monthly Domestic Values	9	2024	Fossil Coal-derived gas	PL	B03	2025-03-03 12:12:11	100	113.4785000	
Monthly Domestic Values	10	2024	Fossil Coal-derived gas	PL	B03	2025-03-03 12:12:11	100	118.3603300	
Monthly Domestic Values	11	2024	Fossil Coal-derived gas	PL	B03	2025-03-03 12:12:11	100	119.4149925	
Monthly Domestic Values	12	2024	Fossil Coal-derived gas	PL	B03	2025-03-03 12:12:11	100	136.5147675	
Monthly Domestic Values	1	2024	Fossil Gas	PL	B04	2025-03-03 12:12:11	100	1544.1361600	
Monthly Domestic Values	2	2024	Fossil Gas	PL	B04	2025-03-03 12:12:11	100	1334.5175800	
Monthly Domestic Values	3	2024	Fossil Gas	PL	B04	2025-03-03 12:12:11	100	1329.7759100	
Monthly Domestic Values	4	2024	Fossil Gas	PL	B04	2025-03-03 12:12:11	100	1017.2854800	
Monthly Domestic Values	5	2024	Fossil Gas	PL	B04	2025-03-03 12:12:11	100	641.4371600	
Monthly Domestic Values	6	2024	Fossil Gas	PL	B04	2025-03-03 12:12:11	100	891.1054425	
Monthly Domestic Values	7	2024	Fossil Gas	PL	B04	2025-03-03 12:12:11	100	1333.9878225	
Monthly Domestic Values	8	2024	Fossil Gas	PL	B04	2025-03-03 12:12:11	100	1463.4534775	
Monthly Domestic Values	9	2024	Fossil Gas	PL	B04	2025-03-03 12:12:11	100	1497.2843425	
Monthly Domestic Values	10	2024	Fossil Gas	PL	B04	2025-03-03 12:12:11	100	1633.4463625	
Monthly Domestic Values	11	2024	Fossil Gas	PL	B04	2025-03-03 12:12:11	100	1959.3945550	
Monthly Domestic Values	12	2024	Fossil Gas	PL	B04	2025-03-03 12:12:11	100	1840.3376000	
Monthly Domestic Values	1	2024	Fossil Hard coal	PL	B05	2025-03-03 12:12:11	100	5984.9312500	
Monthly Domestic Values	2	2024	Fossil Hard coal	PL	B05	2025-03-03 12:12:11	100	5061.6304900	
Monthly Domestic Values	3	2024	Fossil Hard coal	PL	B05	2025-03-03 12:12:11	100	5196.6119500	
Monthly Domestic Values	4	2024	Fossil Hard coal	PL	B05	2025-03-03 12:12:11	100	4629.3144200	
Monthly Domestic Values	5	2024	Fossil Hard coal	PL	B05	2025-03-03 12:12:11	100	4331.2436200	
Monthly Domestic Values	6	2024	Fossil Hard coal	PL	B05	2025-03-03 12:12:11	100	4119.8580000	
Monthly Domestic Values	7	2024	Fossil Hard coal	PL	B05	2025-03-03 12:12:11	100	3832.8229925	
Monthly Domestic Values	8	2024	Fossil Hard coal	PL	B05	2025-03-03 12:12:11	100	3800.6169675	
Monthly Domestic Values	9	2024	Fossil Hard coal	PL	B05	2025-03-03 12:12:11	100	3571.8832900	
Monthly Domestic Values	10	2024	Fossil Hard coal	PL	B05	2025-03-03 12:12:11	100	4419.8356475	
Monthly Domestic Values	11	2024	Fossil Hard coal	PL	B05	2025-03-03 12:12:11	100	5457.9738275	
Monthly Domestic Values	12	2024	Fossil Hard coal	PL	B05	2025-03-03 12:12:11	100	5660.2898100	
Monthly Domestic Values	1	2024	Fossil Oil	PL	B06	2025-03-03 12:12:11	100	289.7312500	
Monthly Domestic Values	2	2024	Fossil Oil	PL	B06	2025-03-03 12:12:11	100	254.4233600	
Monthly Domestic Values	3	2024	Fossil Oil	PL	B06	2025-03-03 12:12:11	100	250.3086500	
Monthly Domestic Values	4	2024	Fossil Oil	PL	B06	2025-03-03 12:12:11	100	217.4676400	
Monthly Domestic Values	5	2024	Fossil Oil	PL	B06	2025-03-03 12:12:11	100	194.0516400	
Monthly Domestic Values	6	2024	Fossil Oil	PL	B06	2025-03-03 12:12:11	100	158.4068725	
Monthly Domestic Values	7	2024	Fossil Oil	PL	B06	2025-03-03 12:12:11	100	102.1717675	
Monthly Domestic Values	8	2024	Fossil Oil	PL	B06	2025-03-03 12:12:11	100	84.0123800	
Monthly Domestic Values	9	2024	Fossil Oil	PL	B06	2025-03-03 12:12:11	100	81.3516775	
Monthly Domestic Values	10	2024	Fossil Oil	PL	B06	2025-03-03 12:12:11	100	124.3373875	
Monthly Domestic Values	11	2024	Fossil Oil	PL	B06	2025-03-03 12:12:11	100	135.5391200	
Monthly Domestic Values	12	2024	Fossil Oil	PL	B06	2025-03-03 12:12:11	100	148.8968425	
Monthly Domestic Values	1	2024	Hydro Pumped Storage	PL	B10	2025-03-03 12:12:11	100	165.7310500	
Monthly Domestic Values	2	2024	Hydro Pumped Storage	PL	B10	2025-03-03 12:12:11	100	151.5970400	
Monthly Domestic Values	3	2024	Hydro Pumped Storage	PL	B10	2025-03-03 12:12:11	100	143.5918000	
Monthly Domestic Values	4	2024	Hydro Pumped Storage	PL	B10	2025-03-03 12:12:11	100	141.7273000	
Monthly Domestic Values	5	2024	Hydro Pumped Storage	PL	B10	2025-03-03 12:12:11	100	117.5528900	
Monthly Domestic Values	6	2024	Hydro Pumped Storage	PL	B10	2025-03-03 12:12:11	100	77.5702475	
Monthly Domestic Values	7	2024	Hydro Pumped Storage	PL	B10	2025-03-03 12:12:11	100	53.8280075	
Monthly Domestic Values	8	2024	Hydro Pumped Storage	PL	B10	2025-03-03 12:12:11	100	59.0321575	
Monthly Domestic Values	9	2024	Hydro Pumped Storage	PL	B10	2025-03-03 12:12:11	100	52.4416725	
Monthly Domestic Values	10	2024	Hydro Pumped Storage	PL	B10	2025-03-03 12:12:11	100	58.0946825	
Monthly Domestic Values	11	2024	Hydro Pumped Storage	PL	B10	2025-03-03 12:12:11	100	55.2064925	
Monthly Domestic Values	12	2024	Hydro Pumped Storage	PL	B10	2025-03-03 12:12:11	100	62.0380400	
Monthly Domestic Values	1	2024	Hydro Run-of-river and poundage	PL	B11	2025-03-03 12:12:11	100	219.0540900	
Monthly Domestic Values	2	2024	Hydro Run-of-river and poundage	PL	B11	2025-03-03 12:12:11	100	228.0809700	
Monthly Domestic Values	3	2024	Hydro Run-of-river and poundage	PL	B11	2025-03-03 12:12:11	100	224.0984800	
Monthly Domestic Values	4	2024	Hydro Run-of-river and poundage	PL	B11	2025-03-03 12:12:11	100	185.4855500	
Monthly Domestic Values	5	2024	Hydro Run-of-river and poundage	PL	B11	2025-03-03 12:12:11	100	134.0185400	
Monthly Domestic Values	6	2024	Hydro Run-of-river and poundage	PL	B11	2025-03-03 12:12:11	100	103.4686625	
Monthly Domestic Values	7	2024	Hydro Run-of-river and poundage	PL	B11	2025-03-03 12:12:11	100	73.0763975	
Monthly Domestic Values	8	2024	Hydro Run-of-river and poundage	PL	B11	2025-03-03 12:12:11	100	69.3965975	
Monthly Domestic Values	9	2024	Hydro Run-of-river and poundage	PL	B11	2025-03-03 12:12:11	100	65.6150100	
Monthly Domestic Values	10	2024	Hydro Run-of-river and poundage	PL	B11	2025-03-03 12:12:11	100	72.4176725	
Monthly Domestic Values	11	2024	Hydro Run-of-river and poundage	PL	B11	2025-03-03 12:12:11	100	69.3936100	
Monthly Domestic Values	12	2024	Hydro Run-of-river and poundage	PL	B11	2025-03-03 12:12:11	100	81.4173300	
Monthly Domestic Values	1	2024	Hydro Water Reservoir	PL	B12	2025-03-03 12:12:11	100	15.2513500	
Monthly Domestic Values	2	2024	Hydro Water Reservoir	PL	B12	2025-03-03 12:12:11	100	17.8768700	
Monthly Domestic Values	3	2024	Hydro Water Reservoir	PL	B12	2025-03-03 12:12:11	100	11.3889200	
Monthly Domestic Values	4	2024	Hydro Water Reservoir	PL	B12	2025-03-03 12:12:11	100	13.2733100	
Monthly Domestic Values	5	2024	Hydro Water Reservoir	PL	B12	2025-03-03 12:12:11	100	9.1004100	
Monthly Domestic Values	6	2024	Hydro Water Reservoir	PL	B12	2025-03-03 12:12:11	100	31.6094100	
Monthly Domestic Values	7	2024	Hydro Water Reservoir	PL	B12	2025-03-03 12:12:11	100	45.6915600	
Monthly Domestic Values	8	2024	Hydro Water Reservoir	PL	B12	2025-03-03 12:12:11	100	42.2675350	
Monthly Domestic Values	9	2024	Hydro Water Reservoir	PL	B12	2025-03-03 12:12:11	100	33.0696450	
Monthly Domestic Values	10	2024	Hydro Water Reservoir	PL	B12	2025-03-03 12:12:11	100	39.2703525	
Monthly Domestic Values	11	2024	Hydro Water Reservoir	PL	B12	2025-03-03 12:12:11	100	37.8152075	
Monthly Domestic Values	12	2024	Hydro Water Reservoir	PL	B12	2025-03-03 12:12:11	100	43.3605225	
Monthly Domestic Values	6	2024	Other	PL	B20	2025-03-03 12:12:11	100	299.1956750	
Monthly Domestic Values	7	2024	Other	PL	B20	2025-03-03 12:12:11	100	482.2502250	
Monthly Domestic Values	8	2024	Other	PL	B20	2025-03-03 12:12:11	100	441.4720725	
Monthly Domestic Values	9	2024	Other	PL	B20	2025-03-03 12:12:11	100	405.0896825	
Monthly Domestic Values	10	2024	Other	PL	B20	2025-03-03 12:12:11	100	478.9503925	
Monthly Domestic Values	11	2024	Other	PL	B20	2025-03-03 12:12:11	100	515.2319950	
Monthly Domestic Values	12	2024	Other	PL	B20	2025-03-03 12:12:11	100	549.2855800	
Monthly Domestic Values	6	2024	Other renewable	PL	B15	2025-03-03 12:12:11	100	18.6432050	
Monthly Domestic Values	7	2024	Other renewable	PL	B15	2025-03-03 12:12:11	100	31.7663875	
Monthly Domestic Values	8	2024	Other renewable	PL	B15	2025-03-03 12:12:11	100	29.6818325	
Monthly Domestic Values	9	2024	Other renewable	PL	B15	2025-03-03 12:12:11	100	26.6984175	
Monthly Domestic Values	10	2024	Other renewable	PL	B15	2025-03-03 12:12:11	100	31.6028550	
Monthly Domestic Values	11	2024	Other renewable	PL	B15	2025-03-03 12:12:11	100	33.4953650	
Monthly Domestic Values	12	2024	Other renewable	PL	B15	2025-03-03 12:12:11	100	35.7541850	
Monthly Domestic Values	1	2024	Solar	PL	B16	2025-03-03 12:12:11	100	351.0971700	
Monthly Domestic Values	2	2024	Solar	PL	B16	2025-03-03 12:12:11	100	546.1806500	
Monthly Domestic Values	3	2024	Solar	PL	B16	2025-03-03 12:12:11	100	1258.1977500	
Monthly Domestic Values	4	2024	Solar	PL	B16	2025-03-03 12:12:11	100	1714.9756300	
Monthly Domestic Values	5	2024	Solar	PL	B16	2025-03-03 12:12:11	100	2566.0725800	
Monthly Domestic Values	6	2024	Solar	PL	B16	2025-03-03 12:12:11	100	2373.2279725	
Monthly Domestic Values	7	2024	Solar	PL	B16	2025-03-03 12:12:11	100	2475.9804575	
Monthly Domestic Values	8	2024	Solar	PL	B16	2025-03-03 12:12:11	100	2377.7571725	
Monthly Domestic Values	9	2024	Solar	PL	B16	2025-03-03 12:12:11	100	1755.4641225	
Monthly Domestic Values	10	2024	Solar	PL	B16	2025-03-03 12:12:11	100	1209.2995675	
Monthly Domestic Values	11	2024	Solar	PL	B16	2025-03-03 12:12:11	100	434.1235300	
Monthly Domestic Values	12	2024	Solar	PL	B16	2025-03-03 12:12:11	100	282.7625275	
Monthly Domestic Values	1	2024	Wind Onshore	PL	B19	2025-03-03 12:12:11	100	3139.5302300	
Monthly Domestic Values	2	2024	Wind Onshore	PL	B19	2025-03-03 12:12:11	100	2640.4434200	
Monthly Domestic Values	3	2024	Wind Onshore	PL	B19	2025-03-03 12:12:11	100	1980.7705900	
Monthly Domestic Values	4	2024	Wind Onshore	PL	B19	2025-03-03 12:12:11	100	2033.2232500	
Monthly Domestic Values	5	2024	Wind Onshore	PL	B19	2025-03-03 12:12:11	100	1471.4070600	
Monthly Domestic Values	6	2024	Wind Onshore	PL	B19	2025-03-03 12:12:11	100	1126.9509750	
Monthly Domestic Values	7	2024	Wind Onshore	PL	B19	2025-03-03 12:12:11	100	1119.2349400	
Monthly Domestic Values	8	2024	Wind Onshore	PL	B19	2025-03-03 12:12:11	100	1215.2264600	
Monthly Domestic Values	9	2024	Wind Onshore	PL	B19	2025-03-03 12:12:11	100	2172.6838675	
Monthly Domestic Values	10	2024	Wind Onshore	PL	B19	2025-03-03 12:12:11	100	2094.2580950	
Monthly Domestic Values	11	2024	Wind Onshore	PL	B19	2025-03-03 12:12:11	100	2315.9747725	
Monthly Domestic Values	12	2024	Wind Onshore	PL	B19	2025-03-03 12:12:11	100	2612.9357850	
Monthly Domestic Values	1	2024	Biomass	PT	B01	2025-03-03 12:12:11	100	254.7855000	
Monthly Domestic Values	2	2024	Biomass	PT	B01	2025-03-03 12:12:11	100	271.7128000	
Monthly Domestic Values	3	2024	Biomass	PT	B01	2025-03-03 12:12:11	100	282.1136000	
Monthly Domestic Values	4	2024	Biomass	PT	B01	2025-03-03 12:12:11	100	272.7731000	
Monthly Domestic Values	5	2024	Biomass	PT	B01	2025-03-03 12:12:11	100	297.8467000	
Monthly Domestic Values	6	2024	Biomass	PT	B01	2025-03-03 12:12:11	100	271.1905000	
Monthly Domestic Values	7	2024	Biomass	PT	B01	2025-03-03 12:12:11	100	266.7141000	
Monthly Domestic Values	8	2024	Biomass	PT	B01	2025-03-03 12:12:11	100	288.7866000	
Monthly Domestic Values	9	2024	Biomass	PT	B01	2025-03-03 12:12:11	100	252.4493000	
Monthly Domestic Values	10	2024	Biomass	PT	B01	2025-03-03 12:12:11	100	209.6874000	
Monthly Domestic Values	11	2024	Biomass	PT	B01	2025-03-03 12:12:11	100	226.5456000	
Monthly Domestic Values	12	2024	Biomass	PT	B01	2025-03-03 12:12:11	100	258.8948000	
Monthly Domestic Values	1	2024	Consumption of Fossil Gas	PT	(B04)	2025-03-03 12:19:25	100	5.0765000	
Monthly Domestic Values	2	2024	Consumption of Fossil Gas	PT	(B04)	2025-03-03 12:19:25	100	4.9063000	
Monthly Domestic Values	3	2024	Consumption of Fossil Gas	PT	(B04)	2025-03-03 12:19:25	100	5.4163000	
Monthly Domestic Values	4	2024	Consumption of Fossil Gas	PT	(B04)	2025-03-03 12:19:25	100	6.1809000	
Monthly Domestic Values	5	2024	Consumption of Fossil Gas	PT	(B04)	2025-03-03 12:19:25	100	5.6885000	
Monthly Domestic Values	6	2024	Consumption of Fossil Gas	PT	(B04)	2025-03-03 12:19:25	100	5.1596000	
Monthly Domestic Values	7	2024	Consumption of Fossil Gas	PT	(B04)	2025-03-03 12:19:25	100	5.2636000	
Monthly Domestic Values	8	2024	Consumption of Fossil Gas	PT	(B04)	2025-03-03 12:19:25	100	5.3431000	
Monthly Domestic Values	9	2024	Consumption of Fossil Gas	PT	(B04)	2025-03-03 12:19:25	100	4.6697000	
Monthly Domestic Values	10	2024	Consumption of Fossil Gas	PT	(B04)	2025-03-03 12:19:25	100	4.5461000	
Monthly Domestic Values	11	2024	Consumption of Fossil Gas	PT	(B04)	2025-03-03 12:19:25	100	4.3748000	
Monthly Domestic Values	12	2024	Consumption of Fossil Gas	PT	(B04)	2025-03-03 12:19:25	100	4.1624000	
Monthly Domestic Values	1	2024	Consumption of Hydro Pumped Storage	PT	(B10)	2025-03-03 12:19:25	100	314.5284000	
Monthly Domestic Values	2	2024	Consumption of Hydro Pumped Storage	PT	(B10)	2025-03-03 12:19:25	100	410.2280000	
Monthly Domestic Values	3	2024	Consumption of Hydro Pumped Storage	PT	(B10)	2025-03-03 12:19:25	100	482.4379000	
Monthly Domestic Values	4	2024	Consumption of Hydro Pumped Storage	PT	(B10)	2025-03-03 12:19:25	100	426.9925000	
Monthly Domestic Values	5	2024	Consumption of Hydro Pumped Storage	PT	(B10)	2025-03-03 12:19:25	100	450.8157000	
Monthly Domestic Values	6	2024	Consumption of Hydro Pumped Storage	PT	(B10)	2025-03-03 12:19:25	100	350.0492000	
Monthly Domestic Values	7	2024	Consumption of Hydro Pumped Storage	PT	(B10)	2025-03-03 12:19:25	100	358.9318000	
Monthly Domestic Values	8	2024	Consumption of Hydro Pumped Storage	PT	(B10)	2025-03-03 12:19:25	100	352.0151000	
Monthly Domestic Values	9	2024	Consumption of Hydro Pumped Storage	PT	(B10)	2025-03-03 12:19:25	100	397.9855000	
Monthly Domestic Values	10	2024	Consumption of Hydro Pumped Storage	PT	(B10)	2025-03-03 12:19:25	100	452.0338000	
Monthly Domestic Values	11	2024	Consumption of Hydro Pumped Storage	PT	(B10)	2025-03-03 12:19:25	100	391.7579000	
Monthly Domestic Values	12	2024	Consumption of Hydro Pumped Storage	PT	(B10)	2025-03-03 12:19:25	100	413.3844000	
Monthly Domestic Values	1	2024	Consumption of Hydro Run-of-river and poundage	PT	(B11)	2025-03-03 12:19:25	100	0.3270000	
Monthly Domestic Values	2	2024	Consumption of Hydro Run-of-river and poundage	PT	(B11)	2025-03-03 12:19:25	100	0.7770000	
Monthly Domestic Values	3	2024	Consumption of Hydro Run-of-river and poundage	PT	(B11)	2025-03-03 12:19:25	100	0.4190000	
Monthly Domestic Values	4	2024	Consumption of Hydro Run-of-river and poundage	PT	(B11)	2025-03-03 12:19:25	100	0.5451000	
Monthly Domestic Values	5	2024	Consumption of Hydro Run-of-river and poundage	PT	(B11)	2025-03-03 12:19:25	100	0.9617000	
Monthly Domestic Values	6	2024	Consumption of Hydro Run-of-river and poundage	PT	(B11)	2025-03-03 12:19:25	100	0.7334000	
Monthly Domestic Values	7	2024	Consumption of Hydro Run-of-river and poundage	PT	(B11)	2025-03-03 12:19:25	100	0.9145000	
Monthly Domestic Values	8	2024	Consumption of Hydro Run-of-river and poundage	PT	(B11)	2025-03-03 12:19:25	100	1.1371000	
Monthly Domestic Values	9	2024	Consumption of Hydro Run-of-river and poundage	PT	(B11)	2025-03-03 12:19:25	100	1.1103000	
Monthly Domestic Values	10	2024	Consumption of Hydro Run-of-river and poundage	PT	(B11)	2025-03-03 12:19:25	100	0.7277000	
Monthly Domestic Values	11	2024	Consumption of Hydro Run-of-river and poundage	PT	(B11)	2025-03-03 12:19:25	100	0.8555000	
Monthly Domestic Values	12	2024	Consumption of Hydro Run-of-river and poundage	PT	(B11)	2025-03-03 12:19:25	100	1.0940000	
Monthly Domestic Values	1	2024	Consumption of Hydro Water Reservoir	PT	(B12)	2025-03-03 12:19:25	100	0.4549000	
Monthly Domestic Values	2	2024	Consumption of Hydro Water Reservoir	PT	(B12)	2025-03-03 12:19:25	100	0.4279000	
Monthly Domestic Values	3	2024	Consumption of Hydro Water Reservoir	PT	(B12)	2025-03-03 12:19:25	100	0.5122000	
Monthly Domestic Values	4	2024	Consumption of Hydro Water Reservoir	PT	(B12)	2025-03-03 12:19:25	100	0.4943000	
Monthly Domestic Values	5	2024	Consumption of Hydro Water Reservoir	PT	(B12)	2025-03-03 12:19:25	100	0.5849000	
Monthly Domestic Values	6	2024	Consumption of Hydro Water Reservoir	PT	(B12)	2025-03-03 12:19:25	100	0.5302000	
Monthly Domestic Values	7	2024	Consumption of Hydro Water Reservoir	PT	(B12)	2025-03-03 12:19:25	100	0.5525000	
Monthly Domestic Values	8	2024	Consumption of Hydro Water Reservoir	PT	(B12)	2025-03-03 12:19:25	100	0.5185000	
Monthly Domestic Values	9	2024	Consumption of Hydro Water Reservoir	PT	(B12)	2025-03-03 12:19:25	100	0.5174000	
Monthly Domestic Values	10	2024	Consumption of Hydro Water Reservoir	PT	(B12)	2025-03-03 12:19:25	100	0.4944000	
Monthly Domestic Values	11	2024	Consumption of Hydro Water Reservoir	PT	(B12)	2025-03-03 12:19:25	100	0.4793000	
Monthly Domestic Values	12	2024	Consumption of Hydro Water Reservoir	PT	(B12)	2025-03-03 12:19:25	100	0.6158000	
Monthly Domestic Values	1	2024	Fossil Gas	PT	B04	2025-03-03 12:12:11	100	687.1113000	
Monthly Domestic Values	2	2024	Fossil Gas	PT	B04	2025-03-03 12:12:11	100	411.5886000	
Monthly Domestic Values	3	2024	Fossil Gas	PT	B04	2025-03-03 12:12:11	100	459.3705000	
Monthly Domestic Values	4	2024	Fossil Gas	PT	B04	2025-03-03 12:12:11	100	164.1575000	
Monthly Domestic Values	5	2024	Fossil Gas	PT	B04	2025-03-03 12:12:11	100	125.5872000	
Monthly Domestic Values	6	2024	Fossil Gas	PT	B04	2025-03-03 12:12:11	100	156.1915000	
Monthly Domestic Values	7	2024	Fossil Gas	PT	B04	2025-03-03 12:12:11	100	380.2632000	
Monthly Domestic Values	8	2024	Fossil Gas	PT	B04	2025-03-03 12:12:11	100	385.6641000	
Monthly Domestic Values	9	2024	Fossil Gas	PT	B04	2025-03-03 12:12:11	100	409.4117000	
Monthly Domestic Values	10	2024	Fossil Gas	PT	B04	2025-03-03 12:12:11	100	428.4658000	
Monthly Domestic Values	11	2024	Fossil Gas	PT	B04	2025-03-03 12:12:11	100	576.3638000	
Monthly Domestic Values	12	2024	Fossil Gas	PT	B04	2025-03-03 12:12:11	100	734.6152000	
Monthly Domestic Values	1	2024	Fossil Hard coal	PT	B05	2025-03-03 12:12:11	100	0.0000000	
Monthly Domestic Values	2	2024	Fossil Hard coal	PT	B05	2025-03-03 12:12:11	100	0.0000000	
Monthly Domestic Values	3	2024	Fossil Hard coal	PT	B05	2025-03-03 12:12:11	100	0.0000000	
Monthly Domestic Values	4	2024	Fossil Hard coal	PT	B05	2025-03-03 12:12:11	100	0.0000000	
Monthly Domestic Values	5	2024	Fossil Hard coal	PT	B05	2025-03-03 12:12:11	100	0.0000000	
Monthly Domestic Values	6	2024	Fossil Hard coal	PT	B05	2025-03-03 12:12:11	100	0.0000000	
Monthly Domestic Values	7	2024	Fossil Hard coal	PT	B05	2025-03-03 12:12:11	100	0.0000000	
Monthly Domestic Values	8	2024	Fossil Hard coal	PT	B05	2025-03-03 12:12:11	100	0.0000000	
Monthly Domestic Values	9	2024	Fossil Hard coal	PT	B05	2025-03-03 12:12:11	100	0.0000000	
Monthly Domestic Values	10	2024	Fossil Hard coal	PT	B05	2025-03-03 12:12:11	100	0.0000000	
Monthly Domestic Values	11	2024	Fossil Hard coal	PT	B05	2025-03-03 12:12:11	100	0.0000000	
Monthly Domestic Values	12	2024	Fossil Hard coal	PT	B05	2025-03-03 12:12:11	100	0.0000000	
Monthly Domestic Values	1	2024	Hydro Pumped Storage	PT	B10	2025-03-03 12:12:11	100	731.1404000	
Monthly Domestic Values	2	2024	Hydro Pumped Storage	PT	B10	2025-03-03 12:12:11	100	611.7009000	
Monthly Domestic Values	3	2024	Hydro Pumped Storage	PT	B10	2025-03-03 12:12:11	100	788.4371000	
Monthly Domestic Values	4	2024	Hydro Pumped Storage	PT	B10	2025-03-03 12:12:11	100	687.9580000	
Monthly Domestic Values	5	2024	Hydro Pumped Storage	PT	B10	2025-03-03 12:12:11	100	507.3283000	
Monthly Domestic Values	6	2024	Hydro Pumped Storage	PT	B10	2025-03-03 12:12:11	100	429.6634000	
Monthly Domestic Values	7	2024	Hydro Pumped Storage	PT	B10	2025-03-03 12:12:11	100	389.6933000	
Monthly Domestic Values	8	2024	Hydro Pumped Storage	PT	B10	2025-03-03 12:12:11	100	372.5039000	
Monthly Domestic Values	9	2024	Hydro Pumped Storage	PT	B10	2025-03-03 12:12:11	100	419.4166000	
Monthly Domestic Values	10	2024	Hydro Pumped Storage	PT	B10	2025-03-03 12:12:11	100	516.5603000	
Monthly Domestic Values	11	2024	Hydro Pumped Storage	PT	B10	2025-03-03 12:12:11	100	513.0001000	
Monthly Domestic Values	12	2024	Hydro Pumped Storage	PT	B10	2025-03-03 12:12:11	100	445.9419000	
Monthly Domestic Values	1	2024	Hydro Run-of-river and poundage	PT	B11	2025-03-03 12:12:11	100	1326.9476000	
Monthly Domestic Values	2	2024	Hydro Run-of-river and poundage	PT	B11	2025-03-03 12:12:11	100	1034.1530000	
Monthly Domestic Values	3	2024	Hydro Run-of-river and poundage	PT	B11	2025-03-03 12:12:11	100	1404.3319000	
Monthly Domestic Values	4	2024	Hydro Run-of-river and poundage	PT	B11	2025-03-03 12:12:11	100	1140.9228000	
Monthly Domestic Values	5	2024	Hydro Run-of-river and poundage	PT	B11	2025-03-03 12:12:11	100	538.8311000	
Monthly Domestic Values	6	2024	Hydro Run-of-river and poundage	PT	B11	2025-03-03 12:12:11	100	392.5200000	
Monthly Domestic Values	7	2024	Hydro Run-of-river and poundage	PT	B11	2025-03-03 12:12:11	100	387.6071000	
Monthly Domestic Values	8	2024	Hydro Run-of-river and poundage	PT	B11	2025-03-03 12:12:11	100	280.9137000	
Monthly Domestic Values	9	2024	Hydro Run-of-river and poundage	PT	B11	2025-03-03 12:12:11	100	293.3106000	
Monthly Domestic Values	10	2024	Hydro Run-of-river and poundage	PT	B11	2025-03-03 12:12:11	100	645.8325000	
Monthly Domestic Values	11	2024	Hydro Run-of-river and poundage	PT	B11	2025-03-03 12:12:11	100	526.7204000	
Monthly Domestic Values	12	2024	Hydro Run-of-river and poundage	PT	B11	2025-03-03 12:12:11	100	423.2908000	
Monthly Domestic Values	1	2024	Hydro Water Reservoir	PT	B12	2025-03-03 12:12:11	100	534.3292000	
Monthly Domestic Values	2	2024	Hydro Water Reservoir	PT	B12	2025-03-03 12:12:11	100	447.7710000	
Monthly Domestic Values	3	2024	Hydro Water Reservoir	PT	B12	2025-03-03 12:12:11	100	659.8526000	
Monthly Domestic Values	4	2024	Hydro Water Reservoir	PT	B12	2025-03-03 12:12:11	100	498.8064000	
Monthly Domestic Values	5	2024	Hydro Water Reservoir	PT	B12	2025-03-03 12:12:11	100	286.5642000	
Monthly Domestic Values	6	2024	Hydro Water Reservoir	PT	B12	2025-03-03 12:12:11	100	236.0102000	
Monthly Domestic Values	7	2024	Hydro Water Reservoir	PT	B12	2025-03-03 12:12:11	100	144.9444000	
Monthly Domestic Values	8	2024	Hydro Water Reservoir	PT	B12	2025-03-03 12:12:11	100	122.8323000	
Monthly Domestic Values	9	2024	Hydro Water Reservoir	PT	B12	2025-03-03 12:12:11	100	103.6491000	
Monthly Domestic Values	10	2024	Hydro Water Reservoir	PT	B12	2025-03-03 12:12:11	100	214.5617000	
Monthly Domestic Values	11	2024	Hydro Water Reservoir	PT	B12	2025-03-03 12:12:11	100	248.9080000	
Monthly Domestic Values	12	2024	Hydro Water Reservoir	PT	B12	2025-03-03 12:12:11	100	115.9795000	
Monthly Domestic Values	1	2024	Other	PT	B20	2025-03-03 12:12:11	100	22.0072000	
Monthly Domestic Values	2	2024	Other	PT	B20	2025-03-03 12:12:11	100	21.1720000	
Monthly Domestic Values	3	2024	Other	PT	B20	2025-03-03 12:12:11	100	21.2403000	
Monthly Domestic Values	4	2024	Other	PT	B20	2025-03-03 12:12:11	100	21.1414000	
Monthly Domestic Values	5	2024	Other	PT	B20	2025-03-03 12:12:11	100	21.1671000	
Monthly Domestic Values	6	2024	Other	PT	B20	2025-03-03 12:12:11	100	18.8884000	
Monthly Domestic Values	7	2024	Other	PT	B20	2025-03-03 12:12:11	100	17.0130000	
Monthly Domestic Values	8	2024	Other	PT	B20	2025-03-03 12:12:11	100	22.4149000	
Monthly Domestic Values	9	2024	Other	PT	B20	2025-03-03 12:12:11	100	18.0292000	
Monthly Domestic Values	10	2024	Other	PT	B20	2025-03-03 12:12:11	100	21.5720000	
Monthly Domestic Values	11	2024	Other	PT	B20	2025-03-03 12:12:11	100	22.1442000	
Monthly Domestic Values	12	2024	Other	PT	B20	2025-03-03 12:12:11	100	23.6936000	
Monthly Domestic Values	1	2024	Solar	PT	B16	2025-03-03 12:12:11	100	200.6669000	
Monthly Domestic Values	2	2024	Solar	PT	B16	2025-03-03 12:12:11	100	261.0205000	
Monthly Domestic Values	3	2024	Solar	PT	B16	2025-03-03 12:12:11	100	320.0000000	
Monthly Domestic Values	4	2024	Solar	PT	B16	2025-03-03 12:12:11	100	423.1557000	
Monthly Domestic Values	5	2024	Solar	PT	B16	2025-03-03 12:12:11	100	527.5577000	
Monthly Domestic Values	6	2024	Solar	PT	B16	2025-03-03 12:12:11	100	488.8568000	
Monthly Domestic Values	7	2024	Solar	PT	B16	2025-03-03 12:12:11	100	650.7949000	
Monthly Domestic Values	8	2024	Solar	PT	B16	2025-03-03 12:12:11	100	647.2642000	
Monthly Domestic Values	9	2024	Solar	PT	B16	2025-03-03 12:12:11	100	484.3488000	
Monthly Domestic Values	10	2024	Solar	PT	B16	2025-03-03 12:12:11	100	319.7915000	
Monthly Domestic Values	11	2024	Solar	PT	B16	2025-03-03 12:12:11	100	265.8448000	
Monthly Domestic Values	12	2024	Solar	PT	B16	2025-03-03 12:12:11	100	316.3587000	
Monthly Domestic Values	1	2024	Wind Offshore	PT	B18	2025-03-03 12:12:11	100	7.6060000	
Monthly Domestic Values	2	2024	Wind Offshore	PT	B18	2025-03-03 12:12:11	100	7.3896000	
Monthly Domestic Values	3	2024	Wind Offshore	PT	B18	2025-03-03 12:12:11	100	9.2350000	
Monthly Domestic Values	4	2024	Wind Offshore	PT	B18	2025-03-03 12:12:11	100	6.7461000	
Monthly Domestic Values	5	2024	Wind Offshore	PT	B18	2025-03-03 12:12:11	100	7.9301000	
Monthly Domestic Values	6	2024	Wind Offshore	PT	B18	2025-03-03 12:12:11	100	4.5078000	
Monthly Domestic Values	7	2024	Wind Offshore	PT	B18	2025-03-03 12:12:11	100	8.4591000	
Monthly Domestic Values	8	2024	Wind Offshore	PT	B18	2025-03-03 12:12:11	100	11.1924000	
Monthly Domestic Values	9	2024	Wind Offshore	PT	B18	2025-03-03 12:12:11	100	6.9379000	
Monthly Domestic Values	10	2024	Wind Offshore	PT	B18	2025-03-03 12:12:11	100	7.0431000	
Monthly Domestic Values	11	2024	Wind Offshore	PT	B18	2025-03-03 12:12:11	100	5.9013000	
Monthly Domestic Values	12	2024	Wind Offshore	PT	B18	2025-03-03 12:12:11	100	3.0771000	
Monthly Domestic Values	1	2024	Wind Onshore	PT	B19	2025-03-03 12:12:11	100	1212.1210000	
Monthly Domestic Values	2	2024	Wind Onshore	PT	B19	2025-03-03 12:12:11	100	1517.5673000	
Monthly Domestic Values	3	2024	Wind Onshore	PT	B19	2025-03-03 12:12:11	100	1579.9297000	
Monthly Domestic Values	4	2024	Wind Onshore	PT	B19	2025-03-03 12:12:11	100	1135.6962000	
Monthly Domestic Values	5	2024	Wind Onshore	PT	B19	2025-03-03 12:12:11	100	1079.3409000	
Monthly Domestic Values	6	2024	Wind Onshore	PT	B19	2025-03-03 12:12:11	100	725.8549000	
Monthly Domestic Values	7	2024	Wind Onshore	PT	B19	2025-03-03 12:12:11	100	762.6529000	
Monthly Domestic Values	8	2024	Wind Onshore	PT	B19	2025-03-03 12:12:11	100	850.7743000	
Monthly Domestic Values	9	2024	Wind Onshore	PT	B19	2025-03-03 12:12:11	100	1055.3818000	
Monthly Domestic Values	10	2024	Wind Onshore	PT	B19	2025-03-03 12:12:11	100	1422.8032000	
Monthly Domestic Values	11	2024	Wind Onshore	PT	B19	2025-03-03 12:12:11	100	1455.4661000	
Monthly Domestic Values	12	2024	Wind Onshore	PT	B19	2025-03-03 12:12:11	100	1253.0784000	
Monthly Domestic Values	1	2024	Biomass	RO	B01	2025-03-03 12:12:11	100	42.1465350	
Monthly Domestic Values	2	2024	Biomass	RO	B01	2025-03-03 12:12:11	100	39.7440025	
Monthly Domestic Values	3	2024	Biomass	RO	B01	2025-03-03 12:12:11	100	42.8538075	
Monthly Domestic Values	4	2024	Biomass	RO	B01	2025-03-03 12:12:11	100	40.9183250	
Monthly Domestic Values	5	2024	Biomass	RO	B01	2025-03-03 12:12:11	100	37.1171725	
Monthly Domestic Values	6	2024	Biomass	RO	B01	2025-03-03 12:12:11	100	30.1173900	
Monthly Domestic Values	7	2024	Biomass	RO	B01	2025-03-03 12:12:11	100	37.2482500	
Monthly Domestic Values	8	2024	Biomass	RO	B01	2025-03-03 12:12:11	100	36.4150450	
Monthly Domestic Values	9	2024	Biomass	RO	B01	2025-03-03 12:12:11	100	34.5518425	
Monthly Domestic Values	10	2024	Biomass	RO	B01	2025-03-03 12:12:11	100	39.0651200	
Monthly Domestic Values	11	2024	Biomass	RO	B01	2025-03-03 12:12:11	100	28.6948875	
Monthly Domestic Values	12	2024	Biomass	RO	B01	2025-03-03 12:12:11	100	29.1096200	
Monthly Domestic Values	1	2024	Fossil Brown coal/Lignite	RO	B02	2025-03-03 12:12:11	100	650.4358300	
Monthly Domestic Values	2	2024	Fossil Brown coal/Lignite	RO	B02	2025-03-03 12:12:11	100	562.1627075	
Monthly Domestic Values	3	2024	Fossil Brown coal/Lignite	RO	B02	2025-03-03 12:12:11	100	506.7279025	
Monthly Domestic Values	4	2024	Fossil Brown coal/Lignite	RO	B02	2025-03-03 12:12:11	100	425.8526775	
Monthly Domestic Values	5	2024	Fossil Brown coal/Lignite	RO	B02	2025-03-03 12:12:11	100	506.5108750	
Monthly Domestic Values	6	2024	Fossil Brown coal/Lignite	RO	B02	2025-03-03 12:12:11	100	632.7426600	
Monthly Domestic Values	7	2024	Fossil Brown coal/Lignite	RO	B02	2025-03-03 12:12:11	100	687.8607500	
Monthly Domestic Values	8	2024	Fossil Brown coal/Lignite	RO	B02	2025-03-03 12:12:11	100	582.1848175	
Monthly Domestic Values	9	2024	Fossil Brown coal/Lignite	RO	B02	2025-03-03 12:12:11	100	550.0814525	
Monthly Domestic Values	10	2024	Fossil Brown coal/Lignite	RO	B02	2025-03-03 12:12:11	100	591.9785950	
Monthly Domestic Values	11	2024	Fossil Brown coal/Lignite	RO	B02	2025-03-03 12:12:11	100	601.0021300	
Monthly Domestic Values	12	2024	Fossil Brown coal/Lignite	RO	B02	2025-03-03 12:12:11	100	536.1044625	
Monthly Domestic Values	1	2024	Fossil Gas	RO	B04	2025-03-03 12:12:11	100	1308.6566050	
Monthly Domestic Values	2	2024	Fossil Gas	RO	B04	2025-03-03 12:12:11	100	1097.2164150	
Monthly Domestic Values	3	2024	Fossil Gas	RO	B04	2025-03-03 12:12:11	100	1080.7542825	
Monthly Domestic Values	4	2024	Fossil Gas	RO	B04	2025-03-03 12:12:11	100	328.5759025	
Monthly Domestic Values	5	2024	Fossil Gas	RO	B04	2025-03-03 12:12:11	100	321.9776100	
Monthly Domestic Values	6	2024	Fossil Gas	RO	B04	2025-03-03 12:12:11	100	697.2845675	
Monthly Domestic Values	7	2024	Fossil Gas	RO	B04	2025-03-03 12:12:11	100	860.3282500	
Monthly Domestic Values	8	2024	Fossil Gas	RO	B04	2025-03-03 12:12:11	100	851.8254550	
Monthly Domestic Values	9	2024	Fossil Gas	RO	B04	2025-03-03 12:12:11	100	747.7997175	
Monthly Domestic Values	10	2024	Fossil Gas	RO	B04	2025-03-03 12:12:11	100	827.0335975	
Monthly Domestic Values	11	2024	Fossil Gas	RO	B04	2025-03-03 12:12:11	100	1045.5422100	
Monthly Domestic Values	12	2024	Fossil Gas	RO	B04	2025-03-03 12:12:11	100	1097.9931075	
Monthly Domestic Values	1	2024	Fossil Hard coal	RO	B05	2025-03-03 12:12:11	100	11.3248475	
Monthly Domestic Values	2	2024	Fossil Hard coal	RO	B05	2025-03-03 12:12:11	100	10.2645000	
Monthly Domestic Values	3	2024	Fossil Hard coal	RO	B05	2025-03-03 12:12:11	100	8.8530000	
Monthly Domestic Values	4	2024	Fossil Hard coal	RO	B05	2025-03-03 12:12:11	100	22.6754300	
Monthly Domestic Values	5	2024	Fossil Hard coal	RO	B05	2025-03-03 12:12:11	100	26.5055000	
Monthly Domestic Values	6	2024	Fossil Hard coal	RO	B05	2025-03-03 12:12:11	100	17.4320350	
Monthly Domestic Values	7	2024	Fossil Hard coal	RO	B05	2025-03-03 12:12:11	100	17.3400000	
Monthly Domestic Values	8	2024	Fossil Hard coal	RO	B05	2025-03-03 12:12:11	100	11.7025000	
Monthly Domestic Values	9	2024	Fossil Hard coal	RO	B05	2025-03-03 12:12:11	100	4.5780000	
Monthly Domestic Values	10	2024	Fossil Hard coal	RO	B05	2025-03-03 12:12:11	100	0.0015000	
Monthly Domestic Values	11	2024	Fossil Hard coal	RO	B05	2025-03-03 12:12:11	100	0.0332500	
Monthly Domestic Values	12	2024	Fossil Hard coal	RO	B05	2025-03-03 12:12:11	100	0.0012500	
Monthly Domestic Values	1	2024	Hydro Run-of-river and poundage	RO	B11	2025-03-03 12:12:11	100	937.9176600	
Monthly Domestic Values	2	2024	Hydro Run-of-river and poundage	RO	B11	2025-03-03 12:12:11	100	909.7195500	
Monthly Domestic Values	3	2024	Hydro Run-of-river and poundage	RO	B11	2025-03-03 12:12:11	100	975.8244425	
Monthly Domestic Values	4	2024	Hydro Run-of-river and poundage	RO	B11	2025-03-03 12:12:11	100	932.8706050	
Monthly Domestic Values	5	2024	Hydro Run-of-river and poundage	RO	B11	2025-03-03 12:12:11	100	836.9656475	
Monthly Domestic Values	6	2024	Hydro Run-of-river and poundage	RO	B11	2025-03-03 12:12:11	100	914.9960900	
Monthly Domestic Values	7	2024	Hydro Run-of-river and poundage	RO	B11	2025-03-03 12:12:11	100	704.3130000	
Monthly Domestic Values	8	2024	Hydro Run-of-river and poundage	RO	B11	2025-03-03 12:12:11	100	487.2015500	
Monthly Domestic Values	9	2024	Hydro Run-of-river and poundage	RO	B11	2025-03-03 12:12:11	100	582.2853825	
Monthly Domestic Values	10	2024	Hydro Run-of-river and poundage	RO	B11	2025-03-03 12:12:11	100	835.7526025	
Monthly Domestic Values	11	2024	Hydro Run-of-river and poundage	RO	B11	2025-03-03 12:12:11	100	501.8436275	
Monthly Domestic Values	12	2024	Hydro Run-of-river and poundage	RO	B11	2025-03-03 12:12:11	100	661.8230725	
Monthly Domestic Values	1	2024	Hydro Water Reservoir	RO	B12	2025-03-03 12:12:11	100	590.1417200	
Monthly Domestic Values	2	2024	Hydro Water Reservoir	RO	B12	2025-03-03 12:12:11	100	528.8176700	
Monthly Domestic Values	3	2024	Hydro Water Reservoir	RO	B12	2025-03-03 12:12:11	100	490.3530700	
Monthly Domestic Values	4	2024	Hydro Water Reservoir	RO	B12	2025-03-03 12:12:11	100	527.6537275	
Monthly Domestic Values	5	2024	Hydro Water Reservoir	RO	B12	2025-03-03 12:12:11	100	503.7106525	
Monthly Domestic Values	6	2024	Hydro Water Reservoir	RO	B12	2025-03-03 12:12:11	100	460.1195400	
Monthly Domestic Values	7	2024	Hydro Water Reservoir	RO	B12	2025-03-03 12:12:11	100	396.5702500	
Monthly Domestic Values	8	2024	Hydro Water Reservoir	RO	B12	2025-03-03 12:12:11	100	354.4737775	
Monthly Domestic Values	9	2024	Hydro Water Reservoir	RO	B12	2025-03-03 12:12:11	100	285.5317200	
Monthly Domestic Values	10	2024	Hydro Water Reservoir	RO	B12	2025-03-03 12:12:11	100	231.1490350	
Monthly Domestic Values	11	2024	Hydro Water Reservoir	RO	B12	2025-03-03 12:12:11	100	368.1966000	
Monthly Domestic Values	12	2024	Hydro Water Reservoir	RO	B12	2025-03-03 12:12:11	100	230.9653225	
Monthly Domestic Values	1	2024	Nuclear	RO	B14	2025-03-03 12:12:11	100	1027.7144625	
Monthly Domestic Values	2	2024	Nuclear	RO	B14	2025-03-03 12:12:11	100	958.9355725	
Monthly Domestic Values	3	2024	Nuclear	RO	B14	2025-03-03 12:12:11	100	1023.1766850	
Monthly Domestic Values	4	2024	Nuclear	RO	B14	2025-03-03 12:12:11	100	981.7174700	
Monthly Domestic Values	5	2024	Nuclear	RO	B14	2025-03-03 12:12:11	100	694.6172950	
Monthly Domestic Values	6	2024	Nuclear	RO	B14	2025-03-03 12:12:11	100	504.7912825	
Monthly Domestic Values	7	2024	Nuclear	RO	B14	2025-03-03 12:12:11	100	883.8557500	
Monthly Domestic Values	8	2024	Nuclear	RO	B14	2025-03-03 12:12:11	100	941.3094375	
Monthly Domestic Values	9	2024	Nuclear	RO	B14	2025-03-03 12:12:11	100	967.1894475	
Monthly Domestic Values	10	2024	Nuclear	RO	B14	2025-03-03 12:12:11	100	935.8460175	
Monthly Domestic Values	11	2024	Nuclear	RO	B14	2025-03-03 12:12:11	100	955.3789525	
Monthly Domestic Values	12	2024	Nuclear	RO	B14	2025-03-03 12:12:11	100	936.9617350	
Monthly Domestic Values	1	2024	Solar	RO	B16	2025-03-03 12:12:11	100	73.3956325	
Monthly Domestic Values	2	2024	Solar	RO	B16	2025-03-03 12:12:11	100	105.1721300	
Monthly Domestic Values	3	2024	Solar	RO	B16	2025-03-03 12:12:11	100	151.6662650	
Monthly Domestic Values	4	2024	Solar	RO	B16	2025-03-03 12:12:11	100	209.1614225	
Monthly Domestic Values	5	2024	Solar	RO	B16	2025-03-03 12:12:11	100	229.5307800	
Monthly Domestic Values	6	2024	Solar	RO	B16	2025-03-03 12:12:11	100	258.0488450	
Monthly Domestic Values	7	2024	Solar	RO	B16	2025-03-03 12:12:11	100	283.8310000	
Monthly Domestic Values	8	2024	Solar	RO	B16	2025-03-03 12:12:11	100	257.2949050	
Monthly Domestic Values	9	2024	Solar	RO	B16	2025-03-03 12:12:11	100	202.8721550	
Monthly Domestic Values	10	2024	Solar	RO	B16	2025-03-03 12:12:11	100	177.7667500	
Monthly Domestic Values	11	2024	Solar	RO	B16	2025-03-03 12:12:11	100	96.2337500	
Monthly Domestic Values	12	2024	Solar	RO	B16	2025-03-03 12:12:11	100	41.9940900	
Monthly Domestic Values	1	2024	Wind Onshore	RO	B19	2025-03-03 12:12:11	100	803.5314850	
Monthly Domestic Values	2	2024	Wind Onshore	RO	B19	2025-03-03 12:12:11	100	748.7195375	
Monthly Domestic Values	3	2024	Wind Onshore	RO	B19	2025-03-03 12:12:11	100	596.1980875	
Monthly Domestic Values	4	2024	Wind Onshore	RO	B19	2025-03-03 12:12:11	100	489.0989150	
Monthly Domestic Values	5	2024	Wind Onshore	RO	B19	2025-03-03 12:12:11	100	432.4177000	
Monthly Domestic Values	6	2024	Wind Onshore	RO	B19	2025-03-03 12:12:11	100	346.8885450	
Monthly Domestic Values	7	2024	Wind Onshore	RO	B19	2025-03-03 12:12:11	100	342.5697500	
Monthly Domestic Values	8	2024	Wind Onshore	RO	B19	2025-03-03 12:12:11	100	343.5428300	
Monthly Domestic Values	9	2024	Wind Onshore	RO	B19	2025-03-03 12:12:11	100	528.8600950	
Monthly Domestic Values	10	2024	Wind Onshore	RO	B19	2025-03-03 12:12:11	100	427.2497000	
Monthly Domestic Values	11	2024	Wind Onshore	RO	B19	2025-03-03 12:12:11	100	541.1690400	
Monthly Domestic Values	12	2024	Wind Onshore	RO	B19	2025-03-03 12:12:11	100	735.5800275	
Monthly Domestic Values	1	2024	Biomass	RS	B01	2025-03-03 12:12:11	100	22.3200000	
Monthly Domestic Values	2	2024	Biomass	RS	B01	2025-03-03 12:12:11	100	20.8800000	
Monthly Domestic Values	3	2024	Biomass	RS	B01	2025-03-03 12:12:11	100	22.3200000	
Monthly Domestic Values	4	2024	Biomass	RS	B01	2025-03-03 12:12:11	100	21.6000000	
Monthly Domestic Values	5	2024	Biomass	RS	B01	2025-03-03 12:12:11	100	22.3200000	
Monthly Domestic Values	6	2024	Biomass	RS	B01	2025-03-03 12:12:11	100	21.6000000	
Monthly Domestic Values	7	2024	Biomass	RS	B01	2025-03-03 12:12:11	100	22.3200000	
Monthly Domestic Values	8	2024	Biomass	RS	B01	2025-03-03 12:12:11	100	22.3200000	
Monthly Domestic Values	9	2024	Biomass	RS	B01	2025-03-03 12:12:11	100	21.6000000	
Monthly Domestic Values	10	2024	Biomass	RS	B01	2025-03-03 12:12:11	100	22.3200000	
Monthly Domestic Values	11	2024	Biomass	RS	B01	2025-03-03 12:12:11	100	21.6000000	
Monthly Domestic Values	12	2024	Biomass	RS	B01	2025-03-03 12:12:11	100	22.3200000	
Monthly Domestic Values	1	2024	Fossil Brown coal/Lignite	RS	B02	2025-03-03 12:12:11	100	2105.5800000	
Monthly Domestic Values	2	2024	Fossil Brown coal/Lignite	RS	B02	2025-03-03 12:12:11	100	1836.6190000	
Monthly Domestic Values	3	2024	Fossil Brown coal/Lignite	RS	B02	2025-03-03 12:12:11	100	1972.7470000	
Monthly Domestic Values	4	2024	Fossil Brown coal/Lignite	RS	B02	2025-03-03 12:12:11	100	1565.1260000	
Monthly Domestic Values	5	2024	Fossil Brown coal/Lignite	RS	B02	2025-03-03 12:12:11	100	1387.2110000	
Monthly Domestic Values	6	2024	Fossil Brown coal/Lignite	RS	B02	2025-03-03 12:12:11	100	1334.3920000	
Monthly Domestic Values	7	2024	Fossil Brown coal/Lignite	RS	B02	2025-03-03 12:12:11	100	1715.8420000	
Monthly Domestic Values	8	2024	Fossil Brown coal/Lignite	RS	B02	2025-03-03 12:12:11	100	1638.3300000	
Monthly Domestic Values	9	2024	Fossil Brown coal/Lignite	RS	B02	2025-03-03 12:12:11	100	1590.5080000	
Monthly Domestic Values	10	2024	Fossil Brown coal/Lignite	RS	B02	2025-03-03 12:12:11	100	1947.9280000	
Monthly Domestic Values	11	2024	Fossil Brown coal/Lignite	RS	B02	2025-03-03 12:12:11	100	2225.8810000	
Monthly Domestic Values	12	2024	Fossil Brown coal/Lignite	RS	B02	2025-03-03 12:12:11	100	2178.3960000	
Monthly Domestic Values	1	2024	Fossil Gas	RS	B04	2025-03-03 12:12:11	100	211.5690000	
Monthly Domestic Values	2	2024	Fossil Gas	RS	B04	2025-03-03 12:12:11	100	179.2110000	
Monthly Domestic Values	3	2024	Fossil Gas	RS	B04	2025-03-03 12:12:11	100	56.8100000	
Monthly Domestic Values	4	2024	Fossil Gas	RS	B04	2025-03-03 12:12:11	100	4.0870000	
Monthly Domestic Values	5	2024	Fossil Gas	RS	B04	2025-03-03 12:12:11	100	7.9330000	
Monthly Domestic Values	6	2024	Fossil Gas	RS	B04	2025-03-03 12:12:11	100	7.4710000	
Monthly Domestic Values	7	2024	Fossil Gas	RS	B04	2025-03-03 12:12:11	100	102.0280000	
Monthly Domestic Values	8	2024	Fossil Gas	RS	B04	2025-03-03 12:12:11	100	102.0270000	
Monthly Domestic Values	9	2024	Fossil Gas	RS	B04	2025-03-03 12:12:11	100	36.8960000	
Monthly Domestic Values	10	2024	Fossil Gas	RS	B04	2025-03-03 12:12:11	100	106.4430000	
Monthly Domestic Values	11	2024	Fossil Gas	RS	B04	2025-03-03 12:12:11	100	153.4870000	
Monthly Domestic Values	12	2024	Fossil Gas	RS	B04	2025-03-03 12:12:11	100	105.5930000	
Monthly Domestic Values	1	2024	Hydro Pumped Storage	RS	B10	2025-03-03 12:12:11	100	58.2080000	
Monthly Domestic Values	2	2024	Hydro Pumped Storage	RS	B10	2025-03-03 12:12:11	100	29.8190000	
Monthly Domestic Values	3	2024	Hydro Pumped Storage	RS	B10	2025-03-03 12:12:11	100	40.5760000	
Monthly Domestic Values	4	2024	Hydro Pumped Storage	RS	B10	2025-03-03 12:12:11	100	44.5660000	
Monthly Domestic Values	5	2024	Hydro Pumped Storage	RS	B10	2025-03-03 12:12:11	100	1.4620000	
Monthly Domestic Values	6	2024	Hydro Pumped Storage	RS	B10	2025-03-03 12:12:11	100	0.0000000	
Monthly Domestic Values	7	2024	Hydro Pumped Storage	RS	B10	2025-03-03 12:12:11	100	17.5430000	
Monthly Domestic Values	8	2024	Hydro Pumped Storage	RS	B10	2025-03-03 12:12:11	100	42.9270000	
Monthly Domestic Values	9	2024	Hydro Pumped Storage	RS	B10	2025-03-03 12:12:11	100	0.5390000	
Monthly Domestic Values	10	2024	Hydro Pumped Storage	RS	B10	2025-03-03 12:12:11	100	25.9630000	
Monthly Domestic Values	11	2024	Hydro Pumped Storage	RS	B10	2025-03-03 12:12:11	100	49.1620000	
Monthly Domestic Values	12	2024	Hydro Pumped Storage	RS	B10	2025-03-03 12:12:11	100	46.7240000	
Monthly Domestic Values	1	2024	Hydro Run-of-river and poundage	RS	B11	2025-03-03 12:12:11	100	1181.4460000	
Monthly Domestic Values	2	2024	Hydro Run-of-river and poundage	RS	B11	2025-03-03 12:12:11	100	1041.6640000	
Monthly Domestic Values	3	2024	Hydro Run-of-river and poundage	RS	B11	2025-03-03 12:12:11	100	988.1530000	
Monthly Domestic Values	4	2024	Hydro Run-of-river and poundage	RS	B11	2025-03-03 12:12:11	100	856.8130000	
Monthly Domestic Values	5	2024	Hydro Run-of-river and poundage	RS	B11	2025-03-03 12:12:11	100	744.1450000	
Monthly Domestic Values	6	2024	Hydro Run-of-river and poundage	RS	B11	2025-03-03 12:12:11	100	849.2370000	
Monthly Domestic Values	7	2024	Hydro Run-of-river and poundage	RS	B11	2025-03-03 12:12:11	100	715.0740000	
Monthly Domestic Values	8	2024	Hydro Run-of-river and poundage	RS	B11	2025-03-03 12:12:11	100	449.5610000	
Monthly Domestic Values	9	2024	Hydro Run-of-river and poundage	RS	B11	2025-03-03 12:12:11	100	550.5720000	
Monthly Domestic Values	10	2024	Hydro Run-of-river and poundage	RS	B11	2025-03-03 12:12:11	100	830.5650000	
Monthly Domestic Values	11	2024	Hydro Run-of-river and poundage	RS	B11	2025-03-03 12:12:11	100	548.6260000	
Monthly Domestic Values	12	2024	Hydro Run-of-river and poundage	RS	B11	2025-03-03 12:12:11	100	722.1430000	
Monthly Domestic Values	1	2024	Hydro Water Reservoir	RS	B12	2025-03-03 12:12:11	100	129.6960000	
Monthly Domestic Values	2	2024	Hydro Water Reservoir	RS	B12	2025-03-03 12:12:11	100	84.4260000	
Monthly Domestic Values	3	2024	Hydro Water Reservoir	RS	B12	2025-03-03 12:12:11	100	90.4790000	
Monthly Domestic Values	4	2024	Hydro Water Reservoir	RS	B12	2025-03-03 12:12:11	100	63.5350000	
Monthly Domestic Values	5	2024	Hydro Water Reservoir	RS	B12	2025-03-03 12:12:11	100	51.8180000	
Monthly Domestic Values	6	2024	Hydro Water Reservoir	RS	B12	2025-03-03 12:12:11	100	77.7360000	
Monthly Domestic Values	7	2024	Hydro Water Reservoir	RS	B12	2025-03-03 12:12:11	100	44.8110000	
Monthly Domestic Values	8	2024	Hydro Water Reservoir	RS	B12	2025-03-03 12:12:11	100	38.4410000	
Monthly Domestic Values	9	2024	Hydro Water Reservoir	RS	B12	2025-03-03 12:12:11	100	23.9680000	
Monthly Domestic Values	10	2024	Hydro Water Reservoir	RS	B12	2025-03-03 12:12:11	100	5.3760000	
Monthly Domestic Values	11	2024	Hydro Water Reservoir	RS	B12	2025-03-03 12:12:11	100	27.5990000	
Monthly Domestic Values	12	2024	Hydro Water Reservoir	RS	B12	2025-03-03 12:12:11	100	23.9810000	
Monthly Domestic Values	1	2024	Other	RS	B20	2025-03-03 12:12:11	100	20.0880000	
Monthly Domestic Values	2	2024	Other	RS	B20	2025-03-03 12:12:11	100	18.7920000	
Monthly Domestic Values	3	2024	Other	RS	B20	2025-03-03 12:12:11	100	20.0880000	
Monthly Domestic Values	4	2024	Other	RS	B20	2025-03-03 12:12:11	100	19.4400000	
Monthly Domestic Values	5	2024	Other	RS	B20	2025-03-03 12:12:11	100	20.0880000	
Monthly Domestic Values	6	2024	Other	RS	B20	2025-03-03 12:12:11	100	19.4400000	
Monthly Domestic Values	7	2024	Other	RS	B20	2025-03-03 12:12:11	100	20.0880000	
Monthly Domestic Values	8	2024	Other	RS	B20	2025-03-03 12:12:11	100	20.0880000	
Monthly Domestic Values	9	2024	Other	RS	B20	2025-03-03 12:12:11	100	19.4400000	
Monthly Domestic Values	10	2024	Other	RS	B20	2025-03-03 12:12:11	100	20.0880000	
Monthly Domestic Values	11	2024	Other	RS	B20	2025-03-03 12:12:11	100	19.4400000	
Monthly Domestic Values	12	2024	Other	RS	B20	2025-03-03 12:12:11	100	20.0880000	
Monthly Domestic Values	1	2024	Wind Onshore	RS	B19	2025-03-03 12:12:11	100	80.0542700	
Monthly Domestic Values	2	2024	Wind Onshore	RS	B19	2025-03-03 12:12:11	100	117.6709200	
Monthly Domestic Values	3	2024	Wind Onshore	RS	B19	2025-03-03 12:12:11	100	137.6308500	
Monthly Domestic Values	4	2024	Wind Onshore	RS	B19	2025-03-03 12:12:11	100	95.1949800	
Monthly Domestic Values	5	2024	Wind Onshore	RS	B19	2025-03-03 12:12:11	100	109.2230500	
Monthly Domestic Values	6	2024	Wind Onshore	RS	B19	2025-03-03 12:12:11	100	48.0206600	
Monthly Domestic Values	7	2024	Wind Onshore	RS	B19	2025-03-03 12:12:11	100	59.2461200	
Monthly Domestic Values	8	2024	Wind Onshore	RS	B19	2025-03-03 12:12:11	100	44.5168200	
Monthly Domestic Values	9	2024	Wind Onshore	RS	B19	2025-03-03 12:12:11	100	106.0584100	
Monthly Domestic Values	10	2024	Wind Onshore	RS	B19	2025-03-03 12:12:11	100	113.0239200	
Monthly Domestic Values	11	2024	Wind Onshore	RS	B19	2025-03-03 12:12:11	100	96.5034500	
Monthly Domestic Values	12	2024	Wind Onshore	RS	B19	2025-03-03 12:12:11	100	87.9122300	
Monthly Domestic Values	1	2024	Fossil Gas	SE	B04	2025-03-03 12:12:11	100	0.5113400	
Monthly Domestic Values	2	2024	Fossil Gas	SE	B04	2025-03-03 12:12:11	100	0.2929300	
Monthly Domestic Values	3	2024	Fossil Gas	SE	B04	2025-03-03 12:12:11	100	0.2787400	
Monthly Domestic Values	4	2024	Fossil Gas	SE	B04	2025-03-03 12:12:11	100	0.2355200	
Monthly Domestic Values	5	2024	Fossil Gas	SE	B04	2025-03-03 12:12:11	100	0.5725000	
Monthly Domestic Values	6	2024	Fossil Gas	SE	B04	2025-03-03 12:12:11	100	0.3438000	
Monthly Domestic Values	7	2024	Fossil Gas	SE	B04	2025-03-03 12:12:11	100	0.3705300	
Monthly Domestic Values	8	2024	Fossil Gas	SE	B04	2025-03-03 12:12:11	100	0.7005000	
Monthly Domestic Values	9	2024	Fossil Gas	SE	B04	2025-03-03 12:12:11	100	0.4315200	
Monthly Domestic Values	10	2024	Fossil Gas	SE	B04	2025-03-03 12:12:11	100	0.3625600	
Monthly Domestic Values	11	2024	Fossil Gas	SE	B04	2025-03-03 12:12:11	100	0.3504200	
Monthly Domestic Values	12	2024	Fossil Gas	SE	B04	2025-03-03 12:12:11	100	0.5809300	
Monthly Domestic Values	1	2024	Hydro Water Reservoir	SE	B12	2025-03-03 12:12:11	100	6636.4732200	
Monthly Domestic Values	2	2024	Hydro Water Reservoir	SE	B12	2025-03-03 12:12:11	100	6012.5798000	
Monthly Domestic Values	3	2024	Hydro Water Reservoir	SE	B12	2025-03-03 12:12:11	100	6571.6494700	
Monthly Domestic Values	4	2024	Hydro Water Reservoir	SE	B12	2025-03-03 12:12:11	100	5482.7516400	
Monthly Domestic Values	5	2024	Hydro Water Reservoir	SE	B12	2025-03-03 12:12:11	100	5698.6059300	
Monthly Domestic Values	6	2024	Hydro Water Reservoir	SE	B12	2025-03-03 12:12:11	100	4313.6208900	
Monthly Domestic Values	7	2024	Hydro Water Reservoir	SE	B12	2025-03-03 12:12:11	100	4404.6534000	
Monthly Domestic Values	8	2024	Hydro Water Reservoir	SE	B12	2025-03-03 12:12:11	100	4229.4576400	
Monthly Domestic Values	9	2024	Hydro Water Reservoir	SE	B12	2025-03-03 12:12:11	100	5061.1866300	
Monthly Domestic Values	10	2024	Hydro Water Reservoir	SE	B12	2025-03-03 12:12:11	100	5232.3395800	
Monthly Domestic Values	11	2024	Hydro Water Reservoir	SE	B12	2025-03-03 12:12:11	100	5619.2080800	
Monthly Domestic Values	12	2024	Hydro Water Reservoir	SE	B12	2025-03-03 12:12:11	100	5562.6409700	
Monthly Domestic Values	1	2024	Nuclear	SE	B14	2025-03-03 12:12:11	100	4609.9900000	
Monthly Domestic Values	2	2024	Nuclear	SE	B14	2025-03-03 12:12:11	100	4647.3207500	
Monthly Domestic Values	3	2024	Nuclear	SE	B14	2025-03-03 12:12:11	100	4815.7290000	
Monthly Domestic Values	4	2024	Nuclear	SE	B14	2025-03-03 12:12:11	100	3793.9200000	
Monthly Domestic Values	5	2024	Nuclear	SE	B14	2025-03-03 12:12:11	100	3554.0710000	
Monthly Domestic Values	6	2024	Nuclear	SE	B14	2025-03-03 12:12:11	100	3464.1190000	
Monthly Domestic Values	7	2024	Nuclear	SE	B14	2025-03-03 12:12:11	100	3639.2100000	
Monthly Domestic Values	8	2024	Nuclear	SE	B14	2025-03-03 12:12:11	100	4323.3707500	
Monthly Domestic Values	9	2024	Nuclear	SE	B14	2025-03-03 12:12:11	100	3374.8210000	
Monthly Domestic Values	10	2024	Nuclear	SE	B14	2025-03-03 12:12:11	100	3974.0851200	
Monthly Domestic Values	11	2024	Nuclear	SE	B14	2025-03-03 12:12:11	100	4086.5730000	
Monthly Domestic Values	12	2024	Nuclear	SE	B14	2025-03-03 12:12:11	100	4314.1840000	
Monthly Domestic Values	1	2024	Other	SE	B20	2025-03-03 12:12:11	100	816.2656100	
Monthly Domestic Values	2	2024	Other	SE	B20	2025-03-03 12:12:11	100	668.7319500	
Monthly Domestic Values	3	2024	Other	SE	B20	2025-03-03 12:12:11	100	813.3773400	
Monthly Domestic Values	4	2024	Other	SE	B20	2025-03-03 12:12:11	100	678.1224800	
Monthly Domestic Values	5	2024	Other	SE	B20	2025-03-03 12:12:11	100	467.8196700	
Monthly Domestic Values	6	2024	Other	SE	B20	2025-03-03 12:12:11	100	337.0550300	
Monthly Domestic Values	7	2024	Other	SE	B20	2025-03-03 12:12:11	100	320.3612700	
Monthly Domestic Values	8	2024	Other	SE	B20	2025-03-03 12:12:11	100	277.9706800	
Monthly Domestic Values	9	2024	Other	SE	B20	2025-03-03 12:12:11	100	216.8059300	
Monthly Domestic Values	10	2024	Other	SE	B20	2025-03-03 12:12:11	100	273.8877100	
Monthly Domestic Values	11	2024	Other	SE	B20	2025-03-03 12:12:11	100	517.9170500	
Monthly Domestic Values	12	2024	Other	SE	B20	2025-03-03 12:12:11	100	580.3491900	
Monthly Domestic Values	1	2024	Solar	SE	B16	2025-03-03 12:12:11	100	7.0911200	
Monthly Domestic Values	2	2024	Solar	SE	B16	2025-03-03 12:12:11	100	22.1041000	
Monthly Domestic Values	3	2024	Solar	SE	B16	2025-03-03 12:12:11	100	88.3170400	
Monthly Domestic Values	4	2024	Solar	SE	B16	2025-03-03 12:12:11	100	154.7883700	
Monthly Domestic Values	5	2024	Solar	SE	B16	2025-03-03 12:12:11	100	340.2980300	
Monthly Domestic Values	6	2024	Solar	SE	B16	2025-03-03 12:12:11	100	330.9657400	
Monthly Domestic Values	7	2024	Solar	SE	B16	2025-03-03 12:12:11	100	302.8942400	
Monthly Domestic Values	8	2024	Solar	SE	B16	2025-03-03 12:12:11	100	289.3572200	
Monthly Domestic Values	9	2024	Solar	SE	B16	2025-03-03 12:12:11	100	206.0173300	
Monthly Domestic Values	10	2024	Solar	SE	B16	2025-03-03 12:12:11	100	81.3640700	
Monthly Domestic Values	11	2024	Solar	SE	B16	2025-03-03 12:12:11	100	22.3164400	
Monthly Domestic Values	12	2024	Solar	SE	B16	2025-03-03 12:12:11	100	5.9798400	
Monthly Domestic Values	1	2024	Wind Onshore	SE	B19	2025-03-03 12:12:11	100	4765.8970200	
Monthly Domestic Values	2	2024	Wind Onshore	SE	B19	2025-03-03 12:12:11	100	3915.1829000	
Monthly Domestic Values	3	2024	Wind Onshore	SE	B19	2025-03-03 12:12:11	100	2720.9024500	
Monthly Domestic Values	4	2024	Wind Onshore	SE	B19	2025-03-03 12:12:11	100	2789.3010100	
Monthly Domestic Values	5	2024	Wind Onshore	SE	B19	2025-03-03 12:12:11	100	2127.5138000	
Monthly Domestic Values	6	2024	Wind Onshore	SE	B19	2025-03-03 12:12:11	100	2181.4388100	
Monthly Domestic Values	7	2024	Wind Onshore	SE	B19	2025-03-03 12:12:11	100	2089.3026400	
Monthly Domestic Values	8	2024	Wind Onshore	SE	B19	2025-03-03 12:12:11	100	2999.5057900	
Monthly Domestic Values	9	2024	Wind Onshore	SE	B19	2025-03-03 12:12:11	100	2733.1178800	
Monthly Domestic Values	10	2024	Wind Onshore	SE	B19	2025-03-03 12:12:11	100	3927.2552500	
Monthly Domestic Values	11	2024	Wind Onshore	SE	B19	2025-03-03 12:12:11	100	4536.8736700	
Monthly Domestic Values	12	2024	Wind Onshore	SE	B19	2025-03-03 12:12:11	100	5547.4262400	
Monthly Domestic Values	1	2024	Biomass	SI	B01	2025-03-03 12:12:11	100	5.3038700	
Monthly Domestic Values	2	2024	Biomass	SI	B01	2025-03-03 12:12:11	100	6.3034700	
Monthly Domestic Values	3	2024	Biomass	SI	B01	2025-03-03 12:12:11	100	8.2996600	
Monthly Domestic Values	4	2024	Biomass	SI	B01	2025-03-03 12:12:11	100	7.5523100	
Monthly Domestic Values	5	2024	Biomass	SI	B01	2025-03-03 12:12:11	100	7.9713500	
Monthly Domestic Values	6	2024	Biomass	SI	B01	2025-03-03 12:12:11	100	7.8850600	
Monthly Domestic Values	7	2024	Biomass	SI	B01	2025-03-03 12:12:11	100	7.6692100	
Monthly Domestic Values	8	2024	Biomass	SI	B01	2025-03-03 12:12:11	100	7.4757400	
Monthly Domestic Values	9	2024	Biomass	SI	B01	2025-03-03 12:12:11	100	8.2013600	
Monthly Domestic Values	10	2024	Biomass	SI	B01	2025-03-03 12:12:11	100	6.3875100	
Monthly Domestic Values	11	2024	Biomass	SI	B01	2025-03-03 12:12:11	100	6.4380000	
Monthly Domestic Values	12	2024	Biomass	SI	B01	2025-03-03 12:12:11	100	6.6003200	
Monthly Domestic Values	1	2024	Fossil Brown coal/Lignite	SI	B02	2025-03-03 12:12:11	100	325.2386400	
Monthly Domestic Values	2	2024	Fossil Brown coal/Lignite	SI	B02	2025-03-03 12:12:11	100	317.3072800	
Monthly Domestic Values	3	2024	Fossil Brown coal/Lignite	SI	B02	2025-03-03 12:12:11	100	270.5231300	
Monthly Domestic Values	4	2024	Fossil Brown coal/Lignite	SI	B02	2025-03-03 12:12:11	100	212.7513600	
Monthly Domestic Values	5	2024	Fossil Brown coal/Lignite	SI	B02	2025-03-03 12:12:11	100	71.5607100	
Monthly Domestic Values	6	2024	Fossil Brown coal/Lignite	SI	B02	2025-03-03 12:12:11	100	241.6791100	
Monthly Domestic Values	7	2024	Fossil Brown coal/Lignite	SI	B02	2025-03-03 12:12:11	100	229.8472400	
Monthly Domestic Values	8	2024	Fossil Brown coal/Lignite	SI	B02	2025-03-03 12:12:11	100	261.0783400	
Monthly Domestic Values	9	2024	Fossil Brown coal/Lignite	SI	B02	2025-03-03 12:12:11	100	219.1386300	
Monthly Domestic Values	10	2024	Fossil Brown coal/Lignite	SI	B02	2025-03-03 12:12:11	100	286.6660700	
Monthly Domestic Values	11	2024	Fossil Brown coal/Lignite	SI	B02	2025-03-03 12:12:11	100	385.7426900	
Monthly Domestic Values	12	2024	Fossil Brown coal/Lignite	SI	B02	2025-03-03 12:12:11	100	343.5309200	
Monthly Domestic Values	1	2024	Fossil Gas	SI	B04	2025-03-03 12:12:11	100	38.9278100	
Monthly Domestic Values	2	2024	Fossil Gas	SI	B04	2025-03-03 12:12:11	100	43.9317800	
Monthly Domestic Values	3	2024	Fossil Gas	SI	B04	2025-03-03 12:12:11	100	47.8620000	
Monthly Domestic Values	4	2024	Fossil Gas	SI	B04	2025-03-03 12:12:11	100	29.8547700	
Monthly Domestic Values	5	2024	Fossil Gas	SI	B04	2025-03-03 12:12:11	100	27.1187900	
Monthly Domestic Values	6	2024	Fossil Gas	SI	B04	2025-03-03 12:12:11	100	24.5973800	
Monthly Domestic Values	7	2024	Fossil Gas	SI	B04	2025-03-03 12:12:11	100	30.6545700	
Monthly Domestic Values	8	2024	Fossil Gas	SI	B04	2025-03-03 12:12:11	100	33.8644700	
Monthly Domestic Values	9	2024	Fossil Gas	SI	B04	2025-03-03 12:12:11	100	32.0417300	
Monthly Domestic Values	10	2024	Fossil Gas	SI	B04	2025-03-03 12:12:11	100	29.5770400	
Monthly Domestic Values	11	2024	Fossil Gas	SI	B04	2025-03-03 12:12:11	100	59.7572000	
Monthly Domestic Values	12	2024	Fossil Gas	SI	B04	2025-03-03 12:12:11	100	94.7011400	
Monthly Domestic Values	1	2024	Fossil Oil	SI	B06	2025-03-03 12:12:11	100	0.0006900	
Monthly Domestic Values	2	2024	Fossil Oil	SI	B06	2025-03-03 12:12:11	100	0.0705400	
Monthly Domestic Values	3	2024	Fossil Oil	SI	B06	2025-03-03 12:12:11	100	0.0000000	
Monthly Domestic Values	4	2024	Fossil Oil	SI	B06	2025-03-03 12:12:11	100	0.0000000	
Monthly Domestic Values	5	2024	Fossil Oil	SI	B06	2025-03-03 12:12:11	100	0.0178100	
Monthly Domestic Values	6	2024	Fossil Oil	SI	B06	2025-03-03 12:12:11	100	0.0000000	
Monthly Domestic Values	7	2024	Fossil Oil	SI	B06	2025-03-03 12:12:11	100	0.0133700	
Monthly Domestic Values	8	2024	Fossil Oil	SI	B06	2025-03-03 12:12:11	100	0.1086200	
Monthly Domestic Values	9	2024	Fossil Oil	SI	B06	2025-03-03 12:12:11	100	0.1621800	
Monthly Domestic Values	10	2024	Fossil Oil	SI	B06	2025-03-03 12:12:11	100	0.0004600	
Monthly Domestic Values	11	2024	Fossil Oil	SI	B06	2025-03-03 12:12:11	100	0.7949400	
Monthly Domestic Values	12	2024	Fossil Oil	SI	B06	2025-03-03 12:12:11	100	0.1438200	
Monthly Domestic Values	1	2024	Hydro Pumped Storage	SI	B10	2025-03-03 12:12:11	100	25.4126400	
Monthly Domestic Values	2	2024	Hydro Pumped Storage	SI	B10	2025-03-03 12:12:11	100	22.6214800	
Monthly Domestic Values	3	2024	Hydro Pumped Storage	SI	B10	2025-03-03 12:12:11	100	17.4769300	
Monthly Domestic Values	4	2024	Hydro Pumped Storage	SI	B10	2025-03-03 12:12:11	100	28.3702300	
Monthly Domestic Values	5	2024	Hydro Pumped Storage	SI	B10	2025-03-03 12:12:11	100	27.7801100	
Monthly Domestic Values	6	2024	Hydro Pumped Storage	SI	B10	2025-03-03 12:12:11	100	25.5068700	
Monthly Domestic Values	7	2024	Hydro Pumped Storage	SI	B10	2025-03-03 12:12:11	100	25.7705900	
Monthly Domestic Values	8	2024	Hydro Pumped Storage	SI	B10	2025-03-03 12:12:11	100	23.8283700	
Monthly Domestic Values	9	2024	Hydro Pumped Storage	SI	B10	2025-03-03 12:12:11	100	20.7981500	
Monthly Domestic Values	10	2024	Hydro Pumped Storage	SI	B10	2025-03-03 12:12:11	100	5.8953300	
Monthly Domestic Values	11	2024	Hydro Pumped Storage	SI	B10	2025-03-03 12:12:11	100	28.3571700	
Monthly Domestic Values	12	2024	Hydro Pumped Storage	SI	B10	2025-03-03 12:12:11	100	30.1902900	
Monthly Domestic Values	1	2024	Hydro Run-of-river and poundage	SI	B11	2025-03-03 12:12:11	100	421.2850500	
Monthly Domestic Values	2	2024	Hydro Run-of-river and poundage	SI	B11	2025-03-03 12:12:11	100	359.0031700	
Monthly Domestic Values	3	2024	Hydro Run-of-river and poundage	SI	B11	2025-03-03 12:12:11	100	448.8028800	
Monthly Domestic Values	4	2024	Hydro Run-of-river and poundage	SI	B11	2025-03-03 12:12:11	100	486.1667300	
Monthly Domestic Values	5	2024	Hydro Run-of-river and poundage	SI	B11	2025-03-03 12:12:11	100	572.9039100	
Monthly Domestic Values	6	2024	Hydro Run-of-river and poundage	SI	B11	2025-03-03 12:12:11	100	577.6514000	
Monthly Domestic Values	7	2024	Hydro Run-of-river and poundage	SI	B11	2025-03-03 12:12:11	100	426.0327700	
Monthly Domestic Values	8	2024	Hydro Run-of-river and poundage	SI	B11	2025-03-03 12:12:11	100	263.5160400	
Monthly Domestic Values	9	2024	Hydro Run-of-river and poundage	SI	B11	2025-03-03 12:12:11	100	415.3992300	
Monthly Domestic Values	10	2024	Hydro Run-of-river and poundage	SI	B11	2025-03-03 12:12:11	100	596.1175500	
Monthly Domestic Values	11	2024	Hydro Run-of-river and poundage	SI	B11	2025-03-03 12:12:11	100	309.2568400	
Monthly Domestic Values	12	2024	Hydro Run-of-river and poundage	SI	B11	2025-03-03 12:12:11	100	238.6511400	
Monthly Domestic Values	1	2024	Nuclear	SI	B14	2025-03-03 12:12:11	100	519.3834800	
Monthly Domestic Values	2	2024	Nuclear	SI	B14	2025-03-03 12:12:11	100	486.0072100	
Monthly Domestic Values	3	2024	Nuclear	SI	B14	2025-03-03 12:12:11	100	517.3130200	
Monthly Domestic Values	4	2024	Nuclear	SI	B14	2025-03-03 12:12:11	100	0.0012500	
Monthly Domestic Values	5	2024	Nuclear	SI	B14	2025-03-03 12:12:11	100	473.1265500	
Monthly Domestic Values	6	2024	Nuclear	SI	B14	2025-03-03 12:12:11	100	499.8100100	
Monthly Domestic Values	7	2024	Nuclear	SI	B14	2025-03-03 12:12:11	100	509.3078900	
Monthly Domestic Values	8	2024	Nuclear	SI	B14	2025-03-03 12:12:11	100	503.7273000	
Monthly Domestic Values	9	2024	Nuclear	SI	B14	2025-03-03 12:12:11	100	496.0663700	
Monthly Domestic Values	10	2024	Nuclear	SI	B14	2025-03-03 12:12:11	100	518.3497300	
Monthly Domestic Values	11	2024	Nuclear	SI	B14	2025-03-03 12:12:11	100	504.8412900	
Monthly Domestic Values	12	2024	Nuclear	SI	B14	2025-03-03 12:12:11	100	521.9177200	
Monthly Domestic Values	1	2024	Solar	SI	B16	2025-03-03 12:12:11	100	12.8429800	
Monthly Domestic Values	2	2024	Solar	SI	B16	2025-03-03 12:12:11	100	27.8086100	
Monthly Domestic Values	3	2024	Solar	SI	B16	2025-03-03 12:12:11	100	41.2652600	
Monthly Domestic Values	4	2024	Solar	SI	B16	2025-03-03 12:12:11	100	58.8174600	
Monthly Domestic Values	5	2024	Solar	SI	B16	2025-03-03 12:12:11	100	59.2542500	
Monthly Domestic Values	6	2024	Solar	SI	B16	2025-03-03 12:12:11	100	71.8344100	
Monthly Domestic Values	7	2024	Solar	SI	B16	2025-03-03 12:12:11	100	78.1944700	
Monthly Domestic Values	8	2024	Solar	SI	B16	2025-03-03 12:12:11	100	73.8413300	
Monthly Domestic Values	9	2024	Solar	SI	B16	2025-03-03 12:12:11	100	44.2477200	
Monthly Domestic Values	10	2024	Solar	SI	B16	2025-03-03 12:12:11	100	28.2389900	
Monthly Domestic Values	11	2024	Solar	SI	B16	2025-03-03 12:12:11	100	19.4711600	
Monthly Domestic Values	12	2024	Solar	SI	B16	2025-03-03 12:12:11	100	11.4893700	
Monthly Domestic Values	1	2024	Waste	SI	B17	2025-03-03 12:12:11	100	6.7471600	
Monthly Domestic Values	2	2024	Waste	SI	B17	2025-03-03 12:12:11	100	6.1485800	
Monthly Domestic Values	3	2024	Waste	SI	B17	2025-03-03 12:12:11	100	2.8515000	
Monthly Domestic Values	4	2024	Waste	SI	B17	2025-03-03 12:12:11	100	1.3129400	
Monthly Domestic Values	5	2024	Waste	SI	B17	2025-03-03 12:12:11	100	2.4891000	
Monthly Domestic Values	6	2024	Waste	SI	B17	2025-03-03 12:12:11	100	6.1126500	
Monthly Domestic Values	7	2024	Waste	SI	B17	2025-03-03 12:12:11	100	3.4463700	
Monthly Domestic Values	8	2024	Waste	SI	B17	2025-03-03 12:12:11	100	1.9646000	
Monthly Domestic Values	9	2024	Waste	SI	B17	2025-03-03 12:12:11	100	2.3929600	
Monthly Domestic Values	10	2024	Waste	SI	B17	2025-03-03 12:12:11	100	2.1480800	
Monthly Domestic Values	11	2024	Waste	SI	B17	2025-03-03 12:12:11	100	6.3573500	
Monthly Domestic Values	12	2024	Waste	SI	B17	2025-03-03 12:12:11	100	2.8519100	
Monthly Domestic Values	1	2024	Wind Onshore	SI	B19	2025-03-03 12:12:11	100	0.6474100	
Monthly Domestic Values	2	2024	Wind Onshore	SI	B19	2025-03-03 12:12:11	100	0.2837200	
Monthly Domestic Values	3	2024	Wind Onshore	SI	B19	2025-03-03 12:12:11	100	0.3569300	
Monthly Domestic Values	4	2024	Wind Onshore	SI	B19	2025-03-03 12:12:11	100	0.5956000	
Monthly Domestic Values	5	2024	Wind Onshore	SI	B19	2025-03-03 12:12:11	100	0.3940500	
Monthly Domestic Values	6	2024	Wind Onshore	SI	B19	2025-03-03 12:12:11	100	0.4288400	
Monthly Domestic Values	7	2024	Wind Onshore	SI	B19	2025-03-03 12:12:11	100	0.5201900	
Monthly Domestic Values	8	2024	Wind Onshore	SI	B19	2025-03-03 12:12:11	100	0.4267700	
Monthly Domestic Values	9	2024	Wind Onshore	SI	B19	2025-03-03 12:12:11	100	0.6221100	
Monthly Domestic Values	10	2024	Wind Onshore	SI	B19	2025-03-03 12:12:11	100	0.8087000	
Monthly Domestic Values	11	2024	Wind Onshore	SI	B19	2025-03-03 12:12:11	100	0.8771700	
Monthly Domestic Values	12	2024	Wind Onshore	SI	B19	2025-03-03 12:12:11	100	0.6034500	
Monthly Domestic Values	1	2024	Biomass	SK	B01	2025-03-03 12:12:11	100	75.7358000	
Monthly Domestic Values	2	2024	Biomass	SK	B01	2025-03-03 12:12:11	100	75.8972000	
Monthly Domestic Values	3	2024	Biomass	SK	B01	2025-03-03 12:12:11	100	83.2301000	
Monthly Domestic Values	4	2024	Biomass	SK	B01	2025-03-03 12:12:11	100	76.2641000	
Monthly Domestic Values	5	2024	Biomass	SK	B01	2025-03-03 12:12:11	100	82.0987000	
Monthly Domestic Values	6	2024	Biomass	SK	B01	2025-03-03 12:12:11	100	81.5292000	
Monthly Domestic Values	7	2024	Biomass	SK	B01	2025-03-03 12:12:11	100	82.2870000	
Monthly Domestic Values	8	2024	Biomass	SK	B01	2025-03-03 12:12:11	100	73.9406000	
Monthly Domestic Values	9	2024	Biomass	SK	B01	2025-03-03 12:12:11	100	46.2548000	
Monthly Domestic Values	10	2024	Biomass	SK	B01	2025-03-03 12:12:11	100	70.9268000	
Monthly Domestic Values	11	2024	Biomass	SK	B01	2025-03-03 12:12:11	100	69.6939000	
Monthly Domestic Values	12	2024	Biomass	SK	B01	2025-03-03 12:12:11	100	73.8504000	
Monthly Domestic Values	1	2024	Consumption of Hydro Pumped Storage	SK	(B10)	2025-03-03 12:19:25	100	41.0503000	
Monthly Domestic Values	2	2024	Consumption of Hydro Pumped Storage	SK	(B10)	2025-03-03 12:19:25	100	33.3195000	
Monthly Domestic Values	3	2024	Consumption of Hydro Pumped Storage	SK	(B10)	2025-03-03 12:19:25	100	45.2215000	
Monthly Domestic Values	4	2024	Consumption of Hydro Pumped Storage	SK	(B10)	2025-03-03 12:19:25	100	61.9589000	
Monthly Domestic Values	5	2024	Consumption of Hydro Pumped Storage	SK	(B10)	2025-03-03 12:19:25	100	51.5225000	
Monthly Domestic Values	6	2024	Consumption of Hydro Pumped Storage	SK	(B10)	2025-03-03 12:19:25	100	57.5908000	
Monthly Domestic Values	7	2024	Consumption of Hydro Pumped Storage	SK	(B10)	2025-03-03 12:19:25	100	82.5305000	
Monthly Domestic Values	8	2024	Consumption of Hydro Pumped Storage	SK	(B10)	2025-03-03 12:19:25	100	69.3745000	
Monthly Domestic Values	9	2024	Consumption of Hydro Pumped Storage	SK	(B10)	2025-03-03 12:19:25	100	64.0128000	
Monthly Domestic Values	10	2024	Consumption of Hydro Pumped Storage	SK	(B10)	2025-03-03 12:19:25	100	58.5854000	
Monthly Domestic Values	11	2024	Consumption of Hydro Pumped Storage	SK	(B10)	2025-03-03 12:19:25	100	35.0831000	
Monthly Domestic Values	12	2024	Consumption of Hydro Pumped Storage	SK	(B10)	2025-03-03 12:19:25	100	35.9140000	
Monthly Domestic Values	1	2024	Fossil Brown coal/Lignite	SK	B02	2025-03-03 12:12:11	100	15.4807000	
Monthly Domestic Values	2	2024	Fossil Brown coal/Lignite	SK	B02	2025-03-03 12:12:11	100	9.8717000	
Monthly Domestic Values	3	2024	Fossil Brown coal/Lignite	SK	B02	2025-03-03 12:12:11	100	8.0556000	
Monthly Domestic Values	4	2024	Fossil Brown coal/Lignite	SK	B02	2025-03-03 12:12:11	100	1.3085000	
Monthly Domestic Values	5	2024	Fossil Brown coal/Lignite	SK	B02	2025-03-03 12:12:11	100	0.0000000	
Monthly Domestic Values	6	2024	Fossil Brown coal/Lignite	SK	B02	2025-03-03 12:12:11	100	0.0000000	
Monthly Domestic Values	7	2024	Fossil Brown coal/Lignite	SK	B02	2025-03-03 12:12:11	100	0.0000000	
Monthly Domestic Values	8	2024	Fossil Brown coal/Lignite	SK	B02	2025-03-03 12:12:11	100	0.0000000	
Monthly Domestic Values	9	2024	Fossil Brown coal/Lignite	SK	B02	2025-03-03 12:12:11	100	0.0000000	
Monthly Domestic Values	10	2024	Fossil Brown coal/Lignite	SK	B02	2025-03-03 12:12:11	100	3.3887000	
Monthly Domestic Values	11	2024	Fossil Brown coal/Lignite	SK	B02	2025-03-03 12:12:11	100	11.0887000	
Monthly Domestic Values	12	2024	Fossil Brown coal/Lignite	SK	B02	2025-03-03 12:12:11	100	13.2952000	
Monthly Domestic Values	1	2024	Fossil Gas	SK	B04	2025-03-03 12:12:11	100	222.6520000	
Monthly Domestic Values	2	2024	Fossil Gas	SK	B04	2025-03-03 12:12:11	100	171.2772000	
Monthly Domestic Values	3	2024	Fossil Gas	SK	B04	2025-03-03 12:12:11	100	174.9708000	
Monthly Domestic Values	4	2024	Fossil Gas	SK	B04	2025-03-03 12:12:11	100	166.5440000	
Monthly Domestic Values	5	2024	Fossil Gas	SK	B04	2025-03-03 12:12:11	100	127.0131000	
Monthly Domestic Values	6	2024	Fossil Gas	SK	B04	2025-03-03 12:12:11	100	158.5345000	
Monthly Domestic Values	7	2024	Fossil Gas	SK	B04	2025-03-03 12:12:11	100	176.5427000	
Monthly Domestic Values	8	2024	Fossil Gas	SK	B04	2025-03-03 12:12:11	100	183.7276000	
Monthly Domestic Values	9	2024	Fossil Gas	SK	B04	2025-03-03 12:12:11	100	195.4173000	
Monthly Domestic Values	10	2024	Fossil Gas	SK	B04	2025-03-03 12:12:11	100	221.0667000	
Monthly Domestic Values	11	2024	Fossil Gas	SK	B04	2025-03-03 12:12:11	100	335.2603000	
Monthly Domestic Values	12	2024	Fossil Gas	SK	B04	2025-03-03 12:12:11	100	302.7836000	
Monthly Domestic Values	1	2024	Fossil Hard coal	SK	B05	2025-03-03 12:12:11	100	53.9932000	
Monthly Domestic Values	2	2024	Fossil Hard coal	SK	B05	2025-03-03 12:12:11	100	57.4240000	
Monthly Domestic Values	3	2024	Fossil Hard coal	SK	B05	2025-03-03 12:12:11	100	81.4048000	
Monthly Domestic Values	4	2024	Fossil Hard coal	SK	B05	2025-03-03 12:12:11	100	0.0000000	
Monthly Domestic Values	5	2024	Fossil Hard coal	SK	B05	2025-03-03 12:12:11	100	0.0000000	
Monthly Domestic Values	6	2024	Fossil Hard coal	SK	B05	2025-03-03 12:12:11	100	0.0000000	
Monthly Domestic Values	7	2024	Fossil Hard coal	SK	B05	2025-03-03 12:12:11	100	0.0000000	
Monthly Domestic Values	8	2024	Fossil Hard coal	SK	B05	2025-03-03 12:12:11	100	0.0000000	
Monthly Domestic Values	9	2024	Fossil Hard coal	SK	B05	2025-03-03 12:12:11	100	0.0000000	
Monthly Domestic Values	10	2024	Fossil Hard coal	SK	B05	2025-03-03 12:12:11	100	0.0000000	
Monthly Domestic Values	11	2024	Fossil Hard coal	SK	B05	2025-03-03 12:12:11	100	0.0000000	
Monthly Domestic Values	12	2024	Fossil Hard coal	SK	B05	2025-03-03 12:12:11	100	0.0000000	
Monthly Domestic Values	1	2024	Fossil Oil	SK	B06	2025-03-03 12:12:11	100	38.3895000	
Monthly Domestic Values	2	2024	Fossil Oil	SK	B06	2025-03-03 12:12:11	100	36.4944000	
Monthly Domestic Values	3	2024	Fossil Oil	SK	B06	2025-03-03 12:12:11	100	38.8407000	
Monthly Domestic Values	4	2024	Fossil Oil	SK	B06	2025-03-03 12:12:11	100	30.3198000	
Monthly Domestic Values	5	2024	Fossil Oil	SK	B06	2025-03-03 12:12:11	100	22.3948000	
Monthly Domestic Values	6	2024	Fossil Oil	SK	B06	2025-03-03 12:12:11	100	20.5225000	
Monthly Domestic Values	7	2024	Fossil Oil	SK	B06	2025-03-03 12:12:11	100	29.1596000	
Monthly Domestic Values	8	2024	Fossil Oil	SK	B06	2025-03-03 12:12:11	100	31.7413000	
Monthly Domestic Values	9	2024	Fossil Oil	SK	B06	2025-03-03 12:12:11	100	23.7927000	
Monthly Domestic Values	10	2024	Fossil Oil	SK	B06	2025-03-03 12:12:11	100	32.0638000	
Monthly Domestic Values	11	2024	Fossil Oil	SK	B06	2025-03-03 12:12:11	100	26.1908000	
Monthly Domestic Values	12	2024	Fossil Oil	SK	B06	2025-03-03 12:12:11	100	28.4312000	
Monthly Domestic Values	1	2024	Hydro Pumped Storage	SK	B10	2025-03-03 12:12:11	100	53.8569000	
Monthly Domestic Values	2	2024	Hydro Pumped Storage	SK	B10	2025-03-03 12:12:11	100	48.1339000	
Monthly Domestic Values	3	2024	Hydro Pumped Storage	SK	B10	2025-03-03 12:12:11	100	54.1519000	
Monthly Domestic Values	4	2024	Hydro Pumped Storage	SK	B10	2025-03-03 12:12:11	100	67.6180000	
Monthly Domestic Values	5	2024	Hydro Pumped Storage	SK	B10	2025-03-03 12:12:11	100	51.0467000	
Monthly Domestic Values	6	2024	Hydro Pumped Storage	SK	B10	2025-03-03 12:12:11	100	58.7300000	
Monthly Domestic Values	7	2024	Hydro Pumped Storage	SK	B10	2025-03-03 12:12:11	100	76.1759000	
Monthly Domestic Values	8	2024	Hydro Pumped Storage	SK	B10	2025-03-03 12:12:11	100	62.6015000	
Monthly Domestic Values	9	2024	Hydro Pumped Storage	SK	B10	2025-03-03 12:12:11	100	56.3135000	
Monthly Domestic Values	10	2024	Hydro Pumped Storage	SK	B10	2025-03-03 12:12:11	100	52.4932000	
Monthly Domestic Values	11	2024	Hydro Pumped Storage	SK	B10	2025-03-03 12:12:11	100	32.2461000	
Monthly Domestic Values	12	2024	Hydro Pumped Storage	SK	B10	2025-03-03 12:12:11	100	30.7591000	
Monthly Domestic Values	1	2024	Hydro Run-of-river and poundage	SK	B11	2025-03-03 12:12:11	100	552.3496000	
Monthly Domestic Values	2	2024	Hydro Run-of-river and poundage	SK	B11	2025-03-03 12:12:11	100	528.4351000	
Monthly Domestic Values	3	2024	Hydro Run-of-river and poundage	SK	B11	2025-03-03 12:12:11	100	389.8976000	
Monthly Domestic Values	4	2024	Hydro Run-of-river and poundage	SK	B11	2025-03-03 12:12:11	100	382.7303000	
Monthly Domestic Values	5	2024	Hydro Run-of-river and poundage	SK	B11	2025-03-03 12:12:11	100	324.6069000	
Monthly Domestic Values	6	2024	Hydro Run-of-river and poundage	SK	B11	2025-03-03 12:12:11	100	465.7932000	
Monthly Domestic Values	7	2024	Hydro Run-of-river and poundage	SK	B11	2025-03-03 12:12:11	100	347.9346000	
Monthly Domestic Values	8	2024	Hydro Run-of-river and poundage	SK	B11	2025-03-03 12:12:11	100	241.0829000	
Monthly Domestic Values	9	2024	Hydro Run-of-river and poundage	SK	B11	2025-03-03 12:12:11	100	340.6112000	
Monthly Domestic Values	10	2024	Hydro Run-of-river and poundage	SK	B11	2025-03-03 12:12:11	100	321.5881000	
Monthly Domestic Values	11	2024	Hydro Run-of-river and poundage	SK	B11	2025-03-03 12:12:11	100	204.4914000	
Monthly Domestic Values	12	2024	Hydro Run-of-river and poundage	SK	B11	2025-03-03 12:12:11	100	237.1577000	
Monthly Domestic Values	1	2024	Hydro Water Reservoir	SK	B12	2025-03-03 12:12:11	100	50.8232000	
Monthly Domestic Values	2	2024	Hydro Water Reservoir	SK	B12	2025-03-03 12:12:11	100	55.5291000	
Monthly Domestic Values	3	2024	Hydro Water Reservoir	SK	B12	2025-03-03 12:12:11	100	41.8525000	
Monthly Domestic Values	4	2024	Hydro Water Reservoir	SK	B12	2025-03-03 12:12:11	100	45.6233000	
Monthly Domestic Values	5	2024	Hydro Water Reservoir	SK	B12	2025-03-03 12:12:11	100	32.1092000	
Monthly Domestic Values	6	2024	Hydro Water Reservoir	SK	B12	2025-03-03 12:12:11	100	37.3539000	
Monthly Domestic Values	7	2024	Hydro Water Reservoir	SK	B12	2025-03-03 12:12:11	100	35.7350000	
Monthly Domestic Values	8	2024	Hydro Water Reservoir	SK	B12	2025-03-03 12:12:11	100	22.6679000	
Monthly Domestic Values	9	2024	Hydro Water Reservoir	SK	B12	2025-03-03 12:12:11	100	22.6754000	
Monthly Domestic Values	10	2024	Hydro Water Reservoir	SK	B12	2025-03-03 12:12:11	100	17.0495000	
Monthly Domestic Values	11	2024	Hydro Water Reservoir	SK	B12	2025-03-03 12:12:11	100	16.8668000	
Monthly Domestic Values	12	2024	Hydro Water Reservoir	SK	B12	2025-03-03 12:12:11	100	14.2347000	
Monthly Domestic Values	1	2024	Nuclear	SK	B14	2025-03-03 12:12:11	100	1813.6168000	
Monthly Domestic Values	2	2024	Nuclear	SK	B14	2025-03-03 12:12:11	100	1691.7225000	
Monthly Domestic Values	3	2024	Nuclear	SK	B14	2025-03-03 12:12:11	100	1783.6638000	
Monthly Domestic Values	4	2024	Nuclear	SK	B14	2025-03-03 12:12:11	100	1408.3874000	
Monthly Domestic Values	5	2024	Nuclear	SK	B14	2025-03-03 12:12:11	100	1265.1467000	
Monthly Domestic Values	6	2024	Nuclear	SK	B14	2025-03-03 12:12:11	100	1012.1045000	
Monthly Domestic Values	7	2024	Nuclear	SK	B14	2025-03-03 12:12:11	100	1257.4483000	
Monthly Domestic Values	8	2024	Nuclear	SK	B14	2025-03-03 12:12:11	100	1440.5686000	
Monthly Domestic Values	9	2024	Nuclear	SK	B14	2025-03-03 12:12:11	100	1482.7737000	
Monthly Domestic Values	10	2024	Nuclear	SK	B14	2025-03-03 12:12:11	100	1661.1749000	
Monthly Domestic Values	11	2024	Nuclear	SK	B14	2025-03-03 12:12:11	100	1609.1401000	
Monthly Domestic Values	12	2024	Nuclear	SK	B14	2025-03-03 12:12:11	100	1764.3506000	
Monthly Domestic Values	1	2024	Other	SK	B20	2025-03-03 12:12:11	100	120.6329000	
Monthly Domestic Values	2	2024	Other	SK	B20	2025-03-03 12:12:11	100	96.1952000	
Monthly Domestic Values	3	2024	Other	SK	B20	2025-03-03 12:12:11	100	90.8606000	
Monthly Domestic Values	4	2024	Other	SK	B20	2025-03-03 12:12:11	100	67.2462000	
Monthly Domestic Values	5	2024	Other	SK	B20	2025-03-03 12:12:11	100	61.4722000	
Monthly Domestic Values	6	2024	Other	SK	B20	2025-03-03 12:12:11	100	60.1733000	
Monthly Domestic Values	7	2024	Other	SK	B20	2025-03-03 12:12:11	100	61.7626000	
Monthly Domestic Values	8	2024	Other	SK	B20	2025-03-03 12:12:11	100	72.0746000	
Monthly Domestic Values	9	2024	Other	SK	B20	2025-03-03 12:12:11	100	62.4089000	
Monthly Domestic Values	10	2024	Other	SK	B20	2025-03-03 12:12:11	100	66.1291000	
Monthly Domestic Values	11	2024	Other	SK	B20	2025-03-03 12:12:11	100	86.0059000	
Monthly Domestic Values	12	2024	Other	SK	B20	2025-03-03 12:12:11	100	99.8005000	
Monthly Domestic Values	1	2024	Other renewable	SK	B15	2025-03-03 12:12:11	100	40.8406000	
Monthly Domestic Values	2	2024	Other renewable	SK	B15	2025-03-03 12:12:11	100	37.7553000	
Monthly Domestic Values	3	2024	Other renewable	SK	B15	2025-03-03 12:12:11	100	40.5532000	
Monthly Domestic Values	4	2024	Other renewable	SK	B15	2025-03-03 12:12:11	100	38.1108000	
Monthly Domestic Values	5	2024	Other renewable	SK	B15	2025-03-03 12:12:11	100	38.4479000	
Monthly Domestic Values	6	2024	Other renewable	SK	B15	2025-03-03 12:12:11	100	38.1692000	
Monthly Domestic Values	7	2024	Other renewable	SK	B15	2025-03-03 12:12:11	100	34.9331000	
Monthly Domestic Values	8	2024	Other renewable	SK	B15	2025-03-03 12:12:11	100	38.7871000	
Monthly Domestic Values	9	2024	Other renewable	SK	B15	2025-03-03 12:12:11	100	36.4669000	
Monthly Domestic Values	10	2024	Other renewable	SK	B15	2025-03-03 12:12:11	100	42.6415000	
Monthly Domestic Values	11	2024	Other renewable	SK	B15	2025-03-03 12:12:11	100	39.6825000	
Monthly Domestic Values	12	2024	Other renewable	SK	B15	2025-03-03 12:12:11	100	40.5519000	
Monthly Domestic Values	1	2024	Solar	SK	B16	2025-03-03 12:12:11	100	22.6606000	
Monthly Domestic Values	2	2024	Solar	SK	B16	2025-03-03 12:12:11	100	25.1181000	
Monthly Domestic Values	3	2024	Solar	SK	B16	2025-03-03 12:12:11	100	40.5621000	
Monthly Domestic Values	4	2024	Solar	SK	B16	2025-03-03 12:12:11	100	57.0898000	
Monthly Domestic Values	5	2024	Solar	SK	B16	2025-03-03 12:12:11	100	69.9570000	
Monthly Domestic Values	6	2024	Solar	SK	B16	2025-03-03 12:12:11	100	65.2631000	
Monthly Domestic Values	7	2024	Solar	SK	B16	2025-03-03 12:12:11	100	73.0786000	
Monthly Domestic Values	8	2024	Solar	SK	B16	2025-03-03 12:12:11	100	66.1306000	
Monthly Domestic Values	9	2024	Solar	SK	B16	2025-03-03 12:12:11	100	47.6086000	
Monthly Domestic Values	10	2024	Solar	SK	B16	2025-03-03 12:12:11	100	38.0480000	
Monthly Domestic Values	11	2024	Solar	SK	B16	2025-03-03 12:12:11	100	22.9291000	
Monthly Domestic Values	12	2024	Solar	SK	B16	2025-03-03 12:12:11	100	13.0496000	
Monthly Domestic Values	1	2024	Wind Onshore	SK	B19	2025-03-03 12:12:11	100	0.5700000	
Monthly Domestic Values	2	2024	Wind Onshore	SK	B19	2025-03-03 12:12:11	100	0.5209000	
Monthly Domestic Values	3	2024	Wind Onshore	SK	B19	2025-03-03 12:12:11	100	0.5877000	
Monthly Domestic Values	4	2024	Wind Onshore	SK	B19	2025-03-03 12:12:11	100	0.4982000	
Monthly Domestic Values	5	2024	Wind Onshore	SK	B19	2025-03-03 12:12:11	100	0.4371000	
Monthly Domestic Values	6	2024	Wind Onshore	SK	B19	2025-03-03 12:12:11	100	0.1832000	
Monthly Domestic Values	7	2024	Wind Onshore	SK	B19	2025-03-03 12:12:11	100	0.1466000	
Monthly Domestic Values	8	2024	Wind Onshore	SK	B19	2025-03-03 12:12:11	100	0.1847000	
Monthly Domestic Values	9	2024	Wind Onshore	SK	B19	2025-03-03 12:12:11	100	0.4221000	
Monthly Domestic Values	10	2024	Wind Onshore	SK	B19	2025-03-03 12:12:11	100	0.3521000	
Monthly Domestic Values	11	2024	Wind Onshore	SK	B19	2025-03-03 12:12:11	100	0.3773000	
Monthly Domestic Values	12	2024	Wind Onshore	SK	B19	2025-03-03 12:12:11	100	0.3902000	
Monthly Domestic Values	1	2024	Fossil Brown coal/Lignite	XK	B02	2025-03-03 12:12:11	100	516.6187200	
Monthly Domestic Values	2	2024	Fossil Brown coal/Lignite	XK	B02	2025-03-03 12:12:11	100	517.0139100	
Monthly Domestic Values	3	2024	Fossil Brown coal/Lignite	XK	B02	2025-03-03 12:12:11	100	513.9197100	
Monthly Domestic Values	4	2024	Fossil Brown coal/Lignite	XK	B02	2025-03-03 12:12:11	100	485.2073700	
Monthly Domestic Values	5	2024	Fossil Brown coal/Lignite	XK	B02	2025-03-03 12:12:11	100	526.5608400	
Monthly Domestic Values	6	2024	Fossil Brown coal/Lignite	XK	B02	2025-03-03 12:12:11	100	496.9211800	
Monthly Domestic Values	7	2024	Fossil Brown coal/Lignite	XK	B02	2025-03-03 12:12:11	100	401.8222100	
Monthly Domestic Values	8	2024	Fossil Brown coal/Lignite	XK	B02	2025-03-03 12:12:11	100	410.2448200	
Monthly Domestic Values	9	2024	Fossil Brown coal/Lignite	XK	B02	2025-03-03 12:12:11	100	333.3026600	
Monthly Domestic Values	10	2024	Fossil Brown coal/Lignite	XK	B02	2025-03-03 12:12:11	100	463.4985600	
Monthly Domestic Values	11	2024	Fossil Brown coal/Lignite	XK	B02	2025-03-03 12:12:11	100	500.8679400	
Monthly Domestic Values	12	2024	Fossil Brown coal/Lignite	XK	B02	2025-03-03 12:12:11	100	473.7021700	
