MeasureItem;Year;Month;Value;ProvidedValue;AVG_Value;FromAreaCode;ToAreaCode;MeasureTime;Direction;Flag;FromAreaMemberType;ToAreaMemberType
Physical Energy & Power Flows;2024;1;107;107;107;AL;GR;Monthly Value;Export;Harmonized;M;M
Physical Energy & Power Flows;2024;1;39;39;39;AL;GR;Monthly Value;Import;Harmonized;M;M
Physical Energy & Power Flows;2024;2;109;109;109;AL;GR;Monthly Value;Export;Harmonized;M;M
Physical Energy & Power Flows;2024;2;42;42;42;AL;GR;Monthly Value;Import;Harmonized;M;M
Physical Energy & Power Flows;2024;3;120;120;120;AL;GR;Monthly Value;Export;Harmonized;M;M
Physical Energy & Power Flows;2024;3;56;56;56;AL;GR;Monthly Value;Import;Harmonized;M;M
Physical Energy & Power Flows;2024;4;42;42;42;AL;GR;Monthly Value;Export;Harmonized;M;M
Physical Energy & Power Flows;2024;4;135;135;135;AL;GR;Monthly Value;Import;Harmonized;M;M
Physical Energy & Power Flows;2024;5;50;50;50;AL;GR;Monthly Value;Export;Harmonized;M;M
Physical Energy & Power Flows;2024;5;63;63;63;AL;GR;Monthly Value;Import;Harmonized;M;M
Physical Energy & Power Flows;2024;6;56;56;56;AL;GR;Monthly Value;Export;Harmonized;M;M
Physical Energy & Power Flows;2024;6;50;50;50;AL;GR;Monthly Value;Import;Harmonized;M;M
Physical Energy & Power Flows;2024;7;11;11;11;AL;GR;Monthly Value;Export;Harmonized;M;M
Physical Energy & Power Flows;2024;7;127;127;127;AL;GR;Monthly Value;Import;Harmonized;M;M
Physical Energy & Power Flows;2024;8;17;17;17;AL;GR;Monthly Value;Export;Harmonized;M;M
Physical Energy & Power Flows;2024;8;102;102;102;AL;GR;Monthly Value;Import;Harmonized;M;M
Physical Energy & Power Flows;2024;9;47;47;47;AL;GR;Monthly Value;Export;Harmonized;M;M
Physical Energy & Power Flows;2024;9;57;57;57;AL;GR;Monthly Value;Import;Harmonized;M;M
Physical Energy & Power Flows;2024;10;54;54;54;AL;GR;Monthly Value;Export;Harmonized;M;M
Physical Energy & Power Flows;2024;10;83;83;83;AL;GR;Monthly Value;Import;Harmonized;M;M
Physical Energy & Power Flows;2024;11;12;12;12;AL;GR;Monthly Value;Export;Harmonized;M;M
Physical Energy & Power Flows;2024;11;163;163;163;AL;GR;Monthly Value;Import;Harmonized;M;M
Physical Energy & Power Flows;2024;12;31;31;31;AL;GR;Monthly Value;Export;Harmonized;M;M
Physical Energy & Power Flows;2024;12;126;126;126;AL;GR;Monthly Value;Import;Harmonized;M;M
Physical Energy & Power Flows;2024;1;60;60;60;AL;ME;Monthly Value;Export;Harmonized;M;M
Physical Energy & Power Flows;2024;1;59;59;59;AL;ME;Monthly Value;Import;Harmonized;M;M
Physical Energy & Power Flows;2024;2;55;55;55;AL;ME;Monthly Value;Export;Harmonized;M;M
Physical Energy & Power Flows;2024;2;67;67;67;AL;ME;Monthly Value;Import;Harmonized;M;M
Physical Energy & Power Flows;2024;3;68;68;68;AL;ME;Monthly Value;Export;Harmonized;M;M
Physical Energy & Power Flows;2024;3;96;96;96;AL;ME;Monthly Value;Import;Harmonized;M;M
Physical Energy & Power Flows;2024;4;203;203;203;AL;ME;Monthly Value;Export;Harmonized;M;M
Physical Energy & Power Flows;2024;4;25;25;25;AL;ME;Monthly Value;Import;Harmonized;M;M
Physical Energy & Power Flows;2024;5;131;131;131;AL;ME;Monthly Value;Export;Harmonized;M;M
Physical Energy & Power Flows;2024;5;26;26;26;AL;ME;Monthly Value;Import;Harmonized;M;M
Physical Energy & Power Flows;2024;6;24;24;24;AL;ME;Monthly Value;Export;Harmonized;M;M
Physical Energy & Power Flows;2024;6;109;109;109;AL;ME;Monthly Value;Import;Harmonized;M;M
Physical Energy & Power Flows;2024;7;16;16;16;AL;ME;Monthly Value;Export;Harmonized;M;M
Physical Energy & Power Flows;2024;7;107;107;107;AL;ME;Monthly Value;Import;Harmonized;M;M
Physical Energy & Power Flows;2024;8;14;14;14;AL;ME;Monthly Value;Export;Harmonized;M;M
Physical Energy & Power Flows;2024;8;112;112;112;AL;ME;Monthly Value;Import;Harmonized;M;M
Physical Energy & Power Flows;2024;9;37;37;37;AL;ME;Monthly Value;Export;Harmonized;M;M
Physical Energy & Power Flows;2024;9;65;65;65;AL;ME;Monthly Value;Import;Harmonized;M;M
Physical Energy & Power Flows;2024;10;59;59;59;AL;ME;Monthly Value;Export;Harmonized;M;M
Physical Energy & Power Flows;2024;10;61;61;61;AL;ME;Monthly Value;Import;Harmonized;M;M
Physical Energy & Power Flows;2024;11;38;38;38;AL;ME;Monthly Value;Export;Harmonized;M;M
Physical Energy & Power Flows;2024;11;112;112;112;AL;ME;Monthly Value;Import;Harmonized;M;M
Physical Energy & Power Flows;2024;12;42;42;42;AL;ME;Monthly Value;Export;Harmonized;M;M
Physical Energy & Power Flows;2024;12;84;84;84;AL;ME;Monthly Value;Import;Harmonized;M;M
Physical Energy & Power Flows;2024;1;98;98;98;AL;XK;Monthly Value;Export;Harmonized;M;M
Physical Energy & Power Flows;2024;1;5;5;5;AL;XK;Monthly Value;Import;Harmonized;M;M
Physical Energy & Power Flows;2024;2;42;42;42;AL;XK;Monthly Value;Export;Harmonized;M;M
Physical Energy & Power Flows;2024;2;25;25;25;AL;XK;Monthly Value;Import;Harmonized;M;M
Physical Energy & Power Flows;2024;3;41;41;41;AL;XK;Monthly Value;Export;Harmonized;M;M
Physical Energy & Power Flows;2024;3;34;34;34;AL;XK;Monthly Value;Import;Harmonized;M;M
Physical Energy & Power Flows;2024;4;24;24;24;AL;XK;Monthly Value;Export;Harmonized;M;M
Physical Energy & Power Flows;2024;4;71;71;71;AL;XK;Monthly Value;Import;Harmonized;M;M
Physical Energy & Power Flows;2024;5;66;66;66;AL;XK;Monthly Value;Export;Harmonized;M;M
Physical Energy & Power Flows;2024;5;2;2;2;AL;XK;Monthly Value;Import;Harmonized;M;M
Physical Energy & Power Flows;2024;6;42;42;42;AL;XK;Monthly Value;Export;Harmonized;M;M
Physical Energy & Power Flows;2024;6;7;7;7;AL;XK;Monthly Value;Import;Harmonized;M;M
Physical Energy & Power Flows;2024;7;60;60;60;AL;XK;Monthly Value;Export;Harmonized;M;M
Physical Energy & Power Flows;2024;7;7;7;7;AL;XK;Monthly Value;Import;Harmonized;M;M
Physical Energy & Power Flows;2024;8;35;35;35;AL;XK;Monthly Value;Export;Harmonized;M;M
Physical Energy & Power Flows;2024;8;12;12;12;AL;XK;Monthly Value;Import;Harmonized;M;M
Physical Energy & Power Flows;2024;9;29;29;29;AL;XK;Monthly Value;Export;Harmonized;M;M
Physical Energy & Power Flows;2024;9;21;21;21;AL;XK;Monthly Value;Import;Harmonized;M;M
Physical Energy & Power Flows;2024;10;41;41;41;AL;XK;Monthly Value;Export;Harmonized;M;M
Physical Energy & Power Flows;2024;10;7;7;7;AL;XK;Monthly Value;Import;Harmonized;M;M
Physical Energy & Power Flows;2024;11;86;86;86;AL;XK;Monthly Value;Export;Harmonized;M;M
Physical Energy & Power Flows;2024;11;2;2;2;AL;XK;Monthly Value;Import;Harmonized;M;M
Physical Energy & Power Flows;2024;12;188;188;188;AL;XK;Monthly Value;Export;Harmonized;M;M
Physical Energy & Power Flows;2024;12;0;0;0;AL;XK;Monthly Value;Import;Harmonized;M;M
Physical Energy & Power Flows;2024;1;0;0;0;AM;GE;Monthly Value;Import;Harmonized;NaM;NaM
Physical Energy & Power Flows;2024;2;0;0;0;AM;GE;Monthly Value;Import;Harmonized;NaM;NaM
Physical Energy & Power Flows;2024;3;6;6;6;AM;GE;Monthly Value;Import;Harmonized;NaM;NaM
Physical Energy & Power Flows;2024;4;0;0;0;AM;GE;Monthly Value;Import;Harmonized;NaM;NaM
Physical Energy & Power Flows;2024;5;26;26;26;AM;GE;Monthly Value;Import;Harmonized;NaM;NaM
Physical Energy & Power Flows;2024;6;54;54;54;AM;GE;Monthly Value;Import;Harmonized;NaM;NaM
Physical Energy & Power Flows;2024;7;46;46;46;AM;GE;Monthly Value;Import;Harmonized;NaM;NaM
Physical Energy & Power Flows;2024;8;0;0;0;AM;GE;Monthly Value;Import;Harmonized;NaM;NaM
Physical Energy & Power Flows;2024;9;0;0;0;AM;GE;Monthly Value;Import;Harmonized;NaM;NaM
Physical Energy & Power Flows;2024;10;3;3;3;AM;GE;Monthly Value;Export;Harmonized;NaM;NaM
Physical Energy & Power Flows;2024;10;0;0;0;AM;GE;Monthly Value;Import;Harmonized;NaM;NaM
Physical Energy & Power Flows;2024;11;69;69;69;AM;GE;Monthly Value;Export;Harmonized;NaM;NaM
Physical Energy & Power Flows;2024;11;0;0;0;AM;GE;Monthly Value;Import;Harmonized;NaM;NaM
Physical Energy & Power Flows;2024;12;0;0;0;AM;GE;Monthly Value;Import;Harmonized;NaM;NaM
Physical Energy & Power Flows;2024;1;350;350;350;AT;CH;Monthly Value;Export;Harmonized;M;M
Physical Energy & Power Flows;2024;1;57;57;57;AT;CH;Monthly Value;Import;Harmonized;M;M
Physical Energy & Power Flows;2024;2;380;380;380;AT;CH;Monthly Value;Export;Harmonized;M;M
Physical Energy & Power Flows;2024;2;44;44;44;AT;CH;Monthly Value;Import;Harmonized;M;M
Physical Energy & Power Flows;2024;3;267;267;267;AT;CH;Monthly Value;Export;Harmonized;M;M
Physical Energy & Power Flows;2024;3;91;91;91;AT;CH;Monthly Value;Import;Harmonized;M;M
Physical Energy & Power Flows;2024;4;138;138;138;AT;CH;Monthly Value;Export;Harmonized;M;M
Physical Energy & Power Flows;2024;4;179;179;179;AT;CH;Monthly Value;Import;Harmonized;M;M
Physical Energy & Power Flows;2024;5;127;127;127;AT;CH;Monthly Value;Export;Harmonized;M;M
Physical Energy & Power Flows;2024;5;169;169;169;AT;CH;Monthly Value;Import;Harmonized;M;M
Physical Energy & Power Flows;2024;6;65;65;65;AT;CH;Monthly Value;Export;Harmonized;M;M
Physical Energy & Power Flows;2024;6;206;206;206;AT;CH;Monthly Value;Import;Harmonized;M;M
Physical Energy & Power Flows;2024;7;71;71;71;AT;CH;Monthly Value;Export;Harmonized;M;M
Physical Energy & Power Flows;2024;7;183;183;183;AT;CH;Monthly Value;Import;Harmonized;M;M
Physical Energy & Power Flows;2024;8;96;96;96;AT;CH;Monthly Value;Export;Harmonized;M;M
Physical Energy & Power Flows;2024;8;289;289;289;AT;CH;Monthly Value;Import;Harmonized;M;M
Physical Energy & Power Flows;2024;9;222;222;222;AT;CH;Monthly Value;Export;Harmonized;M;M
Physical Energy & Power Flows;2024;9;134;134;134;AT;CH;Monthly Value;Import;Harmonized;M;M
Physical Energy & Power Flows;2024;10;107;107;107;AT;CH;Monthly Value;Export;Harmonized;M;M
Physical Energy & Power Flows;2024;10;203;203;203;AT;CH;Monthly Value;Import;Harmonized;M;M
Physical Energy & Power Flows;2024;11;224;224;224;AT;CH;Monthly Value;Export;Harmonized;M;M
Physical Energy & Power Flows;2024;11;198;198;198;AT;CH;Monthly Value;Import;Harmonized;M;M
Physical Energy & Power Flows;2024;12;261;261;261;AT;CH;Monthly Value;Export;Harmonized;M;M
Physical Energy & Power Flows;2024;12;113;113;113;AT;CH;Monthly Value;Import;Harmonized;M;M
Physical Energy & Power Flows;2024;1;6;6;6;AT;CZ;Monthly Value;Export;Harmonized;M;M
Physical Energy & Power Flows;2024;1;644;644;644;AT;CZ;Monthly Value;Import;Harmonized;M;M
Physical Energy & Power Flows;2024;2;3;3;3;AT;CZ;Monthly Value;Export;Harmonized;M;M
Physical Energy & Power Flows;2024;2;572;572;572;AT;CZ;Monthly Value;Import;Harmonized;M;M
Physical Energy & Power Flows;2024;3;33;33;33;AT;CZ;Monthly Value;Export;Harmonized;M;M
Physical Energy & Power Flows;2024;3;522;522;522;AT;CZ;Monthly Value;Import;Harmonized;M;M
Physical Energy & Power Flows;2024;4;33;33;33;AT;CZ;Monthly Value;Export;Harmonized;M;M
Physical Energy & Power Flows;2024;4;316;316;316;AT;CZ;Monthly Value;Import;Harmonized;M;M
Physical Energy & Power Flows;2024;5;65;65;65;AT;CZ;Monthly Value;Export;Harmonized;M;M
Physical Energy & Power Flows;2024;5;215;215;215;AT;CZ;Monthly Value;Import;Harmonized;M;M
Physical Energy & Power Flows;2024;6;35;35;35;AT;CZ;Monthly Value;Export;Harmonized;M;M
Physical Energy & Power Flows;2024;6;219;219;219;AT;CZ;Monthly Value;Import;Harmonized;M;M
Physical Energy & Power Flows;2024;7;9;9;9;AT;CZ;Monthly Value;Export;Harmonized;M;M
Physical Energy & Power Flows;2024;7;314;314;314;AT;CZ;Monthly Value;Import;Harmonized;M;M
Physical Energy & Power Flows;2024;8;7;7;7;AT;CZ;Monthly Value;Export;Harmonized;M;M
Physical Energy & Power Flows;2024;8;529;529;529;AT;CZ;Monthly Value;Import;Harmonized;M;M
Physical Energy & Power Flows;2024;9;10;10;10;AT;CZ;Monthly Value;Export;Harmonized;M;M
Physical Energy & Power Flows;2024;9;592;592;592;AT;CZ;Monthly Value;Import;Harmonized;M;M
Physical Energy & Power Flows;2024;10;22;22;22;AT;CZ;Monthly Value;Export;Harmonized;M;M
Physical Energy & Power Flows;2024;10;307;307;307;AT;CZ;Monthly Value;Import;Harmonized;M;M
Physical Energy & Power Flows;2024;11;0;0;0;AT;CZ;Monthly Value;Export;Harmonized;M;M
Physical Energy & Power Flows;2024;11;771;771;771;AT;CZ;Monthly Value;Import;Harmonized;M;M
Physical Energy & Power Flows;2024;12;987;987;987;AT;CZ;Monthly Value;Import;Harmonized;M;M
Physical Energy & Power Flows;2024;1;119;119;119;AT;DE;Monthly Value;Export;Harmonized;M;M
Physical Energy & Power Flows;2024;1;658;658;658;AT;DE;Monthly Value;Import;Harmonized;M;M
Physical Energy & Power Flows;2024;2;60;60;60;AT;DE;Monthly Value;Export;Harmonized;M;M
Physical Energy & Power Flows;2024;2;655;655;655;AT;DE;Monthly Value;Import;Harmonized;M;M
Physical Energy & Power Flows;2024;3;210;210;210;AT;DE;Monthly Value;Export;Harmonized;M;M
Physical Energy & Power Flows;2024;3;373;373;373;AT;DE;Monthly Value;Import;Harmonized;M;M
Physical Energy & Power Flows;2024;4;394;394;394;AT;DE;Monthly Value;Export;Harmonized;M;M
Physical Energy & Power Flows;2024;4;208;208;208;AT;DE;Monthly Value;Import;Harmonized;M;M
Physical Energy & Power Flows;2024;5;488;488;488;AT;DE;Monthly Value;Export;Harmonized;M;M
Physical Energy & Power Flows;2024;5;179;179;179;AT;DE;Monthly Value;Import;Harmonized;M;M
Physical Energy & Power Flows;2024;6;477;477;477;AT;DE;Monthly Value;Export;Harmonized;M;M
Physical Energy & Power Flows;2024;6;190;190;190;AT;DE;Monthly Value;Import;Harmonized;M;M
Physical Energy & Power Flows;2024;7;310;310;310;AT;DE;Monthly Value;Export;Harmonized;M;M
Physical Energy & Power Flows;2024;7;260;260;260;AT;DE;Monthly Value;Import;Harmonized;M;M
Physical Energy & Power Flows;2024;8;185;185;185;AT;DE;Monthly Value;Export;Harmonized;M;M
Physical Energy & Power Flows;2024;8;498;498;498;AT;DE;Monthly Value;Import;Harmonized;M;M
Physical Energy & Power Flows;2024;9;172;172;172;AT;DE;Monthly Value;Export;Harmonized;M;M
Physical Energy & Power Flows;2024;9;403;403;403;AT;DE;Monthly Value;Import;Harmonized;M;M
Physical Energy & Power Flows;2024;10;484;484;484;AT;DE;Monthly Value;Export;Harmonized;M;M
Physical Energy & Power Flows;2024;10;95;95;95;AT;DE;Monthly Value;Import;Harmonized;M;M
Physical Energy & Power Flows;2024;11;117;117;117;AT;DE;Monthly Value;Export;Harmonized;M;M
Physical Energy & Power Flows;2024;11;806;806;806;AT;DE;Monthly Value;Import;Harmonized;M;M
Physical Energy & Power Flows;2024;12;60;60;60;AT;DE;Monthly Value;Export;Harmonized;M;M
Physical Energy & Power Flows;2024;12;1155;1155;1155;AT;DE;Monthly Value;Import;Harmonized;M;M
Physical Energy & Power Flows;2024;1;624;624;624;AT;HU;Monthly Value;Export;Harmonized;M;M
Physical Energy & Power Flows;2024;1;3;3;3;AT;HU;Monthly Value;Import;Harmonized;M;M
Physical Energy & Power Flows;2024;2;418;418;418;AT;HU;Monthly Value;Export;Harmonized;M;M
Physical Energy & Power Flows;2024;2;34;34;34;AT;HU;Monthly Value;Import;Harmonized;M;M
Physical Energy & Power Flows;2024;3;400;400;400;AT;HU;Monthly Value;Export;Harmonized;M;M
Physical Energy & Power Flows;2024;3;44;44;44;AT;HU;Monthly Value;Import;Harmonized;M;M
Physical Energy & Power Flows;2024;4;434;434;434;AT;HU;Monthly Value;Export;Harmonized;M;M
Physical Energy & Power Flows;2024;4;25;25;25;AT;HU;Monthly Value;Import;Harmonized;M;M
Physical Energy & Power Flows;2024;5;611;611;611;AT;HU;Monthly Value;Export;Harmonized;M;M
Physical Energy & Power Flows;2024;5;19;19;19;AT;HU;Monthly Value;Import;Harmonized;M;M
Physical Energy & Power Flows;2024;6;681;681;681;AT;HU;Monthly Value;Export;Harmonized;M;M
Physical Energy & Power Flows;2024;6;0;0;0;AT;HU;Monthly Value;Import;Harmonized;M;M
Physical Energy & Power Flows;2024;7;648;648;648;AT;HU;Monthly Value;Export;Harmonized;M;M
Physical Energy & Power Flows;2024;7;2;2;2;AT;HU;Monthly Value;Import;Harmonized;M;M
Physical Energy & Power Flows;2024;8;160;160;160;AT;HU;Monthly Value;Export;Harmonized;M;M
Physical Energy & Power Flows;2024;8;2;2;2;AT;HU;Monthly Value;Import;Harmonized;M;M
Physical Energy & Power Flows;2024;9;386;386;386;AT;HU;Monthly Value;Export;Harmonized;M;M
Physical Energy & Power Flows;2024;9;21;21;21;AT;HU;Monthly Value;Import;Harmonized;M;M
Physical Energy & Power Flows;2024;10;449;449;449;AT;HU;Monthly Value;Export;Harmonized;M;M
Physical Energy & Power Flows;2024;10;60;60;60;AT;HU;Monthly Value;Import;Harmonized;M;M
Physical Energy & Power Flows;2024;11;452;452;452;AT;HU;Monthly Value;Export;Harmonized;M;M
Physical Energy & Power Flows;2024;11;28;28;28;AT;HU;Monthly Value;Import;Harmonized;M;M
Physical Energy & Power Flows;2024;12;543;543;543;AT;HU;Monthly Value;Export;Harmonized;M;M
Physical Energy & Power Flows;2024;12;5;5;5;AT;HU;Monthly Value;Import;Harmonized;M;M
Physical Energy & Power Flows;2024;1;231;231;231;AT;IT;Monthly Value;Export;Harmonized;M;M
Physical Energy & Power Flows;2024;1;1;1;1;AT;IT;Monthly Value;Import;Harmonized;M;M
Physical Energy & Power Flows;2024;2;232;232;232;AT;IT;Monthly Value;Export;Harmonized;M;M
Physical Energy & Power Flows;2024;3;135;135;135;AT;IT;Monthly Value;Export;Harmonized;M;M
Physical Energy & Power Flows;2024;3;3;3;3;AT;IT;Monthly Value;Import;Harmonized;M;M
Physical Energy & Power Flows;2024;4;99;99;99;AT;IT;Monthly Value;Export;Harmonized;M;M
Physical Energy & Power Flows;2024;4;8;8;8;AT;IT;Monthly Value;Import;Harmonized;M;M
Physical Energy & Power Flows;2024;5;106;106;106;AT;IT;Monthly Value;Export;Harmonized;M;M
Physical Energy & Power Flows;2024;5;12;12;12;AT;IT;Monthly Value;Import;Harmonized;M;M
Physical Energy & Power Flows;2024;6;15;15;15;AT;IT;Monthly Value;Export;Harmonized;M;M
Physical Energy & Power Flows;2024;6;33;33;33;AT;IT;Monthly Value;Import;Harmonized;M;M
Physical Energy & Power Flows;2024;7;53;53;53;AT;IT;Monthly Value;Export;Harmonized;M;M
Physical Energy & Power Flows;2024;7;9;9;9;AT;IT;Monthly Value;Import;Harmonized;M;M
Physical Energy & Power Flows;2024;8;120;120;120;AT;IT;Monthly Value;Export;Harmonized;M;M
Physical Energy & Power Flows;2024;8;18;18;18;AT;IT;Monthly Value;Import;Harmonized;M;M
Physical Energy & Power Flows;2024;9;77;77;77;AT;IT;Monthly Value;Export;Harmonized;M;M
Physical Energy & Power Flows;2024;9;6;6;6;AT;IT;Monthly Value;Import;Harmonized;M;M
Physical Energy & Power Flows;2024;10;108;108;108;AT;IT;Monthly Value;Export;Harmonized;M;M
Physical Energy & Power Flows;2024;10;2;2;2;AT;IT;Monthly Value;Import;Harmonized;M;M
Physical Energy & Power Flows;2024;11;103;103;103;AT;IT;Monthly Value;Export;Harmonized;M;M
Physical Energy & Power Flows;2024;11;6;6;6;AT;IT;Monthly Value;Import;Harmonized;M;M
Physical Energy & Power Flows;2024;12;178;178;178;AT;IT;Monthly Value;Export;Harmonized;M;M
Physical Energy & Power Flows;2024;12;0;0;0;AT;IT;Monthly Value;Import;Harmonized;M;M
Physical Energy & Power Flows;2024;1;432;432;432;AT;SI;Monthly Value;Export;Harmonized;M;M
Physical Energy & Power Flows;2024;1;40;40;40;AT;SI;Monthly Value;Import;Harmonized;M;M
Physical Energy & Power Flows;2024;2;330;330;330;AT;SI;Monthly Value;Export;Harmonized;M;M
Physical Energy & Power Flows;2024;2;66;66;66;AT;SI;Monthly Value;Import;Harmonized;M;M
Physical Energy & Power Flows;2024;3;241;241;241;AT;SI;Monthly Value;Export;Harmonized;M;M
Physical Energy & Power Flows;2024;3;75;75;75;AT;SI;Monthly Value;Import;Harmonized;M;M
Physical Energy & Power Flows;2024;4;499;499;499;AT;SI;Monthly Value;Export;Harmonized;M;M
Physical Energy & Power Flows;2024;4;11;11;11;AT;SI;Monthly Value;Import;Harmonized;M;M
Physical Energy & Power Flows;2024;5;529;529;529;AT;SI;Monthly Value;Export;Harmonized;M;M
Physical Energy & Power Flows;2024;5;10;10;10;AT;SI;Monthly Value;Import;Harmonized;M;M
Physical Energy & Power Flows;2024;6;497;497;497;AT;SI;Monthly Value;Export;Harmonized;M;M
Physical Energy & Power Flows;2024;6;1;1;1;AT;SI;Monthly Value;Import;Harmonized;M;M
Physical Energy & Power Flows;2024;7;624;624;624;AT;SI;Monthly Value;Export;Harmonized;M;M
Physical Energy & Power Flows;2024;7;0;0;0;AT;SI;Monthly Value;Import;Harmonized;M;M
Physical Energy & Power Flows;2024;8;744;744;744;AT;SI;Monthly Value;Export;Harmonized;M;M
Physical Energy & Power Flows;2024;8;2;2;2;AT;SI;Monthly Value;Import;Harmonized;M;M
Physical Energy & Power Flows;2024;9;528;528;528;AT;SI;Monthly Value;Export;Harmonized;M;M
Physical Energy & Power Flows;2024;9;4;4;4;AT;SI;Monthly Value;Import;Harmonized;M;M
Physical Energy & Power Flows;2024;10;381;381;381;AT;SI;Monthly Value;Export;Harmonized;M;M
Physical Energy & Power Flows;2024;10;43;43;43;AT;SI;Monthly Value;Import;Harmonized;M;M
Physical Energy & Power Flows;2024;11;479;479;479;AT;SI;Monthly Value;Export;Harmonized;M;M
Physical Energy & Power Flows;2024;11;27;27;27;AT;SI;Monthly Value;Import;Harmonized;M;M
Physical Energy & Power Flows;2024;12;563;563;563;AT;SI;Monthly Value;Export;Harmonized;M;M
Physical Energy & Power Flows;2024;12;19;19;19;AT;SI;Monthly Value;Import;Harmonized;M;M
Physical Energy & Power Flows;2024;1;102;102;102;AZ;GE;Monthly Value;Export;Harmonized;NaM;NaM
Physical Energy & Power Flows;2024;1;8;8;8;AZ;GE;Monthly Value;Import;Harmonized;NaM;NaM
Physical Energy & Power Flows;2024;2;93;93;93;AZ;GE;Monthly Value;Export;Harmonized;NaM;NaM
Physical Energy & Power Flows;2024;2;4;4;4;AZ;GE;Monthly Value;Import;Harmonized;NaM;NaM
Physical Energy & Power Flows;2024;3;125;125;125;AZ;GE;Monthly Value;Export;Harmonized;NaM;NaM
Physical Energy & Power Flows;2024;3;1;1;1;AZ;GE;Monthly Value;Import;Harmonized;NaM;NaM
Physical Energy & Power Flows;2024;4;33;33;33;AZ;GE;Monthly Value;Export;Harmonized;NaM;NaM
Physical Energy & Power Flows;2024;4;6;6;6;AZ;GE;Monthly Value;Import;Harmonized;NaM;NaM
Physical Energy & Power Flows;2024;5;6;6;6;AZ;GE;Monthly Value;Export;Harmonized;NaM;NaM
Physical Energy & Power Flows;2024;5;7;7;7;AZ;GE;Monthly Value;Import;Harmonized;NaM;NaM
Physical Energy & Power Flows;2024;6;4;4;4;AZ;GE;Monthly Value;Export;Harmonized;NaM;NaM
Physical Energy & Power Flows;2024;6;4;4;4;AZ;GE;Monthly Value;Import;Harmonized;NaM;NaM
Physical Energy & Power Flows;2024;7;7;7;7;AZ;GE;Monthly Value;Export;Harmonized;NaM;NaM
Physical Energy & Power Flows;2024;7;7;7;7;AZ;GE;Monthly Value;Import;Harmonized;NaM;NaM
Physical Energy & Power Flows;2024;8;276;276;276;AZ;GE;Monthly Value;Export;Harmonized;NaM;NaM
Physical Energy & Power Flows;2024;8;0;0;0;AZ;GE;Monthly Value;Import;Harmonized;NaM;NaM
Physical Energy & Power Flows;2024;9;257;257;257;AZ;GE;Monthly Value;Export;Harmonized;NaM;NaM
Physical Energy & Power Flows;2024;9;2;2;2;AZ;GE;Monthly Value;Import;Harmonized;NaM;NaM
Physical Energy & Power Flows;2024;10;1;1;1;AZ;GE;Monthly Value;Export;Harmonized;NaM;NaM
Physical Energy & Power Flows;2024;10;2;2;2;AZ;GE;Monthly Value;Import;Harmonized;NaM;NaM
Physical Energy & Power Flows;2024;11;0;0;0;AZ;GE;Monthly Value;Import;Harmonized;NaM;NaM
Physical Energy & Power Flows;2024;12;128;128;128;AZ;GE;Monthly Value;Export;Harmonized;NaM;NaM
Physical Energy & Power Flows;2024;12;0;0;0;AZ;GE;Monthly Value;Import;Harmonized;NaM;NaM
Physical Energy & Power Flows;2024;1;98;98;98;BA;HR;Monthly Value;Export;Harmonized;M;M
Physical Energy & Power Flows;2024;1;157;157;157;BA;HR;Monthly Value;Import;Harmonized;M;M
Physical Energy & Power Flows;2024;2;143;143;143;BA;HR;Monthly Value;Export;Harmonized;M;M
Physical Energy & Power Flows;2024;2;105;105;105;BA;HR;Monthly Value;Import;Harmonized;M;M
Physical Energy & Power Flows;2024;3;163;163;163;BA;HR;Monthly Value;Export;Harmonized;M;M
Physical Energy & Power Flows;2024;3;156;156;156;BA;HR;Monthly Value;Import;Harmonized;M;M
Physical Energy & Power Flows;2024;4;178;178;178;BA;HR;Monthly Value;Export;Harmonized;M;M
Physical Energy & Power Flows;2024;4;113;113;113;BA;HR;Monthly Value;Import;Harmonized;M;M
Physical Energy & Power Flows;2024;5;89;89;89;BA;HR;Monthly Value;Export;Harmonized;M;M
Physical Energy & Power Flows;2024;5;195;195;195;BA;HR;Monthly Value;Import;Harmonized;M;M
Physical Energy & Power Flows;2024;6;20;20;20;BA;HR;Monthly Value;Export;Harmonized;M;M
Physical Energy & Power Flows;2024;6;370;370;370;BA;HR;Monthly Value;Import;Harmonized;M;M
Physical Energy & Power Flows;2024;7;15;15;15;BA;HR;Monthly Value;Export;Harmonized;M;M
Physical Energy & Power Flows;2024;7;297;297;297;BA;HR;Monthly Value;Import;Harmonized;M;M
Physical Energy & Power Flows;2024;8;19;19;19;BA;HR;Monthly Value;Export;Harmonized;M;M
Physical Energy & Power Flows;2024;8;332;332;332;BA;HR;Monthly Value;Import;Harmonized;M;M
Physical Energy & Power Flows;2024;9;70;70;70;BA;HR;Monthly Value;Export;Harmonized;M;M
Physical Energy & Power Flows;2024;9;185;185;185;BA;HR;Monthly Value;Import;Harmonized;M;M
Physical Energy & Power Flows;2024;10;72;72;72;BA;HR;Monthly Value;Export;Harmonized;M;M
Physical Energy & Power Flows;2024;10;240;240;240;BA;HR;Monthly Value;Import;Harmonized;M;M
Physical Energy & Power Flows;2024;11;91;91;91;BA;HR;Monthly Value;Export;Harmonized;M;M
Physical Energy & Power Flows;2024;11;132;132;132;BA;HR;Monthly Value;Import;Harmonized;M;M
Physical Energy & Power Flows;2024;12;38;38;38;BA;HR;Monthly Value;Export;Harmonized;M;M
Physical Energy & Power Flows;2024;12;287;287;287;BA;HR;Monthly Value;Import;Harmonized;M;M
Physical Energy & Power Flows;2024;1;365;365;365;BA;ME;Monthly Value;Export;Harmonized;M;M
Physical Energy & Power Flows;2024;1;4;4;4;BA;ME;Monthly Value;Import;Harmonized;M;M
Physical Energy & Power Flows;2024;2;303;303;303;BA;ME;Monthly Value;Export;Harmonized;M;M
Physical Energy & Power Flows;2024;2;11;11;11;BA;ME;Monthly Value;Import;Harmonized;M;M
Physical Energy & Power Flows;2024;3;313;313;313;BA;ME;Monthly Value;Export;Harmonized;M;M
Physical Energy & Power Flows;2024;3;22;22;22;BA;ME;Monthly Value;Import;Harmonized;M;M
Physical Energy & Power Flows;2024;4;141;141;141;BA;ME;Monthly Value;Export;Harmonized;M;M
Physical Energy & Power Flows;2024;4;60;60;60;BA;ME;Monthly Value;Import;Harmonized;M;M
Physical Energy & Power Flows;2024;5;269;269;269;BA;ME;Monthly Value;Export;Harmonized;M;M
Physical Energy & Power Flows;2024;5;25;25;25;BA;ME;Monthly Value;Import;Harmonized;M;M
Physical Energy & Power Flows;2024;6;388;388;388;BA;ME;Monthly Value;Export;Harmonized;M;M
Physical Energy & Power Flows;2024;6;4;4;4;BA;ME;Monthly Value;Import;Harmonized;M;M
Physical Energy & Power Flows;2024;7;346;346;346;BA;ME;Monthly Value;Export;Harmonized;M;M
Physical Energy & Power Flows;2024;7;2;2;2;BA;ME;Monthly Value;Import;Harmonized;M;M
Physical Energy & Power Flows;2024;8;398;398;398;BA;ME;Monthly Value;Export;Harmonized;M;M
Physical Energy & Power Flows;2024;8;1;1;1;BA;ME;Monthly Value;Import;Harmonized;M;M
Physical Energy & Power Flows;2024;9;238;238;238;BA;ME;Monthly Value;Export;Harmonized;M;M
Physical Energy & Power Flows;2024;9;16;16;16;BA;ME;Monthly Value;Import;Harmonized;M;M
Physical Energy & Power Flows;2024;10;313;313;313;BA;ME;Monthly Value;Export;Harmonized;M;M
Physical Energy & Power Flows;2024;10;18;18;18;BA;ME;Monthly Value;Import;Harmonized;M;M
Physical Energy & Power Flows;2024;11;200;200;200;BA;ME;Monthly Value;Export;Harmonized;M;M
Physical Energy & Power Flows;2024;11;24;24;24;BA;ME;Monthly Value;Import;Harmonized;M;M
Physical Energy & Power Flows;2024;12;292;292;292;BA;ME;Monthly Value;Export;Harmonized;M;M
Physical Energy & Power Flows;2024;12;11;11;11;BA;ME;Monthly Value;Import;Harmonized;M;M
Physical Energy & Power Flows;2024;1;66;66;66;BA;RS;Monthly Value;Export;Harmonized;M;M
Physical Energy & Power Flows;2024;1;33;33;33;BA;RS;Monthly Value;Import;Harmonized;M;M
Physical Energy & Power Flows;2024;2;35;35;35;BA;RS;Monthly Value;Export;Harmonized;M;M
Physical Energy & Power Flows;2024;2;57;57;57;BA;RS;Monthly Value;Import;Harmonized;M;M
Physical Energy & Power Flows;2024;3;40;40;40;BA;RS;Monthly Value;Export;Harmonized;M;M
Physical Energy & Power Flows;2024;3;54;54;54;BA;RS;Monthly Value;Import;Harmonized;M;M
Physical Energy & Power Flows;2024;4;17;17;17;BA;RS;Monthly Value;Export;Harmonized;M;M
Physical Energy & Power Flows;2024;4;98;98;98;BA;RS;Monthly Value;Import;Harmonized;M;M
Physical Energy & Power Flows;2024;5;74;74;74;BA;RS;Monthly Value;Export;Harmonized;M;M
Physical Energy & Power Flows;2024;5;40;40;40;BA;RS;Monthly Value;Import;Harmonized;M;M
Physical Energy & Power Flows;2024;6;114;114;114;BA;RS;Monthly Value;Export;Harmonized;M;M
Physical Energy & Power Flows;2024;6;9;9;9;BA;RS;Monthly Value;Import;Harmonized;M;M
Physical Energy & Power Flows;2024;7;176;176;176;BA;RS;Monthly Value;Export;Harmonized;M;M
Physical Energy & Power Flows;2024;7;2;2;2;BA;RS;Monthly Value;Import;Harmonized;M;M
Physical Energy & Power Flows;2024;8;164;164;164;BA;RS;Monthly Value;Export;Harmonized;M;M
Physical Energy & Power Flows;2024;8;5;5;5;BA;RS;Monthly Value;Import;Harmonized;M;M
Physical Energy & Power Flows;2024;9;65;65;65;BA;RS;Monthly Value;Export;Harmonized;M;M
Physical Energy & Power Flows;2024;9;35;35;35;BA;RS;Monthly Value;Import;Harmonized;M;M
Physical Energy & Power Flows;2024;10;71;71;71;BA;RS;Monthly Value;Export;Harmonized;M;M
Physical Energy & Power Flows;2024;10;52;52;52;BA;RS;Monthly Value;Import;Harmonized;M;M
Physical Energy & Power Flows;2024;11;120;120;120;BA;RS;Monthly Value;Export;Harmonized;M;M
Physical Energy & Power Flows;2024;11;26;26;26;BA;RS;Monthly Value;Import;Harmonized;M;M
Physical Energy & Power Flows;2024;12;97;97;97;BA;RS;Monthly Value;Export;Harmonized;M;M
Physical Energy & Power Flows;2024;12;13;13;13;BA;RS;Monthly Value;Import;Harmonized;M;M
Physical Energy & Power Flows;2024;1;234;234;234;BE;DE;Monthly Value;Export;Harmonized;M;M
Physical Energy & Power Flows;2024;1;285;285;285;BE;DE;Monthly Value;Import;Harmonized;M;M
Physical Energy & Power Flows;2024;2;256;256;256;BE;DE;Monthly Value;Export;Harmonized;M;M
Physical Energy & Power Flows;2024;2;227;227;227;BE;DE;Monthly Value;Import;Harmonized;M;M
Physical Energy & Power Flows;2024;3;339;339;339;BE;DE;Monthly Value;Export;Harmonized;M;M
Physical Energy & Power Flows;2024;3;148;148;148;BE;DE;Monthly Value;Import;Harmonized;M;M
Physical Energy & Power Flows;2024;4;273;273;273;BE;DE;Monthly Value;Export;Harmonized;M;M
Physical Energy & Power Flows;2024;4;45;45;45;BE;DE;Monthly Value;Import;Harmonized;M;M
Physical Energy & Power Flows;2024;5;444;444;444;BE;DE;Monthly Value;Export;Harmonized;M;M
Physical Energy & Power Flows;2024;5;56;56;56;BE;DE;Monthly Value;Import;Harmonized;M;M
Physical Energy & Power Flows;2024;6;471;471;471;BE;DE;Monthly Value;Export;Harmonized;M;M
Physical Energy & Power Flows;2024;6;36;36;36;BE;DE;Monthly Value;Import;Harmonized;M;M
Physical Energy & Power Flows;2024;7;482;482;482;BE;DE;Monthly Value;Export;Harmonized;M;M
Physical Energy & Power Flows;2024;7;94;94;94;BE;DE;Monthly Value;Import;Harmonized;M;M
Physical Energy & Power Flows;2024;8;491;491;491;BE;DE;Monthly Value;Export;Harmonized;M;M
Physical Energy & Power Flows;2024;8;77;77;77;BE;DE;Monthly Value;Import;Harmonized;M;M
Physical Energy & Power Flows;2024;9;449;449;449;BE;DE;Monthly Value;Export;Harmonized;M;M
Physical Energy & Power Flows;2024;9;85;85;85;BE;DE;Monthly Value;Import;Harmonized;M;M
Physical Energy & Power Flows;2024;10;436;436;436;BE;DE;Monthly Value;Export;Harmonized;M;M
Physical Energy & Power Flows;2024;10;80;80;80;BE;DE;Monthly Value;Import;Harmonized;M;M
Physical Energy & Power Flows;2024;11;301;301;301;BE;DE;Monthly Value;Export;Harmonized;M;M
Physical Energy & Power Flows;2024;11;224;224;224;BE;DE;Monthly Value;Import;Harmonized;M;M
Physical Energy & Power Flows;2024;12;211;211;211;BE;DE;Monthly Value;Export;Harmonized;M;M
Physical Energy & Power Flows;2024;12;319;319;319;BE;DE;Monthly Value;Import;Harmonized;M;M
Physical Energy & Power Flows;2024;1;457;457;457;BE;FR;Monthly Value;Export;Harmonized;M;M
Physical Energy & Power Flows;2024;1;714;714;714;BE;FR;Monthly Value;Import;Harmonized;M;M
Physical Energy & Power Flows;2024;2;213;213;213;BE;FR;Monthly Value;Export;Harmonized;M;M
Physical Energy & Power Flows;2024;2;964;964;964;BE;FR;Monthly Value;Import;Harmonized;M;M
Physical Energy & Power Flows;2024;3;99;99;99;BE;FR;Monthly Value;Export;Harmonized;M;M
Physical Energy & Power Flows;2024;3;1127;1127;1127;BE;FR;Monthly Value;Import;Harmonized;M;M
Physical Energy & Power Flows;2024;4;156;156;156;BE;FR;Monthly Value;Export;Harmonized;M;M
Physical Energy & Power Flows;2024;4;1120;1120;1120;BE;FR;Monthly Value;Import;Harmonized;M;M
Physical Energy & Power Flows;2024;5;80;80;80;BE;FR;Monthly Value;Export;Harmonized;M;M
Physical Energy & Power Flows;2024;5;2013;2013;2013;BE;FR;Monthly Value;Import;Harmonized;M;M
Physical Energy & Power Flows;2024;6;94;94;94;BE;FR;Monthly Value;Export;Harmonized;M;M
Physical Energy & Power Flows;2024;6;1493;1493;1493;BE;FR;Monthly Value;Import;Harmonized;M;M
Physical Energy & Power Flows;2024;7;173;173;173;BE;FR;Monthly Value;Export;Harmonized;M;M
Physical Energy & Power Flows;2024;7;1263;1263;1263;BE;FR;Monthly Value;Import;Harmonized;M;M
Physical Energy & Power Flows;2024;8;133;133;133;BE;FR;Monthly Value;Export;Harmonized;M;M
Physical Energy & Power Flows;2024;8;1152;1152;1152;BE;FR;Monthly Value;Import;Harmonized;M;M
Physical Energy & Power Flows;2024;9;48;48;48;BE;FR;Monthly Value;Export;Harmonized;M;M
Physical Energy & Power Flows;2024;9;1610;1610;1610;BE;FR;Monthly Value;Import;Harmonized;M;M
Physical Energy & Power Flows;2024;10;45;45;45;BE;FR;Monthly Value;Export;Harmonized;M;M
Physical Energy & Power Flows;2024;10;1891;1891;1891;BE;FR;Monthly Value;Import;Harmonized;M;M
Physical Energy & Power Flows;2024;11;141;141;141;BE;FR;Monthly Value;Export;Harmonized;M;M
Physical Energy & Power Flows;2024;11;724;724;724;BE;FR;Monthly Value;Import;Harmonized;M;M
Physical Energy & Power Flows;2024;12;338;338;338;BE;FR;Monthly Value;Export;Harmonized;M;M
Physical Energy & Power Flows;2024;12;467;467;467;BE;FR;Monthly Value;Import;Harmonized;M;M
Physical Energy & Power Flows;2024;1;339;339;339;BE;GB;Monthly Value;Export;Harmonized;M;M
Physical Energy & Power Flows;2024;1;102;102;102;BE;GB;Monthly Value;Import;Harmonized;M;M
Physical Energy & Power Flows;2024;2;464;464;464;BE;GB;Monthly Value;Export;Harmonized;M;M
Physical Energy & Power Flows;2024;2;34;34;34;BE;GB;Monthly Value;Import;Harmonized;M;M
Physical Energy & Power Flows;2024;3;477;477;477;BE;GB;Monthly Value;Export;Harmonized;M;M
Physical Energy & Power Flows;2024;3;39;39;39;BE;GB;Monthly Value;Import;Harmonized;M;M
Physical Energy & Power Flows;2024;4;439;439;439;BE;GB;Monthly Value;Export;Harmonized;M;M
Physical Energy & Power Flows;2024;4;111;111;111;BE;GB;Monthly Value;Import;Harmonized;M;M
Physical Energy & Power Flows;2024;5;501;501;501;BE;GB;Monthly Value;Export;Harmonized;M;M
Physical Energy & Power Flows;2024;5;31;31;31;BE;GB;Monthly Value;Import;Harmonized;M;M
Physical Energy & Power Flows;2024;6;350;350;350;BE;GB;Monthly Value;Export;Harmonized;M;M
Physical Energy & Power Flows;2024;6;74;74;74;BE;GB;Monthly Value;Import;Harmonized;M;M
Physical Energy & Power Flows;2024;7;541;541;541;BE;GB;Monthly Value;Export;Harmonized;M;M
Physical Energy & Power Flows;2024;7;45;45;45;BE;GB;Monthly Value;Import;Harmonized;M;M
Physical Energy & Power Flows;2024;8;303;303;303;BE;GB;Monthly Value;Export;Harmonized;M;M
Physical Energy & Power Flows;2024;8;218;218;218;BE;GB;Monthly Value;Import;Harmonized;M;M
Physical Energy & Power Flows;2024;9;422;422;422;BE;GB;Monthly Value;Export;Harmonized;M;M
Physical Energy & Power Flows;2024;9;40;40;40;BE;GB;Monthly Value;Import;Harmonized;M;M
Physical Energy & Power Flows;2024;10;607;607;607;BE;GB;Monthly Value;Export;Harmonized;M;M
Physical Energy & Power Flows;2024;10;21;21;21;BE;GB;Monthly Value;Import;Harmonized;M;M
Physical Energy & Power Flows;2024;11;401;401;401;BE;GB;Monthly Value;Export;Harmonized;M;M
Physical Energy & Power Flows;2024;11;60;60;60;BE;GB;Monthly Value;Import;Harmonized;M;M
Physical Energy & Power Flows;2024;12;348;348;348;BE;GB;Monthly Value;Export;Harmonized;M;M
Physical Energy & Power Flows;2024;12;117;117;117;BE;GB;Monthly Value;Import;Harmonized;M;M
Physical Energy & Power Flows;2024;1;60;60;60;BE;LU;Monthly Value;Export;Harmonized;M;M
Physical Energy & Power Flows;2024;1;10;10;10;BE;LU;Monthly Value;Import;Harmonized;M;M
Physical Energy & Power Flows;2024;2;61;61;61;BE;LU;Monthly Value;Export;Harmonized;M;M
Physical Energy & Power Flows;2024;2;6;6;6;BE;LU;Monthly Value;Import;Harmonized;M;M
Physical Energy & Power Flows;2024;3;52;52;52;BE;LU;Monthly Value;Export;Harmonized;M;M
Physical Energy & Power Flows;2024;3;9;9;9;BE;LU;Monthly Value;Import;Harmonized;M;M
Physical Energy & Power Flows;2024;4;61;61;61;BE;LU;Monthly Value;Export;Harmonized;M;M
Physical Energy & Power Flows;2024;4;8;8;8;BE;LU;Monthly Value;Import;Harmonized;M;M
Physical Energy & Power Flows;2024;5;102;102;102;BE;LU;Monthly Value;Export;Harmonized;M;M
Physical Energy & Power Flows;2024;5;0;0;0;BE;LU;Monthly Value;Import;Harmonized;M;M
Physical Energy & Power Flows;2024;6;98;98;98;BE;LU;Monthly Value;Export;Harmonized;M;M
Physical Energy & Power Flows;2024;6;1;1;1;BE;LU;Monthly Value;Import;Harmonized;M;M
Physical Energy & Power Flows;2024;7;67;67;67;BE;LU;Monthly Value;Export;Harmonized;M;M
Physical Energy & Power Flows;2024;7;9;9;9;BE;LU;Monthly Value;Import;Harmonized;M;M
Physical Energy & Power Flows;2024;8;76;76;76;BE;LU;Monthly Value;Export;Harmonized;M;M
Physical Energy & Power Flows;2024;8;7;7;7;BE;LU;Monthly Value;Import;Harmonized;M;M
Physical Energy & Power Flows;2024;9;73;73;73;BE;LU;Monthly Value;Export;Harmonized;M;M
Physical Energy & Power Flows;2024;9;6;6;6;BE;LU;Monthly Value;Import;Harmonized;M;M
Physical Energy & Power Flows;2024;10;64;64;64;BE;LU;Monthly Value;Export;Harmonized;M;M
Physical Energy & Power Flows;2024;10;10;10;10;BE;LU;Monthly Value;Import;Harmonized;M;M
Physical Energy & Power Flows;2024;11;75;75;75;BE;LU;Monthly Value;Export;Harmonized;M;M
Physical Energy & Power Flows;2024;11;5;5;5;BE;LU;Monthly Value;Import;Harmonized;M;M
Physical Energy & Power Flows;2024;12;87;87;87;BE;LU;Monthly Value;Export;Harmonized;M;M
Physical Energy & Power Flows;2024;12;8;8;8;BE;LU;Monthly Value;Import;Harmonized;M;M
Physical Energy & Power Flows;2024;1;195;195;195;BE;NL;Monthly Value;Export;Harmonized;M;M
Physical Energy & Power Flows;2024;1;798;798;798;BE;NL;Monthly Value;Import;Harmonized;M;M
Physical Energy & Power Flows;2024;2;39;39;39;BE;NL;Monthly Value;Export;Harmonized;M;M
Physical Energy & Power Flows;2024;2;585;585;585;BE;NL;Monthly Value;Import;Harmonized;M;M
Physical Energy & Power Flows;2024;3;48;48;48;BE;NL;Monthly Value;Export;Harmonized;M;M
Physical Energy & Power Flows;2024;3;1023;1023;1023;BE;NL;Monthly Value;Import;Harmonized;M;M
Physical Energy & Power Flows;2024;4;71;71;71;BE;NL;Monthly Value;Export;Harmonized;M;M
Physical Energy & Power Flows;2024;4;540;540;540;BE;NL;Monthly Value;Import;Harmonized;M;M
Physical Energy & Power Flows;2024;5;305;305;305;BE;NL;Monthly Value;Export;Harmonized;M;M
Physical Energy & Power Flows;2024;5;212;212;212;BE;NL;Monthly Value;Import;Harmonized;M;M
Physical Energy & Power Flows;2024;6;347;347;347;BE;NL;Monthly Value;Export;Harmonized;M;M
Physical Energy & Power Flows;2024;6;186;186;186;BE;NL;Monthly Value;Import;Harmonized;M;M
Physical Energy & Power Flows;2024;7;197;197;197;BE;NL;Monthly Value;Export;Harmonized;M;M
Physical Energy & Power Flows;2024;7;220;220;220;BE;NL;Monthly Value;Import;Harmonized;M;M
Physical Energy & Power Flows;2024;8;307;307;307;BE;NL;Monthly Value;Export;Harmonized;M;M
Physical Energy & Power Flows;2024;8;232;232;232;BE;NL;Monthly Value;Import;Harmonized;M;M
Physical Energy & Power Flows;2024;9;72;72;72;BE;NL;Monthly Value;Export;Harmonized;M;M
Physical Energy & Power Flows;2024;9;665;665;665;BE;NL;Monthly Value;Import;Harmonized;M;M
Physical Energy & Power Flows;2024;10;26;26;26;BE;NL;Monthly Value;Export;Harmonized;M;M
Physical Energy & Power Flows;2024;10;986;986;986;BE;NL;Monthly Value;Import;Harmonized;M;M
Physical Energy & Power Flows;2024;11;16;16;16;BE;NL;Monthly Value;Export;Harmonized;M;M
Physical Energy & Power Flows;2024;11;1272;1272;1272;BE;NL;Monthly Value;Import;Harmonized;M;M
Physical Energy & Power Flows;2024;12;67;67;67;BE;NL;Monthly Value;Export;Harmonized;M;M
Physical Energy & Power Flows;2024;12;1005;1005;1005;BE;NL;Monthly Value;Import;Harmonized;M;M
Physical Energy & Power Flows;2024;1;173;173;173;BG;GR;Monthly Value;Export;Harmonized;M;M
Physical Energy & Power Flows;2024;1;66;66;66;BG;GR;Monthly Value;Import;Harmonized;M;M
Physical Energy & Power Flows;2024;2;256;256;256;BG;GR;Monthly Value;Export;Harmonized;M;M
Physical Energy & Power Flows;2024;2;13;13;13;BG;GR;Monthly Value;Import;Harmonized;M;M
Physical Energy & Power Flows;2024;3;242;242;242;BG;GR;Monthly Value;Export;Harmonized;M;M
Physical Energy & Power Flows;2024;3;42;42;42;BG;GR;Monthly Value;Import;Harmonized;M;M
Physical Energy & Power Flows;2024;4;140;140;140;BG;GR;Monthly Value;Export;Harmonized;M;M
Physical Energy & Power Flows;2024;4;52;52;52;BG;GR;Monthly Value;Import;Harmonized;M;M
Physical Energy & Power Flows;2024;5;59;59;59;BG;GR;Monthly Value;Export;Harmonized;M;M
Physical Energy & Power Flows;2024;5;92;92;92;BG;GR;Monthly Value;Import;Harmonized;M;M
Physical Energy & Power Flows;2024;6;84;84;84;BG;GR;Monthly Value;Export;Harmonized;M;M
Physical Energy & Power Flows;2024;6;81;81;81;BG;GR;Monthly Value;Import;Harmonized;M;M
Physical Energy & Power Flows;2024;7;147;147;147;BG;GR;Monthly Value;Export;Harmonized;M;M
Physical Energy & Power Flows;2024;7;37;37;37;BG;GR;Monthly Value;Import;Harmonized;M;M
Physical Energy & Power Flows;2024;8;199;199;199;BG;GR;Monthly Value;Export;Harmonized;M;M
Physical Energy & Power Flows;2024;8;47;47;47;BG;GR;Monthly Value;Import;Harmonized;M;M
Physical Energy & Power Flows;2024;9;264;264;264;BG;GR;Monthly Value;Export;Harmonized;M;M
Physical Energy & Power Flows;2024;9;31;31;31;BG;GR;Monthly Value;Import;Harmonized;M;M
Physical Energy & Power Flows;2024;10;176;176;176;BG;GR;Monthly Value;Export;Harmonized;M;M
Physical Energy & Power Flows;2024;10;74;74;74;BG;GR;Monthly Value;Import;Harmonized;M;M
Physical Energy & Power Flows;2024;11;24;24;24;BG;GR;Monthly Value;Export;Harmonized;M;M
Physical Energy & Power Flows;2024;11;218;218;218;BG;GR;Monthly Value;Import;Harmonized;M;M
Physical Energy & Power Flows;2024;12;92;92;92;BG;GR;Monthly Value;Export;Harmonized;M;M
Physical Energy & Power Flows;2024;12;140;140;140;BG;GR;Monthly Value;Import;Harmonized;M;M
Physical Energy & Power Flows;2024;1;95;95;95;BG;MK;Monthly Value;Export;Harmonized;M;M
Physical Energy & Power Flows;2024;1;13;13;13;BG;MK;Monthly Value;Import;Harmonized;M;M
Physical Energy & Power Flows;2024;2;106;106;106;BG;MK;Monthly Value;Export;Harmonized;M;M
Physical Energy & Power Flows;2024;2;3;3;3;BG;MK;Monthly Value;Import;Harmonized;M;M
Physical Energy & Power Flows;2024;3;73;73;73;BG;MK;Monthly Value;Export;Harmonized;M;M
Physical Energy & Power Flows;2024;3;3;3;3;BG;MK;Monthly Value;Import;Harmonized;M;M
Physical Energy & Power Flows;2024;4;127;127;127;BG;MK;Monthly Value;Export;Harmonized;M;M
Physical Energy & Power Flows;2024;4;2;2;2;BG;MK;Monthly Value;Import;Harmonized;M;M
Physical Energy & Power Flows;2024;5;34;34;34;BG;MK;Monthly Value;Export;Harmonized;M;M
Physical Energy & Power Flows;2024;5;33;33;33;BG;MK;Monthly Value;Import;Harmonized;M;M
Physical Energy & Power Flows;2024;6;31;31;31;BG;MK;Monthly Value;Export;Harmonized;M;M
Physical Energy & Power Flows;2024;6;40;40;40;BG;MK;Monthly Value;Import;Harmonized;M;M
Physical Energy & Power Flows;2024;7;75;75;75;BG;MK;Monthly Value;Export;Harmonized;M;M
Physical Energy & Power Flows;2024;7;11;11;11;BG;MK;Monthly Value;Import;Harmonized;M;M
Physical Energy & Power Flows;2024;8;106;106;106;BG;MK;Monthly Value;Export;Harmonized;M;M
Physical Energy & Power Flows;2024;8;9;9;9;BG;MK;Monthly Value;Import;Harmonized;M;M
Physical Energy & Power Flows;2024;9;152;152;152;BG;MK;Monthly Value;Export;Harmonized;M;M
Physical Energy & Power Flows;2024;9;6;6;6;BG;MK;Monthly Value;Import;Harmonized;M;M
Physical Energy & Power Flows;2024;10;100;100;100;BG;MK;Monthly Value;Export;Harmonized;M;M
Physical Energy & Power Flows;2024;10;24;24;24;BG;MK;Monthly Value;Import;Harmonized;M;M
Physical Energy & Power Flows;2024;11;20;20;20;BG;MK;Monthly Value;Export;Harmonized;M;M
Physical Energy & Power Flows;2024;11;63;63;63;BG;MK;Monthly Value;Import;Harmonized;M;M
Physical Energy & Power Flows;2024;12;78;78;78;BG;MK;Monthly Value;Export;Harmonized;M;M
Physical Energy & Power Flows;2024;12;29;29;29;BG;MK;Monthly Value;Import;Harmonized;M;M
Physical Energy & Power Flows;2024;1;30;30;30;BG;RO;Monthly Value;Export;Harmonized;M;M
Physical Energy & Power Flows;2024;1;511;511;511;BG;RO;Monthly Value;Import;Harmonized;M;M
Physical Energy & Power Flows;2024;2;28;28;28;BG;RO;Monthly Value;Export;Harmonized;M;M
Physical Energy & Power Flows;2024;2;502;502;502;BG;RO;Monthly Value;Import;Harmonized;M;M
Physical Energy & Power Flows;2024;3;57;57;57;BG;RO;Monthly Value;Export;Harmonized;M;M
Physical Energy & Power Flows;2024;3;359;359;359;BG;RO;Monthly Value;Import;Harmonized;M;M
Physical Energy & Power Flows;2024;4;228;228;228;BG;RO;Monthly Value;Export;Harmonized;M;M
Physical Energy & Power Flows;2024;4;84;84;84;BG;RO;Monthly Value;Import;Harmonized;M;M
Physical Energy & Power Flows;2024;5;172;172;172;BG;RO;Monthly Value;Export;Harmonized;M;M
Physical Energy & Power Flows;2024;5;116;116;116;BG;RO;Monthly Value;Import;Harmonized;M;M
Physical Energy & Power Flows;2024;6;115;115;115;BG;RO;Monthly Value;Export;Harmonized;M;M
Physical Energy & Power Flows;2024;6;145;145;145;BG;RO;Monthly Value;Import;Harmonized;M;M
Physical Energy & Power Flows;2024;7;335;335;335;BG;RO;Monthly Value;Export;Harmonized;M;M
Physical Energy & Power Flows;2024;7;51;51;51;BG;RO;Monthly Value;Import;Harmonized;M;M
Physical Energy & Power Flows;2024;8;219;219;219;BG;RO;Monthly Value;Export;Harmonized;M;M
Physical Energy & Power Flows;2024;8;67;67;67;BG;RO;Monthly Value;Import;Harmonized;M;M
Physical Energy & Power Flows;2024;9;223;223;223;BG;RO;Monthly Value;Export;Harmonized;M;M
Physical Energy & Power Flows;2024;9;154;154;154;BG;RO;Monthly Value;Import;Harmonized;M;M
Physical Energy & Power Flows;2024;10;130;130;130;BG;RO;Monthly Value;Export;Harmonized;M;M
Physical Energy & Power Flows;2024;10;225;225;225;BG;RO;Monthly Value;Import;Harmonized;M;M
Physical Energy & Power Flows;2024;11;110;110;110;BG;RO;Monthly Value;Export;Harmonized;M;M
Physical Energy & Power Flows;2024;11;220;220;220;BG;RO;Monthly Value;Import;Harmonized;M;M
Physical Energy & Power Flows;2024;12;191;191;191;BG;RO;Monthly Value;Export;Harmonized;M;M
Physical Energy & Power Flows;2024;12;238;238;238;BG;RO;Monthly Value;Import;Harmonized;M;M
Physical Energy & Power Flows;2024;1;52;52;52;BG;RS;Monthly Value;Export;Harmonized;M;M
Physical Energy & Power Flows;2024;1;48;48;48;BG;RS;Monthly Value;Import;Harmonized;M;M
Physical Energy & Power Flows;2024;2;92;92;92;BG;RS;Monthly Value;Export;Harmonized;M;M
Physical Energy & Power Flows;2024;2;23;23;23;BG;RS;Monthly Value;Import;Harmonized;M;M
Physical Energy & Power Flows;2024;3;92;92;92;BG;RS;Monthly Value;Export;Harmonized;M;M
Physical Energy & Power Flows;2024;3;30;30;30;BG;RS;Monthly Value;Import;Harmonized;M;M
Physical Energy & Power Flows;2024;4;192;192;192;BG;RS;Monthly Value;Export;Harmonized;M;M
Physical Energy & Power Flows;2024;4;7;7;7;BG;RS;Monthly Value;Import;Harmonized;M;M
Physical Energy & Power Flows;2024;5;58;58;58;BG;RS;Monthly Value;Export;Harmonized;M;M
Physical Energy & Power Flows;2024;5;72;72;72;BG;RS;Monthly Value;Import;Harmonized;M;M
Physical Energy & Power Flows;2024;6;18;18;18;BG;RS;Monthly Value;Export;Harmonized;M;M
Physical Energy & Power Flows;2024;6;129;129;129;BG;RS;Monthly Value;Import;Harmonized;M;M
Physical Energy & Power Flows;2024;7;76;76;76;BG;RS;Monthly Value;Export;Harmonized;M;M
Physical Energy & Power Flows;2024;7;32;32;32;BG;RS;Monthly Value;Import;Harmonized;M;M
Physical Energy & Power Flows;2024;8;121;121;121;BG;RS;Monthly Value;Export;Harmonized;M;M
Physical Energy & Power Flows;2024;8;11;11;11;BG;RS;Monthly Value;Import;Harmonized;M;M
Physical Energy & Power Flows;2024;9;149;149;149;BG;RS;Monthly Value;Export;Harmonized;M;M
Physical Energy & Power Flows;2024;9;12;12;12;BG;RS;Monthly Value;Import;Harmonized;M;M
Physical Energy & Power Flows;2024;10;119;119;119;BG;RS;Monthly Value;Export;Harmonized;M;M
Physical Energy & Power Flows;2024;10;64;64;64;BG;RS;Monthly Value;Import;Harmonized;M;M
Physical Energy & Power Flows;2024;11;58;58;58;BG;RS;Monthly Value;Export;Harmonized;M;M
Physical Energy & Power Flows;2024;11;73;73;73;BG;RS;Monthly Value;Import;Harmonized;M;M
Physical Energy & Power Flows;2024;12;100;100;100;BG;RS;Monthly Value;Export;Harmonized;M;M
Physical Energy & Power Flows;2024;12;26;26;26;BG;RS;Monthly Value;Import;Harmonized;M;M
Physical Energy & Power Flows;2024;1;31;31;31;BG;TR;Monthly Value;Export;Harmonized;M;M
Physical Energy & Power Flows;2024;1;58;58;58;BG;TR;Monthly Value;Import;Harmonized;M;M
Physical Energy & Power Flows;2024;2;46;46;46;BG;TR;Monthly Value;Export;Harmonized;M;M
Physical Energy & Power Flows;2024;2;27;27;27;BG;TR;Monthly Value;Import;Harmonized;M;M
Physical Energy & Power Flows;2024;3;79;79;79;BG;TR;Monthly Value;Export;Harmonized;M;M
Physical Energy & Power Flows;2024;3;36;36;36;BG;TR;Monthly Value;Import;Harmonized;M;M
Physical Energy & Power Flows;2024;4;72;72;72;BG;TR;Monthly Value;Export;Harmonized;M;M
Physical Energy & Power Flows;2024;4;56;56;56;BG;TR;Monthly Value;Import;Harmonized;M;M
Physical Energy & Power Flows;2024;5;41;41;41;BG;TR;Monthly Value;Export;Harmonized;M;M
Physical Energy & Power Flows;2024;5;97;97;97;BG;TR;Monthly Value;Import;Harmonized;M;M
Physical Energy & Power Flows;2024;6;38;38;38;BG;TR;Monthly Value;Export;Harmonized;M;M
Physical Energy & Power Flows;2024;6;104;104;104;BG;TR;Monthly Value;Import;Harmonized;M;M
Physical Energy & Power Flows;2024;7;38;38;38;BG;TR;Monthly Value;Export;Harmonized;M;M
Physical Energy & Power Flows;2024;7;65;65;65;BG;TR;Monthly Value;Import;Harmonized;M;M
Physical Energy & Power Flows;2024;8;37;37;37;BG;TR;Monthly Value;Export;Harmonized;M;M
Physical Energy & Power Flows;2024;8;59;59;59;BG;TR;Monthly Value;Import;Harmonized;M;M
Physical Energy & Power Flows;2024;9;52;52;52;BG;TR;Monthly Value;Export;Harmonized;M;M
Physical Energy & Power Flows;2024;9;60;60;60;BG;TR;Monthly Value;Import;Harmonized;M;M
Physical Energy & Power Flows;2024;10;47;47;47;BG;TR;Monthly Value;Export;Harmonized;M;M
Physical Energy & Power Flows;2024;10;125;125;125;BG;TR;Monthly Value;Import;Harmonized;M;M
Physical Energy & Power Flows;2024;11;0;0;0;BG;TR;Monthly Value;Export;Harmonized;M;M
Physical Energy & Power Flows;2024;11;169;169;169;BG;TR;Monthly Value;Import;Harmonized;M;M
Physical Energy & Power Flows;2024;12;10;10;10;BG;TR;Monthly Value;Export;Harmonized;M;M
Physical Energy & Power Flows;2024;12;133;133;133;BG;TR;Monthly Value;Import;Harmonized;M;M
Physical Energy & Power Flows;2024;1;105;105;105;BY;LT;Monthly Value;Export;Harmonized;NaM;M
Physical Energy & Power Flows;2024;1;13;13;13;BY;LT;Monthly Value;Import;Harmonized;NaM;M
Physical Energy & Power Flows;2024;2;50;50;50;BY;LT;Monthly Value;Export;Harmonized;NaM;M
Physical Energy & Power Flows;2024;2;20;20;20;BY;LT;Monthly Value;Import;Harmonized;NaM;M
Physical Energy & Power Flows;2024;3;98;98;98;BY;LT;Monthly Value;Export;Harmonized;NaM;M
Physical Energy & Power Flows;2024;3;3;3;3;BY;LT;Monthly Value;Import;Harmonized;NaM;M
Physical Energy & Power Flows;2024;4;16;16;16;BY;LT;Monthly Value;Export;Harmonized;NaM;M
Physical Energy & Power Flows;2024;4;50;50;50;BY;LT;Monthly Value;Import;Harmonized;NaM;M
Physical Energy & Power Flows;2024;5;12;12;12;BY;LT;Monthly Value;Export;Harmonized;NaM;M
Physical Energy & Power Flows;2024;5;51;51;51;BY;LT;Monthly Value;Import;Harmonized;NaM;M
Physical Energy & Power Flows;2024;6;12;12;12;BY;LT;Monthly Value;Export;Harmonized;NaM;M
Physical Energy & Power Flows;2024;6;42;42;42;BY;LT;Monthly Value;Import;Harmonized;NaM;M
Physical Energy & Power Flows;2024;7;1;1;1;BY;LT;Monthly Value;Export;Harmonized;NaM;M
Physical Energy & Power Flows;2024;7;127;127;127;BY;LT;Monthly Value;Import;Harmonized;NaM;M
Physical Energy & Power Flows;2024;8;0;0;0;BY;LT;Monthly Value;Export;Harmonized;NaM;M
Physical Energy & Power Flows;2024;8;121;121;121;BY;LT;Monthly Value;Import;Harmonized;NaM;M
Physical Energy & Power Flows;2024;9;30;30;30;BY;LT;Monthly Value;Export;Harmonized;NaM;M
Physical Energy & Power Flows;2024;9;27;27;27;BY;LT;Monthly Value;Import;Harmonized;NaM;M
Physical Energy & Power Flows;2024;10;106;106;106;BY;LT;Monthly Value;Export;Harmonized;NaM;M
Physical Energy & Power Flows;2024;10;7;7;7;BY;LT;Monthly Value;Import;Harmonized;NaM;M
Physical Energy & Power Flows;2024;11;82;82;82;BY;LT;Monthly Value;Export;Harmonized;NaM;M
Physical Energy & Power Flows;2024;11;2;2;2;BY;LT;Monthly Value;Import;Harmonized;NaM;M
Physical Energy & Power Flows;2024;12;10;10;10;BY;LT;Monthly Value;Export;Harmonized;NaM;M
Physical Energy & Power Flows;2024;12;61;61;61;BY;LT;Monthly Value;Import;Harmonized;NaM;M
Physical Energy & Power Flows;2024;1;0;0;0;BY;UA;Monthly Value;Import;Harmonized;NaM;M
Physical Energy & Power Flows;2024;2;0;0;0;BY;UA;Monthly Value;Import;Harmonized;NaM;M
Physical Energy & Power Flows;2024;3;0;0;0;BY;UA;Monthly Value;Import;Harmonized;NaM;M
Physical Energy & Power Flows;2024;4;0;0;0;BY;UA;Monthly Value;Import;Harmonized;NaM;M
Physical Energy & Power Flows;2024;5;0;0;0;BY;UA;Monthly Value;Import;Harmonized;NaM;M
Physical Energy & Power Flows;2024;6;0;0;0;BY;UA;Monthly Value;Import;Harmonized;NaM;M
Physical Energy & Power Flows;2024;7;0;0;0;BY;UA;Monthly Value;Import;Harmonized;NaM;M
Physical Energy & Power Flows;2024;8;0;0;0;BY;UA;Monthly Value;Import;Harmonized;NaM;M
Physical Energy & Power Flows;2024;9;0;0;0;BY;UA;Monthly Value;Import;Harmonized;NaM;M
Physical Energy & Power Flows;2024;10;0;0;0;BY;UA;Monthly Value;Import;Harmonized;NaM;M
Physical Energy & Power Flows;2024;11;0;0;0;BY;UA;Monthly Value;Import;Harmonized;NaM;M
Physical Energy & Power Flows;2024;12;0;0;0;BY;UA;Monthly Value;Import;Harmonized;NaM;M
Physical Energy & Power Flows;2024;1;57;57;57;CH;AT;Monthly Value;Export;Harmonized;M;M
Physical Energy & Power Flows;2024;1;350;350;350;CH;AT;Monthly Value;Import;Harmonized;M;M
Physical Energy & Power Flows;2024;2;44;44;44;CH;AT;Monthly Value;Export;Harmonized;M;M
Physical Energy & Power Flows;2024;2;380;380;380;CH;AT;Monthly Value;Import;Harmonized;M;M
Physical Energy & Power Flows;2024;3;91;91;91;CH;AT;Monthly Value;Export;Harmonized;M;M
Physical Energy & Power Flows;2024;3;267;267;267;CH;AT;Monthly Value;Import;Harmonized;M;M
Physical Energy & Power Flows;2024;4;179;179;179;CH;AT;Monthly Value;Export;Harmonized;M;M
Physical Energy & Power Flows;2024;4;138;138;138;CH;AT;Monthly Value;Import;Harmonized;M;M
Physical Energy & Power Flows;2024;5;169;169;169;CH;AT;Monthly Value;Export;Harmonized;M;M
Physical Energy & Power Flows;2024;5;127;127;127;CH;AT;Monthly Value;Import;Harmonized;M;M
Physical Energy & Power Flows;2024;6;206;206;206;CH;AT;Monthly Value;Export;Harmonized;M;M
Physical Energy & Power Flows;2024;6;65;65;65;CH;AT;Monthly Value;Import;Harmonized;M;M
Physical Energy & Power Flows;2024;7;183;183;183;CH;AT;Monthly Value;Export;Harmonized;M;M
Physical Energy & Power Flows;2024;7;71;71;71;CH;AT;Monthly Value;Import;Harmonized;M;M
Physical Energy & Power Flows;2024;8;289;289;289;CH;AT;Monthly Value;Export;Harmonized;M;M
Physical Energy & Power Flows;2024;8;96;96;96;CH;AT;Monthly Value;Import;Harmonized;M;M
Physical Energy & Power Flows;2024;9;134;134;134;CH;AT;Monthly Value;Export;Harmonized;M;M
Physical Energy & Power Flows;2024;9;222;222;222;CH;AT;Monthly Value;Import;Harmonized;M;M
Physical Energy & Power Flows;2024;10;203;203;203;CH;AT;Monthly Value;Export;Harmonized;M;M
Physical Energy & Power Flows;2024;10;107;107;107;CH;AT;Monthly Value;Import;Harmonized;M;M
Physical Energy & Power Flows;2024;11;198;198;198;CH;AT;Monthly Value;Export;Harmonized;M;M
Physical Energy & Power Flows;2024;11;224;224;224;CH;AT;Monthly Value;Import;Harmonized;M;M
Physical Energy & Power Flows;2024;12;113;113;113;CH;AT;Monthly Value;Export;Harmonized;M;M
Physical Energy & Power Flows;2024;12;261;261;261;CH;AT;Monthly Value;Import;Harmonized;M;M
Physical Energy & Power Flows;2024;1;181;181;181;CH;DE;Monthly Value;Export;Harmonized;M;M
Physical Energy & Power Flows;2024;1;856;856;856;CH;DE;Monthly Value;Import;Harmonized;M;M
Physical Energy & Power Flows;2024;2;216;216;216;CH;DE;Monthly Value;Export;Harmonized;M;M
Physical Energy & Power Flows;2024;2;645;645;645;CH;DE;Monthly Value;Import;Harmonized;M;M
Physical Energy & Power Flows;2024;3;384;384;384;CH;DE;Monthly Value;Export;Harmonized;M;M
Physical Energy & Power Flows;2024;3;225;225;225;CH;DE;Monthly Value;Import;Harmonized;M;M
Physical Energy & Power Flows;2024;4;693;693;693;CH;DE;Monthly Value;Export;Harmonized;M;M
Physical Energy & Power Flows;2024;4;61;61;61;CH;DE;Monthly Value;Import;Harmonized;M;M
Physical Energy & Power Flows;2024;5;741;741;741;CH;DE;Monthly Value;Export;Harmonized;M;M
Physical Energy & Power Flows;2024;5;80;80;80;CH;DE;Monthly Value;Import;Harmonized;M;M
Physical Energy & Power Flows;2024;6;1205;1205;1205;CH;DE;Monthly Value;Export;Harmonized;M;M
Physical Energy & Power Flows;2024;6;22;22;22;CH;DE;Monthly Value;Import;Harmonized;M;M
Physical Energy & Power Flows;2024;7;1760;1760;1760;CH;DE;Monthly Value;Export;Harmonized;M;M
Physical Energy & Power Flows;2024;7;4;4;4;CH;DE;Monthly Value;Import;Harmonized;M;M
Physical Energy & Power Flows;2024;8;1136;1136;1136;CH;DE;Monthly Value;Export;Harmonized;M;M
Physical Energy & Power Flows;2024;8;73;73;73;CH;DE;Monthly Value;Import;Harmonized;M;M
Physical Energy & Power Flows;2024;9;577;577;577;CH;DE;Monthly Value;Export;Harmonized;M;M
Physical Energy & Power Flows;2024;9;81;81;81;CH;DE;Monthly Value;Import;Harmonized;M;M
Physical Energy & Power Flows;2024;10;858;858;858;CH;DE;Monthly Value;Export;Harmonized;M;M
Physical Energy & Power Flows;2024;10;39;39;39;CH;DE;Monthly Value;Import;Harmonized;M;M
Physical Energy & Power Flows;2024;11;350;350;350;CH;DE;Monthly Value;Export;Harmonized;M;M
Physical Energy & Power Flows;2024;11;565;565;565;CH;DE;Monthly Value;Import;Harmonized;M;M
Physical Energy & Power Flows;2024;12;216;216;216;CH;DE;Monthly Value;Export;Harmonized;M;M
Physical Energy & Power Flows;2024;12;1203;1203;1203;CH;DE;Monthly Value;Import;Harmonized;M;M
Physical Energy & Power Flows;2024;1;100;100;100;CH;FR;Monthly Value;Export;Harmonized;M;M
Physical Energy & Power Flows;2024;1;1273;1273;1273;CH;FR;Monthly Value;Import;Harmonized;M;M
Physical Energy & Power Flows;2024;2;8;8;8;CH;FR;Monthly Value;Export;Harmonized;M;M
Physical Energy & Power Flows;2024;2;1520;1520;1520;CH;FR;Monthly Value;Import;Harmonized;M;M
Physical Energy & Power Flows;2024;3;16;16;16;CH;FR;Monthly Value;Export;Harmonized;M;M
Physical Energy & Power Flows;2024;3;1457;1457;1457;CH;FR;Monthly Value;Import;Harmonized;M;M
Physical Energy & Power Flows;2024;4;72;72;72;CH;FR;Monthly Value;Export;Harmonized;M;M
Physical Energy & Power Flows;2024;4;1071;1071;1071;CH;FR;Monthly Value;Import;Harmonized;M;M
Physical Energy & Power Flows;2024;5;43;43;43;CH;FR;Monthly Value;Export;Harmonized;M;M
Physical Energy & Power Flows;2024;5;1223;1223;1223;CH;FR;Monthly Value;Import;Harmonized;M;M
Physical Energy & Power Flows;2024;6;46;46;46;CH;FR;Monthly Value;Export;Harmonized;M;M
Physical Energy & Power Flows;2024;6;884;884;884;CH;FR;Monthly Value;Import;Harmonized;M;M
Physical Energy & Power Flows;2024;7;192;192;192;CH;FR;Monthly Value;Export;Harmonized;M;M
Physical Energy & Power Flows;2024;7;352;352;352;CH;FR;Monthly Value;Import;Harmonized;M;M
Physical Energy & Power Flows;2024;8;189;189;189;CH;FR;Monthly Value;Export;Harmonized;M;M
Physical Energy & Power Flows;2024;8;368;368;368;CH;FR;Monthly Value;Import;Harmonized;M;M
Physical Energy & Power Flows;2024;9;70;70;70;CH;FR;Monthly Value;Export;Harmonized;M;M
Physical Energy & Power Flows;2024;9;956;956;956;CH;FR;Monthly Value;Import;Harmonized;M;M
Physical Energy & Power Flows;2024;10;57;57;57;CH;FR;Monthly Value;Export;Harmonized;M;M
Physical Energy & Power Flows;2024;10;1027;1027;1027;CH;FR;Monthly Value;Import;Harmonized;M;M
Physical Energy & Power Flows;2024;11;3;3;3;CH;FR;Monthly Value;Export;Harmonized;M;M
Physical Energy & Power Flows;2024;11;1560;1560;1560;CH;FR;Monthly Value;Import;Harmonized;M;M
Physical Energy & Power Flows;2024;12;22;22;22;CH;FR;Monthly Value;Export;Harmonized;M;M
Physical Energy & Power Flows;2024;12;1502;1502;1502;CH;FR;Monthly Value;Import;Harmonized;M;M
Physical Energy & Power Flows;2024;1;2152;2152;2152;CH;IT;Monthly Value;Export;Harmonized;M;M
Physical Energy & Power Flows;2024;1;4;4;4;CH;IT;Monthly Value;Import;Harmonized;M;M
Physical Energy & Power Flows;2024;2;2226;2226;2226;CH;IT;Monthly Value;Export;Harmonized;M;M
Physical Energy & Power Flows;2024;3;2104;2104;2104;CH;IT;Monthly Value;Export;Harmonized;M;M
Physical Energy & Power Flows;2024;3;73;73;73;CH;IT;Monthly Value;Import;Harmonized;M;M
Physical Energy & Power Flows;2024;4;1260;1260;1260;CH;IT;Monthly Value;Export;Harmonized;M;M
Physical Energy & Power Flows;2024;4;121;121;121;CH;IT;Monthly Value;Import;Harmonized;M;M
Physical Energy & Power Flows;2024;5;1265;1265;1265;CH;IT;Monthly Value;Export;Harmonized;M;M
Physical Energy & Power Flows;2024;5;30;30;30;CH;IT;Monthly Value;Import;Harmonized;M;M
Physical Energy & Power Flows;2024;6;1312;1312;1312;CH;IT;Monthly Value;Export;Harmonized;M;M
Physical Energy & Power Flows;2024;6;33;33;33;CH;IT;Monthly Value;Import;Harmonized;M;M
Physical Energy & Power Flows;2024;7;2194;2194;2194;CH;IT;Monthly Value;Export;Harmonized;M;M
Physical Energy & Power Flows;2024;8;1710;1710;1710;CH;IT;Monthly Value;Export;Harmonized;M;M
Physical Energy & Power Flows;2024;8;2;2;2;CH;IT;Monthly Value;Import;Harmonized;M;M
Physical Energy & Power Flows;2024;9;1606;1606;1606;CH;IT;Monthly Value;Export;Harmonized;M;M
Physical Energy & Power Flows;2024;9;14;14;14;CH;IT;Monthly Value;Import;Harmonized;M;M
Physical Energy & Power Flows;2024;10;1343;1343;1343;CH;IT;Monthly Value;Export;Harmonized;M;M
Physical Energy & Power Flows;2024;10;39;39;39;CH;IT;Monthly Value;Import;Harmonized;M;M
Physical Energy & Power Flows;2024;11;1730;1730;1730;CH;IT;Monthly Value;Export;Harmonized;M;M
Physical Energy & Power Flows;2024;11;58;58;58;CH;IT;Monthly Value;Import;Harmonized;M;M
Physical Energy & Power Flows;2024;12;1962;1962;1962;CH;IT;Monthly Value;Export;Harmonized;M;M
Physical Energy & Power Flows;2024;12;96;96;96;CH;IT;Monthly Value;Import;Harmonized;M;M
Physical Energy & Power Flows;2024;1;644;644;644;CZ;AT;Monthly Value;Export;Harmonized;M;M
Physical Energy & Power Flows;2024;1;6;6;6;CZ;AT;Monthly Value;Import;Harmonized;M;M
Physical Energy & Power Flows;2024;2;572;572;572;CZ;AT;Monthly Value;Export;Harmonized;M;M
Physical Energy & Power Flows;2024;2;3;3;3;CZ;AT;Monthly Value;Import;Harmonized;M;M
Physical Energy & Power Flows;2024;3;522;522;522;CZ;AT;Monthly Value;Export;Harmonized;M;M
Physical Energy & Power Flows;2024;3;33;33;33;CZ;AT;Monthly Value;Import;Harmonized;M;M
Physical Energy & Power Flows;2024;4;316;316;316;CZ;AT;Monthly Value;Export;Harmonized;M;M
Physical Energy & Power Flows;2024;4;33;33;33;CZ;AT;Monthly Value;Import;Harmonized;M;M
Physical Energy & Power Flows;2024;5;215;215;215;CZ;AT;Monthly Value;Export;Harmonized;M;M
Physical Energy & Power Flows;2024;5;65;65;65;CZ;AT;Monthly Value;Import;Harmonized;M;M
Physical Energy & Power Flows;2024;6;219;219;219;CZ;AT;Monthly Value;Export;Harmonized;M;M
Physical Energy & Power Flows;2024;6;35;35;35;CZ;AT;Monthly Value;Import;Harmonized;M;M
Physical Energy & Power Flows;2024;7;314;314;314;CZ;AT;Monthly Value;Export;Harmonized;M;M
Physical Energy & Power Flows;2024;7;9;9;9;CZ;AT;Monthly Value;Import;Harmonized;M;M
Physical Energy & Power Flows;2024;8;529;529;529;CZ;AT;Monthly Value;Export;Harmonized;M;M
Physical Energy & Power Flows;2024;8;7;7;7;CZ;AT;Monthly Value;Import;Harmonized;M;M
Physical Energy & Power Flows;2024;9;592;592;592;CZ;AT;Monthly Value;Export;Harmonized;M;M
Physical Energy & Power Flows;2024;9;10;10;10;CZ;AT;Monthly Value;Import;Harmonized;M;M
Physical Energy & Power Flows;2024;10;307;307;307;CZ;AT;Monthly Value;Export;Harmonized;M;M
Physical Energy & Power Flows;2024;10;22;22;22;CZ;AT;Monthly Value;Import;Harmonized;M;M
Physical Energy & Power Flows;2024;11;771;771;771;CZ;AT;Monthly Value;Export;Harmonized;M;M
Physical Energy & Power Flows;2024;11;0;0;0;CZ;AT;Monthly Value;Import;Harmonized;M;M
Physical Energy & Power Flows;2024;12;987;987;987;CZ;AT;Monthly Value;Export;Harmonized;M;M
Physical Energy & Power Flows;2024;1;209;209;209;CZ;DE;Monthly Value;Export;Harmonized;M;M
Physical Energy & Power Flows;2024;1;574;574;574;CZ;DE;Monthly Value;Import;Harmonized;M;M
Physical Energy & Power Flows;2024;2;260;260;260;CZ;DE;Monthly Value;Export;Harmonized;M;M
Physical Energy & Power Flows;2024;2;545;545;545;CZ;DE;Monthly Value;Import;Harmonized;M;M
Physical Energy & Power Flows;2024;3;408;408;408;CZ;DE;Monthly Value;Export;Harmonized;M;M
Physical Energy & Power Flows;2024;3;307;307;307;CZ;DE;Monthly Value;Import;Harmonized;M;M
Physical Energy & Power Flows;2024;4;193;193;193;CZ;DE;Monthly Value;Export;Harmonized;M;M
Physical Energy & Power Flows;2024;4;445;445;445;CZ;DE;Monthly Value;Import;Harmonized;M;M
Physical Energy & Power Flows;2024;5;160;160;160;CZ;DE;Monthly Value;Export;Harmonized;M;M
Physical Energy & Power Flows;2024;5;560;560;560;CZ;DE;Monthly Value;Import;Harmonized;M;M
Physical Energy & Power Flows;2024;6;54;54;54;CZ;DE;Monthly Value;Export;Harmonized;M;M
Physical Energy & Power Flows;2024;6;625;625;625;CZ;DE;Monthly Value;Import;Harmonized;M;M
Physical Energy & Power Flows;2024;7;63;63;63;CZ;DE;Monthly Value;Export;Harmonized;M;M
Physical Energy & Power Flows;2024;7;531;531;531;CZ;DE;Monthly Value;Import;Harmonized;M;M
Physical Energy & Power Flows;2024;8;52;52;52;CZ;DE;Monthly Value;Export;Harmonized;M;M
Physical Energy & Power Flows;2024;8;609;609;609;CZ;DE;Monthly Value;Import;Harmonized;M;M
Physical Energy & Power Flows;2024;9;284;284;284;CZ;DE;Monthly Value;Export;Harmonized;M;M
Physical Energy & Power Flows;2024;9;376;376;376;CZ;DE;Monthly Value;Import;Harmonized;M;M
Physical Energy & Power Flows;2024;10;322;322;322;CZ;DE;Monthly Value;Export;Harmonized;M;M
Physical Energy & Power Flows;2024;10;379;379;379;CZ;DE;Monthly Value;Import;Harmonized;M;M
Physical Energy & Power Flows;2024;11;175;175;175;CZ;DE;Monthly Value;Export;Harmonized;M;M
Physical Energy & Power Flows;2024;11;620;620;620;CZ;DE;Monthly Value;Import;Harmonized;M;M
Physical Energy & Power Flows;2024;12;189;189;189;CZ;DE;Monthly Value;Export;Harmonized;M;M
Physical Energy & Power Flows;2024;12;669;669;669;CZ;DE;Monthly Value;Import;Harmonized;M;M
Physical Energy & Power Flows;2024;1;74;74;74;CZ;PL;Monthly Value;Export;Harmonized;M;M
Physical Energy & Power Flows;2024;1;393;393;393;CZ;PL;Monthly Value;Import;Harmonized;M;M
Physical Energy & Power Flows;2024;2;58;58;58;CZ;PL;Monthly Value;Export;Harmonized;M;M
Physical Energy & Power Flows;2024;2;298;298;298;CZ;PL;Monthly Value;Import;Harmonized;M;M
Physical Energy & Power Flows;2024;3;56;56;56;CZ;PL;Monthly Value;Export;Harmonized;M;M
Physical Energy & Power Flows;2024;3;346;346;346;CZ;PL;Monthly Value;Import;Harmonized;M;M
Physical Energy & Power Flows;2024;4;25;25;25;CZ;PL;Monthly Value;Export;Harmonized;M;M
Physical Energy & Power Flows;2024;4;366;366;366;CZ;PL;Monthly Value;Import;Harmonized;M;M
Physical Energy & Power Flows;2024;5;33;33;33;CZ;PL;Monthly Value;Export;Harmonized;M;M
Physical Energy & Power Flows;2024;5;498;498;498;CZ;PL;Monthly Value;Import;Harmonized;M;M
Physical Energy & Power Flows;2024;6;26;26;26;CZ;PL;Monthly Value;Export;Harmonized;M;M
Physical Energy & Power Flows;2024;6;354;354;354;CZ;PL;Monthly Value;Import;Harmonized;M;M
Physical Energy & Power Flows;2024;7;76;76;76;CZ;PL;Monthly Value;Export;Harmonized;M;M
Physical Energy & Power Flows;2024;7;345;345;345;CZ;PL;Monthly Value;Import;Harmonized;M;M
Physical Energy & Power Flows;2024;8;25;25;25;CZ;PL;Monthly Value;Export;Harmonized;M;M
Physical Energy & Power Flows;2024;8;457;457;457;CZ;PL;Monthly Value;Import;Harmonized;M;M
Physical Energy & Power Flows;2024;9;23;23;23;CZ;PL;Monthly Value;Export;Harmonized;M;M
Physical Energy & Power Flows;2024;9;398;398;398;CZ;PL;Monthly Value;Import;Harmonized;M;M
Physical Energy & Power Flows;2024;10;143;143;143;CZ;PL;Monthly Value;Export;Harmonized;M;M
Physical Energy & Power Flows;2024;10;311;311;311;CZ;PL;Monthly Value;Import;Harmonized;M;M
Physical Energy & Power Flows;2024;11;23;23;23;CZ;PL;Monthly Value;Export;Harmonized;M;M
Physical Energy & Power Flows;2024;11;683;683;683;CZ;PL;Monthly Value;Import;Harmonized;M;M
Physical Energy & Power Flows;2024;12;0;0;0;CZ;PL;Monthly Value;Export;Harmonized;M;M
Physical Energy & Power Flows;2024;12;863;863;863;CZ;PL;Monthly Value;Import;Harmonized;M;M
Physical Energy & Power Flows;2024;1;728;728;728;CZ;SK;Monthly Value;Export;Harmonized;M;M
Physical Energy & Power Flows;2024;1;54;54;54;CZ;SK;Monthly Value;Import;Harmonized;M;M
Physical Energy & Power Flows;2024;2;457;457;457;CZ;SK;Monthly Value;Export;Harmonized;M;M
Physical Energy & Power Flows;2024;2;109;109;109;CZ;SK;Monthly Value;Import;Harmonized;M;M
Physical Energy & Power Flows;2024;3;442;442;442;CZ;SK;Monthly Value;Export;Harmonized;M;M
Physical Energy & Power Flows;2024;3;126;126;126;CZ;SK;Monthly Value;Import;Harmonized;M;M
Physical Energy & Power Flows;2024;4;501;501;501;CZ;SK;Monthly Value;Export;Harmonized;M;M
Physical Energy & Power Flows;2024;4;91;91;91;CZ;SK;Monthly Value;Import;Harmonized;M;M
Physical Energy & Power Flows;2024;5;803;803;803;CZ;SK;Monthly Value;Export;Harmonized;M;M
Physical Energy & Power Flows;2024;5;29;29;29;CZ;SK;Monthly Value;Import;Harmonized;M;M
Physical Energy & Power Flows;2024;6;933;933;933;CZ;SK;Monthly Value;Export;Harmonized;M;M
Physical Energy & Power Flows;2024;6;0;0;0;CZ;SK;Monthly Value;Import;Harmonized;M;M
Physical Energy & Power Flows;2024;7;877;877;877;CZ;SK;Monthly Value;Export;Harmonized;M;M
Physical Energy & Power Flows;2024;7;0;0;0;CZ;SK;Monthly Value;Import;Harmonized;M;M
Physical Energy & Power Flows;2024;8;1142;1142;1142;CZ;SK;Monthly Value;Export;Harmonized;M;M
Physical Energy & Power Flows;2024;9;803;803;803;CZ;SK;Monthly Value;Export;Harmonized;M;M
Physical Energy & Power Flows;2024;9;8;8;8;CZ;SK;Monthly Value;Import;Harmonized;M;M
Physical Energy & Power Flows;2024;10;559;559;559;CZ;SK;Monthly Value;Export;Harmonized;M;M
Physical Energy & Power Flows;2024;10;59;59;59;CZ;SK;Monthly Value;Import;Harmonized;M;M
Physical Energy & Power Flows;2024;11;1048;1048;1048;CZ;SK;Monthly Value;Export;Harmonized;M;M
Physical Energy & Power Flows;2024;11;28;28;28;CZ;SK;Monthly Value;Import;Harmonized;M;M
Physical Energy & Power Flows;2024;12;1319;1319;1319;CZ;SK;Monthly Value;Export;Harmonized;M;M
Physical Energy & Power Flows;2024;12;4;4;4;CZ;SK;Monthly Value;Import;Harmonized;M;M
Physical Energy & Power Flows;2024;1;658;658;658;DE;AT;Monthly Value;Export;Harmonized;M;M
Physical Energy & Power Flows;2024;1;119;119;119;DE;AT;Monthly Value;Import;Harmonized;M;M
Physical Energy & Power Flows;2024;2;655;655;655;DE;AT;Monthly Value;Export;Harmonized;M;M
Physical Energy & Power Flows;2024;2;60;60;60;DE;AT;Monthly Value;Import;Harmonized;M;M
Physical Energy & Power Flows;2024;3;373;373;373;DE;AT;Monthly Value;Export;Harmonized;M;M
Physical Energy & Power Flows;2024;3;210;210;210;DE;AT;Monthly Value;Import;Harmonized;M;M
Physical Energy & Power Flows;2024;4;208;208;208;DE;AT;Monthly Value;Export;Harmonized;M;M
Physical Energy & Power Flows;2024;4;394;394;394;DE;AT;Monthly Value;Import;Harmonized;M;M
Physical Energy & Power Flows;2024;5;179;179;179;DE;AT;Monthly Value;Export;Harmonized;M;M
Physical Energy & Power Flows;2024;5;488;488;488;DE;AT;Monthly Value;Import;Harmonized;M;M
Physical Energy & Power Flows;2024;6;190;190;190;DE;AT;Monthly Value;Export;Harmonized;M;M
Physical Energy & Power Flows;2024;6;477;477;477;DE;AT;Monthly Value;Import;Harmonized;M;M
Physical Energy & Power Flows;2024;7;260;260;260;DE;AT;Monthly Value;Export;Harmonized;M;M
Physical Energy & Power Flows;2024;7;310;310;310;DE;AT;Monthly Value;Import;Harmonized;M;M
Physical Energy & Power Flows;2024;8;498;498;498;DE;AT;Monthly Value;Export;Harmonized;M;M
Physical Energy & Power Flows;2024;8;185;185;185;DE;AT;Monthly Value;Import;Harmonized;M;M
Physical Energy & Power Flows;2024;9;403;403;403;DE;AT;Monthly Value;Export;Harmonized;M;M
Physical Energy & Power Flows;2024;9;172;172;172;DE;AT;Monthly Value;Import;Harmonized;M;M
Physical Energy & Power Flows;2024;10;95;95;95;DE;AT;Monthly Value;Export;Harmonized;M;M
Physical Energy & Power Flows;2024;10;484;484;484;DE;AT;Monthly Value;Import;Harmonized;M;M
Physical Energy & Power Flows;2024;11;806;806;806;DE;AT;Monthly Value;Export;Harmonized;M;M
Physical Energy & Power Flows;2024;11;117;117;117;DE;AT;Monthly Value;Import;Harmonized;M;M
Physical Energy & Power Flows;2024;12;1155;1155;1155;DE;AT;Monthly Value;Export;Harmonized;M;M
Physical Energy & Power Flows;2024;12;60;60;60;DE;AT;Monthly Value;Import;Harmonized;M;M
Physical Energy & Power Flows;2024;1;285;285;285;DE;BE;Monthly Value;Export;Harmonized;M;M
Physical Energy & Power Flows;2024;1;234;234;234;DE;BE;Monthly Value;Import;Harmonized;M;M
Physical Energy & Power Flows;2024;2;227;227;227;DE;BE;Monthly Value;Export;Harmonized;M;M
Physical Energy & Power Flows;2024;2;256;256;256;DE;BE;Monthly Value;Import;Harmonized;M;M
Physical Energy & Power Flows;2024;3;148;148;148;DE;BE;Monthly Value;Export;Harmonized;M;M
Physical Energy & Power Flows;2024;3;339;339;339;DE;BE;Monthly Value;Import;Harmonized;M;M
Physical Energy & Power Flows;2024;4;45;45;45;DE;BE;Monthly Value;Export;Harmonized;M;M
Physical Energy & Power Flows;2024;4;273;273;273;DE;BE;Monthly Value;Import;Harmonized;M;M
Physical Energy & Power Flows;2024;5;56;56;56;DE;BE;Monthly Value;Export;Harmonized;M;M
Physical Energy & Power Flows;2024;5;444;444;444;DE;BE;Monthly Value;Import;Harmonized;M;M
Physical Energy & Power Flows;2024;6;36;36;36;DE;BE;Monthly Value;Export;Harmonized;M;M
Physical Energy & Power Flows;2024;6;471;471;471;DE;BE;Monthly Value;Import;Harmonized;M;M
Physical Energy & Power Flows;2024;7;94;94;94;DE;BE;Monthly Value;Export;Harmonized;M;M
Physical Energy & Power Flows;2024;7;482;482;482;DE;BE;Monthly Value;Import;Harmonized;M;M
Physical Energy & Power Flows;2024;8;77;77;77;DE;BE;Monthly Value;Export;Harmonized;M;M
Physical Energy & Power Flows;2024;8;491;491;491;DE;BE;Monthly Value;Import;Harmonized;M;M
Physical Energy & Power Flows;2024;9;85;85;85;DE;BE;Monthly Value;Export;Harmonized;M;M
Physical Energy & Power Flows;2024;9;449;449;449;DE;BE;Monthly Value;Import;Harmonized;M;M
Physical Energy & Power Flows;2024;10;80;80;80;DE;BE;Monthly Value;Export;Harmonized;M;M
Physical Energy & Power Flows;2024;10;436;436;436;DE;BE;Monthly Value;Import;Harmonized;M;M
Physical Energy & Power Flows;2024;11;224;224;224;DE;BE;Monthly Value;Export;Harmonized;M;M
Physical Energy & Power Flows;2024;11;301;301;301;DE;BE;Monthly Value;Import;Harmonized;M;M
Physical Energy & Power Flows;2024;12;319;319;319;DE;BE;Monthly Value;Export;Harmonized;M;M
Physical Energy & Power Flows;2024;12;211;211;211;DE;BE;Monthly Value;Import;Harmonized;M;M
Physical Energy & Power Flows;2024;1;856;856;856;DE;CH;Monthly Value;Export;Harmonized;M;M
Physical Energy & Power Flows;2024;1;181;181;181;DE;CH;Monthly Value;Import;Harmonized;M;M
Physical Energy & Power Flows;2024;2;645;645;645;DE;CH;Monthly Value;Export;Harmonized;M;M
Physical Energy & Power Flows;2024;2;216;216;216;DE;CH;Monthly Value;Import;Harmonized;M;M
Physical Energy & Power Flows;2024;3;225;225;225;DE;CH;Monthly Value;Export;Harmonized;M;M
Physical Energy & Power Flows;2024;3;384;384;384;DE;CH;Monthly Value;Import;Harmonized;M;M
Physical Energy & Power Flows;2024;4;61;61;61;DE;CH;Monthly Value;Export;Harmonized;M;M
Physical Energy & Power Flows;2024;4;693;693;693;DE;CH;Monthly Value;Import;Harmonized;M;M
Physical Energy & Power Flows;2024;5;80;80;80;DE;CH;Monthly Value;Export;Harmonized;M;M
Physical Energy & Power Flows;2024;5;741;741;741;DE;CH;Monthly Value;Import;Harmonized;M;M
Physical Energy & Power Flows;2024;6;22;22;22;DE;CH;Monthly Value;Export;Harmonized;M;M
Physical Energy & Power Flows;2024;6;1205;1205;1205;DE;CH;Monthly Value;Import;Harmonized;M;M
Physical Energy & Power Flows;2024;7;4;4;4;DE;CH;Monthly Value;Export;Harmonized;M;M
Physical Energy & Power Flows;2024;7;1760;1760;1760;DE;CH;Monthly Value;Import;Harmonized;M;M
Physical Energy & Power Flows;2024;8;73;73;73;DE;CH;Monthly Value;Export;Harmonized;M;M
Physical Energy & Power Flows;2024;8;1136;1136;1136;DE;CH;Monthly Value;Import;Harmonized;M;M
Physical Energy & Power Flows;2024;9;81;81;81;DE;CH;Monthly Value;Export;Harmonized;M;M
Physical Energy & Power Flows;2024;9;577;577;577;DE;CH;Monthly Value;Import;Harmonized;M;M
Physical Energy & Power Flows;2024;10;39;39;39;DE;CH;Monthly Value;Export;Harmonized;M;M
Physical Energy & Power Flows;2024;10;858;858;858;DE;CH;Monthly Value;Import;Harmonized;M;M
Physical Energy & Power Flows;2024;11;565;565;565;DE;CH;Monthly Value;Export;Harmonized;M;M
Physical Energy & Power Flows;2024;11;350;350;350;DE;CH;Monthly Value;Import;Harmonized;M;M
Physical Energy & Power Flows;2024;12;1203;1203;1203;DE;CH;Monthly Value;Export;Harmonized;M;M
Physical Energy & Power Flows;2024;12;216;216;216;DE;CH;Monthly Value;Import;Harmonized;M;M
Physical Energy & Power Flows;2024;1;574;574;574;DE;CZ;Monthly Value;Export;Harmonized;M;M
Physical Energy & Power Flows;2024;1;209;209;209;DE;CZ;Monthly Value;Import;Harmonized;M;M
Physical Energy & Power Flows;2024;2;545;545;545;DE;CZ;Monthly Value;Export;Harmonized;M;M
Physical Energy & Power Flows;2024;2;260;260;260;DE;CZ;Monthly Value;Import;Harmonized;M;M
Physical Energy & Power Flows;2024;3;307;307;307;DE;CZ;Monthly Value;Export;Harmonized;M;M
Physical Energy & Power Flows;2024;3;408;408;408;DE;CZ;Monthly Value;Import;Harmonized;M;M
Physical Energy & Power Flows;2024;4;445;445;445;DE;CZ;Monthly Value;Export;Harmonized;M;M
Physical Energy & Power Flows;2024;4;193;193;193;DE;CZ;Monthly Value;Import;Harmonized;M;M
Physical Energy & Power Flows;2024;5;560;560;560;DE;CZ;Monthly Value;Export;Harmonized;M;M
Physical Energy & Power Flows;2024;5;160;160;160;DE;CZ;Monthly Value;Import;Harmonized;M;M
Physical Energy & Power Flows;2024;6;625;625;625;DE;CZ;Monthly Value;Export;Harmonized;M;M
Physical Energy & Power Flows;2024;6;54;54;54;DE;CZ;Monthly Value;Import;Harmonized;M;M
Physical Energy & Power Flows;2024;7;531;531;531;DE;CZ;Monthly Value;Export;Harmonized;M;M
Physical Energy & Power Flows;2024;7;63;63;63;DE;CZ;Monthly Value;Import;Harmonized;M;M
Physical Energy & Power Flows;2024;8;609;609;609;DE;CZ;Monthly Value;Export;Harmonized;M;M
Physical Energy & Power Flows;2024;8;52;52;52;DE;CZ;Monthly Value;Import;Harmonized;M;M
Physical Energy & Power Flows;2024;9;376;376;376;DE;CZ;Monthly Value;Export;Harmonized;M;M
Physical Energy & Power Flows;2024;9;284;284;284;DE;CZ;Monthly Value;Import;Harmonized;M;M
Physical Energy & Power Flows;2024;10;379;379;379;DE;CZ;Monthly Value;Export;Harmonized;M;M
Physical Energy & Power Flows;2024;10;322;322;322;DE;CZ;Monthly Value;Import;Harmonized;M;M
Physical Energy & Power Flows;2024;11;620;620;620;DE;CZ;Monthly Value;Export;Harmonized;M;M
Physical Energy & Power Flows;2024;11;175;175;175;DE;CZ;Monthly Value;Import;Harmonized;M;M
Physical Energy & Power Flows;2024;12;669;669;669;DE;CZ;Monthly Value;Export;Harmonized;M;M
Physical Energy & Power Flows;2024;12;189;189;189;DE;CZ;Monthly Value;Import;Harmonized;M;M
Physical Energy & Power Flows;2024;1;609;609;609;DE;DK;Monthly Value;Export;Harmonized;M;M
Physical Energy & Power Flows;2024;1;388;388;388;DE;DK;Monthly Value;Import;Harmonized;M;M
Physical Energy & Power Flows;2024;2;300;300;300;DE;DK;Monthly Value;Export;Harmonized;M;M
Physical Energy & Power Flows;2024;2;576;576;576;DE;DK;Monthly Value;Import;Harmonized;M;M
Physical Energy & Power Flows;2024;3;246;246;246;DE;DK;Monthly Value;Export;Harmonized;M;M
Physical Energy & Power Flows;2024;3;863;863;863;DE;DK;Monthly Value;Import;Harmonized;M;M
Physical Energy & Power Flows;2024;4;299;299;299;DE;DK;Monthly Value;Export;Harmonized;M;M
Physical Energy & Power Flows;2024;4;638;638;638;DE;DK;Monthly Value;Import;Harmonized;M;M
Physical Energy & Power Flows;2024;5;232;232;232;DE;DK;Monthly Value;Export;Harmonized;M;M
Physical Energy & Power Flows;2024;5;885;885;885;DE;DK;Monthly Value;Import;Harmonized;M;M
Physical Energy & Power Flows;2024;6;268;268;268;DE;DK;Monthly Value;Export;Harmonized;M;M
Physical Energy & Power Flows;2024;6;951;951;951;DE;DK;Monthly Value;Import;Harmonized;M;M
Physical Energy & Power Flows;2024;7;259;259;259;DE;DK;Monthly Value;Export;Harmonized;M;M
Physical Energy & Power Flows;2024;7;1196;1196;1196;DE;DK;Monthly Value;Import;Harmonized;M;M
Physical Energy & Power Flows;2024;8;174;174;174;DE;DK;Monthly Value;Export;Harmonized;M;M
Physical Energy & Power Flows;2024;8;1184;1184;1184;DE;DK;Monthly Value;Import;Harmonized;M;M
Physical Energy & Power Flows;2024;9;236;236;236;DE;DK;Monthly Value;Export;Harmonized;M;M
Physical Energy & Power Flows;2024;9;807;807;807;DE;DK;Monthly Value;Import;Harmonized;M;M
Physical Energy & Power Flows;2024;10;96;96;96;DE;DK;Monthly Value;Export;Harmonized;M;M
Physical Energy & Power Flows;2024;10;945;945;945;DE;DK;Monthly Value;Import;Harmonized;M;M
Physical Energy & Power Flows;2024;11;142;142;142;DE;DK;Monthly Value;Export;Harmonized;M;M
Physical Energy & Power Flows;2024;11;913;913;913;DE;DK;Monthly Value;Import;Harmonized;M;M
Physical Energy & Power Flows;2024;12;63;63;63;DE;DK;Monthly Value;Export;Harmonized;M;M
Physical Energy & Power Flows;2024;12;996;996;996;DE;DK;Monthly Value;Import;Harmonized;M;M
Physical Energy & Power Flows;2024;1;73;73;73;DE;FR;Monthly Value;Export;Harmonized;M;M
Physical Energy & Power Flows;2024;1;1495;1495;1495;DE;FR;Monthly Value;Import;Harmonized;M;M
Physical Energy & Power Flows;2024;2;45;45;45;DE;FR;Monthly Value;Export;Harmonized;M;M
Physical Energy & Power Flows;2024;2;1607;1607;1607;DE;FR;Monthly Value;Import;Harmonized;M;M
Physical Energy & Power Flows;2024;3;21;21;21;DE;FR;Monthly Value;Export;Harmonized;M;M
Physical Energy & Power Flows;2024;3;1347;1347;1347;DE;FR;Monthly Value;Import;Harmonized;M;M
Physical Energy & Power Flows;2024;4;80;80;80;DE;FR;Monthly Value;Export;Harmonized;M;M
Physical Energy & Power Flows;2024;4;1117;1117;1117;DE;FR;Monthly Value;Import;Harmonized;M;M
Physical Energy & Power Flows;2024;5;55;55;55;DE;FR;Monthly Value;Export;Harmonized;M;M
Physical Energy & Power Flows;2024;5;1669;1669;1669;DE;FR;Monthly Value;Import;Harmonized;M;M
Physical Energy & Power Flows;2024;6;28;28;28;DE;FR;Monthly Value;Export;Harmonized;M;M
Physical Energy & Power Flows;2024;6;1597;1597;1597;DE;FR;Monthly Value;Import;Harmonized;M;M
Physical Energy & Power Flows;2024;7;21;21;21;DE;FR;Monthly Value;Export;Harmonized;M;M
Physical Energy & Power Flows;2024;7;1791;1791;1791;DE;FR;Monthly Value;Import;Harmonized;M;M
Physical Energy & Power Flows;2024;8;36;36;36;DE;FR;Monthly Value;Export;Harmonized;M;M
Physical Energy & Power Flows;2024;8;2024;2024;2024;DE;FR;Monthly Value;Import;Harmonized;M;M
Physical Energy & Power Flows;2024;9;35;35;35;DE;FR;Monthly Value;Export;Harmonized;M;M
Physical Energy & Power Flows;2024;9;2088;2088;2088;DE;FR;Monthly Value;Import;Harmonized;M;M
Physical Energy & Power Flows;2024;10;34;34;34;DE;FR;Monthly Value;Export;Harmonized;M;M
Physical Energy & Power Flows;2024;10;2180;2180;2180;DE;FR;Monthly Value;Import;Harmonized;M;M
Physical Energy & Power Flows;2024;11;20;20;20;DE;FR;Monthly Value;Export;Harmonized;M;M
Physical Energy & Power Flows;2024;11;1780;1780;1780;DE;FR;Monthly Value;Import;Harmonized;M;M
Physical Energy & Power Flows;2024;12;64;64;64;DE;FR;Monthly Value;Export;Harmonized;M;M
Physical Energy & Power Flows;2024;12;1592;1592;1592;DE;FR;Monthly Value;Import;Harmonized;M;M
Physical Energy & Power Flows;2024;1;298;298;298;DE;LU;Monthly Value;Export;Harmonized;M;M
Physical Energy & Power Flows;2024;1;0;0;0;DE;LU;Monthly Value;Import;Harmonized;M;M
Physical Energy & Power Flows;2024;2;243;243;243;DE;LU;Monthly Value;Export;Harmonized;M;M
Physical Energy & Power Flows;2024;3;268;268;268;DE;LU;Monthly Value;Export;Harmonized;M;M
Physical Energy & Power Flows;2024;4;229;229;229;DE;LU;Monthly Value;Export;Harmonized;M;M
Physical Energy & Power Flows;2024;4;0;0;0;DE;LU;Monthly Value;Import;Harmonized;M;M
Physical Energy & Power Flows;2024;5;182;182;182;DE;LU;Monthly Value;Export;Harmonized;M;M
Physical Energy & Power Flows;2024;5;0;0;0;DE;LU;Monthly Value;Import;Harmonized;M;M
Physical Energy & Power Flows;2024;6;175;175;175;DE;LU;Monthly Value;Export;Harmonized;M;M
Physical Energy & Power Flows;2024;6;0;0;0;DE;LU;Monthly Value;Import;Harmonized;M;M
Physical Energy & Power Flows;2024;7;236;236;236;DE;LU;Monthly Value;Export;Harmonized;M;M
Physical Energy & Power Flows;2024;8;192;192;192;DE;LU;Monthly Value;Export;Harmonized;M;M
Physical Energy & Power Flows;2024;8;0;0;0;DE;LU;Monthly Value;Import;Harmonized;M;M
Physical Energy & Power Flows;2024;9;205;205;205;DE;LU;Monthly Value;Export;Harmonized;M;M
Physical Energy & Power Flows;2024;9;0;0;0;DE;LU;Monthly Value;Import;Harmonized;M;M
Physical Energy & Power Flows;2024;10;262;262;262;DE;LU;Monthly Value;Export;Harmonized;M;M
Physical Energy & Power Flows;2024;10;0;0;0;DE;LU;Monthly Value;Import;Harmonized;M;M
Physical Energy & Power Flows;2024;11;272;272;272;DE;LU;Monthly Value;Export;Harmonized;M;M
Physical Energy & Power Flows;2024;11;0;0;0;DE;LU;Monthly Value;Import;Harmonized;M;M
Physical Energy & Power Flows;2024;12;257;257;257;DE;LU;Monthly Value;Export;Harmonized;M;M
Physical Energy & Power Flows;2024;12;0;0;0;DE;LU;Monthly Value;Import;Harmonized;M;M
Physical Energy & Power Flows;2024;1;598;598;598;DE;NL;Monthly Value;Export;Harmonized;M;M
Physical Energy & Power Flows;2024;1;411;411;411;DE;NL;Monthly Value;Import;Harmonized;M;M
Physical Energy & Power Flows;2024;2;523;523;523;DE;NL;Monthly Value;Export;Harmonized;M;M
Physical Energy & Power Flows;2024;2;353;353;353;DE;NL;Monthly Value;Import;Harmonized;M;M
Physical Energy & Power Flows;2024;3;610;610;610;DE;NL;Monthly Value;Export;Harmonized;M;M
Physical Energy & Power Flows;2024;3;347;347;347;DE;NL;Monthly Value;Import;Harmonized;M;M
Physical Energy & Power Flows;2024;4;375;375;375;DE;NL;Monthly Value;Export;Harmonized;M;M
Physical Energy & Power Flows;2024;4;627;627;627;DE;NL;Monthly Value;Import;Harmonized;M;M
Physical Energy & Power Flows;2024;5;371;371;371;DE;NL;Monthly Value;Export;Harmonized;M;M
Physical Energy & Power Flows;2024;5;445;445;445;DE;NL;Monthly Value;Import;Harmonized;M;M
Physical Energy & Power Flows;2024;6;297;297;297;DE;NL;Monthly Value;Export;Harmonized;M;M
Physical Energy & Power Flows;2024;6;566;566;566;DE;NL;Monthly Value;Import;Harmonized;M;M
Physical Energy & Power Flows;2024;7;352;352;352;DE;NL;Monthly Value;Export;Harmonized;M;M
Physical Energy & Power Flows;2024;7;527;527;527;DE;NL;Monthly Value;Import;Harmonized;M;M
Physical Energy & Power Flows;2024;8;210;210;210;DE;NL;Monthly Value;Export;Harmonized;M;M
Physical Energy & Power Flows;2024;8;1012;1012;1012;DE;NL;Monthly Value;Import;Harmonized;M;M
Physical Energy & Power Flows;2024;9;556;556;556;DE;NL;Monthly Value;Export;Harmonized;M;M
Physical Energy & Power Flows;2024;9;289;289;289;DE;NL;Monthly Value;Import;Harmonized;M;M
Physical Energy & Power Flows;2024;10;1062;1062;1062;DE;NL;Monthly Value;Export;Harmonized;M;M
Physical Energy & Power Flows;2024;10;89;89;89;DE;NL;Monthly Value;Import;Harmonized;M;M
Physical Energy & Power Flows;2024;11;526;526;526;DE;NL;Monthly Value;Export;Harmonized;M;M
Physical Energy & Power Flows;2024;11;636;636;636;DE;NL;Monthly Value;Import;Harmonized;M;M
Physical Energy & Power Flows;2024;12;395;395;395;DE;NL;Monthly Value;Export;Harmonized;M;M
Physical Energy & Power Flows;2024;12;542;542;542;DE;NL;Monthly Value;Import;Harmonized;M;M
Physical Energy & Power Flows;2024;1;223;223;223;DE;NO;Monthly Value;Export;Harmonized;M;M
Physical Energy & Power Flows;2024;1;394;394;394;DE;NO;Monthly Value;Import;Harmonized;M;M
Physical Energy & Power Flows;2024;2;147;147;147;DE;NO;Monthly Value;Export;Harmonized;M;M
Physical Energy & Power Flows;2024;2;400;400;400;DE;NO;Monthly Value;Import;Harmonized;M;M
Physical Energy & Power Flows;2024;3;135;135;135;DE;NO;Monthly Value;Export;Harmonized;M;M
Physical Energy & Power Flows;2024;3;568;568;568;DE;NO;Monthly Value;Import;Harmonized;M;M
Physical Energy & Power Flows;2024;4;135;135;135;DE;NO;Monthly Value;Export;Harmonized;M;M
Physical Energy & Power Flows;2024;4;568;568;568;DE;NO;Monthly Value;Import;Harmonized;M;M
Physical Energy & Power Flows;2024;5;87;87;87;DE;NO;Monthly Value;Export;Harmonized;M;M
Physical Energy & Power Flows;2024;5;681;681;681;DE;NO;Monthly Value;Import;Harmonized;M;M
Physical Energy & Power Flows;2024;6;101;101;101;DE;NO;Monthly Value;Export;Harmonized;M;M
Physical Energy & Power Flows;2024;6;631;631;631;DE;NO;Monthly Value;Import;Harmonized;M;M
Physical Energy & Power Flows;2024;7;121;121;121;DE;NO;Monthly Value;Export;Harmonized;M;M
Physical Energy & Power Flows;2024;7;651;651;651;DE;NO;Monthly Value;Import;Harmonized;M;M
Physical Energy & Power Flows;2024;8;78;78;78;DE;NO;Monthly Value;Export;Harmonized;M;M
Physical Energy & Power Flows;2024;8;692;692;692;DE;NO;Monthly Value;Import;Harmonized;M;M
Physical Energy & Power Flows;2024;9;79;79;79;DE;NO;Monthly Value;Export;Harmonized;M;M
Physical Energy & Power Flows;2024;9;498;498;498;DE;NO;Monthly Value;Import;Harmonized;M;M
Physical Energy & Power Flows;2024;10;45;45;45;DE;NO;Monthly Value;Export;Harmonized;M;M
Physical Energy & Power Flows;2024;10;628;628;628;DE;NO;Monthly Value;Import;Harmonized;M;M
Physical Energy & Power Flows;2024;11;41;41;41;DE;NO;Monthly Value;Export;Harmonized;M;M
Physical Energy & Power Flows;2024;11;629;629;629;DE;NO;Monthly Value;Import;Harmonized;M;M
Physical Energy & Power Flows;2024;12;26;26;26;DE;NO;Monthly Value;Export;Harmonized;M;M
Physical Energy & Power Flows;2024;12;657;657;657;DE;NO;Monthly Value;Import;Harmonized;M;M
Physical Energy & Power Flows;2024;1;921;921;921;DE;PL;Monthly Value;Export;Harmonized;M;M
Physical Energy & Power Flows;2024;1;3;3;3;DE;PL;Monthly Value;Import;Harmonized;M;M
Physical Energy & Power Flows;2024;2;803;803;803;DE;PL;Monthly Value;Export;Harmonized;M;M
Physical Energy & Power Flows;2024;2;11;11;11;DE;PL;Monthly Value;Import;Harmonized;M;M
Physical Energy & Power Flows;2024;3;676;676;676;DE;PL;Monthly Value;Export;Harmonized;M;M
Physical Energy & Power Flows;2024;3;86;86;86;DE;PL;Monthly Value;Import;Harmonized;M;M
Physical Energy & Power Flows;2024;4;482;482;482;DE;PL;Monthly Value;Export;Harmonized;M;M
Physical Energy & Power Flows;2024;4;70;70;70;DE;PL;Monthly Value;Import;Harmonized;M;M
Physical Energy & Power Flows;2024;5;618;618;618;DE;PL;Monthly Value;Export;Harmonized;M;M
Physical Energy & Power Flows;2024;5;46;46;46;DE;PL;Monthly Value;Import;Harmonized;M;M
Physical Energy & Power Flows;2024;6;842;842;842;DE;PL;Monthly Value;Export;Harmonized;M;M
Physical Energy & Power Flows;2024;6;26;26;26;DE;PL;Monthly Value;Import;Harmonized;M;M
Physical Energy & Power Flows;2024;7;871;871;871;DE;PL;Monthly Value;Export;Harmonized;M;M
Physical Energy & Power Flows;2024;7;15;15;15;DE;PL;Monthly Value;Import;Harmonized;M;M
Physical Energy & Power Flows;2024;8;866;866;866;DE;PL;Monthly Value;Export;Harmonized;M;M
Physical Energy & Power Flows;2024;8;41;41;41;DE;PL;Monthly Value;Import;Harmonized;M;M
Physical Energy & Power Flows;2024;9;694;694;694;DE;PL;Monthly Value;Export;Harmonized;M;M
Physical Energy & Power Flows;2024;9;96;96;96;DE;PL;Monthly Value;Import;Harmonized;M;M
Physical Energy & Power Flows;2024;10;782;782;782;DE;PL;Monthly Value;Export;Harmonized;M;M
Physical Energy & Power Flows;2024;10;45;45;45;DE;PL;Monthly Value;Import;Harmonized;M;M
Physical Energy & Power Flows;2024;11;869;869;869;DE;PL;Monthly Value;Export;Harmonized;M;M
Physical Energy & Power Flows;2024;11;59;59;59;DE;PL;Monthly Value;Import;Harmonized;M;M
Physical Energy & Power Flows;2024;12;925;925;925;DE;PL;Monthly Value;Export;Harmonized;M;M
Physical Energy & Power Flows;2024;12;43;43;43;DE;PL;Monthly Value;Import;Harmonized;M;M
Physical Energy & Power Flows;2024;1;84;84;84;DE;SE;Monthly Value;Export;Harmonized;M;M
Physical Energy & Power Flows;2024;1;151;151;151;DE;SE;Monthly Value;Import;Harmonized;M;M
Physical Energy & Power Flows;2024;2;11;11;11;DE;SE;Monthly Value;Export;Harmonized;M;M
Physical Energy & Power Flows;2024;2;194;194;194;DE;SE;Monthly Value;Import;Harmonized;M;M
Physical Energy & Power Flows;2024;3;27;27;27;DE;SE;Monthly Value;Export;Harmonized;M;M
Physical Energy & Power Flows;2024;3;227;227;227;DE;SE;Monthly Value;Import;Harmonized;M;M
Physical Energy & Power Flows;2024;4;61;61;61;DE;SE;Monthly Value;Export;Harmonized;M;M
Physical Energy & Power Flows;2024;4;171;171;171;DE;SE;Monthly Value;Import;Harmonized;M;M
Physical Energy & Power Flows;2024;5;41;41;41;DE;SE;Monthly Value;Export;Harmonized;M;M
Physical Energy & Power Flows;2024;5;325;325;325;DE;SE;Monthly Value;Import;Harmonized;M;M
Physical Energy & Power Flows;2024;6;41;41;41;DE;SE;Monthly Value;Export;Harmonized;M;M
Physical Energy & Power Flows;2024;6;217;217;217;DE;SE;Monthly Value;Import;Harmonized;M;M
Physical Energy & Power Flows;2024;7;38;38;38;DE;SE;Monthly Value;Export;Harmonized;M;M
Physical Energy & Power Flows;2024;7;294;294;294;DE;SE;Monthly Value;Import;Harmonized;M;M
Physical Energy & Power Flows;2024;8;19;19;19;DE;SE;Monthly Value;Export;Harmonized;M;M
Physical Energy & Power Flows;2024;8;294;294;294;DE;SE;Monthly Value;Import;Harmonized;M;M
Physical Energy & Power Flows;2024;9;9;9;9;DE;SE;Monthly Value;Export;Harmonized;M;M
Physical Energy & Power Flows;2024;9;109;109;109;DE;SE;Monthly Value;Import;Harmonized;M;M
Physical Energy & Power Flows;2024;10;9;9;9;DE;SE;Monthly Value;Export;Harmonized;M;M
Physical Energy & Power Flows;2024;10;288;288;288;DE;SE;Monthly Value;Import;Harmonized;M;M
Physical Energy & Power Flows;2024;11;21;21;21;DE;SE;Monthly Value;Export;Harmonized;M;M
Physical Energy & Power Flows;2024;11;333;333;333;DE;SE;Monthly Value;Import;Harmonized;M;M
Physical Energy & Power Flows;2024;12;9;9;9;DE;SE;Monthly Value;Export;Harmonized;M;M
Physical Energy & Power Flows;2024;12;392;392;392;DE;SE;Monthly Value;Import;Harmonized;M;M
Physical Energy & Power Flows;2024;1;388;388;388;DK;DE;Monthly Value;Export;Harmonized;M;M
Physical Energy & Power Flows;2024;1;609;609;609;DK;DE;Monthly Value;Import;Harmonized;M;M
Physical Energy & Power Flows;2024;2;576;576;576;DK;DE;Monthly Value;Export;Harmonized;M;M
Physical Energy & Power Flows;2024;2;300;300;300;DK;DE;Monthly Value;Import;Harmonized;M;M
Physical Energy & Power Flows;2024;3;863;863;863;DK;DE;Monthly Value;Export;Harmonized;M;M
Physical Energy & Power Flows;2024;3;246;246;246;DK;DE;Monthly Value;Import;Harmonized;M;M
Physical Energy & Power Flows;2024;4;638;638;638;DK;DE;Monthly Value;Export;Harmonized;M;M
Physical Energy & Power Flows;2024;4;299;299;299;DK;DE;Monthly Value;Import;Harmonized;M;M
Physical Energy & Power Flows;2024;5;885;885;885;DK;DE;Monthly Value;Export;Harmonized;M;M
Physical Energy & Power Flows;2024;5;232;232;232;DK;DE;Monthly Value;Import;Harmonized;M;M
Physical Energy & Power Flows;2024;6;951;951;951;DK;DE;Monthly Value;Export;Harmonized;M;M
Physical Energy & Power Flows;2024;6;268;268;268;DK;DE;Monthly Value;Import;Harmonized;M;M
Physical Energy & Power Flows;2024;7;1196;1196;1196;DK;DE;Monthly Value;Export;Harmonized;M;M
Physical Energy & Power Flows;2024;7;259;259;259;DK;DE;Monthly Value;Import;Harmonized;M;M
Physical Energy & Power Flows;2024;8;1184;1184;1184;DK;DE;Monthly Value;Export;Harmonized;M;M
Physical Energy & Power Flows;2024;8;174;174;174;DK;DE;Monthly Value;Import;Harmonized;M;M
Physical Energy & Power Flows;2024;9;807;807;807;DK;DE;Monthly Value;Export;Harmonized;M;M
Physical Energy & Power Flows;2024;9;236;236;236;DK;DE;Monthly Value;Import;Harmonized;M;M
Physical Energy & Power Flows;2024;10;945;945;945;DK;DE;Monthly Value;Export;Harmonized;M;M
Physical Energy & Power Flows;2024;10;96;96;96;DK;DE;Monthly Value;Import;Harmonized;M;M
Physical Energy & Power Flows;2024;11;913;913;913;DK;DE;Monthly Value;Export;Harmonized;M;M
Physical Energy & Power Flows;2024;11;142;142;142;DK;DE;Monthly Value;Import;Harmonized;M;M
Physical Energy & Power Flows;2024;12;996;996;996;DK;DE;Monthly Value;Export;Harmonized;M;M
Physical Energy & Power Flows;2024;12;63;63;63;DK;DE;Monthly Value;Import;Harmonized;M;M
Physical Energy & Power Flows;2024;1;424;424;424;DK;GB;Monthly Value;Export;Harmonized;M;M
Physical Energy & Power Flows;2024;1;75;75;75;DK;GB;Monthly Value;Import;Harmonized;M;M
Physical Energy & Power Flows;2024;2;450;450;450;DK;GB;Monthly Value;Export;Harmonized;M;M
Physical Energy & Power Flows;2024;2;31;31;31;DK;GB;Monthly Value;Import;Harmonized;M;M
Physical Energy & Power Flows;2024;3;526;526;526;DK;GB;Monthly Value;Export;Harmonized;M;M
Physical Energy & Power Flows;2024;3;73;73;73;DK;GB;Monthly Value;Import;Harmonized;M;M
Physical Energy & Power Flows;2024;4;188;188;188;DK;GB;Monthly Value;Export;Harmonized;M;M
Physical Energy & Power Flows;2024;4;162;162;162;DK;GB;Monthly Value;Import;Harmonized;M;M
Physical Energy & Power Flows;2024;5;490;490;490;DK;GB;Monthly Value;Export;Harmonized;M;M
Physical Energy & Power Flows;2024;5;147;147;147;DK;GB;Monthly Value;Import;Harmonized;M;M
Physical Energy & Power Flows;2024;6;332;332;332;DK;GB;Monthly Value;Export;Harmonized;M;M
Physical Energy & Power Flows;2024;6;117;117;117;DK;GB;Monthly Value;Import;Harmonized;M;M
Physical Energy & Power Flows;2024;7;451;451;451;DK;GB;Monthly Value;Export;Harmonized;M;M
Physical Energy & Power Flows;2024;7;175;175;175;DK;GB;Monthly Value;Import;Harmonized;M;M
Physical Energy & Power Flows;2024;8;150;150;150;DK;GB;Monthly Value;Export;Harmonized;M;M
Physical Energy & Power Flows;2024;8;160;160;160;DK;GB;Monthly Value;Import;Harmonized;M;M
Physical Energy & Power Flows;2024;9;485;485;485;DK;GB;Monthly Value;Export;Harmonized;M;M
Physical Energy & Power Flows;2024;9;148;148;148;DK;GB;Monthly Value;Import;Harmonized;M;M
Physical Energy & Power Flows;2024;10;609;609;609;DK;GB;Monthly Value;Export;Harmonized;M;M
Physical Energy & Power Flows;2024;10;89;89;89;DK;GB;Monthly Value;Import;Harmonized;M;M
Physical Energy & Power Flows;2024;11;456;456;456;DK;GB;Monthly Value;Export;Harmonized;M;M
Physical Energy & Power Flows;2024;11;107;107;107;DK;GB;Monthly Value;Import;Harmonized;M;M
Physical Energy & Power Flows;2024;12;580;580;580;DK;GB;Monthly Value;Export;Harmonized;M;M
Physical Energy & Power Flows;2024;12;114;114;114;DK;GB;Monthly Value;Import;Harmonized;M;M
Physical Energy & Power Flows;2024;1;112;112;112;DK;NL;Monthly Value;Export;Harmonized;M;M
Physical Energy & Power Flows;2024;1;122;122;122;DK;NL;Monthly Value;Import;Harmonized;M;M
Physical Energy & Power Flows;2024;2;268;268;268;DK;NL;Monthly Value;Export;Harmonized;M;M
Physical Energy & Power Flows;2024;2;98;98;98;DK;NL;Monthly Value;Import;Harmonized;M;M
Physical Energy & Power Flows;2024;3;211;211;211;DK;NL;Monthly Value;Export;Harmonized;M;M
Physical Energy & Power Flows;2024;3;164;164;164;DK;NL;Monthly Value;Import;Harmonized;M;M
Physical Energy & Power Flows;2024;4;113;113;113;DK;NL;Monthly Value;Export;Harmonized;M;M
Physical Energy & Power Flows;2024;4;227;227;227;DK;NL;Monthly Value;Import;Harmonized;M;M
Physical Energy & Power Flows;2024;5;201;201;201;DK;NL;Monthly Value;Export;Harmonized;M;M
Physical Energy & Power Flows;2024;5;139;139;139;DK;NL;Monthly Value;Import;Harmonized;M;M
Physical Energy & Power Flows;2024;6;200;200;200;DK;NL;Monthly Value;Export;Harmonized;M;M
Physical Energy & Power Flows;2024;6;142;142;142;DK;NL;Monthly Value;Import;Harmonized;M;M
Physical Energy & Power Flows;2024;7;166;166;166;DK;NL;Monthly Value;Export;Harmonized;M;M
Physical Energy & Power Flows;2024;7;158;158;158;DK;NL;Monthly Value;Import;Harmonized;M;M
Physical Energy & Power Flows;2024;8;182;182;182;DK;NL;Monthly Value;Export;Harmonized;M;M
Physical Energy & Power Flows;2024;8;198;198;198;DK;NL;Monthly Value;Import;Harmonized;M;M
Physical Energy & Power Flows;2024;9;175;175;175;DK;NL;Monthly Value;Export;Harmonized;M;M
Physical Energy & Power Flows;2024;9;129;129;129;DK;NL;Monthly Value;Import;Harmonized;M;M
Physical Energy & Power Flows;2024;10;207;207;207;DK;NL;Monthly Value;Export;Harmonized;M;M
Physical Energy & Power Flows;2024;10;101;101;101;DK;NL;Monthly Value;Import;Harmonized;M;M
Physical Energy & Power Flows;2024;11;199;199;199;DK;NL;Monthly Value;Export;Harmonized;M;M
Physical Energy & Power Flows;2024;11;131;131;131;DK;NL;Monthly Value;Import;Harmonized;M;M
Physical Energy & Power Flows;2024;12;275;275;275;DK;NL;Monthly Value;Export;Harmonized;M;M
Physical Energy & Power Flows;2024;12;102;102;102;DK;NL;Monthly Value;Import;Harmonized;M;M
Physical Energy & Power Flows;2024;1;408;408;408;DK;NO;Monthly Value;Export;Harmonized;M;M
Physical Energy & Power Flows;2024;1;318;318;318;DK;NO;Monthly Value;Import;Harmonized;M;M
Physical Energy & Power Flows;2024;2;239;239;239;DK;NO;Monthly Value;Export;Harmonized;M;M
Physical Energy & Power Flows;2024;2;431;431;431;DK;NO;Monthly Value;Import;Harmonized;M;M
Physical Energy & Power Flows;2024;3;204;204;204;DK;NO;Monthly Value;Export;Harmonized;M;M
Physical Energy & Power Flows;2024;3;622;622;622;DK;NO;Monthly Value;Import;Harmonized;M;M
Physical Energy & Power Flows;2024;4;227;227;227;DK;NO;Monthly Value;Export;Harmonized;M;M
Physical Energy & Power Flows;2024;4;339;339;339;DK;NO;Monthly Value;Import;Harmonized;M;M
Physical Energy & Power Flows;2024;5;94;94;94;DK;NO;Monthly Value;Export;Harmonized;M;M
Physical Energy & Power Flows;2024;5;734;734;734;DK;NO;Monthly Value;Import;Harmonized;M;M
Physical Energy & Power Flows;2024;6;70;70;70;DK;NO;Monthly Value;Export;Harmonized;M;M
Physical Energy & Power Flows;2024;6;782;782;782;DK;NO;Monthly Value;Import;Harmonized;M;M
Physical Energy & Power Flows;2024;7;93;93;93;DK;NO;Monthly Value;Export;Harmonized;M;M
Physical Energy & Power Flows;2024;7;842;842;842;DK;NO;Monthly Value;Import;Harmonized;M;M
Physical Energy & Power Flows;2024;8;70;70;70;DK;NO;Monthly Value;Export;Harmonized;M;M
Physical Energy & Power Flows;2024;8;861;861;861;DK;NO;Monthly Value;Import;Harmonized;M;M
Physical Energy & Power Flows;2024;9;48;48;48;DK;NO;Monthly Value;Export;Harmonized;M;M
Physical Energy & Power Flows;2024;9;845;845;845;DK;NO;Monthly Value;Import;Harmonized;M;M
Physical Energy & Power Flows;2024;10;61;61;61;DK;NO;Monthly Value;Export;Harmonized;M;M
Physical Energy & Power Flows;2024;10;792;792;792;DK;NO;Monthly Value;Import;Harmonized;M;M
Physical Energy & Power Flows;2024;11;57;57;57;DK;NO;Monthly Value;Export;Harmonized;M;M
Physical Energy & Power Flows;2024;11;783;783;783;DK;NO;Monthly Value;Import;Harmonized;M;M
Physical Energy & Power Flows;2024;12;76;76;76;DK;NO;Monthly Value;Export;Harmonized;M;M
Physical Energy & Power Flows;2024;12;768;768;768;DK;NO;Monthly Value;Import;Harmonized;M;M
Physical Energy & Power Flows;2024;1;362;362;362;DK;SE;Monthly Value;Export;Harmonized;M;M
Physical Energy & Power Flows;2024;1;448;448;448;DK;SE;Monthly Value;Import;Harmonized;M;M
Physical Energy & Power Flows;2024;2;152;152;152;DK;SE;Monthly Value;Export;Harmonized;M;M
Physical Energy & Power Flows;2024;2;688;688;688;DK;SE;Monthly Value;Import;Harmonized;M;M
Physical Energy & Power Flows;2024;3;124;124;124;DK;SE;Monthly Value;Export;Harmonized;M;M
Physical Energy & Power Flows;2024;3;833;833;833;DK;SE;Monthly Value;Import;Harmonized;M;M
Physical Energy & Power Flows;2024;4;122;122;122;DK;SE;Monthly Value;Export;Harmonized;M;M
Physical Energy & Power Flows;2024;4;537;537;537;DK;SE;Monthly Value;Import;Harmonized;M;M
Physical Energy & Power Flows;2024;5;39;39;39;DK;SE;Monthly Value;Export;Harmonized;M;M
Physical Energy & Power Flows;2024;5;884;884;884;DK;SE;Monthly Value;Import;Harmonized;M;M
Physical Energy & Power Flows;2024;6;59;59;59;DK;SE;Monthly Value;Export;Harmonized;M;M
Physical Energy & Power Flows;2024;6;804;804;804;DK;SE;Monthly Value;Import;Harmonized;M;M
Physical Energy & Power Flows;2024;7;69;69;69;DK;SE;Monthly Value;Export;Harmonized;M;M
Physical Energy & Power Flows;2024;7;977;977;977;DK;SE;Monthly Value;Import;Harmonized;M;M
Physical Energy & Power Flows;2024;8;29;29;29;DK;SE;Monthly Value;Export;Harmonized;M;M
Physical Energy & Power Flows;2024;8;896;896;896;DK;SE;Monthly Value;Import;Harmonized;M;M
Physical Energy & Power Flows;2024;9;38;38;38;DK;SE;Monthly Value;Export;Harmonized;M;M
Physical Energy & Power Flows;2024;9;888;888;888;DK;SE;Monthly Value;Import;Harmonized;M;M
Physical Energy & Power Flows;2024;10;6;6;6;DK;SE;Monthly Value;Export;Harmonized;M;M
Physical Energy & Power Flows;2024;10;1087;1087;1087;DK;SE;Monthly Value;Import;Harmonized;M;M
Physical Energy & Power Flows;2024;11;37;37;37;DK;SE;Monthly Value;Export;Harmonized;M;M
Physical Energy & Power Flows;2024;11;988;988;988;DK;SE;Monthly Value;Import;Harmonized;M;M
Physical Energy & Power Flows;2024;12;11;11;11;DK;SE;Monthly Value;Export;Harmonized;M;M
Physical Energy & Power Flows;2024;12;1113;1113;1113;DK;SE;Monthly Value;Import;Harmonized;M;M
Physical Energy & Power Flows;2024;1;85;85;85;EE;FI;Monthly Value;Export;Harmonized;M;M
Physical Energy & Power Flows;2024;1;324;324;324;EE;FI;Monthly Value;Import;Harmonized;M;M
Physical Energy & Power Flows;2024;2;24;24;24;EE;FI;Monthly Value;Export;Harmonized;M;M
Physical Energy & Power Flows;2024;2;185;185;185;EE;FI;Monthly Value;Import;Harmonized;M;M
Physical Energy & Power Flows;2024;3;54;54;54;EE;FI;Monthly Value;Export;Harmonized;M;M
Physical Energy & Power Flows;2024;3;138;138;138;EE;FI;Monthly Value;Import;Harmonized;M;M
Physical Energy & Power Flows;2024;4;31;31;31;EE;FI;Monthly Value;Export;Harmonized;M;M
Physical Energy & Power Flows;2024;4;174;174;174;EE;FI;Monthly Value;Import;Harmonized;M;M
Physical Energy & Power Flows;2024;5;37;37;37;EE;FI;Monthly Value;Export;Harmonized;M;M
Physical Energy & Power Flows;2024;5;189;189;189;EE;FI;Monthly Value;Import;Harmonized;M;M
Physical Energy & Power Flows;2024;6;6;6;6;EE;FI;Monthly Value;Export;Harmonized;M;M
Physical Energy & Power Flows;2024;6;214;214;214;EE;FI;Monthly Value;Import;Harmonized;M;M
Physical Energy & Power Flows;2024;7;255;255;255;EE;FI;Monthly Value;Import;Harmonized;M;M
Physical Energy & Power Flows;2024;8;0;0;0;EE;FI;Monthly Value;Export;Harmonized;M;M
Physical Energy & Power Flows;2024;8;241;241;241;EE;FI;Monthly Value;Import;Harmonized;M;M
Physical Energy & Power Flows;2024;9;33;33;33;EE;FI;Monthly Value;Export;Harmonized;M;M
Physical Energy & Power Flows;2024;9;402;402;402;EE;FI;Monthly Value;Import;Harmonized;M;M
Physical Energy & Power Flows;2024;10;1;1;1;EE;FI;Monthly Value;Export;Harmonized;M;M
Physical Energy & Power Flows;2024;10;666;666;666;EE;FI;Monthly Value;Import;Harmonized;M;M
Physical Energy & Power Flows;2024;11;4;4;4;EE;FI;Monthly Value;Export;Harmonized;M;M
Physical Energy & Power Flows;2024;11;614;614;614;EE;FI;Monthly Value;Import;Harmonized;M;M
Physical Energy & Power Flows;2024;12;2;2;2;EE;FI;Monthly Value;Export;Harmonized;M;M
Physical Energy & Power Flows;2024;12;515;515;515;EE;FI;Monthly Value;Import;Harmonized;M;M
Physical Energy & Power Flows;2024;1;32;32;32;EE;LV;Monthly Value;Export;Harmonized;M;M
Physical Energy & Power Flows;2024;1;194;194;194;EE;LV;Monthly Value;Import;Harmonized;M;M
Physical Energy & Power Flows;2024;2;0;0;0;EE;LV;Monthly Value;Export;Harmonized;M;M
Physical Energy & Power Flows;2024;2;219;219;219;EE;LV;Monthly Value;Import;Harmonized;M;M
Physical Energy & Power Flows;2024;3;0;0;0;EE;LV;Monthly Value;Export;Harmonized;M;M
Physical Energy & Power Flows;2024;3;251;251;251;EE;LV;Monthly Value;Import;Harmonized;M;M
Physical Energy & Power Flows;2024;4;2;2;2;EE;LV;Monthly Value;Export;Harmonized;M;M
Physical Energy & Power Flows;2024;4;125;125;125;EE;LV;Monthly Value;Import;Harmonized;M;M
Physical Energy & Power Flows;2024;5;77;77;77;EE;LV;Monthly Value;Export;Harmonized;M;M
Physical Energy & Power Flows;2024;5;35;35;35;EE;LV;Monthly Value;Import;Harmonized;M;M
Physical Energy & Power Flows;2024;6;109;109;109;EE;LV;Monthly Value;Export;Harmonized;M;M
Physical Energy & Power Flows;2024;6;11;11;11;EE;LV;Monthly Value;Import;Harmonized;M;M
Physical Energy & Power Flows;2024;7;156;156;156;EE;LV;Monthly Value;Export;Harmonized;M;M
Physical Energy & Power Flows;2024;7;1;1;1;EE;LV;Monthly Value;Import;Harmonized;M;M
Physical Energy & Power Flows;2024;8;121;121;121;EE;LV;Monthly Value;Export;Harmonized;M;M
Physical Energy & Power Flows;2024;8;4;4;4;EE;LV;Monthly Value;Import;Harmonized;M;M
Physical Energy & Power Flows;2024;9;181;181;181;EE;LV;Monthly Value;Export;Harmonized;M;M
Physical Energy & Power Flows;2024;9;22;22;22;EE;LV;Monthly Value;Import;Harmonized;M;M
Physical Energy & Power Flows;2024;10;250;250;250;EE;LV;Monthly Value;Export;Harmonized;M;M
Physical Energy & Power Flows;2024;10;2;2;2;EE;LV;Monthly Value;Import;Harmonized;M;M
Physical Energy & Power Flows;2024;11;230;230;230;EE;LV;Monthly Value;Export;Harmonized;M;M
Physical Energy & Power Flows;2024;11;19;19;19;EE;LV;Monthly Value;Import;Harmonized;M;M
Physical Energy & Power Flows;2024;12;210;210;210;EE;LV;Monthly Value;Export;Harmonized;M;M
Physical Energy & Power Flows;2024;12;14;14;14;EE;LV;Monthly Value;Import;Harmonized;M;M
Physical Energy & Power Flows;2024;1;107;107;107;EE;RU;Monthly Value;Export;Harmonized;M;NaM
Physical Energy & Power Flows;2024;1;48;48;48;EE;RU;Monthly Value;Import;Harmonized;M;NaM
Physical Energy & Power Flows;2024;2;50;50;50;EE;RU;Monthly Value;Export;Harmonized;M;NaM
Physical Energy & Power Flows;2024;2;25;25;25;EE;RU;Monthly Value;Import;Harmonized;M;NaM
Physical Energy & Power Flows;2024;3;50;50;50;EE;RU;Monthly Value;Export;Harmonized;M;NaM
Physical Energy & Power Flows;2024;3;27;27;27;EE;RU;Monthly Value;Import;Harmonized;M;NaM
Physical Energy & Power Flows;2024;4;22;22;22;EE;RU;Monthly Value;Export;Harmonized;M;NaM
Physical Energy & Power Flows;2024;4;48;48;48;EE;RU;Monthly Value;Import;Harmonized;M;NaM
Physical Energy & Power Flows;2024;5;19;19;19;EE;RU;Monthly Value;Export;Harmonized;M;NaM
Physical Energy & Power Flows;2024;5;44;44;44;EE;RU;Monthly Value;Import;Harmonized;M;NaM
Physical Energy & Power Flows;2024;6;26;26;26;EE;RU;Monthly Value;Export;Harmonized;M;NaM
Physical Energy & Power Flows;2024;6;24;24;24;EE;RU;Monthly Value;Import;Harmonized;M;NaM
Physical Energy & Power Flows;2024;7;4;4;4;EE;RU;Monthly Value;Export;Harmonized;M;NaM
Physical Energy & Power Flows;2024;7;63;63;63;EE;RU;Monthly Value;Import;Harmonized;M;NaM
Physical Energy & Power Flows;2024;8;1;1;1;EE;RU;Monthly Value;Export;Harmonized;M;NaM
Physical Energy & Power Flows;2024;8;86;86;86;EE;RU;Monthly Value;Import;Harmonized;M;NaM
Physical Energy & Power Flows;2024;9;84;84;84;EE;RU;Monthly Value;Export;Harmonized;M;NaM
Physical Energy & Power Flows;2024;9;25;25;25;EE;RU;Monthly Value;Import;Harmonized;M;NaM
Physical Energy & Power Flows;2024;10;181;181;181;EE;RU;Monthly Value;Export;Harmonized;M;NaM
Physical Energy & Power Flows;2024;10;1;1;1;EE;RU;Monthly Value;Import;Harmonized;M;NaM
Physical Energy & Power Flows;2024;11;100;100;100;EE;RU;Monthly Value;Export;Harmonized;M;NaM
Physical Energy & Power Flows;2024;11;6;6;6;EE;RU;Monthly Value;Import;Harmonized;M;NaM
Physical Energy & Power Flows;2024;12;48;48;48;EE;RU;Monthly Value;Export;Harmonized;M;NaM
Physical Energy & Power Flows;2024;12;31;31;31;EE;RU;Monthly Value;Import;Harmonized;M;NaM
Physical Energy & Power Flows;2024;1;726;726;726;ES;FR;Monthly Value;Export;Harmonized;M;M
Physical Energy & Power Flows;2024;1;559;559;559;ES;FR;Monthly Value;Import;Harmonized;M;M
Physical Energy & Power Flows;2024;2;1226;1226;1226;ES;FR;Monthly Value;Export;Harmonized;M;M
Physical Energy & Power Flows;2024;2;312;312;312;ES;FR;Monthly Value;Import;Harmonized;M;M
Physical Energy & Power Flows;2024;3;1127;1127;1127;ES;FR;Monthly Value;Export;Harmonized;M;M
Physical Energy & Power Flows;2024;3;57;57;57;ES;FR;Monthly Value;Import;Harmonized;M;M
Physical Energy & Power Flows;2024;4;1079;1079;1079;ES;FR;Monthly Value;Export;Harmonized;M;M
Physical Energy & Power Flows;2024;4;192;192;192;ES;FR;Monthly Value;Import;Harmonized;M;M
Physical Energy & Power Flows;2024;5;456;456;456;ES;FR;Monthly Value;Export;Harmonized;M;M
Physical Energy & Power Flows;2024;5;904;904;904;ES;FR;Monthly Value;Import;Harmonized;M;M
Physical Energy & Power Flows;2024;6;254;254;254;ES;FR;Monthly Value;Export;Harmonized;M;M
Physical Energy & Power Flows;2024;6;805;805;805;ES;FR;Monthly Value;Import;Harmonized;M;M
Physical Energy & Power Flows;2024;7;139;139;139;ES;FR;Monthly Value;Export;Harmonized;M;M
Physical Energy & Power Flows;2024;7;1172;1172;1172;ES;FR;Monthly Value;Import;Harmonized;M;M
Physical Energy & Power Flows;2024;8;82;82;82;ES;FR;Monthly Value;Export;Harmonized;M;M
Physical Energy & Power Flows;2024;8;1463;1463;1463;ES;FR;Monthly Value;Import;Harmonized;M;M
Physical Energy & Power Flows;2024;9;176;176;176;ES;FR;Monthly Value;Export;Harmonized;M;M
Physical Energy & Power Flows;2024;9;814;814;814;ES;FR;Monthly Value;Import;Harmonized;M;M
Physical Energy & Power Flows;2024;10;329;329;329;ES;FR;Monthly Value;Export;Harmonized;M;M
Physical Energy & Power Flows;2024;10;697;697;697;ES;FR;Monthly Value;Import;Harmonized;M;M
Physical Energy & Power Flows;2024;11;285;285;285;ES;FR;Monthly Value;Export;Harmonized;M;M
Physical Energy & Power Flows;2024;11;944;944;944;ES;FR;Monthly Value;Import;Harmonized;M;M
Physical Energy & Power Flows;2024;12;342;342;342;ES;FR;Monthly Value;Export;Harmonized;M;M
Physical Energy & Power Flows;2024;12;1243;1243;1243;ES;FR;Monthly Value;Import;Harmonized;M;M
Physical Energy & Power Flows;2024;1;687;687;687;ES;PT;Monthly Value;Export;Harmonized;M;M
Physical Energy & Power Flows;2024;1;436;436;436;ES;PT;Monthly Value;Import;Harmonized;M;M
Physical Energy & Power Flows;2024;2;533;533;533;ES;PT;Monthly Value;Export;Harmonized;M;M
Physical Energy & Power Flows;2024;2;430;430;430;ES;PT;Monthly Value;Import;Harmonized;M;M
Physical Energy & Power Flows;2024;3;297;297;297;ES;PT;Monthly Value;Export;Harmonized;M;M
Physical Energy & Power Flows;2024;3;798;798;798;ES;PT;Monthly Value;Import;Harmonized;M;M
Physical Energy & Power Flows;2024;4;579;579;579;ES;PT;Monthly Value;Export;Harmonized;M;M
Physical Energy & Power Flows;2024;4;549;549;549;ES;PT;Monthly Value;Import;Harmonized;M;M
Physical Energy & Power Flows;2024;5;1203;1203;1203;ES;PT;Monthly Value;Export;Harmonized;M;M
Physical Energy & Power Flows;2024;5;64;64;64;ES;PT;Monthly Value;Import;Harmonized;M;M
Physical Energy & Power Flows;2024;6;1576;1576;1576;ES;PT;Monthly Value;Export;Harmonized;M;M
Physical Energy & Power Flows;2024;6;4;4;4;ES;PT;Monthly Value;Import;Harmonized;M;M
Physical Energy & Power Flows;2024;7;1677;1677;1677;ES;PT;Monthly Value;Export;Harmonized;M;M
Physical Energy & Power Flows;2024;7;3;3;3;ES;PT;Monthly Value;Import;Harmonized;M;M
Physical Energy & Power Flows;2024;8;1496;1496;1496;ES;PT;Monthly Value;Export;Harmonized;M;M
Physical Energy & Power Flows;2024;8;1;1;1;ES;PT;Monthly Value;Import;Harmonized;M;M
Physical Energy & Power Flows;2024;9;1450;1450;1450;ES;PT;Monthly Value;Export;Harmonized;M;M
Physical Energy & Power Flows;2024;9;12;12;12;ES;PT;Monthly Value;Import;Harmonized;M;M
Physical Energy & Power Flows;2024;10;1085;1085;1085;ES;PT;Monthly Value;Export;Harmonized;M;M
Physical Energy & Power Flows;2024;10;99;99;99;ES;PT;Monthly Value;Import;Harmonized;M;M
Physical Energy & Power Flows;2024;11;937;937;937;ES;PT;Monthly Value;Export;Harmonized;M;M
Physical Energy & Power Flows;2024;11;132;132;132;ES;PT;Monthly Value;Import;Harmonized;M;M
Physical Energy & Power Flows;2024;12;1531;1531;1531;ES;PT;Monthly Value;Export;Harmonized;M;M
Physical Energy & Power Flows;2024;12;31;31;31;ES;PT;Monthly Value;Import;Harmonized;M;M
Physical Energy & Power Flows;2024;1;324;324;324;FI;EE;Monthly Value;Export;Harmonized;M;M
Physical Energy & Power Flows;2024;1;85;85;85;FI;EE;Monthly Value;Import;Harmonized;M;M
Physical Energy & Power Flows;2024;2;185;185;185;FI;EE;Monthly Value;Export;Harmonized;M;M
Physical Energy & Power Flows;2024;2;24;24;24;FI;EE;Monthly Value;Import;Harmonized;M;M
Physical Energy & Power Flows;2024;3;138;138;138;FI;EE;Monthly Value;Export;Harmonized;M;M
Physical Energy & Power Flows;2024;3;54;54;54;FI;EE;Monthly Value;Import;Harmonized;M;M
Physical Energy & Power Flows;2024;4;174;174;174;FI;EE;Monthly Value;Export;Harmonized;M;M
Physical Energy & Power Flows;2024;4;31;31;31;FI;EE;Monthly Value;Import;Harmonized;M;M
Physical Energy & Power Flows;2024;5;189;189;189;FI;EE;Monthly Value;Export;Harmonized;M;M
Physical Energy & Power Flows;2024;5;37;37;37;FI;EE;Monthly Value;Import;Harmonized;M;M
Physical Energy & Power Flows;2024;6;214;214;214;FI;EE;Monthly Value;Export;Harmonized;M;M
Physical Energy & Power Flows;2024;6;6;6;6;FI;EE;Monthly Value;Import;Harmonized;M;M
Physical Energy & Power Flows;2024;7;255;255;255;FI;EE;Monthly Value;Export;Harmonized;M;M
Physical Energy & Power Flows;2024;8;241;241;241;FI;EE;Monthly Value;Export;Harmonized;M;M
Physical Energy & Power Flows;2024;8;0;0;0;FI;EE;Monthly Value;Import;Harmonized;M;M
Physical Energy & Power Flows;2024;9;402;402;402;FI;EE;Monthly Value;Export;Harmonized;M;M
Physical Energy & Power Flows;2024;9;33;33;33;FI;EE;Monthly Value;Import;Harmonized;M;M
Physical Energy & Power Flows;2024;10;666;666;666;FI;EE;Monthly Value;Export;Harmonized;M;M
Physical Energy & Power Flows;2024;10;1;1;1;FI;EE;Monthly Value;Import;Harmonized;M;M
Physical Energy & Power Flows;2024;11;614;614;614;FI;EE;Monthly Value;Export;Harmonized;M;M
Physical Energy & Power Flows;2024;11;4;4;4;FI;EE;Monthly Value;Import;Harmonized;M;M
Physical Energy & Power Flows;2024;12;515;515;515;FI;EE;Monthly Value;Export;Harmonized;M;M
Physical Energy & Power Flows;2024;12;2;2;2;FI;EE;Monthly Value;Import;Harmonized;M;M
Physical Energy & Power Flows;2024;1;4;4;4;FI;NO;Monthly Value;Export;Harmonized;M;M
Physical Energy & Power Flows;2024;1;26;26;26;FI;NO;Monthly Value;Import;Harmonized;M;M
Physical Energy & Power Flows;2024;2;2;2;2;FI;NO;Monthly Value;Export;Harmonized;M;M
Physical Energy & Power Flows;2024;2;23;23;23;FI;NO;Monthly Value;Import;Harmonized;M;M
Physical Energy & Power Flows;2024;3;1;1;1;FI;NO;Monthly Value;Export;Harmonized;M;M
Physical Energy & Power Flows;2024;3;26;26;26;FI;NO;Monthly Value;Import;Harmonized;M;M
Physical Energy & Power Flows;2024;4;6;6;6;FI;NO;Monthly Value;Export;Harmonized;M;M
Physical Energy & Power Flows;2024;4;4;4;4;FI;NO;Monthly Value;Import;Harmonized;M;M
Physical Energy & Power Flows;2024;5;3;3;3;FI;NO;Monthly Value;Export;Harmonized;M;M
Physical Energy & Power Flows;2024;5;18;18;18;FI;NO;Monthly Value;Import;Harmonized;M;M
Physical Energy & Power Flows;2024;6;0;0;0;FI;NO;Monthly Value;Export;Harmonized;M;M
Physical Energy & Power Flows;2024;6;4;4;4;FI;NO;Monthly Value;Import;Harmonized;M;M
Physical Energy & Power Flows;2024;7;0;0;0;FI;NO;Monthly Value;Export;Harmonized;M;M
Physical Energy & Power Flows;2024;7;12;12;12;FI;NO;Monthly Value;Import;Harmonized;M;M
Physical Energy & Power Flows;2024;8;1;1;1;FI;NO;Monthly Value;Export;Harmonized;M;M
Physical Energy & Power Flows;2024;8;33;33;33;FI;NO;Monthly Value;Import;Harmonized;M;M
Physical Energy & Power Flows;2024;9;1;1;1;FI;NO;Monthly Value;Export;Harmonized;M;M
Physical Energy & Power Flows;2024;9;40;40;40;FI;NO;Monthly Value;Import;Harmonized;M;M
Physical Energy & Power Flows;2024;10;3;3;3;FI;NO;Monthly Value;Export;Harmonized;M;M
Physical Energy & Power Flows;2024;10;18;18;18;FI;NO;Monthly Value;Import;Harmonized;M;M
Physical Energy & Power Flows;2024;11;3;3;3;FI;NO;Monthly Value;Export;Harmonized;M;M
Physical Energy & Power Flows;2024;11;30;30;30;FI;NO;Monthly Value;Import;Harmonized;M;M
Physical Energy & Power Flows;2024;12;6;6;6;FI;NO;Monthly Value;Export;Harmonized;M;M
Physical Energy & Power Flows;2024;12;23;23;23;FI;NO;Monthly Value;Import;Harmonized;M;M
Physical Energy & Power Flows;2024;1;0;0;0;FI;RU;Monthly Value;Import;Harmonized;M;NaM
Physical Energy & Power Flows;2024;2;0;0;0;FI;RU;Monthly Value;Import;Harmonized;M;NaM
Physical Energy & Power Flows;2024;3;0;0;0;FI;RU;Monthly Value;Import;Harmonized;M;NaM
Physical Energy & Power Flows;2024;4;0;0;0;FI;RU;Monthly Value;Import;Harmonized;M;NaM
Physical Energy & Power Flows;2024;5;0;0;0;FI;RU;Monthly Value;Import;Harmonized;M;NaM
Physical Energy & Power Flows;2024;6;0;0;0;FI;RU;Monthly Value;Import;Harmonized;M;NaM
Physical Energy & Power Flows;2024;7;0;0;0;FI;RU;Monthly Value;Import;Harmonized;M;NaM
Physical Energy & Power Flows;2024;8;0;0;0;FI;RU;Monthly Value;Import;Harmonized;M;NaM
Physical Energy & Power Flows;2024;9;0;0;0;FI;RU;Monthly Value;Import;Harmonized;M;NaM
Physical Energy & Power Flows;2024;10;0;0;0;FI;RU;Monthly Value;Import;Harmonized;M;NaM
Physical Energy & Power Flows;2024;11;0;0;0;FI;RU;Monthly Value;Import;Harmonized;M;NaM
Physical Energy & Power Flows;2024;12;0;0;0;FI;RU;Monthly Value;Import;Harmonized;M;NaM
Physical Energy & Power Flows;2024;1;95;95;95;FI;SE;Monthly Value;Export;Harmonized;M;M
Physical Energy & Power Flows;2024;1;933;933;933;FI;SE;Monthly Value;Import;Harmonized;M;M
Physical Energy & Power Flows;2024;2;187;187;187;FI;SE;Monthly Value;Export;Harmonized;M;M
Physical Energy & Power Flows;2024;2;704;704;704;FI;SE;Monthly Value;Import;Harmonized;M;M
Physical Energy & Power Flows;2024;3;57;57;57;FI;SE;Monthly Value;Export;Harmonized;M;M
Physical Energy & Power Flows;2024;3;1147;1147;1147;FI;SE;Monthly Value;Import;Harmonized;M;M
Physical Energy & Power Flows;2024;4;24;24;24;FI;SE;Monthly Value;Export;Harmonized;M;M
Physical Energy & Power Flows;2024;4;944;944;944;FI;SE;Monthly Value;Import;Harmonized;M;M
Physical Energy & Power Flows;2024;5;75;75;75;FI;SE;Monthly Value;Export;Harmonized;M;M
Physical Energy & Power Flows;2024;5;776;776;776;FI;SE;Monthly Value;Import;Harmonized;M;M
Physical Energy & Power Flows;2024;6;197;197;197;FI;SE;Monthly Value;Export;Harmonized;M;M
Physical Energy & Power Flows;2024;6;382;382;382;FI;SE;Monthly Value;Import;Harmonized;M;M
Physical Energy & Power Flows;2024;7;256;256;256;FI;SE;Monthly Value;Export;Harmonized;M;M
Physical Energy & Power Flows;2024;7;281;281;281;FI;SE;Monthly Value;Import;Harmonized;M;M
Physical Energy & Power Flows;2024;8;109;109;109;FI;SE;Monthly Value;Export;Harmonized;M;M
Physical Energy & Power Flows;2024;8;666;666;666;FI;SE;Monthly Value;Import;Harmonized;M;M
Physical Energy & Power Flows;2024;9;18;18;18;FI;SE;Monthly Value;Export;Harmonized;M;M
Physical Energy & Power Flows;2024;9;507;507;507;FI;SE;Monthly Value;Import;Harmonized;M;M
Physical Energy & Power Flows;2024;10;98;98;98;FI;SE;Monthly Value;Export;Harmonized;M;M
Physical Energy & Power Flows;2024;10;496;496;496;FI;SE;Monthly Value;Import;Harmonized;M;M
Physical Energy & Power Flows;2024;11;130;130;130;FI;SE;Monthly Value;Export;Harmonized;M;M
Physical Energy & Power Flows;2024;11;635;635;635;FI;SE;Monthly Value;Import;Harmonized;M;M
Physical Energy & Power Flows;2024;12;245;245;245;FI;SE;Monthly Value;Export;Harmonized;M;M
Physical Energy & Power Flows;2024;12;618;618;618;FI;SE;Monthly Value;Import;Harmonized;M;M
Physical Energy & Power Flows;2024;1;714;714;714;FR;BE;Monthly Value;Export;Harmonized;M;M
Physical Energy & Power Flows;2024;1;457;457;457;FR;BE;Monthly Value;Import;Harmonized;M;M
Physical Energy & Power Flows;2024;2;964;964;964;FR;BE;Monthly Value;Export;Harmonized;M;M
Physical Energy & Power Flows;2024;2;213;213;213;FR;BE;Monthly Value;Import;Harmonized;M;M
Physical Energy & Power Flows;2024;3;1127;1127;1127;FR;BE;Monthly Value;Export;Harmonized;M;M
Physical Energy & Power Flows;2024;3;99;99;99;FR;BE;Monthly Value;Import;Harmonized;M;M
Physical Energy & Power Flows;2024;4;1120;1120;1120;FR;BE;Monthly Value;Export;Harmonized;M;M
Physical Energy & Power Flows;2024;4;156;156;156;FR;BE;Monthly Value;Import;Harmonized;M;M
Physical Energy & Power Flows;2024;5;2013;2013;2013;FR;BE;Monthly Value;Export;Harmonized;M;M
Physical Energy & Power Flows;2024;5;80;80;80;FR;BE;Monthly Value;Import;Harmonized;M;M
Physical Energy & Power Flows;2024;6;1493;1493;1493;FR;BE;Monthly Value;Export;Harmonized;M;M
Physical Energy & Power Flows;2024;6;94;94;94;FR;BE;Monthly Value;Import;Harmonized;M;M
Physical Energy & Power Flows;2024;7;1263;1263;1263;FR;BE;Monthly Value;Export;Harmonized;M;M
Physical Energy & Power Flows;2024;7;173;173;173;FR;BE;Monthly Value;Import;Harmonized;M;M
Physical Energy & Power Flows;2024;8;1152;1152;1152;FR;BE;Monthly Value;Export;Harmonized;M;M
Physical Energy & Power Flows;2024;8;133;133;133;FR;BE;Monthly Value;Import;Harmonized;M;M
Physical Energy & Power Flows;2024;9;1610;1610;1610;FR;BE;Monthly Value;Export;Harmonized;M;M
Physical Energy & Power Flows;2024;9;48;48;48;FR;BE;Monthly Value;Import;Harmonized;M;M
Physical Energy & Power Flows;2024;10;1891;1891;1891;FR;BE;Monthly Value;Export;Harmonized;M;M
Physical Energy & Power Flows;2024;10;45;45;45;FR;BE;Monthly Value;Import;Harmonized;M;M
Physical Energy & Power Flows;2024;11;724;724;724;FR;BE;Monthly Value;Export;Harmonized;M;M
Physical Energy & Power Flows;2024;11;141;141;141;FR;BE;Monthly Value;Import;Harmonized;M;M
Physical Energy & Power Flows;2024;12;467;467;467;FR;BE;Monthly Value;Export;Harmonized;M;M
Physical Energy & Power Flows;2024;12;338;338;338;FR;BE;Monthly Value;Import;Harmonized;M;M
Physical Energy & Power Flows;2024;1;1273;1273;1273;FR;CH;Monthly Value;Export;Harmonized;M;M
Physical Energy & Power Flows;2024;1;100;100;100;FR;CH;Monthly Value;Import;Harmonized;M;M
Physical Energy & Power Flows;2024;2;1520;1520;1520;FR;CH;Monthly Value;Export;Harmonized;M;M
Physical Energy & Power Flows;2024;2;8;8;8;FR;CH;Monthly Value;Import;Harmonized;M;M
Physical Energy & Power Flows;2024;3;1457;1457;1457;FR;CH;Monthly Value;Export;Harmonized;M;M
Physical Energy & Power Flows;2024;3;16;16;16;FR;CH;Monthly Value;Import;Harmonized;M;M
Physical Energy & Power Flows;2024;4;1071;1071;1071;FR;CH;Monthly Value;Export;Harmonized;M;M
Physical Energy & Power Flows;2024;4;72;72;72;FR;CH;Monthly Value;Import;Harmonized;M;M
Physical Energy & Power Flows;2024;5;1223;1223;1223;FR;CH;Monthly Value;Export;Harmonized;M;M
Physical Energy & Power Flows;2024;5;43;43;43;FR;CH;Monthly Value;Import;Harmonized;M;M
Physical Energy & Power Flows;2024;6;884;884;884;FR;CH;Monthly Value;Export;Harmonized;M;M
Physical Energy & Power Flows;2024;6;46;46;46;FR;CH;Monthly Value;Import;Harmonized;M;M
Physical Energy & Power Flows;2024;7;352;352;352;FR;CH;Monthly Value;Export;Harmonized;M;M
Physical Energy & Power Flows;2024;7;192;192;192;FR;CH;Monthly Value;Import;Harmonized;M;M
Physical Energy & Power Flows;2024;8;368;368;368;FR;CH;Monthly Value;Export;Harmonized;M;M
Physical Energy & Power Flows;2024;8;189;189;189;FR;CH;Monthly Value;Import;Harmonized;M;M
Physical Energy & Power Flows;2024;9;956;956;956;FR;CH;Monthly Value;Export;Harmonized;M;M
Physical Energy & Power Flows;2024;9;70;70;70;FR;CH;Monthly Value;Import;Harmonized;M;M
Physical Energy & Power Flows;2024;10;1027;1027;1027;FR;CH;Monthly Value;Export;Harmonized;M;M
Physical Energy & Power Flows;2024;10;57;57;57;FR;CH;Monthly Value;Import;Harmonized;M;M
Physical Energy & Power Flows;2024;11;1560;1560;1560;FR;CH;Monthly Value;Export;Harmonized;M;M
Physical Energy & Power Flows;2024;11;3;3;3;FR;CH;Monthly Value;Import;Harmonized;M;M
Physical Energy & Power Flows;2024;12;1502;1502;1502;FR;CH;Monthly Value;Export;Harmonized;M;M
Physical Energy & Power Flows;2024;12;22;22;22;FR;CH;Monthly Value;Import;Harmonized;M;M
Physical Energy & Power Flows;2024;1;1495;1495;1495;FR;DE;Monthly Value;Export;Harmonized;M;M
Physical Energy & Power Flows;2024;1;73;73;73;FR;DE;Monthly Value;Import;Harmonized;M;M
Physical Energy & Power Flows;2024;2;1607;1607;1607;FR;DE;Monthly Value;Export;Harmonized;M;M
Physical Energy & Power Flows;2024;2;45;45;45;FR;DE;Monthly Value;Import;Harmonized;M;M
Physical Energy & Power Flows;2024;3;1347;1347;1347;FR;DE;Monthly Value;Export;Harmonized;M;M
Physical Energy & Power Flows;2024;3;21;21;21;FR;DE;Monthly Value;Import;Harmonized;M;M
Physical Energy & Power Flows;2024;4;1117;1117;1117;FR;DE;Monthly Value;Export;Harmonized;M;M
Physical Energy & Power Flows;2024;4;80;80;80;FR;DE;Monthly Value;Import;Harmonized;M;M
Physical Energy & Power Flows;2024;5;1669;1669;1669;FR;DE;Monthly Value;Export;Harmonized;M;M
Physical Energy & Power Flows;2024;5;55;55;55;FR;DE;Monthly Value;Import;Harmonized;M;M
Physical Energy & Power Flows;2024;6;1597;1597;1597;FR;DE;Monthly Value;Export;Harmonized;M;M
Physical Energy & Power Flows;2024;6;28;28;28;FR;DE;Monthly Value;Import;Harmonized;M;M
Physical Energy & Power Flows;2024;7;1791;1791;1791;FR;DE;Monthly Value;Export;Harmonized;M;M
Physical Energy & Power Flows;2024;7;21;21;21;FR;DE;Monthly Value;Import;Harmonized;M;M
Physical Energy & Power Flows;2024;8;2024;2024;2024;FR;DE;Monthly Value;Export;Harmonized;M;M
Physical Energy & Power Flows;2024;8;36;36;36;FR;DE;Monthly Value;Import;Harmonized;M;M
Physical Energy & Power Flows;2024;9;2088;2088;2088;FR;DE;Monthly Value;Export;Harmonized;M;M
Physical Energy & Power Flows;2024;9;35;35;35;FR;DE;Monthly Value;Import;Harmonized;M;M
Physical Energy & Power Flows;2024;10;2180;2180;2180;FR;DE;Monthly Value;Export;Harmonized;M;M
Physical Energy & Power Flows;2024;10;34;34;34;FR;DE;Monthly Value;Import;Harmonized;M;M
Physical Energy & Power Flows;2024;11;1780;1780;1780;FR;DE;Monthly Value;Export;Harmonized;M;M
Physical Energy & Power Flows;2024;11;20;20;20;FR;DE;Monthly Value;Import;Harmonized;M;M
Physical Energy & Power Flows;2024;12;1592;1592;1592;FR;DE;Monthly Value;Export;Harmonized;M;M
Physical Energy & Power Flows;2024;12;64;64;64;FR;DE;Monthly Value;Import;Harmonized;M;M
Physical Energy & Power Flows;2024;1;559;559;559;FR;ES;Monthly Value;Export;Harmonized;M;M
Physical Energy & Power Flows;2024;1;726;726;726;FR;ES;Monthly Value;Import;Harmonized;M;M
Physical Energy & Power Flows;2024;2;312;312;312;FR;ES;Monthly Value;Export;Harmonized;M;M
Physical Energy & Power Flows;2024;2;1226;1226;1226;FR;ES;Monthly Value;Import;Harmonized;M;M
Physical Energy & Power Flows;2024;3;57;57;57;FR;ES;Monthly Value;Export;Harmonized;M;M
Physical Energy & Power Flows;2024;3;1127;1127;1127;FR;ES;Monthly Value;Import;Harmonized;M;M
Physical Energy & Power Flows;2024;4;192;192;192;FR;ES;Monthly Value;Export;Harmonized;M;M
Physical Energy & Power Flows;2024;4;1079;1079;1079;FR;ES;Monthly Value;Import;Harmonized;M;M
Physical Energy & Power Flows;2024;5;904;904;904;FR;ES;Monthly Value;Export;Harmonized;M;M
Physical Energy & Power Flows;2024;5;456;456;456;FR;ES;Monthly Value;Import;Harmonized;M;M
Physical Energy & Power Flows;2024;6;805;805;805;FR;ES;Monthly Value;Export;Harmonized;M;M
Physical Energy & Power Flows;2024;6;254;254;254;FR;ES;Monthly Value;Import;Harmonized;M;M
Physical Energy & Power Flows;2024;7;1172;1172;1172;FR;ES;Monthly Value;Export;Harmonized;M;M
Physical Energy & Power Flows;2024;7;139;139;139;FR;ES;Monthly Value;Import;Harmonized;M;M
Physical Energy & Power Flows;2024;8;1463;1463;1463;FR;ES;Monthly Value;Export;Harmonized;M;M
Physical Energy & Power Flows;2024;8;82;82;82;FR;ES;Monthly Value;Import;Harmonized;M;M
Physical Energy & Power Flows;2024;9;814;814;814;FR;ES;Monthly Value;Export;Harmonized;M;M
Physical Energy & Power Flows;2024;9;176;176;176;FR;ES;Monthly Value;Import;Harmonized;M;M
Physical Energy & Power Flows;2024;10;697;697;697;FR;ES;Monthly Value;Export;Harmonized;M;M
Physical Energy & Power Flows;2024;10;329;329;329;FR;ES;Monthly Value;Import;Harmonized;M;M
Physical Energy & Power Flows;2024;11;944;944;944;FR;ES;Monthly Value;Export;Harmonized;M;M
Physical Energy & Power Flows;2024;11;285;285;285;FR;ES;Monthly Value;Import;Harmonized;M;M
Physical Energy & Power Flows;2024;12;1243;1243;1243;FR;ES;Monthly Value;Export;Harmonized;M;M
Physical Energy & Power Flows;2024;12;342;342;342;FR;ES;Monthly Value;Import;Harmonized;M;M
Physical Energy & Power Flows;2024;1;1183;1183;1183;FR;GB;Monthly Value;Export;Harmonized;M;M
Physical Energy & Power Flows;2024;1;238;238;238;FR;GB;Monthly Value;Import;Harmonized;M;M
Physical Energy & Power Flows;2024;2;1619;1619;1619;FR;GB;Monthly Value;Export;Harmonized;M;M
Physical Energy & Power Flows;2024;2;54;54;54;FR;GB;Monthly Value;Import;Harmonized;M;M
Physical Energy & Power Flows;2024;3;2384;2384;2384;FR;GB;Monthly Value;Export;Harmonized;M;M
Physical Energy & Power Flows;2024;3;3;3;3;FR;GB;Monthly Value;Import;Harmonized;M;M
Physical Energy & Power Flows;2024;4;1981;1981;1981;FR;GB;Monthly Value;Export;Harmonized;M;M
Physical Energy & Power Flows;2024;4;9;9;9;FR;GB;Monthly Value;Import;Harmonized;M;M
Physical Energy & Power Flows;2024;5;2236;2236;2236;FR;GB;Monthly Value;Export;Harmonized;M;M
Physical Energy & Power Flows;2024;6;2332;2332;2332;FR;GB;Monthly Value;Export;Harmonized;M;M
Physical Energy & Power Flows;2024;6;5;5;5;FR;GB;Monthly Value;Import;Harmonized;M;M
Physical Energy & Power Flows;2024;7;2380;2380;2380;FR;GB;Monthly Value;Export;Harmonized;M;M
Physical Energy & Power Flows;2024;7;14;14;14;FR;GB;Monthly Value;Import;Harmonized;M;M
Physical Energy & Power Flows;2024;8;1790;1790;1790;FR;GB;Monthly Value;Export;Harmonized;M;M
Physical Energy & Power Flows;2024;8;69;69;69;FR;GB;Monthly Value;Import;Harmonized;M;M
Physical Energy & Power Flows;2024;9;1347;1347;1347;FR;GB;Monthly Value;Export;Harmonized;M;M
Physical Energy & Power Flows;2024;9;6;6;6;FR;GB;Monthly Value;Import;Harmonized;M;M
Physical Energy & Power Flows;2024;10;874;874;874;FR;GB;Monthly Value;Export;Harmonized;M;M
Physical Energy & Power Flows;2024;10;4;4;4;FR;GB;Monthly Value;Import;Harmonized;M;M
Physical Energy & Power Flows;2024;11;1258;1258;1258;FR;GB;Monthly Value;Export;Harmonized;M;M
Physical Energy & Power Flows;2024;11;38;38;38;FR;GB;Monthly Value;Import;Harmonized;M;M
Physical Energy & Power Flows;2024;12;1160;1160;1160;FR;GB;Monthly Value;Export;Harmonized;M;M
Physical Energy & Power Flows;2024;12;282;282;282;FR;GB;Monthly Value;Import;Harmonized;M;M
Physical Energy & Power Flows;2024;1;1659;1659;1659;FR;IT;Monthly Value;Export;Harmonized;M;M
Physical Energy & Power Flows;2024;1;0;0;0;FR;IT;Monthly Value;Import;Harmonized;M;M
Physical Energy & Power Flows;2024;2;1873;1873;1873;FR;IT;Monthly Value;Export;Harmonized;M;M
Physical Energy & Power Flows;2024;3;1181;1181;1181;FR;IT;Monthly Value;Export;Harmonized;M;M
Physical Energy & Power Flows;2024;3;4;4;4;FR;IT;Monthly Value;Import;Harmonized;M;M
Physical Energy & Power Flows;2024;4;1169;1169;1169;FR;IT;Monthly Value;Export;Harmonized;M;M
Physical Energy & Power Flows;2024;4;27;27;27;FR;IT;Monthly Value;Import;Harmonized;M;M
Physical Energy & Power Flows;2024;5;1900;1900;1900;FR;IT;Monthly Value;Export;Harmonized;M;M
Physical Energy & Power Flows;2024;5;15;15;15;FR;IT;Monthly Value;Import;Harmonized;M;M
Physical Energy & Power Flows;2024;6;1684;1684;1684;FR;IT;Monthly Value;Export;Harmonized;M;M
Physical Energy & Power Flows;2024;6;2;2;2;FR;IT;Monthly Value;Import;Harmonized;M;M
Physical Energy & Power Flows;2024;7;2002;2002;2002;FR;IT;Monthly Value;Export;Harmonized;M;M
Physical Energy & Power Flows;2024;7;0;0;0;FR;IT;Monthly Value;Import;Harmonized;M;M
Physical Energy & Power Flows;2024;8;1810;1810;1810;FR;IT;Monthly Value;Export;Harmonized;M;M
Physical Energy & Power Flows;2024;8;3;3;3;FR;IT;Monthly Value;Import;Harmonized;M;M
Physical Energy & Power Flows;2024;9;1316;1316;1316;FR;IT;Monthly Value;Export;Harmonized;M;M
Physical Energy & Power Flows;2024;9;7;7;7;FR;IT;Monthly Value;Import;Harmonized;M;M
Physical Energy & Power Flows;2024;10;1843;1843;1843;FR;IT;Monthly Value;Export;Harmonized;M;M
Physical Energy & Power Flows;2024;10;0;0;0;FR;IT;Monthly Value;Import;Harmonized;M;M
Physical Energy & Power Flows;2024;11;1664;1664;1664;FR;IT;Monthly Value;Export;Harmonized;M;M
Physical Energy & Power Flows;2024;12;1801;1801;1801;FR;IT;Monthly Value;Export;Harmonized;M;M
Physical Energy & Power Flows;2024;1;102;102;102;GB;BE;Monthly Value;Export;Harmonized;M;M
Physical Energy & Power Flows;2024;1;339;339;339;GB;BE;Monthly Value;Import;Harmonized;M;M
Physical Energy & Power Flows;2024;2;34;34;34;GB;BE;Monthly Value;Export;Harmonized;M;M
Physical Energy & Power Flows;2024;2;464;464;464;GB;BE;Monthly Value;Import;Harmonized;M;M
Physical Energy & Power Flows;2024;3;39;39;39;GB;BE;Monthly Value;Export;Harmonized;M;M
Physical Energy & Power Flows;2024;3;477;477;477;GB;BE;Monthly Value;Import;Harmonized;M;M
Physical Energy & Power Flows;2024;4;111;111;111;GB;BE;Monthly Value;Export;Harmonized;M;M
Physical Energy & Power Flows;2024;4;439;439;439;GB;BE;Monthly Value;Import;Harmonized;M;M
Physical Energy & Power Flows;2024;5;31;31;31;GB;BE;Monthly Value;Export;Harmonized;M;M
Physical Energy & Power Flows;2024;5;501;501;501;GB;BE;Monthly Value;Import;Harmonized;M;M
Physical Energy & Power Flows;2024;6;74;74;74;GB;BE;Monthly Value;Export;Harmonized;M;M
Physical Energy & Power Flows;2024;6;350;350;350;GB;BE;Monthly Value;Import;Harmonized;M;M
Physical Energy & Power Flows;2024;7;45;45;45;GB;BE;Monthly Value;Export;Harmonized;M;M
Physical Energy & Power Flows;2024;7;541;541;541;GB;BE;Monthly Value;Import;Harmonized;M;M
Physical Energy & Power Flows;2024;8;218;218;218;GB;BE;Monthly Value;Export;Harmonized;M;M
Physical Energy & Power Flows;2024;8;303;303;303;GB;BE;Monthly Value;Import;Harmonized;M;M
Physical Energy & Power Flows;2024;9;40;40;40;GB;BE;Monthly Value;Export;Harmonized;M;M
Physical Energy & Power Flows;2024;9;422;422;422;GB;BE;Monthly Value;Import;Harmonized;M;M
Physical Energy & Power Flows;2024;10;21;21;21;GB;BE;Monthly Value;Export;Harmonized;M;M
Physical Energy & Power Flows;2024;10;607;607;607;GB;BE;Monthly Value;Import;Harmonized;M;M
Physical Energy & Power Flows;2024;11;60;60;60;GB;BE;Monthly Value;Export;Harmonized;M;M
Physical Energy & Power Flows;2024;11;401;401;401;GB;BE;Monthly Value;Import;Harmonized;M;M
Physical Energy & Power Flows;2024;12;117;117;117;GB;BE;Monthly Value;Export;Harmonized;M;M
Physical Energy & Power Flows;2024;12;348;348;348;GB;BE;Monthly Value;Import;Harmonized;M;M
Physical Energy & Power Flows;2024;1;75;75;75;GB;DK;Monthly Value;Export;Harmonized;M;M
Physical Energy & Power Flows;2024;1;424;424;424;GB;DK;Monthly Value;Import;Harmonized;M;M
Physical Energy & Power Flows;2024;2;31;31;31;GB;DK;Monthly Value;Export;Harmonized;M;M
Physical Energy & Power Flows;2024;2;450;450;450;GB;DK;Monthly Value;Import;Harmonized;M;M
Physical Energy & Power Flows;2024;3;73;73;73;GB;DK;Monthly Value;Export;Harmonized;M;M
Physical Energy & Power Flows;2024;3;526;526;526;GB;DK;Monthly Value;Import;Harmonized;M;M
Physical Energy & Power Flows;2024;4;162;162;162;GB;DK;Monthly Value;Export;Harmonized;M;M
Physical Energy & Power Flows;2024;4;188;188;188;GB;DK;Monthly Value;Import;Harmonized;M;M
Physical Energy & Power Flows;2024;5;147;147;147;GB;DK;Monthly Value;Export;Harmonized;M;M
Physical Energy & Power Flows;2024;5;490;490;490;GB;DK;Monthly Value;Import;Harmonized;M;M
Physical Energy & Power Flows;2024;6;117;117;117;GB;DK;Monthly Value;Export;Harmonized;M;M
Physical Energy & Power Flows;2024;6;332;332;332;GB;DK;Monthly Value;Import;Harmonized;M;M
Physical Energy & Power Flows;2024;7;175;175;175;GB;DK;Monthly Value;Export;Harmonized;M;M
Physical Energy & Power Flows;2024;7;451;451;451;GB;DK;Monthly Value;Import;Harmonized;M;M
Physical Energy & Power Flows;2024;8;160;160;160;GB;DK;Monthly Value;Export;Harmonized;M;M
Physical Energy & Power Flows;2024;8;150;150;150;GB;DK;Monthly Value;Import;Harmonized;M;M
Physical Energy & Power Flows;2024;9;148;148;148;GB;DK;Monthly Value;Export;Harmonized;M;M
Physical Energy & Power Flows;2024;9;485;485;485;GB;DK;Monthly Value;Import;Harmonized;M;M
Physical Energy & Power Flows;2024;10;89;89;89;GB;DK;Monthly Value;Export;Harmonized;M;M
Physical Energy & Power Flows;2024;10;609;609;609;GB;DK;Monthly Value;Import;Harmonized;M;M
Physical Energy & Power Flows;2024;11;107;107;107;GB;DK;Monthly Value;Export;Harmonized;M;M
Physical Energy & Power Flows;2024;11;456;456;456;GB;DK;Monthly Value;Import;Harmonized;M;M
Physical Energy & Power Flows;2024;12;114;114;114;GB;DK;Monthly Value;Export;Harmonized;M;M
Physical Energy & Power Flows;2024;12;580;580;580;GB;DK;Monthly Value;Import;Harmonized;M;M
Physical Energy & Power Flows;2024;1;238;238;238;GB;FR;Monthly Value;Export;Harmonized;M;M
Physical Energy & Power Flows;2024;1;1183;1183;1183;GB;FR;Monthly Value;Import;Harmonized;M;M
Physical Energy & Power Flows;2024;2;54;54;54;GB;FR;Monthly Value;Export;Harmonized;M;M
Physical Energy & Power Flows;2024;2;1619;1619;1619;GB;FR;Monthly Value;Import;Harmonized;M;M
Physical Energy & Power Flows;2024;3;3;3;3;GB;FR;Monthly Value;Export;Harmonized;M;M
Physical Energy & Power Flows;2024;3;2384;2384;2384;GB;FR;Monthly Value;Import;Harmonized;M;M
Physical Energy & Power Flows;2024;4;9;9;9;GB;FR;Monthly Value;Export;Harmonized;M;M
Physical Energy & Power Flows;2024;4;1981;1981;1981;GB;FR;Monthly Value;Import;Harmonized;M;M
Physical Energy & Power Flows;2024;5;2236;2236;2236;GB;FR;Monthly Value;Import;Harmonized;M;M
Physical Energy & Power Flows;2024;6;5;5;5;GB;FR;Monthly Value;Export;Harmonized;M;M
Physical Energy & Power Flows;2024;6;2332;2332;2332;GB;FR;Monthly Value;Import;Harmonized;M;M
Physical Energy & Power Flows;2024;7;14;14;14;GB;FR;Monthly Value;Export;Harmonized;M;M
Physical Energy & Power Flows;2024;7;2380;2380;2380;GB;FR;Monthly Value;Import;Harmonized;M;M
Physical Energy & Power Flows;2024;8;69;69;69;GB;FR;Monthly Value;Export;Harmonized;M;M
Physical Energy & Power Flows;2024;8;1790;1790;1790;GB;FR;Monthly Value;Import;Harmonized;M;M
Physical Energy & Power Flows;2024;9;6;6;6;GB;FR;Monthly Value;Export;Harmonized;M;M
Physical Energy & Power Flows;2024;9;1347;1347;1347;GB;FR;Monthly Value;Import;Harmonized;M;M
Physical Energy & Power Flows;2024;10;4;4;4;GB;FR;Monthly Value;Export;Harmonized;M;M
Physical Energy & Power Flows;2024;10;874;874;874;GB;FR;Monthly Value;Import;Harmonized;M;M
Physical Energy & Power Flows;2024;11;38;38;38;GB;FR;Monthly Value;Export;Harmonized;M;M
Physical Energy & Power Flows;2024;11;1258;1258;1258;GB;FR;Monthly Value;Import;Harmonized;M;M
Physical Energy & Power Flows;2024;12;282;282;282;GB;FR;Monthly Value;Export;Harmonized;M;M
Physical Energy & Power Flows;2024;12;1160;1160;1160;GB;FR;Monthly Value;Import;Harmonized;M;M
Physical Energy & Power Flows;2024;1;199;199;199;GB;IE;Monthly Value;Export;Harmonized;M;M
Physical Energy & Power Flows;2024;1;25;25;25;GB;IE;Monthly Value;Import;Harmonized;M;M
Physical Energy & Power Flows;2024;2;183;183;183;GB;IE;Monthly Value;Export;Harmonized;M;M
Physical Energy & Power Flows;2024;2;17;17;17;GB;IE;Monthly Value;Import;Harmonized;M;M
Physical Energy & Power Flows;2024;3;186;186;186;GB;IE;Monthly Value;Export;Harmonized;M;M
Physical Energy & Power Flows;2024;3;15;15;15;GB;IE;Monthly Value;Import;Harmonized;M;M
Physical Energy & Power Flows;2024;4;222;222;222;GB;IE;Monthly Value;Export;Harmonized;M;M
Physical Energy & Power Flows;2024;4;4;4;4;GB;IE;Monthly Value;Import;Harmonized;M;M
Physical Energy & Power Flows;2024;5;261;261;261;GB;IE;Monthly Value;Export;Harmonized;M;M
Physical Energy & Power Flows;2024;5;1;1;1;GB;IE;Monthly Value;Import;Harmonized;M;M
Physical Energy & Power Flows;2024;6;262;262;262;GB;IE;Monthly Value;Export;Harmonized;M;M
Physical Energy & Power Flows;2024;6;4;4;4;GB;IE;Monthly Value;Import;Harmonized;M;M
Physical Energy & Power Flows;2024;7;290;290;290;GB;IE;Monthly Value;Export;Harmonized;M;M
Physical Energy & Power Flows;2024;7;1;1;1;GB;IE;Monthly Value;Import;Harmonized;M;M
Physical Energy & Power Flows;2024;8;273;273;273;GB;IE;Monthly Value;Export;Harmonized;M;M
Physical Energy & Power Flows;2024;8;6;6;6;GB;IE;Monthly Value;Import;Harmonized;M;M
Physical Energy & Power Flows;2024;9;223;223;223;GB;IE;Monthly Value;Export;Harmonized;M;M
Physical Energy & Power Flows;2024;9;7;7;7;GB;IE;Monthly Value;Import;Harmonized;M;M
Physical Energy & Power Flows;2024;10;210;210;210;GB;IE;Monthly Value;Export;Harmonized;M;M
Physical Energy & Power Flows;2024;10;19;19;19;GB;IE;Monthly Value;Import;Harmonized;M;M
Physical Energy & Power Flows;2024;11;230;230;230;GB;IE;Monthly Value;Export;Harmonized;M;M
Physical Energy & Power Flows;2024;11;12;12;12;GB;IE;Monthly Value;Import;Harmonized;M;M
Physical Energy & Power Flows;2024;12;180;180;180;GB;IE;Monthly Value;Export;Harmonized;M;M
Physical Energy & Power Flows;2024;12;20;20;20;GB;IE;Monthly Value;Import;Harmonized;M;M
Physical Energy & Power Flows;2024;1;98;98;98;GB;NL;Monthly Value;Export;Harmonized;M;M
Physical Energy & Power Flows;2024;1;359;359;359;GB;NL;Monthly Value;Import;Harmonized;M;M
Physical Energy & Power Flows;2024;2;59;59;59;GB;NL;Monthly Value;Export;Harmonized;M;M
Physical Energy & Power Flows;2024;2;399;399;399;GB;NL;Monthly Value;Import;Harmonized;M;M
Physical Energy & Power Flows;2024;3;92;92;92;GB;NL;Monthly Value;Export;Harmonized;M;M
Physical Energy & Power Flows;2024;3;427;427;427;GB;NL;Monthly Value;Import;Harmonized;M;M
Physical Energy & Power Flows;2024;4;246;246;246;GB;NL;Monthly Value;Export;Harmonized;M;M
Physical Energy & Power Flows;2024;4;282;282;282;GB;NL;Monthly Value;Import;Harmonized;M;M
Physical Energy & Power Flows;2024;5;202;202;202;GB;NL;Monthly Value;Export;Harmonized;M;M
Physical Energy & Power Flows;2024;5;283;283;283;GB;NL;Monthly Value;Import;Harmonized;M;M
Physical Energy & Power Flows;2024;6;208;208;208;GB;NL;Monthly Value;Export;Harmonized;M;M
Physical Energy & Power Flows;2024;6;315;315;315;GB;NL;Monthly Value;Import;Harmonized;M;M
Physical Energy & Power Flows;2024;7;0;0;0;GB;NL;Monthly Value;Export;Harmonized;M;M
Physical Energy & Power Flows;2024;7;1;1;1;GB;NL;Monthly Value;Import;Harmonized;M;M
Physical Energy & Power Flows;2024;8;273;273;273;GB;NL;Monthly Value;Export;Harmonized;M;M
Physical Energy & Power Flows;2024;8;109;109;109;GB;NL;Monthly Value;Import;Harmonized;M;M
Physical Energy & Power Flows;2024;9;181;181;181;GB;NL;Monthly Value;Export;Harmonized;M;M
Physical Energy & Power Flows;2024;9;340;340;340;GB;NL;Monthly Value;Import;Harmonized;M;M
Physical Energy & Power Flows;2024;10;98;98;98;GB;NL;Monthly Value;Export;Harmonized;M;M
Physical Energy & Power Flows;2024;10;407;407;407;GB;NL;Monthly Value;Import;Harmonized;M;M
Physical Energy & Power Flows;2024;11;132;132;132;GB;NL;Monthly Value;Export;Harmonized;M;M
Physical Energy & Power Flows;2024;11;307;307;307;GB;NL;Monthly Value;Import;Harmonized;M;M
Physical Energy & Power Flows;2024;12;25;25;25;GB;NL;Monthly Value;Export;Harmonized;M;M
Physical Energy & Power Flows;2024;12;62;62;62;GB;NL;Monthly Value;Import;Harmonized;M;M
Physical Energy & Power Flows;2024;1;56;56;56;GB;NO;Monthly Value;Export;Harmonized;M;M
Physical Energy & Power Flows;2024;1;586;586;586;GB;NO;Monthly Value;Import;Harmonized;M;M
Physical Energy & Power Flows;2024;2;36;36;36;GB;NO;Monthly Value;Export;Harmonized;M;M
Physical Energy & Power Flows;2024;2;736;736;736;GB;NO;Monthly Value;Import;Harmonized;M;M
Physical Energy & Power Flows;2024;3;25;25;25;GB;NO;Monthly Value;Export;Harmonized;M;M
Physical Energy & Power Flows;2024;3;872;872;872;GB;NO;Monthly Value;Import;Harmonized;M;M
Physical Energy & Power Flows;2024;4;104;104;104;GB;NO;Monthly Value;Export;Harmonized;M;M
Physical Energy & Power Flows;2024;4;701;701;701;GB;NO;Monthly Value;Import;Harmonized;M;M
Physical Energy & Power Flows;2024;5;1037;1037;1037;GB;NO;Monthly Value;Import;Harmonized;M;M
Physical Energy & Power Flows;2024;6;5;5;5;GB;NO;Monthly Value;Export;Harmonized;M;M
Physical Energy & Power Flows;2024;6;923;923;923;GB;NO;Monthly Value;Import;Harmonized;M;M
Physical Energy & Power Flows;2024;7;10;10;10;GB;NO;Monthly Value;Export;Harmonized;M;M
Physical Energy & Power Flows;2024;7;1039;1039;1039;GB;NO;Monthly Value;Import;Harmonized;M;M
Physical Energy & Power Flows;2024;8;23;23;23;GB;NO;Monthly Value;Export;Harmonized;M;M
Physical Energy & Power Flows;2024;8;895;895;895;GB;NO;Monthly Value;Import;Harmonized;M;M
Physical Energy & Power Flows;2024;9;1;1;1;GB;NO;Monthly Value;Export;Harmonized;M;M
Physical Energy & Power Flows;2024;9;1014;1014;1014;GB;NO;Monthly Value;Import;Harmonized;M;M
Physical Energy & Power Flows;2024;10;668;668;668;GB;NO;Monthly Value;Import;Harmonized;M;M
Physical Energy & Power Flows;2024;11;7;7;7;GB;NO;Monthly Value;Export;Harmonized;M;M
Physical Energy & Power Flows;2024;11;861;861;861;GB;NO;Monthly Value;Import;Harmonized;M;M
Physical Energy & Power Flows;2024;12;7;7;7;GB;NO;Monthly Value;Export;Harmonized;M;M
Physical Energy & Power Flows;2024;12;857;857;857;GB;NO;Monthly Value;Import;Harmonized;M;M
Physical Energy & Power Flows;2024;1;0;0;0;GE;AM;Monthly Value;Import;Harmonized;NaM;NaM
Physical Energy & Power Flows;2024;2;0;0;0;GE;AM;Monthly Value;Import;Harmonized;NaM;NaM
Physical Energy & Power Flows;2024;3;6;6;6;GE;AM;Monthly Value;Export;Harmonized;NaM;NaM
Physical Energy & Power Flows;2024;3;0;0;0;GE;AM;Monthly Value;Import;Harmonized;NaM;NaM
Physical Energy & Power Flows;2024;4;0;0;0;GE;AM;Monthly Value;Import;Harmonized;NaM;NaM
Physical Energy & Power Flows;2024;5;26;26;26;GE;AM;Monthly Value;Export;Harmonized;NaM;NaM
Physical Energy & Power Flows;2024;5;0;0;0;GE;AM;Monthly Value;Import;Harmonized;NaM;NaM
Physical Energy & Power Flows;2024;6;54;54;54;GE;AM;Monthly Value;Export;Harmonized;NaM;NaM
Physical Energy & Power Flows;2024;7;46;46;46;GE;AM;Monthly Value;Export;Harmonized;NaM;NaM
Physical Energy & Power Flows;2024;7;0;0;0;GE;AM;Monthly Value;Import;Harmonized;NaM;NaM
Physical Energy & Power Flows;2024;8;0;0;0;GE;AM;Monthly Value;Import;Harmonized;NaM;NaM
Physical Energy & Power Flows;2024;9;0;0;0;GE;AM;Monthly Value;Import;Harmonized;NaM;NaM
Physical Energy & Power Flows;2024;10;3;3;3;GE;AM;Monthly Value;Import;Harmonized;NaM;NaM
Physical Energy & Power Flows;2024;11;69;69;69;GE;AM;Monthly Value;Import;Harmonized;NaM;NaM
Physical Energy & Power Flows;2024;12;0;0;0;GE;AM;Monthly Value;Import;Harmonized;NaM;NaM
Physical Energy & Power Flows;2024;1;8;8;8;GE;AZ;Monthly Value;Export;Harmonized;NaM;NaM
Physical Energy & Power Flows;2024;1;102;102;102;GE;AZ;Monthly Value;Import;Harmonized;NaM;NaM
Physical Energy & Power Flows;2024;2;4;4;4;GE;AZ;Monthly Value;Export;Harmonized;NaM;NaM
Physical Energy & Power Flows;2024;2;93;93;93;GE;AZ;Monthly Value;Import;Harmonized;NaM;NaM
Physical Energy & Power Flows;2024;3;1;1;1;GE;AZ;Monthly Value;Export;Harmonized;NaM;NaM
Physical Energy & Power Flows;2024;3;125;125;125;GE;AZ;Monthly Value;Import;Harmonized;NaM;NaM
Physical Energy & Power Flows;2024;4;6;6;6;GE;AZ;Monthly Value;Export;Harmonized;NaM;NaM
Physical Energy & Power Flows;2024;4;33;33;33;GE;AZ;Monthly Value;Import;Harmonized;NaM;NaM
Physical Energy & Power Flows;2024;5;7;7;7;GE;AZ;Monthly Value;Export;Harmonized;NaM;NaM
Physical Energy & Power Flows;2024;5;6;6;6;GE;AZ;Monthly Value;Import;Harmonized;NaM;NaM
Physical Energy & Power Flows;2024;6;4;4;4;GE;AZ;Monthly Value;Export;Harmonized;NaM;NaM
Physical Energy & Power Flows;2024;6;4;4;4;GE;AZ;Monthly Value;Import;Harmonized;NaM;NaM
Physical Energy & Power Flows;2024;7;7;7;7;GE;AZ;Monthly Value;Export;Harmonized;NaM;NaM
Physical Energy & Power Flows;2024;7;7;7;7;GE;AZ;Monthly Value;Import;Harmonized;NaM;NaM
Physical Energy & Power Flows;2024;8;0;0;0;GE;AZ;Monthly Value;Export;Harmonized;NaM;NaM
Physical Energy & Power Flows;2024;8;276;276;276;GE;AZ;Monthly Value;Import;Harmonized;NaM;NaM
Physical Energy & Power Flows;2024;9;2;2;2;GE;AZ;Monthly Value;Export;Harmonized;NaM;NaM
Physical Energy & Power Flows;2024;9;257;257;257;GE;AZ;Monthly Value;Import;Harmonized;NaM;NaM
Physical Energy & Power Flows;2024;10;2;2;2;GE;AZ;Monthly Value;Export;Harmonized;NaM;NaM
Physical Energy & Power Flows;2024;10;1;1;1;GE;AZ;Monthly Value;Import;Harmonized;NaM;NaM
Physical Energy & Power Flows;2024;11;0;0;0;GE;AZ;Monthly Value;Export;Harmonized;NaM;NaM
Physical Energy & Power Flows;2024;12;0;0;0;GE;AZ;Monthly Value;Export;Harmonized;NaM;NaM
Physical Energy & Power Flows;2024;12;128;128;128;GE;AZ;Monthly Value;Import;Harmonized;NaM;NaM
Physical Energy & Power Flows;2024;1;162;162;162;GE;RU;Monthly Value;Import;Harmonized;NaM;NaM
Physical Energy & Power Flows;2024;2;184;184;184;GE;RU;Monthly Value;Import;Harmonized;NaM;NaM
Physical Energy & Power Flows;2024;3;119;119;119;GE;RU;Monthly Value;Import;Harmonized;NaM;NaM
Physical Energy & Power Flows;2024;4;11;11;11;GE;RU;Monthly Value;Import;Harmonized;NaM;NaM
Physical Energy & Power Flows;2024;5;9;9;9;GE;RU;Monthly Value;Import;Harmonized;NaM;NaM
Physical Energy & Power Flows;2024;6;0;0;0;GE;RU;Monthly Value;Export;Harmonized;NaM;NaM
Physical Energy & Power Flows;2024;6;65;65;65;GE;RU;Monthly Value;Import;Harmonized;NaM;NaM
Physical Energy & Power Flows;2024;7;8;8;8;GE;RU;Monthly Value;Import;Harmonized;NaM;NaM
Physical Energy & Power Flows;2024;8;0;0;0;GE;RU;Monthly Value;Export;Harmonized;NaM;NaM
Physical Energy & Power Flows;2024;8;7;7;7;GE;RU;Monthly Value;Import;Harmonized;NaM;NaM
Physical Energy & Power Flows;2024;9;27;27;27;GE;RU;Monthly Value;Import;Harmonized;NaM;NaM
Physical Energy & Power Flows;2024;10;184;184;184;GE;RU;Monthly Value;Import;Harmonized;NaM;NaM
Physical Energy & Power Flows;2024;11;201;201;201;GE;RU;Monthly Value;Import;Harmonized;NaM;NaM
Physical Energy & Power Flows;2024;12;181;181;181;GE;RU;Monthly Value;Import;Harmonized;NaM;NaM
Physical Energy & Power Flows;2024;1;88;88;88;GE;TR;Monthly Value;Export;Harmonized;NaM;M
Physical Energy & Power Flows;2024;1;0;0;0;GE;TR;Monthly Value;Import;Harmonized;NaM;M
Physical Energy & Power Flows;2024;2;90;90;90;GE;TR;Monthly Value;Export;Harmonized;NaM;M
Physical Energy & Power Flows;2024;2;0;0;0;GE;TR;Monthly Value;Import;Harmonized;NaM;M
Physical Energy & Power Flows;2024;3;125;125;125;GE;TR;Monthly Value;Export;Harmonized;NaM;M
Physical Energy & Power Flows;2024;3;0;0;0;GE;TR;Monthly Value;Import;Harmonized;NaM;M
Physical Energy & Power Flows;2024;4;79;79;79;GE;TR;Monthly Value;Export;Harmonized;NaM;M
Physical Energy & Power Flows;2024;4;0;0;0;GE;TR;Monthly Value;Import;Harmonized;NaM;M
Physical Energy & Power Flows;2024;5;256;256;256;GE;TR;Monthly Value;Export;Harmonized;NaM;M
Physical Energy & Power Flows;2024;5;0;0;0;GE;TR;Monthly Value;Import;Harmonized;NaM;M
Physical Energy & Power Flows;2024;6;355;355;355;GE;TR;Monthly Value;Export;Harmonized;NaM;M
Physical Energy & Power Flows;2024;6;0;0;0;GE;TR;Monthly Value;Import;Harmonized;NaM;M
Physical Energy & Power Flows;2024;7;168;168;168;GE;TR;Monthly Value;Export;Harmonized;NaM;M
Physical Energy & Power Flows;2024;7;0;0;0;GE;TR;Monthly Value;Import;Harmonized;NaM;M
Physical Energy & Power Flows;2024;8;328;328;328;GE;TR;Monthly Value;Export;Harmonized;NaM;M
Physical Energy & Power Flows;2024;8;0;0;0;GE;TR;Monthly Value;Import;Harmonized;NaM;M
Physical Energy & Power Flows;2024;9;252;252;252;GE;TR;Monthly Value;Export;Harmonized;NaM;M
Physical Energy & Power Flows;2024;9;0;0;0;GE;TR;Monthly Value;Import;Harmonized;NaM;M
Physical Energy & Power Flows;2024;10;0;0;0;GE;TR;Monthly Value;Import;Harmonized;NaM;M
Physical Energy & Power Flows;2024;11;1;1;1;GE;TR;Monthly Value;Export;Harmonized;NaM;M
Physical Energy & Power Flows;2024;11;1;1;1;GE;TR;Monthly Value;Import;Harmonized;NaM;M
Physical Energy & Power Flows;2024;12;1;1;1;GE;TR;Monthly Value;Export;Harmonized;NaM;M
Physical Energy & Power Flows;2024;12;1;1;1;GE;TR;Monthly Value;Import;Harmonized;NaM;M
Physical Energy & Power Flows;2024;1;39;39;39;GR;AL;Monthly Value;Export;Harmonized;M;M
Physical Energy & Power Flows;2024;1;107;107;107;GR;AL;Monthly Value;Import;Harmonized;M;M
Physical Energy & Power Flows;2024;2;42;42;42;GR;AL;Monthly Value;Export;Harmonized;M;M
Physical Energy & Power Flows;2024;2;109;109;109;GR;AL;Monthly Value;Import;Harmonized;M;M
Physical Energy & Power Flows;2024;3;56;56;56;GR;AL;Monthly Value;Export;Harmonized;M;M
Physical Energy & Power Flows;2024;3;120;120;120;GR;AL;Monthly Value;Import;Harmonized;M;M
Physical Energy & Power Flows;2024;4;135;135;135;GR;AL;Monthly Value;Export;Harmonized;M;M
Physical Energy & Power Flows;2024;4;42;42;42;GR;AL;Monthly Value;Import;Harmonized;M;M
Physical Energy & Power Flows;2024;5;63;63;63;GR;AL;Monthly Value;Export;Harmonized;M;M
Physical Energy & Power Flows;2024;5;50;50;50;GR;AL;Monthly Value;Import;Harmonized;M;M
Physical Energy & Power Flows;2024;6;50;50;50;GR;AL;Monthly Value;Export;Harmonized;M;M
Physical Energy & Power Flows;2024;6;56;56;56;GR;AL;Monthly Value;Import;Harmonized;M;M
Physical Energy & Power Flows;2024;7;127;127;127;GR;AL;Monthly Value;Export;Harmonized;M;M
Physical Energy & Power Flows;2024;7;11;11;11;GR;AL;Monthly Value;Import;Harmonized;M;M
Physical Energy & Power Flows;2024;8;102;102;102;GR;AL;Monthly Value;Export;Harmonized;M;M
Physical Energy & Power Flows;2024;8;17;17;17;GR;AL;Monthly Value;Import;Harmonized;M;M
Physical Energy & Power Flows;2024;9;57;57;57;GR;AL;Monthly Value;Export;Harmonized;M;M
Physical Energy & Power Flows;2024;9;47;47;47;GR;AL;Monthly Value;Import;Harmonized;M;M
Physical Energy & Power Flows;2024;10;83;83;83;GR;AL;Monthly Value;Export;Harmonized;M;M
Physical Energy & Power Flows;2024;10;54;54;54;GR;AL;Monthly Value;Import;Harmonized;M;M
Physical Energy & Power Flows;2024;11;163;163;163;GR;AL;Monthly Value;Export;Harmonized;M;M
Physical Energy & Power Flows;2024;11;12;12;12;GR;AL;Monthly Value;Import;Harmonized;M;M
Physical Energy & Power Flows;2024;12;126;126;126;GR;AL;Monthly Value;Export;Harmonized;M;M
Physical Energy & Power Flows;2024;12;31;31;31;GR;AL;Monthly Value;Import;Harmonized;M;M
Physical Energy & Power Flows;2024;1;66;66;66;GR;BG;Monthly Value;Export;Harmonized;M;M
Physical Energy & Power Flows;2024;1;173;173;173;GR;BG;Monthly Value;Import;Harmonized;M;M
Physical Energy & Power Flows;2024;2;13;13;13;GR;BG;Monthly Value;Export;Harmonized;M;M
Physical Energy & Power Flows;2024;2;256;256;256;GR;BG;Monthly Value;Import;Harmonized;M;M
Physical Energy & Power Flows;2024;3;42;42;42;GR;BG;Monthly Value;Export;Harmonized;M;M
Physical Energy & Power Flows;2024;3;242;242;242;GR;BG;Monthly Value;Import;Harmonized;M;M
Physical Energy & Power Flows;2024;4;52;52;52;GR;BG;Monthly Value;Export;Harmonized;M;M
Physical Energy & Power Flows;2024;4;140;140;140;GR;BG;Monthly Value;Import;Harmonized;M;M
Physical Energy & Power Flows;2024;5;92;92;92;GR;BG;Monthly Value;Export;Harmonized;M;M
Physical Energy & Power Flows;2024;5;59;59;59;GR;BG;Monthly Value;Import;Harmonized;M;M
Physical Energy & Power Flows;2024;6;81;81;81;GR;BG;Monthly Value;Export;Harmonized;M;M
Physical Energy & Power Flows;2024;6;84;84;84;GR;BG;Monthly Value;Import;Harmonized;M;M
Physical Energy & Power Flows;2024;7;37;37;37;GR;BG;Monthly Value;Export;Harmonized;M;M
Physical Energy & Power Flows;2024;7;147;147;147;GR;BG;Monthly Value;Import;Harmonized;M;M
Physical Energy & Power Flows;2024;8;47;47;47;GR;BG;Monthly Value;Export;Harmonized;M;M
Physical Energy & Power Flows;2024;8;199;199;199;GR;BG;Monthly Value;Import;Harmonized;M;M
Physical Energy & Power Flows;2024;9;31;31;31;GR;BG;Monthly Value;Export;Harmonized;M;M
Physical Energy & Power Flows;2024;9;264;264;264;GR;BG;Monthly Value;Import;Harmonized;M;M
Physical Energy & Power Flows;2024;10;74;74;74;GR;BG;Monthly Value;Export;Harmonized;M;M
Physical Energy & Power Flows;2024;10;176;176;176;GR;BG;Monthly Value;Import;Harmonized;M;M
Physical Energy & Power Flows;2024;11;218;218;218;GR;BG;Monthly Value;Export;Harmonized;M;M
Physical Energy & Power Flows;2024;11;24;24;24;GR;BG;Monthly Value;Import;Harmonized;M;M
Physical Energy & Power Flows;2024;12;140;140;140;GR;BG;Monthly Value;Export;Harmonized;M;M
Physical Energy & Power Flows;2024;12;92;92;92;GR;BG;Monthly Value;Import;Harmonized;M;M
Physical Energy & Power Flows;2024;1;225;225;225;GR;IT;Monthly Value;Export;Harmonized;M;M
Physical Energy & Power Flows;2024;1;57;57;57;GR;IT;Monthly Value;Import;Harmonized;M;M
Physical Energy & Power Flows;2024;2;287;287;287;GR;IT;Monthly Value;Export;Harmonized;M;M
Physical Energy & Power Flows;2024;2;10;10;10;GR;IT;Monthly Value;Import;Harmonized;M;M
Physical Energy & Power Flows;2024;3;299;299;299;GR;IT;Monthly Value;Export;Harmonized;M;M
Physical Energy & Power Flows;2024;3;13;13;13;GR;IT;Monthly Value;Import;Harmonized;M;M
Physical Energy & Power Flows;2024;4;265;265;265;GR;IT;Monthly Value;Export;Harmonized;M;M
Physical Energy & Power Flows;2024;4;7;7;7;GR;IT;Monthly Value;Import;Harmonized;M;M
Physical Energy & Power Flows;2024;5;169;169;169;GR;IT;Monthly Value;Export;Harmonized;M;M
Physical Energy & Power Flows;2024;5;49;49;49;GR;IT;Monthly Value;Import;Harmonized;M;M
Physical Energy & Power Flows;2024;6;42;42;42;GR;IT;Monthly Value;Export;Harmonized;M;M
Physical Energy & Power Flows;2024;6;17;17;17;GR;IT;Monthly Value;Import;Harmonized;M;M
Physical Energy & Power Flows;2024;7;184;184;184;GR;IT;Monthly Value;Export;Harmonized;M;M
Physical Energy & Power Flows;2024;7;102;102;102;GR;IT;Monthly Value;Import;Harmonized;M;M
Physical Energy & Power Flows;2024;8;203;203;203;GR;IT;Monthly Value;Export;Harmonized;M;M
Physical Energy & Power Flows;2024;8;80;80;80;GR;IT;Monthly Value;Import;Harmonized;M;M
Physical Energy & Power Flows;2024;9;229;229;229;GR;IT;Monthly Value;Export;Harmonized;M;M
Physical Energy & Power Flows;2024;9;62;62;62;GR;IT;Monthly Value;Import;Harmonized;M;M
Physical Energy & Power Flows;2024;10;264;264;264;GR;IT;Monthly Value;Export;Harmonized;M;M
Physical Energy & Power Flows;2024;10;32;32;32;GR;IT;Monthly Value;Import;Harmonized;M;M
Physical Energy & Power Flows;2024;11;176;176;176;GR;IT;Monthly Value;Export;Harmonized;M;M
Physical Energy & Power Flows;2024;11;87;87;87;GR;IT;Monthly Value;Import;Harmonized;M;M
Physical Energy & Power Flows;2024;12;183;183;183;GR;IT;Monthly Value;Export;Harmonized;M;M
Physical Energy & Power Flows;2024;12;62;62;62;GR;IT;Monthly Value;Import;Harmonized;M;M
Physical Energy & Power Flows;2024;1;90;90;90;GR;MK;Monthly Value;Export;Harmonized;M;M
Physical Energy & Power Flows;2024;1;174;174;174;GR;MK;Monthly Value;Import;Harmonized;M;M
Physical Energy & Power Flows;2024;2;17;17;17;GR;MK;Monthly Value;Export;Harmonized;M;M
Physical Energy & Power Flows;2024;2;266;266;266;GR;MK;Monthly Value;Import;Harmonized;M;M
Physical Energy & Power Flows;2024;3;43;43;43;GR;MK;Monthly Value;Export;Harmonized;M;M
Physical Energy & Power Flows;2024;3;154;154;154;GR;MK;Monthly Value;Import;Harmonized;M;M
Physical Energy & Power Flows;2024;4;80;80;80;GR;MK;Monthly Value;Export;Harmonized;M;M
Physical Energy & Power Flows;2024;4;116;116;116;GR;MK;Monthly Value;Import;Harmonized;M;M
Physical Energy & Power Flows;2024;5;82;82;82;GR;MK;Monthly Value;Export;Harmonized;M;M
Physical Energy & Power Flows;2024;5;125;125;125;GR;MK;Monthly Value;Import;Harmonized;M;M
Physical Energy & Power Flows;2024;6;37;37;37;GR;MK;Monthly Value;Export;Harmonized;M;M
Physical Energy & Power Flows;2024;6;222;222;222;GR;MK;Monthly Value;Import;Harmonized;M;M
Physical Energy & Power Flows;2024;7;46;46;46;GR;MK;Monthly Value;Export;Harmonized;M;M
Physical Energy & Power Flows;2024;7;142;142;142;GR;MK;Monthly Value;Import;Harmonized;M;M
Physical Energy & Power Flows;2024;8;52;52;52;GR;MK;Monthly Value;Export;Harmonized;M;M
Physical Energy & Power Flows;2024;8;194;194;194;GR;MK;Monthly Value;Import;Harmonized;M;M
Physical Energy & Power Flows;2024;9;27;27;27;GR;MK;Monthly Value;Export;Harmonized;M;M
Physical Energy & Power Flows;2024;9;197;197;197;GR;MK;Monthly Value;Import;Harmonized;M;M
Physical Energy & Power Flows;2024;10;79;79;79;GR;MK;Monthly Value;Export;Harmonized;M;M
Physical Energy & Power Flows;2024;10;160;160;160;GR;MK;Monthly Value;Import;Harmonized;M;M
Physical Energy & Power Flows;2024;11;273;273;273;GR;MK;Monthly Value;Export;Harmonized;M;M
Physical Energy & Power Flows;2024;11;23;23;23;GR;MK;Monthly Value;Import;Harmonized;M;M
Physical Energy & Power Flows;2024;12;261;261;261;GR;MK;Monthly Value;Export;Harmonized;M;M
Physical Energy & Power Flows;2024;12;37;37;37;GR;MK;Monthly Value;Import;Harmonized;M;M
Physical Energy & Power Flows;2024;1;6;6;6;GR;TR;Monthly Value;Export;Harmonized;M;M
Physical Energy & Power Flows;2024;1;73;73;73;GR;TR;Monthly Value;Import;Harmonized;M;M
Physical Energy & Power Flows;2024;2;4;4;4;GR;TR;Monthly Value;Export;Harmonized;M;M
Physical Energy & Power Flows;2024;2;85;85;85;GR;TR;Monthly Value;Import;Harmonized;M;M
Physical Energy & Power Flows;2024;3;24;24;24;GR;TR;Monthly Value;Export;Harmonized;M;M
Physical Energy & Power Flows;2024;3;39;39;39;GR;TR;Monthly Value;Import;Harmonized;M;M
Physical Energy & Power Flows;2024;4;37;37;37;GR;TR;Monthly Value;Export;Harmonized;M;M
Physical Energy & Power Flows;2024;4;20;20;20;GR;TR;Monthly Value;Import;Harmonized;M;M
Physical Energy & Power Flows;2024;5;36;36;36;GR;TR;Monthly Value;Export;Harmonized;M;M
Physical Energy & Power Flows;2024;5;15;15;15;GR;TR;Monthly Value;Import;Harmonized;M;M
Physical Energy & Power Flows;2024;6;26;26;26;GR;TR;Monthly Value;Export;Harmonized;M;M
Physical Energy & Power Flows;2024;6;24;24;24;GR;TR;Monthly Value;Import;Harmonized;M;M
Physical Energy & Power Flows;2024;7;6;6;6;GR;TR;Monthly Value;Export;Harmonized;M;M
Physical Energy & Power Flows;2024;7;57;57;57;GR;TR;Monthly Value;Import;Harmonized;M;M
Physical Energy & Power Flows;2024;8;11;11;11;GR;TR;Monthly Value;Export;Harmonized;M;M
Physical Energy & Power Flows;2024;8;69;69;69;GR;TR;Monthly Value;Import;Harmonized;M;M
Physical Energy & Power Flows;2024;9;7;7;7;GR;TR;Monthly Value;Export;Harmonized;M;M
Physical Energy & Power Flows;2024;9;103;103;103;GR;TR;Monthly Value;Import;Harmonized;M;M
Physical Energy & Power Flows;2024;10;9;9;9;GR;TR;Monthly Value;Export;Harmonized;M;M
Physical Energy & Power Flows;2024;10;68;68;68;GR;TR;Monthly Value;Import;Harmonized;M;M
Physical Energy & Power Flows;2024;11;14;14;14;GR;TR;Monthly Value;Export;Harmonized;M;M
Physical Energy & Power Flows;2024;11;51;51;51;GR;TR;Monthly Value;Import;Harmonized;M;M
Physical Energy & Power Flows;2024;12;7;7;7;GR;TR;Monthly Value;Export;Harmonized;M;M
Physical Energy & Power Flows;2024;12;83;83;83;GR;TR;Monthly Value;Import;Harmonized;M;M
Physical Energy & Power Flows;2024;1;157;157;157;HR;BA;Monthly Value;Export;Harmonized;M;M
Physical Energy & Power Flows;2024;1;98;98;98;HR;BA;Monthly Value;Import;Harmonized;M;M
Physical Energy & Power Flows;2024;2;105;105;105;HR;BA;Monthly Value;Export;Harmonized;M;M
Physical Energy & Power Flows;2024;2;143;143;143;HR;BA;Monthly Value;Import;Harmonized;M;M
Physical Energy & Power Flows;2024;3;156;156;156;HR;BA;Monthly Value;Export;Harmonized;M;M
Physical Energy & Power Flows;2024;3;163;163;163;HR;BA;Monthly Value;Import;Harmonized;M;M
Physical Energy & Power Flows;2024;4;113;113;113;HR;BA;Monthly Value;Export;Harmonized;M;M
Physical Energy & Power Flows;2024;4;178;178;178;HR;BA;Monthly Value;Import;Harmonized;M;M
Physical Energy & Power Flows;2024;5;195;195;195;HR;BA;Monthly Value;Export;Harmonized;M;M
Physical Energy & Power Flows;2024;5;89;89;89;HR;BA;Monthly Value;Import;Harmonized;M;M
Physical Energy & Power Flows;2024;6;370;370;370;HR;BA;Monthly Value;Export;Harmonized;M;M
Physical Energy & Power Flows;2024;6;20;20;20;HR;BA;Monthly Value;Import;Harmonized;M;M
Physical Energy & Power Flows;2024;7;297;297;297;HR;BA;Monthly Value;Export;Harmonized;M;M
Physical Energy & Power Flows;2024;7;15;15;15;HR;BA;Monthly Value;Import;Harmonized;M;M
Physical Energy & Power Flows;2024;8;332;332;332;HR;BA;Monthly Value;Export;Harmonized;M;M
Physical Energy & Power Flows;2024;8;19;19;19;HR;BA;Monthly Value;Import;Harmonized;M;M
Physical Energy & Power Flows;2024;9;185;185;185;HR;BA;Monthly Value;Export;Harmonized;M;M
Physical Energy & Power Flows;2024;9;70;70;70;HR;BA;Monthly Value;Import;Harmonized;M;M
Physical Energy & Power Flows;2024;10;240;240;240;HR;BA;Monthly Value;Export;Harmonized;M;M
Physical Energy & Power Flows;2024;10;72;72;72;HR;BA;Monthly Value;Import;Harmonized;M;M
Physical Energy & Power Flows;2024;11;132;132;132;HR;BA;Monthly Value;Export;Harmonized;M;M
Physical Energy & Power Flows;2024;11;91;91;91;HR;BA;Monthly Value;Import;Harmonized;M;M
Physical Energy & Power Flows;2024;12;287;287;287;HR;BA;Monthly Value;Export;Harmonized;M;M
Physical Energy & Power Flows;2024;12;38;38;38;HR;BA;Monthly Value;Import;Harmonized;M;M
Physical Energy & Power Flows;2024;1;22;22;22;HR;HU;Monthly Value;Export;Harmonized;M;M
Physical Energy & Power Flows;2024;1;339;339;339;HR;HU;Monthly Value;Import;Harmonized;M;M
Physical Energy & Power Flows;2024;2;37;37;37;HR;HU;Monthly Value;Export;Harmonized;M;M
Physical Energy & Power Flows;2024;2;228;228;228;HR;HU;Monthly Value;Import;Harmonized;M;M
Physical Energy & Power Flows;2024;3;55;55;55;HR;HU;Monthly Value;Export;Harmonized;M;M
Physical Energy & Power Flows;2024;3;192;192;192;HR;HU;Monthly Value;Import;Harmonized;M;M
Physical Energy & Power Flows;2024;4;21;21;21;HR;HU;Monthly Value;Export;Harmonized;M;M
Physical Energy & Power Flows;2024;4;284;284;284;HR;HU;Monthly Value;Import;Harmonized;M;M
Physical Energy & Power Flows;2024;5;38;38;38;HR;HU;Monthly Value;Export;Harmonized;M;M
Physical Energy & Power Flows;2024;5;172;172;172;HR;HU;Monthly Value;Import;Harmonized;M;M
Physical Energy & Power Flows;2024;6;18;18;18;HR;HU;Monthly Value;Export;Harmonized;M;M
Physical Energy & Power Flows;2024;6;328;328;328;HR;HU;Monthly Value;Import;Harmonized;M;M
Physical Energy & Power Flows;2024;7;19;19;19;HR;HU;Monthly Value;Export;Harmonized;M;M
Physical Energy & Power Flows;2024;7;427;427;427;HR;HU;Monthly Value;Import;Harmonized;M;M
Physical Energy & Power Flows;2024;8;7;7;7;HR;HU;Monthly Value;Export;Harmonized;M;M
Physical Energy & Power Flows;2024;8;487;487;487;HR;HU;Monthly Value;Import;Harmonized;M;M
Physical Energy & Power Flows;2024;9;6;6;6;HR;HU;Monthly Value;Export;Harmonized;M;M
Physical Energy & Power Flows;2024;9;399;399;399;HR;HU;Monthly Value;Import;Harmonized;M;M
Physical Energy & Power Flows;2024;10;26;26;26;HR;HU;Monthly Value;Export;Harmonized;M;M
Physical Energy & Power Flows;2024;10;195;195;195;HR;HU;Monthly Value;Import;Harmonized;M;M
Physical Energy & Power Flows;2024;11;4;4;4;HR;HU;Monthly Value;Export;Harmonized;M;M
Physical Energy & Power Flows;2024;11;313;313;313;HR;HU;Monthly Value;Import;Harmonized;M;M
Physical Energy & Power Flows;2024;12;10;10;10;HR;HU;Monthly Value;Export;Harmonized;M;M
Physical Energy & Power Flows;2024;12;528;528;528;HR;HU;Monthly Value;Import;Harmonized;M;M
Physical Energy & Power Flows;2024;1;25;25;25;HR;RS;Monthly Value;Export;Harmonized;M;M
Physical Energy & Power Flows;2024;1;44;44;44;HR;RS;Monthly Value;Import;Harmonized;M;M
Physical Energy & Power Flows;2024;2;18;18;18;HR;RS;Monthly Value;Export;Harmonized;M;M
Physical Energy & Power Flows;2024;2;122;122;122;HR;RS;Monthly Value;Import;Harmonized;M;M
Physical Energy & Power Flows;2024;3;28;28;28;HR;RS;Monthly Value;Export;Harmonized;M;M
Physical Energy & Power Flows;2024;3;132;132;132;HR;RS;Monthly Value;Import;Harmonized;M;M
Physical Energy & Power Flows;2024;4;36;36;36;HR;RS;Monthly Value;Export;Harmonized;M;M
Physical Energy & Power Flows;2024;4;133;133;133;HR;RS;Monthly Value;Import;Harmonized;M;M
Physical Energy & Power Flows;2024;5;91;91;91;HR;RS;Monthly Value;Export;Harmonized;M;M
Physical Energy & Power Flows;2024;5;47;47;47;HR;RS;Monthly Value;Import;Harmonized;M;M
Physical Energy & Power Flows;2024;6;203;203;203;HR;RS;Monthly Value;Export;Harmonized;M;M
Physical Energy & Power Flows;2024;6;4;4;4;HR;RS;Monthly Value;Import;Harmonized;M;M
Physical Energy & Power Flows;2024;7;257;257;257;HR;RS;Monthly Value;Export;Harmonized;M;M
Physical Energy & Power Flows;2024;7;1;1;1;HR;RS;Monthly Value;Import;Harmonized;M;M
Physical Energy & Power Flows;2024;8;248;248;248;HR;RS;Monthly Value;Export;Harmonized;M;M
Physical Energy & Power Flows;2024;8;1;1;1;HR;RS;Monthly Value;Import;Harmonized;M;M
Physical Energy & Power Flows;2024;9;100;100;100;HR;RS;Monthly Value;Export;Harmonized;M;M
Physical Energy & Power Flows;2024;9;18;18;18;HR;RS;Monthly Value;Import;Harmonized;M;M
Physical Energy & Power Flows;2024;10;77;77;77;HR;RS;Monthly Value;Export;Harmonized;M;M
Physical Energy & Power Flows;2024;10;52;52;52;HR;RS;Monthly Value;Import;Harmonized;M;M
Physical Energy & Power Flows;2024;11;93;93;93;HR;RS;Monthly Value;Export;Harmonized;M;M
Physical Energy & Power Flows;2024;11;28;28;28;HR;RS;Monthly Value;Import;Harmonized;M;M
Physical Energy & Power Flows;2024;12;149;149;149;HR;RS;Monthly Value;Export;Harmonized;M;M
Physical Energy & Power Flows;2024;12;13;13;13;HR;RS;Monthly Value;Import;Harmonized;M;M
Physical Energy & Power Flows;2024;1;139;139;139;HR;SI;Monthly Value;Export;Harmonized;M;M
Physical Energy & Power Flows;2024;1;111;111;111;HR;SI;Monthly Value;Import;Harmonized;M;M
Physical Energy & Power Flows;2024;2;159;159;159;HR;SI;Monthly Value;Export;Harmonized;M;M
Physical Energy & Power Flows;2024;2;99;99;99;HR;SI;Monthly Value;Import;Harmonized;M;M
Physical Energy & Power Flows;2024;3;213;213;213;HR;SI;Monthly Value;Export;Harmonized;M;M
Physical Energy & Power Flows;2024;3;78;78;78;HR;SI;Monthly Value;Import;Harmonized;M;M
Physical Energy & Power Flows;2024;4;192;192;192;HR;SI;Monthly Value;Export;Harmonized;M;M
Physical Energy & Power Flows;2024;4;96;96;96;HR;SI;Monthly Value;Import;Harmonized;M;M
Physical Energy & Power Flows;2024;5;28;28;28;HR;SI;Monthly Value;Export;Harmonized;M;M
Physical Energy & Power Flows;2024;5;523;523;523;HR;SI;Monthly Value;Import;Harmonized;M;M
Physical Energy & Power Flows;2024;6;899;899;899;HR;SI;Monthly Value;Import;Harmonized;M;M
Physical Energy & Power Flows;2024;7;1;1;1;HR;SI;Monthly Value;Export;Harmonized;M;M
Physical Energy & Power Flows;2024;7;907;907;907;HR;SI;Monthly Value;Import;Harmonized;M;M
Physical Energy & Power Flows;2024;8;855;855;855;HR;SI;Monthly Value;Import;Harmonized;M;M
Physical Energy & Power Flows;2024;9;27;27;27;HR;SI;Monthly Value;Export;Harmonized;M;M
Physical Energy & Power Flows;2024;9;305;305;305;HR;SI;Monthly Value;Import;Harmonized;M;M
Physical Energy & Power Flows;2024;10;83;83;83;HR;SI;Monthly Value;Export;Harmonized;M;M
Physical Energy & Power Flows;2024;10;322;322;322;HR;SI;Monthly Value;Import;Harmonized;M;M
Physical Energy & Power Flows;2024;11;77;77;77;HR;SI;Monthly Value;Export;Harmonized;M;M
Physical Energy & Power Flows;2024;11;266;266;266;HR;SI;Monthly Value;Import;Harmonized;M;M
Physical Energy & Power Flows;2024;12;64;64;64;HR;SI;Monthly Value;Export;Harmonized;M;M
Physical Energy & Power Flows;2024;12;255;255;255;HR;SI;Monthly Value;Import;Harmonized;M;M
Physical Energy & Power Flows;2024;1;3;3;3;HU;AT;Monthly Value;Export;Harmonized;M;M
Physical Energy & Power Flows;2024;1;624;624;624;HU;AT;Monthly Value;Import;Harmonized;M;M
Physical Energy & Power Flows;2024;2;34;34;34;HU;AT;Monthly Value;Export;Harmonized;M;M
Physical Energy & Power Flows;2024;2;418;418;418;HU;AT;Monthly Value;Import;Harmonized;M;M
Physical Energy & Power Flows;2024;3;44;44;44;HU;AT;Monthly Value;Export;Harmonized;M;M
Physical Energy & Power Flows;2024;3;400;400;400;HU;AT;Monthly Value;Import;Harmonized;M;M
Physical Energy & Power Flows;2024;4;25;25;25;HU;AT;Monthly Value;Export;Harmonized;M;M
Physical Energy & Power Flows;2024;4;434;434;434;HU;AT;Monthly Value;Import;Harmonized;M;M
Physical Energy & Power Flows;2024;5;19;19;19;HU;AT;Monthly Value;Export;Harmonized;M;M
Physical Energy & Power Flows;2024;5;611;611;611;HU;AT;Monthly Value;Import;Harmonized;M;M
Physical Energy & Power Flows;2024;6;0;0;0;HU;AT;Monthly Value;Export;Harmonized;M;M
Physical Energy & Power Flows;2024;6;681;681;681;HU;AT;Monthly Value;Import;Harmonized;M;M
Physical Energy & Power Flows;2024;7;2;2;2;HU;AT;Monthly Value;Export;Harmonized;M;M
Physical Energy & Power Flows;2024;7;648;648;648;HU;AT;Monthly Value;Import;Harmonized;M;M
Physical Energy & Power Flows;2024;8;2;2;2;HU;AT;Monthly Value;Export;Harmonized;M;M
Physical Energy & Power Flows;2024;8;160;160;160;HU;AT;Monthly Value;Import;Harmonized;M;M
Physical Energy & Power Flows;2024;9;21;21;21;HU;AT;Monthly Value;Export;Harmonized;M;M
Physical Energy & Power Flows;2024;9;386;386;386;HU;AT;Monthly Value;Import;Harmonized;M;M
Physical Energy & Power Flows;2024;10;60;60;60;HU;AT;Monthly Value;Export;Harmonized;M;M
Physical Energy & Power Flows;2024;10;449;449;449;HU;AT;Monthly Value;Import;Harmonized;M;M
Physical Energy & Power Flows;2024;11;28;28;28;HU;AT;Monthly Value;Export;Harmonized;M;M
Physical Energy & Power Flows;2024;11;452;452;452;HU;AT;Monthly Value;Import;Harmonized;M;M
Physical Energy & Power Flows;2024;12;5;5;5;HU;AT;Monthly Value;Export;Harmonized;M;M
Physical Energy & Power Flows;2024;12;543;543;543;HU;AT;Monthly Value;Import;Harmonized;M;M
Physical Energy & Power Flows;2024;1;339;339;339;HU;HR;Monthly Value;Export;Harmonized;M;M
Physical Energy & Power Flows;2024;1;22;22;22;HU;HR;Monthly Value;Import;Harmonized;M;M
Physical Energy & Power Flows;2024;2;228;228;228;HU;HR;Monthly Value;Export;Harmonized;M;M
Physical Energy & Power Flows;2024;2;37;37;37;HU;HR;Monthly Value;Import;Harmonized;M;M
Physical Energy & Power Flows;2024;3;192;192;192;HU;HR;Monthly Value;Export;Harmonized;M;M
Physical Energy & Power Flows;2024;3;55;55;55;HU;HR;Monthly Value;Import;Harmonized;M;M
Physical Energy & Power Flows;2024;4;284;284;284;HU;HR;Monthly Value;Export;Harmonized;M;M
Physical Energy & Power Flows;2024;4;21;21;21;HU;HR;Monthly Value;Import;Harmonized;M;M
Physical Energy & Power Flows;2024;5;172;172;172;HU;HR;Monthly Value;Export;Harmonized;M;M
Physical Energy & Power Flows;2024;5;38;38;38;HU;HR;Monthly Value;Import;Harmonized;M;M
Physical Energy & Power Flows;2024;6;328;328;328;HU;HR;Monthly Value;Export;Harmonized;M;M
Physical Energy & Power Flows;2024;6;18;18;18;HU;HR;Monthly Value;Import;Harmonized;M;M
Physical Energy & Power Flows;2024;7;427;427;427;HU;HR;Monthly Value;Export;Harmonized;M;M
Physical Energy & Power Flows;2024;7;19;19;19;HU;HR;Monthly Value;Import;Harmonized;M;M
Physical Energy & Power Flows;2024;8;487;487;487;HU;HR;Monthly Value;Export;Harmonized;M;M
Physical Energy & Power Flows;2024;8;7;7;7;HU;HR;Monthly Value;Import;Harmonized;M;M
Physical Energy & Power Flows;2024;9;399;399;399;HU;HR;Monthly Value;Export;Harmonized;M;M
Physical Energy & Power Flows;2024;9;6;6;6;HU;HR;Monthly Value;Import;Harmonized;M;M
Physical Energy & Power Flows;2024;10;195;195;195;HU;HR;Monthly Value;Export;Harmonized;M;M
Physical Energy & Power Flows;2024;10;26;26;26;HU;HR;Monthly Value;Import;Harmonized;M;M
Physical Energy & Power Flows;2024;11;313;313;313;HU;HR;Monthly Value;Export;Harmonized;M;M
Physical Energy & Power Flows;2024;11;4;4;4;HU;HR;Monthly Value;Import;Harmonized;M;M
Physical Energy & Power Flows;2024;12;528;528;528;HU;HR;Monthly Value;Export;Harmonized;M;M
Physical Energy & Power Flows;2024;12;10;10;10;HU;HR;Monthly Value;Import;Harmonized;M;M
Physical Energy & Power Flows;2024;1;190;190;190;HU;RO;Monthly Value;Export;Harmonized;M;M
Physical Energy & Power Flows;2024;1;19;19;19;HU;RO;Monthly Value;Import;Harmonized;M;M
Physical Energy & Power Flows;2024;2;128;128;128;HU;RO;Monthly Value;Export;Harmonized;M;M
Physical Energy & Power Flows;2024;2;32;32;32;HU;RO;Monthly Value;Import;Harmonized;M;M
Physical Energy & Power Flows;2024;3;136;136;136;HU;RO;Monthly Value;Export;Harmonized;M;M
Physical Energy & Power Flows;2024;3;11;11;11;HU;RO;Monthly Value;Import;Harmonized;M;M
Physical Energy & Power Flows;2024;4;136;136;136;HU;RO;Monthly Value;Export;Harmonized;M;M
Physical Energy & Power Flows;2024;4;14;14;14;HU;RO;Monthly Value;Import;Harmonized;M;M
Physical Energy & Power Flows;2024;5;262;262;262;HU;RO;Monthly Value;Export;Harmonized;M;M
Physical Energy & Power Flows;2024;5;5;5;5;HU;RO;Monthly Value;Import;Harmonized;M;M
Physical Energy & Power Flows;2024;6;303;303;303;HU;RO;Monthly Value;Export;Harmonized;M;M
Physical Energy & Power Flows;2024;6;0;0;0;HU;RO;Monthly Value;Import;Harmonized;M;M
Physical Energy & Power Flows;2024;7;309;309;309;HU;RO;Monthly Value;Export;Harmonized;M;M
Physical Energy & Power Flows;2024;7;0;0;0;HU;RO;Monthly Value;Import;Harmonized;M;M
Physical Energy & Power Flows;2024;8;269;269;269;HU;RO;Monthly Value;Export;Harmonized;M;M
Physical Energy & Power Flows;2024;8;1;1;1;HU;RO;Monthly Value;Import;Harmonized;M;M
Physical Energy & Power Flows;2024;9;204;204;204;HU;RO;Monthly Value;Export;Harmonized;M;M
Physical Energy & Power Flows;2024;9;9;9;9;HU;RO;Monthly Value;Import;Harmonized;M;M
Physical Energy & Power Flows;2024;10;325;325;325;HU;RO;Monthly Value;Export;Harmonized;M;M
Physical Energy & Power Flows;2024;10;13;13;13;HU;RO;Monthly Value;Import;Harmonized;M;M
Physical Energy & Power Flows;2024;11;422;422;422;HU;RO;Monthly Value;Export;Harmonized;M;M
Physical Energy & Power Flows;2024;11;1;1;1;HU;RO;Monthly Value;Import;Harmonized;M;M
Physical Energy & Power Flows;2024;12;474;474;474;HU;RO;Monthly Value;Export;Harmonized;M;M
Physical Energy & Power Flows;2024;12;0;0;0;HU;RO;Monthly Value;Import;Harmonized;M;M
Physical Energy & Power Flows;2024;1;66;66;66;HU;RS;Monthly Value;Export;Harmonized;M;M
Physical Energy & Power Flows;2024;1;67;67;67;HU;RS;Monthly Value;Import;Harmonized;M;M
Physical Energy & Power Flows;2024;2;53;53;53;HU;RS;Monthly Value;Export;Harmonized;M;M
Physical Energy & Power Flows;2024;2;89;89;89;HU;RS;Monthly Value;Import;Harmonized;M;M
Physical Energy & Power Flows;2024;3;40;40;40;HU;RS;Monthly Value;Export;Harmonized;M;M
Physical Energy & Power Flows;2024;3;99;99;99;HU;RS;Monthly Value;Import;Harmonized;M;M
Physical Energy & Power Flows;2024;4;84;84;84;HU;RS;Monthly Value;Export;Harmonized;M;M
Physical Energy & Power Flows;2024;4;64;64;64;HU;RS;Monthly Value;Import;Harmonized;M;M
Physical Energy & Power Flows;2024;5;115;115;115;HU;RS;Monthly Value;Export;Harmonized;M;M
Physical Energy & Power Flows;2024;5;42;42;42;HU;RS;Monthly Value;Import;Harmonized;M;M
Physical Energy & Power Flows;2024;6;111;111;111;HU;RS;Monthly Value;Export;Harmonized;M;M
Physical Energy & Power Flows;2024;6;23;23;23;HU;RS;Monthly Value;Import;Harmonized;M;M
Physical Energy & Power Flows;2024;7;75;75;75;HU;RS;Monthly Value;Export;Harmonized;M;M
Physical Energy & Power Flows;2024;7;74;74;74;HU;RS;Monthly Value;Import;Harmonized;M;M
Physical Energy & Power Flows;2024;8;46;46;46;HU;RS;Monthly Value;Export;Harmonized;M;M
Physical Energy & Power Flows;2024;8;109;109;109;HU;RS;Monthly Value;Import;Harmonized;M;M
Physical Energy & Power Flows;2024;9;12;12;12;HU;RS;Monthly Value;Export;Harmonized;M;M
Physical Energy & Power Flows;2024;9;25;25;25;HU;RS;Monthly Value;Import;Harmonized;M;M
Physical Energy & Power Flows;2024;10;31;31;31;HU;RS;Monthly Value;Export;Harmonized;M;M
Physical Energy & Power Flows;2024;10;96;96;96;HU;RS;Monthly Value;Import;Harmonized;M;M
Physical Energy & Power Flows;2024;11;41;41;41;HU;RS;Monthly Value;Export;Harmonized;M;M
Physical Energy & Power Flows;2024;11;60;60;60;HU;RS;Monthly Value;Import;Harmonized;M;M
Physical Energy & Power Flows;2024;12;141;141;141;HU;RS;Monthly Value;Export;Harmonized;M;M
Physical Energy & Power Flows;2024;12;24;24;24;HU;RS;Monthly Value;Import;Harmonized;M;M
Physical Energy & Power Flows;2024;1;114;114;114;HU;SI;Monthly Value;Export;Harmonized;M;M
Physical Energy & Power Flows;2024;1;15;15;15;HU;SI;Monthly Value;Import;Harmonized;M;M
Physical Energy & Power Flows;2024;2;140;140;140;HU;SI;Monthly Value;Export;Harmonized;M;M
Physical Energy & Power Flows;2024;2;5;5;5;HU;SI;Monthly Value;Import;Harmonized;M;M
Physical Energy & Power Flows;2024;3;107;107;107;HU;SI;Monthly Value;Export;Harmonized;M;M
Physical Energy & Power Flows;2024;3;11;11;11;HU;SI;Monthly Value;Import;Harmonized;M;M
Physical Energy & Power Flows;2024;4;124;124;124;HU;SI;Monthly Value;Export;Harmonized;M;M
Physical Energy & Power Flows;2024;4;13;13;13;HU;SI;Monthly Value;Import;Harmonized;M;M
Physical Energy & Power Flows;2024;5;59;59;59;HU;SI;Monthly Value;Export;Harmonized;M;M
Physical Energy & Power Flows;2024;5;126;126;126;HU;SI;Monthly Value;Import;Harmonized;M;M
Physical Energy & Power Flows;2024;6;8;8;8;HU;SI;Monthly Value;Export;Harmonized;M;M
Physical Energy & Power Flows;2024;6;179;179;179;HU;SI;Monthly Value;Import;Harmonized;M;M
Physical Energy & Power Flows;2024;7;9;9;9;HU;SI;Monthly Value;Export;Harmonized;M;M
Physical Energy & Power Flows;2024;7;72;72;72;HU;SI;Monthly Value;Import;Harmonized;M;M
Physical Energy & Power Flows;2024;8;32;32;32;HU;SI;Monthly Value;Export;Harmonized;M;M
Physical Energy & Power Flows;2024;8;168;168;168;HU;SI;Monthly Value;Import;Harmonized;M;M
Physical Energy & Power Flows;2024;9;80;80;80;HU;SI;Monthly Value;Export;Harmonized;M;M
Physical Energy & Power Flows;2024;9;52;52;52;HU;SI;Monthly Value;Import;Harmonized;M;M
Physical Energy & Power Flows;2024;10;38;38;38;HU;SI;Monthly Value;Export;Harmonized;M;M
Physical Energy & Power Flows;2024;10;116;116;116;HU;SI;Monthly Value;Import;Harmonized;M;M
Physical Energy & Power Flows;2024;11;88;88;88;HU;SI;Monthly Value;Export;Harmonized;M;M
Physical Energy & Power Flows;2024;11;60;60;60;HU;SI;Monthly Value;Import;Harmonized;M;M
Physical Energy & Power Flows;2024;12;123;123;123;HU;SI;Monthly Value;Export;Harmonized;M;M
Physical Energy & Power Flows;2024;12;32;32;32;HU;SI;Monthly Value;Import;Harmonized;M;M
Physical Energy & Power Flows;2024;1;2;2;2;HU;SK;Monthly Value;Export;Harmonized;M;M
Physical Energy & Power Flows;2024;1;1264;1264;1264;HU;SK;Monthly Value;Import;Harmonized;M;M
Physical Energy & Power Flows;2024;2;8;8;8;HU;SK;Monthly Value;Export;Harmonized;M;M
Physical Energy & Power Flows;2024;2;1046;1046;1046;HU;SK;Monthly Value;Import;Harmonized;M;M
Physical Energy & Power Flows;2024;3;24;24;24;HU;SK;Monthly Value;Export;Harmonized;M;M
Physical Energy & Power Flows;2024;3;983;983;983;HU;SK;Monthly Value;Import;Harmonized;M;M
Physical Energy & Power Flows;2024;4;33;33;33;HU;SK;Monthly Value;Export;Harmonized;M;M
Physical Energy & Power Flows;2024;4;685;685;685;HU;SK;Monthly Value;Import;Harmonized;M;M
Physical Energy & Power Flows;2024;5;19;19;19;HU;SK;Monthly Value;Export;Harmonized;M;M
Physical Energy & Power Flows;2024;5;685;685;685;HU;SK;Monthly Value;Import;Harmonized;M;M
Physical Energy & Power Flows;2024;6;1;1;1;HU;SK;Monthly Value;Export;Harmonized;M;M
Physical Energy & Power Flows;2024;6;819;819;819;HU;SK;Monthly Value;Import;Harmonized;M;M
Physical Energy & Power Flows;2024;7;1;1;1;HU;SK;Monthly Value;Export;Harmonized;M;M
Physical Energy & Power Flows;2024;7;967;967;967;HU;SK;Monthly Value;Import;Harmonized;M;M
Physical Energy & Power Flows;2024;8;1314;1314;1314;HU;SK;Monthly Value;Import;Harmonized;M;M
Physical Energy & Power Flows;2024;9;0;0;0;HU;SK;Monthly Value;Export;Harmonized;M;M
Physical Energy & Power Flows;2024;9;1178;1178;1178;HU;SK;Monthly Value;Import;Harmonized;M;M
Physical Energy & Power Flows;2024;10;13;13;13;HU;SK;Monthly Value;Export;Harmonized;M;M
Physical Energy & Power Flows;2024;10;869;869;869;HU;SK;Monthly Value;Import;Harmonized;M;M
Physical Energy & Power Flows;2024;11;5;5;5;HU;SK;Monthly Value;Export;Harmonized;M;M
Physical Energy & Power Flows;2024;11;1344;1344;1344;HU;SK;Monthly Value;Import;Harmonized;M;M
Physical Energy & Power Flows;2024;12;1;1;1;HU;SK;Monthly Value;Export;Harmonized;M;M
Physical Energy & Power Flows;2024;12;1741;1741;1741;HU;SK;Monthly Value;Import;Harmonized;M;M
Physical Energy & Power Flows;2024;1;24;24;24;HU;UA;Monthly Value;Export;Harmonized;M;M
Physical Energy & Power Flows;2024;1;129;129;129;HU;UA;Monthly Value;Import;Harmonized;M;M
Physical Energy & Power Flows;2024;2;2;2;2;HU;UA;Monthly Value;Export;Harmonized;M;M
Physical Energy & Power Flows;2024;2;214;214;214;HU;UA;Monthly Value;Import;Harmonized;M;M
Physical Energy & Power Flows;2024;3;47;47;47;HU;UA;Monthly Value;Export;Harmonized;M;M
Physical Energy & Power Flows;2024;3;124;124;124;HU;UA;Monthly Value;Import;Harmonized;M;M
Physical Energy & Power Flows;2024;4;78;78;78;HU;UA;Monthly Value;Export;Harmonized;M;M
Physical Energy & Power Flows;2024;4;51;51;51;HU;UA;Monthly Value;Import;Harmonized;M;M
Physical Energy & Power Flows;2024;5;287;287;287;HU;UA;Monthly Value;Export;Harmonized;M;M
Physical Energy & Power Flows;2024;5;9;9;9;HU;UA;Monthly Value;Import;Harmonized;M;M
Physical Energy & Power Flows;2024;6;373;373;373;HU;UA;Monthly Value;Export;Harmonized;M;M
Physical Energy & Power Flows;2024;6;0;0;0;HU;UA;Monthly Value;Import;Harmonized;M;M
Physical Energy & Power Flows;2024;7;292;292;292;HU;UA;Monthly Value;Export;Harmonized;M;M
Physical Energy & Power Flows;2024;7;0;0;0;HU;UA;Monthly Value;Import;Harmonized;M;M
Physical Energy & Power Flows;2024;8;182;182;182;HU;UA;Monthly Value;Export;Harmonized;M;M
Physical Energy & Power Flows;2024;8;7;7;7;HU;UA;Monthly Value;Import;Harmonized;M;M
Physical Energy & Power Flows;2024;9;55;55;55;HU;UA;Monthly Value;Export;Harmonized;M;M
Physical Energy & Power Flows;2024;9;40;40;40;HU;UA;Monthly Value;Import;Harmonized;M;M
Physical Energy & Power Flows;2024;10;48;48;48;HU;UA;Monthly Value;Export;Harmonized;M;M
Physical Energy & Power Flows;2024;10;27;27;27;HU;UA;Monthly Value;Import;Harmonized;M;M
Physical Energy & Power Flows;2024;11;34;34;34;HU;UA;Monthly Value;Export;Harmonized;M;M
Physical Energy & Power Flows;2024;11;70;70;70;HU;UA;Monthly Value;Import;Harmonized;M;M
Physical Energy & Power Flows;2024;12;39;39;39;HU;UA;Monthly Value;Export;Harmonized;M;M
Physical Energy & Power Flows;2024;12;91;91;91;HU;UA;Monthly Value;Import;Harmonized;M;M
Physical Energy & Power Flows;2024;1;25;25;25;IE;GB;Monthly Value;Export;Harmonized;M;M
Physical Energy & Power Flows;2024;1;199;199;199;IE;GB;Monthly Value;Import;Harmonized;M;M
Physical Energy & Power Flows;2024;2;17;17;17;IE;GB;Monthly Value;Export;Harmonized;M;M
Physical Energy & Power Flows;2024;2;183;183;183;IE;GB;Monthly Value;Import;Harmonized;M;M
Physical Energy & Power Flows;2024;3;15;15;15;IE;GB;Monthly Value;Export;Harmonized;M;M
Physical Energy & Power Flows;2024;3;186;186;186;IE;GB;Monthly Value;Import;Harmonized;M;M
Physical Energy & Power Flows;2024;4;4;4;4;IE;GB;Monthly Value;Export;Harmonized;M;M
Physical Energy & Power Flows;2024;4;222;222;222;IE;GB;Monthly Value;Import;Harmonized;M;M
Physical Energy & Power Flows;2024;5;1;1;1;IE;GB;Monthly Value;Export;Harmonized;M;M
Physical Energy & Power Flows;2024;5;261;261;261;IE;GB;Monthly Value;Import;Harmonized;M;M
Physical Energy & Power Flows;2024;6;4;4;4;IE;GB;Monthly Value;Export;Harmonized;M;M
Physical Energy & Power Flows;2024;6;262;262;262;IE;GB;Monthly Value;Import;Harmonized;M;M
Physical Energy & Power Flows;2024;7;1;1;1;IE;GB;Monthly Value;Export;Harmonized;M;M
Physical Energy & Power Flows;2024;7;290;290;290;IE;GB;Monthly Value;Import;Harmonized;M;M
Physical Energy & Power Flows;2024;8;6;6;6;IE;GB;Monthly Value;Export;Harmonized;M;M
Physical Energy & Power Flows;2024;8;273;273;273;IE;GB;Monthly Value;Import;Harmonized;M;M
Physical Energy & Power Flows;2024;9;7;7;7;IE;GB;Monthly Value;Export;Harmonized;M;M
Physical Energy & Power Flows;2024;9;223;223;223;IE;GB;Monthly Value;Import;Harmonized;M;M
Physical Energy & Power Flows;2024;10;19;19;19;IE;GB;Monthly Value;Export;Harmonized;M;M
Physical Energy & Power Flows;2024;10;210;210;210;IE;GB;Monthly Value;Import;Harmonized;M;M
Physical Energy & Power Flows;2024;11;12;12;12;IE;GB;Monthly Value;Export;Harmonized;M;M
Physical Energy & Power Flows;2024;11;230;230;230;IE;GB;Monthly Value;Import;Harmonized;M;M
Physical Energy & Power Flows;2024;12;20;20;20;IE;GB;Monthly Value;Export;Harmonized;M;M
Physical Energy & Power Flows;2024;12;180;180;180;IE;GB;Monthly Value;Import;Harmonized;M;M
Physical Energy & Power Flows;2024;1;1;1;1;IT;AT;Monthly Value;Export;Harmonized;M;M
Physical Energy & Power Flows;2024;1;231;231;231;IT;AT;Monthly Value;Import;Harmonized;M;M
Physical Energy & Power Flows;2024;2;232;232;232;IT;AT;Monthly Value;Import;Harmonized;M;M
Physical Energy & Power Flows;2024;3;3;3;3;IT;AT;Monthly Value;Export;Harmonized;M;M
Physical Energy & Power Flows;2024;3;135;135;135;IT;AT;Monthly Value;Import;Harmonized;M;M
Physical Energy & Power Flows;2024;4;8;8;8;IT;AT;Monthly Value;Export;Harmonized;M;M
Physical Energy & Power Flows;2024;4;99;99;99;IT;AT;Monthly Value;Import;Harmonized;M;M
Physical Energy & Power Flows;2024;5;12;12;12;IT;AT;Monthly Value;Export;Harmonized;M;M
Physical Energy & Power Flows;2024;5;106;106;106;IT;AT;Monthly Value;Import;Harmonized;M;M
Physical Energy & Power Flows;2024;6;33;33;33;IT;AT;Monthly Value;Export;Harmonized;M;M
Physical Energy & Power Flows;2024;6;15;15;15;IT;AT;Monthly Value;Import;Harmonized;M;M
Physical Energy & Power Flows;2024;7;9;9;9;IT;AT;Monthly Value;Export;Harmonized;M;M
Physical Energy & Power Flows;2024;7;53;53;53;IT;AT;Monthly Value;Import;Harmonized;M;M
Physical Energy & Power Flows;2024;8;18;18;18;IT;AT;Monthly Value;Export;Harmonized;M;M
Physical Energy & Power Flows;2024;8;120;120;120;IT;AT;Monthly Value;Import;Harmonized;M;M
Physical Energy & Power Flows;2024;9;6;6;6;IT;AT;Monthly Value;Export;Harmonized;M;M
Physical Energy & Power Flows;2024;9;77;77;77;IT;AT;Monthly Value;Import;Harmonized;M;M
Physical Energy & Power Flows;2024;10;2;2;2;IT;AT;Monthly Value;Export;Harmonized;M;M
Physical Energy & Power Flows;2024;10;108;108;108;IT;AT;Monthly Value;Import;Harmonized;M;M
Physical Energy & Power Flows;2024;11;6;6;6;IT;AT;Monthly Value;Export;Harmonized;M;M
Physical Energy & Power Flows;2024;11;103;103;103;IT;AT;Monthly Value;Import;Harmonized;M;M
Physical Energy & Power Flows;2024;12;0;0;0;IT;AT;Monthly Value;Export;Harmonized;M;M
Physical Energy & Power Flows;2024;12;178;178;178;IT;AT;Monthly Value;Import;Harmonized;M;M
Physical Energy & Power Flows;2024;1;4;4;4;IT;CH;Monthly Value;Export;Harmonized;M;M
Physical Energy & Power Flows;2024;1;2152;2152;2152;IT;CH;Monthly Value;Import;Harmonized;M;M
Physical Energy & Power Flows;2024;2;2226;2226;2226;IT;CH;Monthly Value;Import;Harmonized;M;M
Physical Energy & Power Flows;2024;3;73;73;73;IT;CH;Monthly Value;Export;Harmonized;M;M
Physical Energy & Power Flows;2024;3;2104;2104;2104;IT;CH;Monthly Value;Import;Harmonized;M;M
Physical Energy & Power Flows;2024;4;121;121;121;IT;CH;Monthly Value;Export;Harmonized;M;M
Physical Energy & Power Flows;2024;4;1260;1260;1260;IT;CH;Monthly Value;Import;Harmonized;M;M
Physical Energy & Power Flows;2024;5;30;30;30;IT;CH;Monthly Value;Export;Harmonized;M;M
Physical Energy & Power Flows;2024;5;1265;1265;1265;IT;CH;Monthly Value;Import;Harmonized;M;M
Physical Energy & Power Flows;2024;6;33;33;33;IT;CH;Monthly Value;Export;Harmonized;M;M
Physical Energy & Power Flows;2024;6;1312;1312;1312;IT;CH;Monthly Value;Import;Harmonized;M;M
Physical Energy & Power Flows;2024;7;2194;2194;2194;IT;CH;Monthly Value;Import;Harmonized;M;M
Physical Energy & Power Flows;2024;8;2;2;2;IT;CH;Monthly Value;Export;Harmonized;M;M
Physical Energy & Power Flows;2024;8;1710;1710;1710;IT;CH;Monthly Value;Import;Harmonized;M;M
Physical Energy & Power Flows;2024;9;14;14;14;IT;CH;Monthly Value;Export;Harmonized;M;M
Physical Energy & Power Flows;2024;9;1606;1606;1606;IT;CH;Monthly Value;Import;Harmonized;M;M
Physical Energy & Power Flows;2024;10;39;39;39;IT;CH;Monthly Value;Export;Harmonized;M;M
Physical Energy & Power Flows;2024;10;1343;1343;1343;IT;CH;Monthly Value;Import;Harmonized;M;M
Physical Energy & Power Flows;2024;11;58;58;58;IT;CH;Monthly Value;Export;Harmonized;M;M
Physical Energy & Power Flows;2024;11;1730;1730;1730;IT;CH;Monthly Value;Import;Harmonized;M;M
Physical Energy & Power Flows;2024;12;96;96;96;IT;CH;Monthly Value;Export;Harmonized;M;M
Physical Energy & Power Flows;2024;12;1962;1962;1962;IT;CH;Monthly Value;Import;Harmonized;M;M
Physical Energy & Power Flows;2024;1;0;0;0;IT;FR;Monthly Value;Export;Harmonized;M;M
Physical Energy & Power Flows;2024;1;1659;1659;1659;IT;FR;Monthly Value;Import;Harmonized;M;M
Physical Energy & Power Flows;2024;2;1873;1873;1873;IT;FR;Monthly Value;Import;Harmonized;M;M
Physical Energy & Power Flows;2024;3;4;4;4;IT;FR;Monthly Value;Export;Harmonized;M;M
Physical Energy & Power Flows;2024;3;1181;1181;1181;IT;FR;Monthly Value;Import;Harmonized;M;M
Physical Energy & Power Flows;2024;4;27;27;27;IT;FR;Monthly Value;Export;Harmonized;M;M
Physical Energy & Power Flows;2024;4;1169;1169;1169;IT;FR;Monthly Value;Import;Harmonized;M;M
Physical Energy & Power Flows;2024;5;15;15;15;IT;FR;Monthly Value;Export;Harmonized;M;M
Physical Energy & Power Flows;2024;5;1900;1900;1900;IT;FR;Monthly Value;Import;Harmonized;M;M
Physical Energy & Power Flows;2024;6;2;2;2;IT;FR;Monthly Value;Export;Harmonized;M;M
Physical Energy & Power Flows;2024;6;1684;1684;1684;IT;FR;Monthly Value;Import;Harmonized;M;M
Physical Energy & Power Flows;2024;7;0;0;0;IT;FR;Monthly Value;Export;Harmonized;M;M
Physical Energy & Power Flows;2024;7;2002;2002;2002;IT;FR;Monthly Value;Import;Harmonized;M;M
Physical Energy & Power Flows;2024;8;3;3;3;IT;FR;Monthly Value;Export;Harmonized;M;M
Physical Energy & Power Flows;2024;8;1810;1810;1810;IT;FR;Monthly Value;Import;Harmonized;M;M
Physical Energy & Power Flows;2024;9;7;7;7;IT;FR;Monthly Value;Export;Harmonized;M;M
Physical Energy & Power Flows;2024;9;1316;1316;1316;IT;FR;Monthly Value;Import;Harmonized;M;M
Physical Energy & Power Flows;2024;10;0;0;0;IT;FR;Monthly Value;Export;Harmonized;M;M
Physical Energy & Power Flows;2024;10;1843;1843;1843;IT;FR;Monthly Value;Import;Harmonized;M;M
Physical Energy & Power Flows;2024;11;1664;1664;1664;IT;FR;Monthly Value;Import;Harmonized;M;M
Physical Energy & Power Flows;2024;12;1801;1801;1801;IT;FR;Monthly Value;Import;Harmonized;M;M
Physical Energy & Power Flows;2024;1;57;57;57;IT;GR;Monthly Value;Export;Harmonized;M;M
Physical Energy & Power Flows;2024;1;225;225;225;IT;GR;Monthly Value;Import;Harmonized;M;M
Physical Energy & Power Flows;2024;2;10;10;10;IT;GR;Monthly Value;Export;Harmonized;M;M
Physical Energy & Power Flows;2024;2;287;287;287;IT;GR;Monthly Value;Import;Harmonized;M;M
Physical Energy & Power Flows;2024;3;13;13;13;IT;GR;Monthly Value;Export;Harmonized;M;M
Physical Energy & Power Flows;2024;3;299;299;299;IT;GR;Monthly Value;Import;Harmonized;M;M
Physical Energy & Power Flows;2024;4;7;7;7;IT;GR;Monthly Value;Export;Harmonized;M;M
Physical Energy & Power Flows;2024;4;265;265;265;IT;GR;Monthly Value;Import;Harmonized;M;M
Physical Energy & Power Flows;2024;5;49;49;49;IT;GR;Monthly Value;Export;Harmonized;M;M
Physical Energy & Power Flows;2024;5;169;169;169;IT;GR;Monthly Value;Import;Harmonized;M;M
Physical Energy & Power Flows;2024;6;17;17;17;IT;GR;Monthly Value;Export;Harmonized;M;M
Physical Energy & Power Flows;2024;6;42;42;42;IT;GR;Monthly Value;Import;Harmonized;M;M
Physical Energy & Power Flows;2024;7;102;102;102;IT;GR;Monthly Value;Export;Harmonized;M;M
Physical Energy & Power Flows;2024;7;184;184;184;IT;GR;Monthly Value;Import;Harmonized;M;M
Physical Energy & Power Flows;2024;8;80;80;80;IT;GR;Monthly Value;Export;Harmonized;M;M
Physical Energy & Power Flows;2024;8;203;203;203;IT;GR;Monthly Value;Import;Harmonized;M;M
Physical Energy & Power Flows;2024;9;62;62;62;IT;GR;Monthly Value;Export;Harmonized;M;M
Physical Energy & Power Flows;2024;9;229;229;229;IT;GR;Monthly Value;Import;Harmonized;M;M
Physical Energy & Power Flows;2024;10;32;32;32;IT;GR;Monthly Value;Export;Harmonized;M;M
Physical Energy & Power Flows;2024;10;264;264;264;IT;GR;Monthly Value;Import;Harmonized;M;M
Physical Energy & Power Flows;2024;11;87;87;87;IT;GR;Monthly Value;Export;Harmonized;M;M
Physical Energy & Power Flows;2024;11;176;176;176;IT;GR;Monthly Value;Import;Harmonized;M;M
Physical Energy & Power Flows;2024;12;62;62;62;IT;GR;Monthly Value;Export;Harmonized;M;M
Physical Energy & Power Flows;2024;12;183;183;183;IT;GR;Monthly Value;Import;Harmonized;M;M
Physical Energy & Power Flows;2024;1;1;1;1;IT;ME;Monthly Value;Export;Harmonized;M;M
Physical Energy & Power Flows;2024;1;369;369;369;IT;ME;Monthly Value;Import;Harmonized;M;M
Physical Energy & Power Flows;2024;2;397;397;397;IT;ME;Monthly Value;Import;Harmonized;M;M
Physical Energy & Power Flows;2024;3;392;392;392;IT;ME;Monthly Value;Import;Harmonized;M;M
Physical Energy & Power Flows;2024;4;3;3;3;IT;ME;Monthly Value;Export;Harmonized;M;M
Physical Energy & Power Flows;2024;4;329;329;329;IT;ME;Monthly Value;Import;Harmonized;M;M
Physical Energy & Power Flows;2024;5;12;12;12;IT;ME;Monthly Value;Export;Harmonized;M;M
Physical Energy & Power Flows;2024;5;320;320;320;IT;ME;Monthly Value;Import;Harmonized;M;M
Physical Energy & Power Flows;2024;6;52;52;52;IT;ME;Monthly Value;Export;Harmonized;M;M
Physical Energy & Power Flows;2024;6;245;245;245;IT;ME;Monthly Value;Import;Harmonized;M;M
Physical Energy & Power Flows;2024;7;67;67;67;IT;ME;Monthly Value;Export;Harmonized;M;M
Physical Energy & Power Flows;2024;7;193;193;193;IT;ME;Monthly Value;Import;Harmonized;M;M
Physical Energy & Power Flows;2024;8;51;51;51;IT;ME;Monthly Value;Export;Harmonized;M;M
Physical Energy & Power Flows;2024;8;228;228;228;IT;ME;Monthly Value;Import;Harmonized;M;M
Physical Energy & Power Flows;2024;9;19;19;19;IT;ME;Monthly Value;Export;Harmonized;M;M
Physical Energy & Power Flows;2024;9;160;160;160;IT;ME;Monthly Value;Import;Harmonized;M;M
Physical Energy & Power Flows;2024;10;18;18;18;IT;ME;Monthly Value;Export;Harmonized;M;M
Physical Energy & Power Flows;2024;10;353;353;353;IT;ME;Monthly Value;Import;Harmonized;M;M
Physical Energy & Power Flows;2024;11;131;131;131;IT;ME;Monthly Value;Export;Harmonized;M;M
Physical Energy & Power Flows;2024;11;92;92;92;IT;ME;Monthly Value;Import;Harmonized;M;M
Physical Energy & Power Flows;2024;12;71;71;71;IT;ME;Monthly Value;Export;Harmonized;M;M
Physical Energy & Power Flows;2024;12;160;160;160;IT;ME;Monthly Value;Import;Harmonized;M;M
Physical Energy & Power Flows;2024;1;73;73;73;IT;MT;Monthly Value;Export;Harmonized;M;NaM
Physical Energy & Power Flows;2024;1;0;0;0;IT;MT;Monthly Value;Import;Harmonized;M;NaM
Physical Energy & Power Flows;2024;2;56;56;56;IT;MT;Monthly Value;Export;Harmonized;M;NaM
Physical Energy & Power Flows;2024;2;0;0;0;IT;MT;Monthly Value;Import;Harmonized;M;NaM
Physical Energy & Power Flows;2024;3;50;50;50;IT;MT;Monthly Value;Export;Harmonized;M;NaM
Physical Energy & Power Flows;2024;3;1;1;1;IT;MT;Monthly Value;Import;Harmonized;M;NaM
Physical Energy & Power Flows;2024;4;72;72;72;IT;MT;Monthly Value;Export;Harmonized;M;NaM
Physical Energy & Power Flows;2024;4;0;0;0;IT;MT;Monthly Value;Import;Harmonized;M;NaM
Physical Energy & Power Flows;2024;5;63;63;63;IT;MT;Monthly Value;Export;Harmonized;M;NaM
Physical Energy & Power Flows;2024;5;0;0;0;IT;MT;Monthly Value;Import;Harmonized;M;NaM
Physical Energy & Power Flows;2024;6;78;78;78;IT;MT;Monthly Value;Export;Harmonized;M;NaM
Physical Energy & Power Flows;2024;6;0;0;0;IT;MT;Monthly Value;Import;Harmonized;M;NaM
Physical Energy & Power Flows;2024;7;117;117;117;IT;MT;Monthly Value;Export;Harmonized;M;NaM
Physical Energy & Power Flows;2024;7;0;0;0;IT;MT;Monthly Value;Import;Harmonized;M;NaM
Physical Energy & Power Flows;2024;8;120;120;120;IT;MT;Monthly Value;Export;Harmonized;M;NaM
Physical Energy & Power Flows;2024;9;116;116;116;IT;MT;Monthly Value;Export;Harmonized;M;NaM
Physical Energy & Power Flows;2024;9;0;0;0;IT;MT;Monthly Value;Import;Harmonized;M;NaM
Physical Energy & Power Flows;2024;10;88;88;88;IT;MT;Monthly Value;Export;Harmonized;M;NaM
Physical Energy & Power Flows;2024;10;0;0;0;IT;MT;Monthly Value;Import;Harmonized;M;NaM
Physical Energy & Power Flows;2024;11;58;58;58;IT;MT;Monthly Value;Export;Harmonized;M;NaM
Physical Energy & Power Flows;2024;11;1;1;1;IT;MT;Monthly Value;Import;Harmonized;M;NaM
Physical Energy & Power Flows;2024;12;75;75;75;IT;MT;Monthly Value;Export;Harmonized;M;NaM
Physical Energy & Power Flows;2024;12;0;0;0;IT;MT;Monthly Value;Import;Harmonized;M;NaM
Physical Energy & Power Flows;2024;1;1;1;1;IT;SI;Monthly Value;Export;Harmonized;M;M
Physical Energy & Power Flows;2024;1;593;593;593;IT;SI;Monthly Value;Import;Harmonized;M;M
Physical Energy & Power Flows;2024;2;0;0;0;IT;SI;Monthly Value;Export;Harmonized;M;M
Physical Energy & Power Flows;2024;2;612;612;612;IT;SI;Monthly Value;Import;Harmonized;M;M
Physical Energy & Power Flows;2024;3;0;0;0;IT;SI;Monthly Value;Export;Harmonized;M;M
Physical Energy & Power Flows;2024;3;636;636;636;IT;SI;Monthly Value;Import;Harmonized;M;M
Physical Energy & Power Flows;2024;4;6;6;6;IT;SI;Monthly Value;Export;Harmonized;M;M
Physical Energy & Power Flows;2024;4;509;509;509;IT;SI;Monthly Value;Import;Harmonized;M;M
Physical Energy & Power Flows;2024;5;47;47;47;IT;SI;Monthly Value;Export;Harmonized;M;M
Physical Energy & Power Flows;2024;5;288;288;288;IT;SI;Monthly Value;Import;Harmonized;M;M
Physical Energy & Power Flows;2024;6;176;176;176;IT;SI;Monthly Value;Export;Harmonized;M;M
Physical Energy & Power Flows;2024;6;96;96;96;IT;SI;Monthly Value;Import;Harmonized;M;M
Physical Energy & Power Flows;2024;7;154;154;154;IT;SI;Monthly Value;Export;Harmonized;M;M
Physical Energy & Power Flows;2024;7;113;113;113;IT;SI;Monthly Value;Import;Harmonized;M;M
Physical Energy & Power Flows;2024;8;160;160;160;IT;SI;Monthly Value;Export;Harmonized;M;M
Physical Energy & Power Flows;2024;8;130;130;130;IT;SI;Monthly Value;Import;Harmonized;M;M
Physical Energy & Power Flows;2024;9;1;1;1;IT;SI;Monthly Value;Export;Harmonized;M;M
Physical Energy & Power Flows;2024;9;514;514;514;IT;SI;Monthly Value;Import;Harmonized;M;M
Physical Energy & Power Flows;2024;10;21;21;21;IT;SI;Monthly Value;Export;Harmonized;M;M
Physical Energy & Power Flows;2024;10;492;492;492;IT;SI;Monthly Value;Import;Harmonized;M;M
Physical Energy & Power Flows;2024;11;11;11;11;IT;SI;Monthly Value;Export;Harmonized;M;M
Physical Energy & Power Flows;2024;11;439;439;439;IT;SI;Monthly Value;Import;Harmonized;M;M
Physical Energy & Power Flows;2024;12;4;4;4;IT;SI;Monthly Value;Export;Harmonized;M;M
Physical Energy & Power Flows;2024;12;468;468;468;IT;SI;Monthly Value;Import;Harmonized;M;M
Physical Energy & Power Flows;2024;1;13;13;13;LT;BY;Monthly Value;Export;Harmonized;M;NaM
Physical Energy & Power Flows;2024;1;105;105;105;LT;BY;Monthly Value;Import;Harmonized;M;NaM
Physical Energy & Power Flows;2024;2;20;20;20;LT;BY;Monthly Value;Export;Harmonized;M;NaM
Physical Energy & Power Flows;2024;2;50;50;50;LT;BY;Monthly Value;Import;Harmonized;M;NaM
Physical Energy & Power Flows;2024;3;3;3;3;LT;BY;Monthly Value;Export;Harmonized;M;NaM
Physical Energy & Power Flows;2024;3;98;98;98;LT;BY;Monthly Value;Import;Harmonized;M;NaM
Physical Energy & Power Flows;2024;4;50;50;50;LT;BY;Monthly Value;Export;Harmonized;M;NaM
Physical Energy & Power Flows;2024;4;16;16;16;LT;BY;Monthly Value;Import;Harmonized;M;NaM
Physical Energy & Power Flows;2024;5;51;51;51;LT;BY;Monthly Value;Export;Harmonized;M;NaM
Physical Energy & Power Flows;2024;5;12;12;12;LT;BY;Monthly Value;Import;Harmonized;M;NaM
Physical Energy & Power Flows;2024;6;42;42;42;LT;BY;Monthly Value;Export;Harmonized;M;NaM
Physical Energy & Power Flows;2024;6;12;12;12;LT;BY;Monthly Value;Import;Harmonized;M;NaM
Physical Energy & Power Flows;2024;7;127;127;127;LT;BY;Monthly Value;Export;Harmonized;M;NaM
Physical Energy & Power Flows;2024;7;1;1;1;LT;BY;Monthly Value;Import;Harmonized;M;NaM
Physical Energy & Power Flows;2024;8;121;121;121;LT;BY;Monthly Value;Export;Harmonized;M;NaM
Physical Energy & Power Flows;2024;8;0;0;0;LT;BY;Monthly Value;Import;Harmonized;M;NaM
Physical Energy & Power Flows;2024;9;27;27;27;LT;BY;Monthly Value;Export;Harmonized;M;NaM
Physical Energy & Power Flows;2024;9;30;30;30;LT;BY;Monthly Value;Import;Harmonized;M;NaM
Physical Energy & Power Flows;2024;10;7;7;7;LT;BY;Monthly Value;Export;Harmonized;M;NaM
Physical Energy & Power Flows;2024;10;106;106;106;LT;BY;Monthly Value;Import;Harmonized;M;NaM
Physical Energy & Power Flows;2024;11;2;2;2;LT;BY;Monthly Value;Export;Harmonized;M;NaM
Physical Energy & Power Flows;2024;11;82;82;82;LT;BY;Monthly Value;Import;Harmonized;M;NaM
Physical Energy & Power Flows;2024;12;61;61;61;LT;BY;Monthly Value;Export;Harmonized;M;NaM
Physical Energy & Power Flows;2024;12;10;10;10;LT;BY;Monthly Value;Import;Harmonized;M;NaM
Physical Energy & Power Flows;2024;1;135;135;135;LT;LV;Monthly Value;Export;Harmonized;M;M
Physical Energy & Power Flows;2024;1;88;88;88;LT;LV;Monthly Value;Import;Harmonized;M;M
Physical Energy & Power Flows;2024;2;101;101;101;LT;LV;Monthly Value;Export;Harmonized;M;M
Physical Energy & Power Flows;2024;2;54;54;54;LT;LV;Monthly Value;Import;Harmonized;M;M
Physical Energy & Power Flows;2024;3;48;48;48;LT;LV;Monthly Value;Export;Harmonized;M;M
Physical Energy & Power Flows;2024;3;72;72;72;LT;LV;Monthly Value;Import;Harmonized;M;M
Physical Energy & Power Flows;2024;4;28;28;28;LT;LV;Monthly Value;Export;Harmonized;M;M
Physical Energy & Power Flows;2024;4;125;125;125;LT;LV;Monthly Value;Import;Harmonized;M;M
Physical Energy & Power Flows;2024;5;77;77;77;LT;LV;Monthly Value;Export;Harmonized;M;M
Physical Energy & Power Flows;2024;5;76;76;76;LT;LV;Monthly Value;Import;Harmonized;M;M
Physical Energy & Power Flows;2024;6;157;157;157;LT;LV;Monthly Value;Export;Harmonized;M;M
Physical Energy & Power Flows;2024;6;11;11;11;LT;LV;Monthly Value;Import;Harmonized;M;M
Physical Energy & Power Flows;2024;7;86;86;86;LT;LV;Monthly Value;Export;Harmonized;M;M
Physical Energy & Power Flows;2024;7;45;45;45;LT;LV;Monthly Value;Import;Harmonized;M;M
Physical Energy & Power Flows;2024;8;104;104;104;LT;LV;Monthly Value;Export;Harmonized;M;M
Physical Energy & Power Flows;2024;8;15;15;15;LT;LV;Monthly Value;Import;Harmonized;M;M
Physical Energy & Power Flows;2024;9;102;102;102;LT;LV;Monthly Value;Export;Harmonized;M;M
Physical Energy & Power Flows;2024;9;67;67;67;LT;LV;Monthly Value;Import;Harmonized;M;M
Physical Energy & Power Flows;2024;10;116;116;116;LT;LV;Monthly Value;Export;Harmonized;M;M
Physical Energy & Power Flows;2024;10;38;38;38;LT;LV;Monthly Value;Import;Harmonized;M;M
Physical Energy & Power Flows;2024;11;112;112;112;LT;LV;Monthly Value;Export;Harmonized;M;M
Physical Energy & Power Flows;2024;11;53;53;53;LT;LV;Monthly Value;Import;Harmonized;M;M
Physical Energy & Power Flows;2024;12;118;118;118;LT;LV;Monthly Value;Export;Harmonized;M;M
Physical Energy & Power Flows;2024;12;96;96;96;LT;LV;Monthly Value;Import;Harmonized;M;M
Physical Energy & Power Flows;2024;1;76;76;76;LT;PL;Monthly Value;Export;Harmonized;M;M
Physical Energy & Power Flows;2024;1;179;179;179;LT;PL;Monthly Value;Import;Harmonized;M;M
Physical Energy & Power Flows;2024;2;57;57;57;LT;PL;Monthly Value;Export;Harmonized;M;M
Physical Energy & Power Flows;2024;2;150;150;150;LT;PL;Monthly Value;Import;Harmonized;M;M
Physical Energy & Power Flows;2024;3;90;90;90;LT;PL;Monthly Value;Export;Harmonized;M;M
Physical Energy & Power Flows;2024;3;104;104;104;LT;PL;Monthly Value;Import;Harmonized;M;M
Physical Energy & Power Flows;2024;4;105;105;105;LT;PL;Monthly Value;Export;Harmonized;M;M
Physical Energy & Power Flows;2024;4;111;111;111;LT;PL;Monthly Value;Import;Harmonized;M;M
Physical Energy & Power Flows;2024;5;82;82;82;LT;PL;Monthly Value;Export;Harmonized;M;M
Physical Energy & Power Flows;2024;5;140;140;140;LT;PL;Monthly Value;Import;Harmonized;M;M
Physical Energy & Power Flows;2024;6;41;41;41;LT;PL;Monthly Value;Export;Harmonized;M;M
Physical Energy & Power Flows;2024;6;163;163;163;LT;PL;Monthly Value;Import;Harmonized;M;M
Physical Energy & Power Flows;2024;7;55;55;55;LT;PL;Monthly Value;Export;Harmonized;M;M
Physical Energy & Power Flows;2024;7;169;169;169;LT;PL;Monthly Value;Import;Harmonized;M;M
Physical Energy & Power Flows;2024;8;32;32;32;LT;PL;Monthly Value;Export;Harmonized;M;M
Physical Energy & Power Flows;2024;8;189;189;189;LT;PL;Monthly Value;Import;Harmonized;M;M
Physical Energy & Power Flows;2024;9;105;105;105;LT;PL;Monthly Value;Export;Harmonized;M;M
Physical Energy & Power Flows;2024;9;126;126;126;LT;PL;Monthly Value;Import;Harmonized;M;M
Physical Energy & Power Flows;2024;10;21;21;21;LT;PL;Monthly Value;Export;Harmonized;M;M
Physical Energy & Power Flows;2024;10;144;144;144;LT;PL;Monthly Value;Import;Harmonized;M;M
Physical Energy & Power Flows;2024;11;7;7;7;LT;PL;Monthly Value;Export;Harmonized;M;M
Physical Energy & Power Flows;2024;11;83;83;83;LT;PL;Monthly Value;Import;Harmonized;M;M
Physical Energy & Power Flows;2024;12;8;8;8;LT;PL;Monthly Value;Export;Harmonized;M;M
Physical Energy & Power Flows;2024;12;86;86;86;LT;PL;Monthly Value;Import;Harmonized;M;M
Physical Energy & Power Flows;2024;1;5;5;5;LT;RU;Monthly Value;Export;Harmonized;M;NaM
Physical Energy & Power Flows;2024;1;7;7;7;LT;RU;Monthly Value;Import;Harmonized;M;NaM
Physical Energy & Power Flows;2024;2;4;4;4;LT;RU;Monthly Value;Export;Harmonized;M;NaM
Physical Energy & Power Flows;2024;2;7;7;7;LT;RU;Monthly Value;Import;Harmonized;M;NaM
Physical Energy & Power Flows;2024;3;4;4;4;LT;RU;Monthly Value;Export;Harmonized;M;NaM
Physical Energy & Power Flows;2024;3;8;8;8;LT;RU;Monthly Value;Import;Harmonized;M;NaM
Physical Energy & Power Flows;2024;4;5;5;5;LT;RU;Monthly Value;Export;Harmonized;M;NaM
Physical Energy & Power Flows;2024;4;6;6;6;LT;RU;Monthly Value;Import;Harmonized;M;NaM
Physical Energy & Power Flows;2024;5;7;7;7;LT;RU;Monthly Value;Export;Harmonized;M;NaM
Physical Energy & Power Flows;2024;5;5;5;5;LT;RU;Monthly Value;Import;Harmonized;M;NaM
Physical Energy & Power Flows;2024;6;4;4;4;LT;RU;Monthly Value;Export;Harmonized;M;NaM
Physical Energy & Power Flows;2024;6;4;4;4;LT;RU;Monthly Value;Import;Harmonized;M;NaM
Physical Energy & Power Flows;2024;7;4;4;4;LT;RU;Monthly Value;Export;Harmonized;M;NaM
Physical Energy & Power Flows;2024;7;5;5;5;LT;RU;Monthly Value;Import;Harmonized;M;NaM
Physical Energy & Power Flows;2024;8;5;5;5;LT;RU;Monthly Value;Export;Harmonized;M;NaM
Physical Energy & Power Flows;2024;8;5;5;5;LT;RU;Monthly Value;Import;Harmonized;M;NaM
Physical Energy & Power Flows;2024;9;5;5;5;LT;RU;Monthly Value;Export;Harmonized;M;NaM
Physical Energy & Power Flows;2024;9;4;4;4;LT;RU;Monthly Value;Import;Harmonized;M;NaM
Physical Energy & Power Flows;2024;10;5;5;5;LT;RU;Monthly Value;Export;Harmonized;M;NaM
Physical Energy & Power Flows;2024;10;6;6;6;LT;RU;Monthly Value;Import;Harmonized;M;NaM
Physical Energy & Power Flows;2024;11;6;6;6;LT;RU;Monthly Value;Export;Harmonized;M;NaM
Physical Energy & Power Flows;2024;11;6;6;6;LT;RU;Monthly Value;Import;Harmonized;M;NaM
Physical Energy & Power Flows;2024;12;4;4;4;LT;RU;Monthly Value;Export;Harmonized;M;NaM
Physical Energy & Power Flows;2024;12;5;5;5;LT;RU;Monthly Value;Import;Harmonized;M;NaM
Physical Energy & Power Flows;2024;1;2;2;2;LT;SE;Monthly Value;Export;Harmonized;M;M
Physical Energy & Power Flows;2024;1;484;484;484;LT;SE;Monthly Value;Import;Harmonized;M;M
Physical Energy & Power Flows;2024;2;485;485;485;LT;SE;Monthly Value;Import;Harmonized;M;M
Physical Energy & Power Flows;2024;3;13;13;13;LT;SE;Monthly Value;Export;Harmonized;M;M
Physical Energy & Power Flows;2024;3;380;380;380;LT;SE;Monthly Value;Import;Harmonized;M;M
Physical Energy & Power Flows;2024;4;12;12;12;LT;SE;Monthly Value;Export;Harmonized;M;M
Physical Energy & Power Flows;2024;4;349;349;349;LT;SE;Monthly Value;Import;Harmonized;M;M
Physical Energy & Power Flows;2024;5;3;3;3;LT;SE;Monthly Value;Export;Harmonized;M;M
Physical Energy & Power Flows;2024;5;367;367;367;LT;SE;Monthly Value;Import;Harmonized;M;M
Physical Energy & Power Flows;2024;6;0;0;0;LT;SE;Monthly Value;Export;Harmonized;M;M
Physical Energy & Power Flows;2024;6;473;473;473;LT;SE;Monthly Value;Import;Harmonized;M;M
Physical Energy & Power Flows;2024;7;517;517;517;LT;SE;Monthly Value;Import;Harmonized;M;M
Physical Energy & Power Flows;2024;8;515;515;515;LT;SE;Monthly Value;Import;Harmonized;M;M
Physical Energy & Power Flows;2024;9;0;0;0;LT;SE;Monthly Value;Export;Harmonized;M;M
Physical Energy & Power Flows;2024;9;452;452;452;LT;SE;Monthly Value;Import;Harmonized;M;M
Physical Energy & Power Flows;2024;10;1;1;1;LT;SE;Monthly Value;Export;Harmonized;M;M
Physical Energy & Power Flows;2024;10;359;359;359;LT;SE;Monthly Value;Import;Harmonized;M;M
Physical Energy & Power Flows;2024;11;5;5;5;LT;SE;Monthly Value;Export;Harmonized;M;M
Physical Energy & Power Flows;2024;11;418;418;418;LT;SE;Monthly Value;Import;Harmonized;M;M
Physical Energy & Power Flows;2024;12;17;17;17;LT;SE;Monthly Value;Export;Harmonized;M;M
Physical Energy & Power Flows;2024;12;464;464;464;LT;SE;Monthly Value;Import;Harmonized;M;M
Physical Energy & Power Flows;2024;1;10;10;10;LU;BE;Monthly Value;Export;Harmonized;M;M
Physical Energy & Power Flows;2024;1;60;60;60;LU;BE;Monthly Value;Import;Harmonized;M;M
Physical Energy & Power Flows;2024;2;6;6;6;LU;BE;Monthly Value;Export;Harmonized;M;M
Physical Energy & Power Flows;2024;2;61;61;61;LU;BE;Monthly Value;Import;Harmonized;M;M
Physical Energy & Power Flows;2024;3;9;9;9;LU;BE;Monthly Value;Export;Harmonized;M;M
Physical Energy & Power Flows;2024;3;52;52;52;LU;BE;Monthly Value;Import;Harmonized;M;M
Physical Energy & Power Flows;2024;4;8;8;8;LU;BE;Monthly Value;Export;Harmonized;M;M
Physical Energy & Power Flows;2024;4;61;61;61;LU;BE;Monthly Value;Import;Harmonized;M;M
Physical Energy & Power Flows;2024;5;0;0;0;LU;BE;Monthly Value;Export;Harmonized;M;M
Physical Energy & Power Flows;2024;5;102;102;102;LU;BE;Monthly Value;Import;Harmonized;M;M
Physical Energy & Power Flows;2024;6;1;1;1;LU;BE;Monthly Value;Export;Harmonized;M;M
Physical Energy & Power Flows;2024;6;98;98;98;LU;BE;Monthly Value;Import;Harmonized;M;M
Physical Energy & Power Flows;2024;7;9;9;9;LU;BE;Monthly Value;Export;Harmonized;M;M
Physical Energy & Power Flows;2024;7;67;67;67;LU;BE;Monthly Value;Import;Harmonized;M;M
Physical Energy & Power Flows;2024;8;7;7;7;LU;BE;Monthly Value;Export;Harmonized;M;M
Physical Energy & Power Flows;2024;8;76;76;76;LU;BE;Monthly Value;Import;Harmonized;M;M
Physical Energy & Power Flows;2024;9;6;6;6;LU;BE;Monthly Value;Export;Harmonized;M;M
Physical Energy & Power Flows;2024;9;73;73;73;LU;BE;Monthly Value;Import;Harmonized;M;M
Physical Energy & Power Flows;2024;10;10;10;10;LU;BE;Monthly Value;Export;Harmonized;M;M
Physical Energy & Power Flows;2024;10;64;64;64;LU;BE;Monthly Value;Import;Harmonized;M;M
Physical Energy & Power Flows;2024;11;5;5;5;LU;BE;Monthly Value;Export;Harmonized;M;M
Physical Energy & Power Flows;2024;11;75;75;75;LU;BE;Monthly Value;Import;Harmonized;M;M
Physical Energy & Power Flows;2024;12;8;8;8;LU;BE;Monthly Value;Export;Harmonized;M;M
Physical Energy & Power Flows;2024;12;87;87;87;LU;BE;Monthly Value;Import;Harmonized;M;M
Physical Energy & Power Flows;2024;1;0;0;0;LU;DE;Monthly Value;Export;Harmonized;M;M
Physical Energy & Power Flows;2024;1;298;298;298;LU;DE;Monthly Value;Import;Harmonized;M;M
Physical Energy & Power Flows;2024;2;243;243;243;LU;DE;Monthly Value;Import;Harmonized;M;M
Physical Energy & Power Flows;2024;3;268;268;268;LU;DE;Monthly Value;Import;Harmonized;M;M
Physical Energy & Power Flows;2024;4;0;0;0;LU;DE;Monthly Value;Export;Harmonized;M;M
Physical Energy & Power Flows;2024;4;229;229;229;LU;DE;Monthly Value;Import;Harmonized;M;M
Physical Energy & Power Flows;2024;5;0;0;0;LU;DE;Monthly Value;Export;Harmonized;M;M
Physical Energy & Power Flows;2024;5;182;182;182;LU;DE;Monthly Value;Import;Harmonized;M;M
Physical Energy & Power Flows;2024;6;0;0;0;LU;DE;Monthly Value;Export;Harmonized;M;M
Physical Energy & Power Flows;2024;6;175;175;175;LU;DE;Monthly Value;Import;Harmonized;M;M
Physical Energy & Power Flows;2024;7;236;236;236;LU;DE;Monthly Value;Import;Harmonized;M;M
Physical Energy & Power Flows;2024;8;0;0;0;LU;DE;Monthly Value;Export;Harmonized;M;M
Physical Energy & Power Flows;2024;8;192;192;192;LU;DE;Monthly Value;Import;Harmonized;M;M
Physical Energy & Power Flows;2024;9;0;0;0;LU;DE;Monthly Value;Export;Harmonized;M;M
Physical Energy & Power Flows;2024;9;205;205;205;LU;DE;Monthly Value;Import;Harmonized;M;M
Physical Energy & Power Flows;2024;10;0;0;0;LU;DE;Monthly Value;Export;Harmonized;M;M
Physical Energy & Power Flows;2024;10;262;262;262;LU;DE;Monthly Value;Import;Harmonized;M;M
Physical Energy & Power Flows;2024;11;0;0;0;LU;DE;Monthly Value;Export;Harmonized;M;M
Physical Energy & Power Flows;2024;11;272;272;272;LU;DE;Monthly Value;Import;Harmonized;M;M
Physical Energy & Power Flows;2024;12;0;0;0;LU;DE;Monthly Value;Export;Harmonized;M;M
Physical Energy & Power Flows;2024;12;257;257;257;LU;DE;Monthly Value;Import;Harmonized;M;M
Physical Energy & Power Flows;2024;1;194;194;194;LV;EE;Monthly Value;Export;Harmonized;M;M
Physical Energy & Power Flows;2024;1;32;32;32;LV;EE;Monthly Value;Import;Harmonized;M;M
Physical Energy & Power Flows;2024;2;219;219;219;LV;EE;Monthly Value;Export;Harmonized;M;M
Physical Energy & Power Flows;2024;2;0;0;0;LV;EE;Monthly Value;Import;Harmonized;M;M
Physical Energy & Power Flows;2024;3;251;251;251;LV;EE;Monthly Value;Export;Harmonized;M;M
Physical Energy & Power Flows;2024;3;0;0;0;LV;EE;Monthly Value;Import;Harmonized;M;M
Physical Energy & Power Flows;2024;4;125;125;125;LV;EE;Monthly Value;Export;Harmonized;M;M
Physical Energy & Power Flows;2024;4;2;2;2;LV;EE;Monthly Value;Import;Harmonized;M;M
Physical Energy & Power Flows;2024;5;35;35;35;LV;EE;Monthly Value;Export;Harmonized;M;M
Physical Energy & Power Flows;2024;5;77;77;77;LV;EE;Monthly Value;Import;Harmonized;M;M
Physical Energy & Power Flows;2024;6;11;11;11;LV;EE;Monthly Value;Export;Harmonized;M;M
Physical Energy & Power Flows;2024;6;109;109;109;LV;EE;Monthly Value;Import;Harmonized;M;M
Physical Energy & Power Flows;2024;7;1;1;1;LV;EE;Monthly Value;Export;Harmonized;M;M
Physical Energy & Power Flows;2024;7;156;156;156;LV;EE;Monthly Value;Import;Harmonized;M;M
Physical Energy & Power Flows;2024;8;4;4;4;LV;EE;Monthly Value;Export;Harmonized;M;M
Physical Energy & Power Flows;2024;8;121;121;121;LV;EE;Monthly Value;Import;Harmonized;M;M
Physical Energy & Power Flows;2024;9;22;22;22;LV;EE;Monthly Value;Export;Harmonized;M;M
Physical Energy & Power Flows;2024;9;181;181;181;LV;EE;Monthly Value;Import;Harmonized;M;M
Physical Energy & Power Flows;2024;10;2;2;2;LV;EE;Monthly Value;Export;Harmonized;M;M
Physical Energy & Power Flows;2024;10;250;250;250;LV;EE;Monthly Value;Import;Harmonized;M;M
Physical Energy & Power Flows;2024;11;19;19;19;LV;EE;Monthly Value;Export;Harmonized;M;M
Physical Energy & Power Flows;2024;11;230;230;230;LV;EE;Monthly Value;Import;Harmonized;M;M
Physical Energy & Power Flows;2024;12;14;14;14;LV;EE;Monthly Value;Export;Harmonized;M;M
Physical Energy & Power Flows;2024;12;210;210;210;LV;EE;Monthly Value;Import;Harmonized;M;M
Physical Energy & Power Flows;2024;1;88;88;88;LV;LT;Monthly Value;Export;Harmonized;M;M
Physical Energy & Power Flows;2024;1;135;135;135;LV;LT;Monthly Value;Import;Harmonized;M;M
Physical Energy & Power Flows;2024;2;54;54;54;LV;LT;Monthly Value;Export;Harmonized;M;M
Physical Energy & Power Flows;2024;2;101;101;101;LV;LT;Monthly Value;Import;Harmonized;M;M
Physical Energy & Power Flows;2024;3;72;72;72;LV;LT;Monthly Value;Export;Harmonized;M;M
Physical Energy & Power Flows;2024;3;48;48;48;LV;LT;Monthly Value;Import;Harmonized;M;M
Physical Energy & Power Flows;2024;4;125;125;125;LV;LT;Monthly Value;Export;Harmonized;M;M
Physical Energy & Power Flows;2024;4;28;28;28;LV;LT;Monthly Value;Import;Harmonized;M;M
Physical Energy & Power Flows;2024;5;76;76;76;LV;LT;Monthly Value;Export;Harmonized;M;M
Physical Energy & Power Flows;2024;5;77;77;77;LV;LT;Monthly Value;Import;Harmonized;M;M
Physical Energy & Power Flows;2024;6;11;11;11;LV;LT;Monthly Value;Export;Harmonized;M;M
Physical Energy & Power Flows;2024;6;157;157;157;LV;LT;Monthly Value;Import;Harmonized;M;M
Physical Energy & Power Flows;2024;7;45;45;45;LV;LT;Monthly Value;Export;Harmonized;M;M
Physical Energy & Power Flows;2024;7;86;86;86;LV;LT;Monthly Value;Import;Harmonized;M;M
Physical Energy & Power Flows;2024;8;15;15;15;LV;LT;Monthly Value;Export;Harmonized;M;M
Physical Energy & Power Flows;2024;8;104;104;104;LV;LT;Monthly Value;Import;Harmonized;M;M
Physical Energy & Power Flows;2024;9;67;67;67;LV;LT;Monthly Value;Export;Harmonized;M;M
Physical Energy & Power Flows;2024;9;102;102;102;LV;LT;Monthly Value;Import;Harmonized;M;M
Physical Energy & Power Flows;2024;10;38;38;38;LV;LT;Monthly Value;Export;Harmonized;M;M
Physical Energy & Power Flows;2024;10;116;116;116;LV;LT;Monthly Value;Import;Harmonized;M;M
Physical Energy & Power Flows;2024;11;53;53;53;LV;LT;Monthly Value;Export;Harmonized;M;M
Physical Energy & Power Flows;2024;11;112;112;112;LV;LT;Monthly Value;Import;Harmonized;M;M
Physical Energy & Power Flows;2024;12;96;96;96;LV;LT;Monthly Value;Export;Harmonized;M;M
Physical Energy & Power Flows;2024;12;118;118;118;LV;LT;Monthly Value;Import;Harmonized;M;M
Physical Energy & Power Flows;2024;1;43;43;43;LV;RU;Monthly Value;Export;Harmonized;M;NaM
Physical Energy & Power Flows;2024;1;23;23;23;LV;RU;Monthly Value;Import;Harmonized;M;NaM
Physical Energy & Power Flows;2024;2;15;15;15;LV;RU;Monthly Value;Export;Harmonized;M;NaM
Physical Energy & Power Flows;2024;2;25;25;25;LV;RU;Monthly Value;Import;Harmonized;M;NaM
Physical Energy & Power Flows;2024;3;74;74;74;LV;RU;Monthly Value;Export;Harmonized;M;NaM
Physical Energy & Power Flows;2024;3;1;1;1;LV;RU;Monthly Value;Import;Harmonized;M;NaM
Physical Energy & Power Flows;2024;4;14;14;14;LV;RU;Monthly Value;Export;Harmonized;M;NaM
Physical Energy & Power Flows;2024;4;4;4;4;LV;RU;Monthly Value;Import;Harmonized;M;NaM
Physical Energy & Power Flows;2024;5;20;20;20;LV;RU;Monthly Value;Export;Harmonized;M;NaM
Physical Energy & Power Flows;2024;5;22;22;22;LV;RU;Monthly Value;Import;Harmonized;M;NaM
Physical Energy & Power Flows;2024;6;4;4;4;LV;RU;Monthly Value;Export;Harmonized;M;NaM
Physical Energy & Power Flows;2024;6;28;28;28;LV;RU;Monthly Value;Import;Harmonized;M;NaM
Physical Energy & Power Flows;2024;7;0;0;0;LV;RU;Monthly Value;Export;Harmonized;M;NaM
Physical Energy & Power Flows;2024;7;52;52;52;LV;RU;Monthly Value;Import;Harmonized;M;NaM
Physical Energy & Power Flows;2024;8;2;2;2;LV;RU;Monthly Value;Export;Harmonized;M;NaM
Physical Energy & Power Flows;2024;8;25;25;25;LV;RU;Monthly Value;Import;Harmonized;M;NaM
Physical Energy & Power Flows;2024;9;6;6;6;LV;RU;Monthly Value;Export;Harmonized;M;NaM
Physical Energy & Power Flows;2024;9;46;46;46;LV;RU;Monthly Value;Import;Harmonized;M;NaM
Physical Energy & Power Flows;2024;10;4;4;4;LV;RU;Monthly Value;Export;Harmonized;M;NaM
Physical Energy & Power Flows;2024;10;53;53;53;LV;RU;Monthly Value;Import;Harmonized;M;NaM
Physical Energy & Power Flows;2024;11;15;15;15;LV;RU;Monthly Value;Export;Harmonized;M;NaM
Physical Energy & Power Flows;2024;11;14;14;14;LV;RU;Monthly Value;Import;Harmonized;M;NaM
Physical Energy & Power Flows;2024;12;1;1;1;LV;RU;Monthly Value;Export;Harmonized;M;NaM
Physical Energy & Power Flows;2024;12;57;57;57;LV;RU;Monthly Value;Import;Harmonized;M;NaM
Physical Energy & Power Flows;2024;1;5;5;5;MD;RO;Monthly Value;Export;Harmonized;M;M
Physical Energy & Power Flows;2024;1;252;252;252;MD;RO;Monthly Value;Import;Harmonized;M;M
Physical Energy & Power Flows;2024;2;13;13;13;MD;RO;Monthly Value;Export;Harmonized;M;M
Physical Energy & Power Flows;2024;2;225;225;225;MD;RO;Monthly Value;Import;Harmonized;M;M
Physical Energy & Power Flows;2024;3;39;39;39;MD;RO;Monthly Value;Export;Harmonized;M;M
Physical Energy & Power Flows;2024;3;178;178;178;MD;RO;Monthly Value;Import;Harmonized;M;M
Physical Energy & Power Flows;2024;4;19;19;19;MD;RO;Monthly Value;Export;Harmonized;M;M
Physical Energy & Power Flows;2024;4;237;237;237;MD;RO;Monthly Value;Import;Harmonized;M;M
Physical Energy & Power Flows;2024;5;17;17;17;MD;RO;Monthly Value;Export;Harmonized;M;M
Physical Energy & Power Flows;2024;5;111;111;111;MD;RO;Monthly Value;Import;Harmonized;M;M
Physical Energy & Power Flows;2024;6;2;2;2;MD;RO;Monthly Value;Export;Harmonized;M;M
Physical Energy & Power Flows;2024;6;206;206;206;MD;RO;Monthly Value;Import;Harmonized;M;M
Physical Energy & Power Flows;2024;7;0;0;0;MD;RO;Monthly Value;Export;Harmonized;M;M
Physical Energy & Power Flows;2024;7;282;282;282;MD;RO;Monthly Value;Import;Harmonized;M;M
Physical Energy & Power Flows;2024;8;6;6;6;MD;RO;Monthly Value;Export;Harmonized;M;M
Physical Energy & Power Flows;2024;8;161;161;161;MD;RO;Monthly Value;Import;Harmonized;M;M
Physical Energy & Power Flows;2024;9;7;7;7;MD;RO;Monthly Value;Export;Harmonized;M;M
Physical Energy & Power Flows;2024;9;239;239;239;MD;RO;Monthly Value;Import;Harmonized;M;M
Physical Energy & Power Flows;2024;10;39;39;39;MD;RO;Monthly Value;Export;Harmonized;M;M
Physical Energy & Power Flows;2024;10;123;123;123;MD;RO;Monthly Value;Import;Harmonized;M;M
Physical Energy & Power Flows;2024;11;21;21;21;MD;RO;Monthly Value;Export;Harmonized;M;M
Physical Energy & Power Flows;2024;11;133;133;133;MD;RO;Monthly Value;Import;Harmonized;M;M
Physical Energy & Power Flows;2024;12;4;4;4;MD;RO;Monthly Value;Export;Harmonized;M;M
Physical Energy & Power Flows;2024;12;296;296;296;MD;RO;Monthly Value;Import;Harmonized;M;M
Physical Energy & Power Flows;2024;1;195;195;195;MD;UA;Monthly Value;Export;Harmonized;M;M
Physical Energy & Power Flows;2024;1;16;16;16;MD;UA;Monthly Value;Import;Harmonized;M;M
Physical Energy & Power Flows;2024;2;210;210;210;MD;UA;Monthly Value;Export;Harmonized;M;M
Physical Energy & Power Flows;2024;2;19;19;19;MD;UA;Monthly Value;Import;Harmonized;M;M
Physical Energy & Power Flows;2024;3;174;174;174;MD;UA;Monthly Value;Export;Harmonized;M;M
Physical Energy & Power Flows;2024;3;43;43;43;MD;UA;Monthly Value;Import;Harmonized;M;M
Physical Energy & Power Flows;2024;4;245;245;245;MD;UA;Monthly Value;Export;Harmonized;M;M
Physical Energy & Power Flows;2024;4;17;17;17;MD;UA;Monthly Value;Import;Harmonized;M;M
Physical Energy & Power Flows;2024;5;122;122;122;MD;UA;Monthly Value;Export;Harmonized;M;M
Physical Energy & Power Flows;2024;5;17;17;17;MD;UA;Monthly Value;Import;Harmonized;M;M
Physical Energy & Power Flows;2024;6;204;204;204;MD;UA;Monthly Value;Export;Harmonized;M;M
Physical Energy & Power Flows;2024;6;2;2;2;MD;UA;Monthly Value;Import;Harmonized;M;M
Physical Energy & Power Flows;2024;7;247;247;247;MD;UA;Monthly Value;Export;Harmonized;M;M
Physical Energy & Power Flows;2024;7;0;0;0;MD;UA;Monthly Value;Import;Harmonized;M;M
Physical Energy & Power Flows;2024;8;146;146;146;MD;UA;Monthly Value;Export;Harmonized;M;M
Physical Energy & Power Flows;2024;8;5;5;5;MD;UA;Monthly Value;Import;Harmonized;M;M
Physical Energy & Power Flows;2024;9;245;245;245;MD;UA;Monthly Value;Export;Harmonized;M;M
Physical Energy & Power Flows;2024;9;5;5;5;MD;UA;Monthly Value;Import;Harmonized;M;M
Physical Energy & Power Flows;2024;10;123;123;123;MD;UA;Monthly Value;Export;Harmonized;M;M
Physical Energy & Power Flows;2024;10;42;42;42;MD;UA;Monthly Value;Import;Harmonized;M;M
Physical Energy & Power Flows;2024;11;92;92;92;MD;UA;Monthly Value;Export;Harmonized;M;M
Physical Energy & Power Flows;2024;11;51;51;51;MD;UA;Monthly Value;Import;Harmonized;M;M
Physical Energy & Power Flows;2024;12;186;186;186;MD;UA;Monthly Value;Export;Harmonized;M;M
Physical Energy & Power Flows;2024;12;10;10;10;MD;UA;Monthly Value;Import;Harmonized;M;M
Physical Energy & Power Flows;2024;1;59;59;59;ME;AL;Monthly Value;Export;Harmonized;M;M
Physical Energy & Power Flows;2024;1;60;60;60;ME;AL;Monthly Value;Import;Harmonized;M;M
Physical Energy & Power Flows;2024;2;67;67;67;ME;AL;Monthly Value;Export;Harmonized;M;M
Physical Energy & Power Flows;2024;2;55;55;55;ME;AL;Monthly Value;Import;Harmonized;M;M
Physical Energy & Power Flows;2024;3;96;96;96;ME;AL;Monthly Value;Export;Harmonized;M;M
Physical Energy & Power Flows;2024;3;68;68;68;ME;AL;Monthly Value;Import;Harmonized;M;M
Physical Energy & Power Flows;2024;4;25;25;25;ME;AL;Monthly Value;Export;Harmonized;M;M
Physical Energy & Power Flows;2024;4;203;203;203;ME;AL;Monthly Value;Import;Harmonized;M;M
Physical Energy & Power Flows;2024;5;26;26;26;ME;AL;Monthly Value;Export;Harmonized;M;M
Physical Energy & Power Flows;2024;5;131;131;131;ME;AL;Monthly Value;Import;Harmonized;M;M
Physical Energy & Power Flows;2024;6;109;109;109;ME;AL;Monthly Value;Export;Harmonized;M;M
Physical Energy & Power Flows;2024;6;24;24;24;ME;AL;Monthly Value;Import;Harmonized;M;M
Physical Energy & Power Flows;2024;7;107;107;107;ME;AL;Monthly Value;Export;Harmonized;M;M
Physical Energy & Power Flows;2024;7;16;16;16;ME;AL;Monthly Value;Import;Harmonized;M;M
Physical Energy & Power Flows;2024;8;112;112;112;ME;AL;Monthly Value;Export;Harmonized;M;M
Physical Energy & Power Flows;2024;8;14;14;14;ME;AL;Monthly Value;Import;Harmonized;M;M
Physical Energy & Power Flows;2024;9;65;65;65;ME;AL;Monthly Value;Export;Harmonized;M;M
Physical Energy & Power Flows;2024;9;37;37;37;ME;AL;Monthly Value;Import;Harmonized;M;M
Physical Energy & Power Flows;2024;10;61;61;61;ME;AL;Monthly Value;Export;Harmonized;M;M
Physical Energy & Power Flows;2024;10;59;59;59;ME;AL;Monthly Value;Import;Harmonized;M;M
Physical Energy & Power Flows;2024;11;112;112;112;ME;AL;Monthly Value;Export;Harmonized;M;M
Physical Energy & Power Flows;2024;11;38;38;38;ME;AL;Monthly Value;Import;Harmonized;M;M
Physical Energy & Power Flows;2024;12;84;84;84;ME;AL;Monthly Value;Export;Harmonized;M;M
Physical Energy & Power Flows;2024;12;42;42;42;ME;AL;Monthly Value;Import;Harmonized;M;M
Physical Energy & Power Flows;2024;1;4;4;4;ME;BA;Monthly Value;Export;Harmonized;M;M
Physical Energy & Power Flows;2024;1;365;365;365;ME;BA;Monthly Value;Import;Harmonized;M;M
Physical Energy & Power Flows;2024;2;11;11;11;ME;BA;Monthly Value;Export;Harmonized;M;M
Physical Energy & Power Flows;2024;2;303;303;303;ME;BA;Monthly Value;Import;Harmonized;M;M
Physical Energy & Power Flows;2024;3;22;22;22;ME;BA;Monthly Value;Export;Harmonized;M;M
Physical Energy & Power Flows;2024;3;313;313;313;ME;BA;Monthly Value;Import;Harmonized;M;M
Physical Energy & Power Flows;2024;4;60;60;60;ME;BA;Monthly Value;Export;Harmonized;M;M
Physical Energy & Power Flows;2024;4;141;141;141;ME;BA;Monthly Value;Import;Harmonized;M;M
Physical Energy & Power Flows;2024;5;25;25;25;ME;BA;Monthly Value;Export;Harmonized;M;M
Physical Energy & Power Flows;2024;5;269;269;269;ME;BA;Monthly Value;Import;Harmonized;M;M
Physical Energy & Power Flows;2024;6;4;4;4;ME;BA;Monthly Value;Export;Harmonized;M;M
Physical Energy & Power Flows;2024;6;388;388;388;ME;BA;Monthly Value;Import;Harmonized;M;M
Physical Energy & Power Flows;2024;7;2;2;2;ME;BA;Monthly Value;Export;Harmonized;M;M
Physical Energy & Power Flows;2024;7;346;346;346;ME;BA;Monthly Value;Import;Harmonized;M;M
Physical Energy & Power Flows;2024;8;1;1;1;ME;BA;Monthly Value;Export;Harmonized;M;M
Physical Energy & Power Flows;2024;8;398;398;398;ME;BA;Monthly Value;Import;Harmonized;M;M
Physical Energy & Power Flows;2024;9;16;16;16;ME;BA;Monthly Value;Export;Harmonized;M;M
Physical Energy & Power Flows;2024;9;238;238;238;ME;BA;Monthly Value;Import;Harmonized;M;M
Physical Energy & Power Flows;2024;10;18;18;18;ME;BA;Monthly Value;Export;Harmonized;M;M
Physical Energy & Power Flows;2024;10;313;313;313;ME;BA;Monthly Value;Import;Harmonized;M;M
Physical Energy & Power Flows;2024;11;24;24;24;ME;BA;Monthly Value;Export;Harmonized;M;M
Physical Energy & Power Flows;2024;11;200;200;200;ME;BA;Monthly Value;Import;Harmonized;M;M
Physical Energy & Power Flows;2024;12;11;11;11;ME;BA;Monthly Value;Export;Harmonized;M;M
Physical Energy & Power Flows;2024;12;292;292;292;ME;BA;Monthly Value;Import;Harmonized;M;M
Physical Energy & Power Flows;2024;1;369;369;369;ME;IT;Monthly Value;Export;Harmonized;M;M
Physical Energy & Power Flows;2024;1;1;1;1;ME;IT;Monthly Value;Import;Harmonized;M;M
Physical Energy & Power Flows;2024;2;397;397;397;ME;IT;Monthly Value;Export;Harmonized;M;M
Physical Energy & Power Flows;2024;3;392;392;392;ME;IT;Monthly Value;Export;Harmonized;M;M
Physical Energy & Power Flows;2024;4;329;329;329;ME;IT;Monthly Value;Export;Harmonized;M;M
Physical Energy & Power Flows;2024;4;3;3;3;ME;IT;Monthly Value;Import;Harmonized;M;M
Physical Energy & Power Flows;2024;5;320;320;320;ME;IT;Monthly Value;Export;Harmonized;M;M
Physical Energy & Power Flows;2024;5;12;12;12;ME;IT;Monthly Value;Import;Harmonized;M;M
Physical Energy & Power Flows;2024;6;245;245;245;ME;IT;Monthly Value;Export;Harmonized;M;M
Physical Energy & Power Flows;2024;6;52;52;52;ME;IT;Monthly Value;Import;Harmonized;M;M
Physical Energy & Power Flows;2024;7;193;193;193;ME;IT;Monthly Value;Export;Harmonized;M;M
Physical Energy & Power Flows;2024;7;67;67;67;ME;IT;Monthly Value;Import;Harmonized;M;M
Physical Energy & Power Flows;2024;8;228;228;228;ME;IT;Monthly Value;Export;Harmonized;M;M
Physical Energy & Power Flows;2024;8;51;51;51;ME;IT;Monthly Value;Import;Harmonized;M;M
Physical Energy & Power Flows;2024;9;160;160;160;ME;IT;Monthly Value;Export;Harmonized;M;M
Physical Energy & Power Flows;2024;9;19;19;19;ME;IT;Monthly Value;Import;Harmonized;M;M
Physical Energy & Power Flows;2024;10;353;353;353;ME;IT;Monthly Value;Export;Harmonized;M;M
Physical Energy & Power Flows;2024;10;18;18;18;ME;IT;Monthly Value;Import;Harmonized;M;M
Physical Energy & Power Flows;2024;11;92;92;92;ME;IT;Monthly Value;Export;Harmonized;M;M
Physical Energy & Power Flows;2024;11;131;131;131;ME;IT;Monthly Value;Import;Harmonized;M;M
Physical Energy & Power Flows;2024;12;160;160;160;ME;IT;Monthly Value;Export;Harmonized;M;M
Physical Energy & Power Flows;2024;12;71;71;71;ME;IT;Monthly Value;Import;Harmonized;M;M
Physical Energy & Power Flows;2024;1;25;25;25;ME;RS;Monthly Value;Export;Harmonized;M;M
Physical Energy & Power Flows;2024;1;115;115;115;ME;RS;Monthly Value;Import;Harmonized;M;M
Physical Energy & Power Flows;2024;2;47;47;47;ME;RS;Monthly Value;Export;Harmonized;M;M
Physical Energy & Power Flows;2024;2;65;65;65;ME;RS;Monthly Value;Import;Harmonized;M;M
Physical Energy & Power Flows;2024;3;56;56;56;ME;RS;Monthly Value;Export;Harmonized;M;M
Physical Energy & Power Flows;2024;3;87;87;87;ME;RS;Monthly Value;Import;Harmonized;M;M
Physical Energy & Power Flows;2024;4;84;84;84;ME;RS;Monthly Value;Export;Harmonized;M;M
Physical Energy & Power Flows;2024;4;39;39;39;ME;RS;Monthly Value;Import;Harmonized;M;M
Physical Energy & Power Flows;2024;5;101;101;101;ME;RS;Monthly Value;Export;Harmonized;M;M
Physical Energy & Power Flows;2024;5;22;22;22;ME;RS;Monthly Value;Import;Harmonized;M;M
Physical Energy & Power Flows;2024;6;62;62;62;ME;RS;Monthly Value;Export;Harmonized;M;M
Physical Energy & Power Flows;2024;6;37;37;37;ME;RS;Monthly Value;Import;Harmonized;M;M
Physical Energy & Power Flows;2024;7;60;60;60;ME;RS;Monthly Value;Export;Harmonized;M;M
Physical Energy & Power Flows;2024;7;20;20;20;ME;RS;Monthly Value;Import;Harmonized;M;M
Physical Energy & Power Flows;2024;8;54;54;54;ME;RS;Monthly Value;Export;Harmonized;M;M
Physical Energy & Power Flows;2024;8;33;33;33;ME;RS;Monthly Value;Import;Harmonized;M;M
Physical Energy & Power Flows;2024;9;61;61;61;ME;RS;Monthly Value;Export;Harmonized;M;M
Physical Energy & Power Flows;2024;9;11;11;11;ME;RS;Monthly Value;Import;Harmonized;M;M
Physical Energy & Power Flows;2024;10;94;94;94;ME;RS;Monthly Value;Export;Harmonized;M;M
Physical Energy & Power Flows;2024;10;38;38;38;ME;RS;Monthly Value;Import;Harmonized;M;M
Physical Energy & Power Flows;2024;11;66;66;66;ME;RS;Monthly Value;Export;Harmonized;M;M
Physical Energy & Power Flows;2024;11;81;81;81;ME;RS;Monthly Value;Import;Harmonized;M;M
Physical Energy & Power Flows;2024;12;41;41;41;ME;RS;Monthly Value;Export;Harmonized;M;M
Physical Energy & Power Flows;2024;12;80;80;80;ME;RS;Monthly Value;Import;Harmonized;M;M
Physical Energy & Power Flows;2024;1;106;106;106;ME;XK;Monthly Value;Export;Harmonized;M;M
Physical Energy & Power Flows;2024;1;11;11;11;ME;XK;Monthly Value;Import;Harmonized;M;M
Physical Energy & Power Flows;2024;2;47;47;47;ME;XK;Monthly Value;Export;Harmonized;M;M
Physical Energy & Power Flows;2024;2;40;40;40;ME;XK;Monthly Value;Import;Harmonized;M;M
Physical Energy & Power Flows;2024;3;64;64;64;ME;XK;Monthly Value;Export;Harmonized;M;M
Physical Energy & Power Flows;2024;3;43;43;43;ME;XK;Monthly Value;Import;Harmonized;M;M
Physical Energy & Power Flows;2024;4;7;7;7;ME;XK;Monthly Value;Export;Harmonized;M;M
Physical Energy & Power Flows;2024;4;86;86;86;ME;XK;Monthly Value;Import;Harmonized;M;M
Physical Energy & Power Flows;2024;5;15;15;15;ME;XK;Monthly Value;Export;Harmonized;M;M
Physical Energy & Power Flows;2024;5;103;103;103;ME;XK;Monthly Value;Import;Harmonized;M;M
Physical Energy & Power Flows;2024;6;38;38;38;ME;XK;Monthly Value;Export;Harmonized;M;M
Physical Energy & Power Flows;2024;6;52;52;52;ME;XK;Monthly Value;Import;Harmonized;M;M
Physical Energy & Power Flows;2024;7;38;38;38;ME;XK;Monthly Value;Export;Harmonized;M;M
Physical Energy & Power Flows;2024;7;48;48;48;ME;XK;Monthly Value;Import;Harmonized;M;M
Physical Energy & Power Flows;2024;8;42;42;42;ME;XK;Monthly Value;Export;Harmonized;M;M
Physical Energy & Power Flows;2024;8;47;47;47;ME;XK;Monthly Value;Import;Harmonized;M;M
Physical Energy & Power Flows;2024;9;23;23;23;ME;XK;Monthly Value;Export;Harmonized;M;M
Physical Energy & Power Flows;2024;9;58;58;58;ME;XK;Monthly Value;Import;Harmonized;M;M
Physical Energy & Power Flows;2024;10;59;59;59;ME;XK;Monthly Value;Export;Harmonized;M;M
Physical Energy & Power Flows;2024;10;67;67;67;ME;XK;Monthly Value;Import;Harmonized;M;M
Physical Energy & Power Flows;2024;11;150;150;150;ME;XK;Monthly Value;Export;Harmonized;M;M
Physical Energy & Power Flows;2024;11;27;27;27;ME;XK;Monthly Value;Import;Harmonized;M;M
Physical Energy & Power Flows;2024;12;141;141;141;ME;XK;Monthly Value;Export;Harmonized;M;M
Physical Energy & Power Flows;2024;12;9;9;9;ME;XK;Monthly Value;Import;Harmonized;M;M
Physical Energy & Power Flows;2024;1;13;13;13;MK;BG;Monthly Value;Export;Harmonized;M;M
Physical Energy & Power Flows;2024;1;95;95;95;MK;BG;Monthly Value;Import;Harmonized;M;M
Physical Energy & Power Flows;2024;2;3;3;3;MK;BG;Monthly Value;Export;Harmonized;M;M
Physical Energy & Power Flows;2024;2;106;106;106;MK;BG;Monthly Value;Import;Harmonized;M;M
Physical Energy & Power Flows;2024;3;3;3;3;MK;BG;Monthly Value;Export;Harmonized;M;M
Physical Energy & Power Flows;2024;3;73;73;73;MK;BG;Monthly Value;Import;Harmonized;M;M
Physical Energy & Power Flows;2024;4;2;2;2;MK;BG;Monthly Value;Export;Harmonized;M;M
Physical Energy & Power Flows;2024;4;127;127;127;MK;BG;Monthly Value;Import;Harmonized;M;M
Physical Energy & Power Flows;2024;5;33;33;33;MK;BG;Monthly Value;Export;Harmonized;M;M
Physical Energy & Power Flows;2024;5;34;34;34;MK;BG;Monthly Value;Import;Harmonized;M;M
Physical Energy & Power Flows;2024;6;40;40;40;MK;BG;Monthly Value;Export;Harmonized;M;M
Physical Energy & Power Flows;2024;6;31;31;31;MK;BG;Monthly Value;Import;Harmonized;M;M
Physical Energy & Power Flows;2024;7;11;11;11;MK;BG;Monthly Value;Export;Harmonized;M;M
Physical Energy & Power Flows;2024;7;75;75;75;MK;BG;Monthly Value;Import;Harmonized;M;M
Physical Energy & Power Flows;2024;8;9;9;9;MK;BG;Monthly Value;Export;Harmonized;M;M
Physical Energy & Power Flows;2024;8;106;106;106;MK;BG;Monthly Value;Import;Harmonized;M;M
Physical Energy & Power Flows;2024;9;6;6;6;MK;BG;Monthly Value;Export;Harmonized;M;M
Physical Energy & Power Flows;2024;9;152;152;152;MK;BG;Monthly Value;Import;Harmonized;M;M
Physical Energy & Power Flows;2024;10;24;24;24;MK;BG;Monthly Value;Export;Harmonized;M;M
Physical Energy & Power Flows;2024;10;100;100;100;MK;BG;Monthly Value;Import;Harmonized;M;M
Physical Energy & Power Flows;2024;11;63;63;63;MK;BG;Monthly Value;Export;Harmonized;M;M
Physical Energy & Power Flows;2024;11;20;20;20;MK;BG;Monthly Value;Import;Harmonized;M;M
Physical Energy & Power Flows;2024;12;29;29;29;MK;BG;Monthly Value;Export;Harmonized;M;M
Physical Energy & Power Flows;2024;12;78;78;78;MK;BG;Monthly Value;Import;Harmonized;M;M
Physical Energy & Power Flows;2024;1;174;174;174;MK;GR;Monthly Value;Export;Harmonized;M;M
Physical Energy & Power Flows;2024;1;90;90;90;MK;GR;Monthly Value;Import;Harmonized;M;M
Physical Energy & Power Flows;2024;2;266;266;266;MK;GR;Monthly Value;Export;Harmonized;M;M
Physical Energy & Power Flows;2024;2;17;17;17;MK;GR;Monthly Value;Import;Harmonized;M;M
Physical Energy & Power Flows;2024;3;154;154;154;MK;GR;Monthly Value;Export;Harmonized;M;M
Physical Energy & Power Flows;2024;3;43;43;43;MK;GR;Monthly Value;Import;Harmonized;M;M
Physical Energy & Power Flows;2024;4;116;116;116;MK;GR;Monthly Value;Export;Harmonized;M;M
Physical Energy & Power Flows;2024;4;80;80;80;MK;GR;Monthly Value;Import;Harmonized;M;M
Physical Energy & Power Flows;2024;5;125;125;125;MK;GR;Monthly Value;Export;Harmonized;M;M
Physical Energy & Power Flows;2024;5;82;82;82;MK;GR;Monthly Value;Import;Harmonized;M;M
Physical Energy & Power Flows;2024;6;222;222;222;MK;GR;Monthly Value;Export;Harmonized;M;M
Physical Energy & Power Flows;2024;6;37;37;37;MK;GR;Monthly Value;Import;Harmonized;M;M
Physical Energy & Power Flows;2024;7;142;142;142;MK;GR;Monthly Value;Export;Harmonized;M;M
Physical Energy & Power Flows;2024;7;46;46;46;MK;GR;Monthly Value;Import;Harmonized;M;M
Physical Energy & Power Flows;2024;8;194;194;194;MK;GR;Monthly Value;Export;Harmonized;M;M
Physical Energy & Power Flows;2024;8;52;52;52;MK;GR;Monthly Value;Import;Harmonized;M;M
Physical Energy & Power Flows;2024;9;197;197;197;MK;GR;Monthly Value;Export;Harmonized;M;M
Physical Energy & Power Flows;2024;9;27;27;27;MK;GR;Monthly Value;Import;Harmonized;M;M
Physical Energy & Power Flows;2024;10;160;160;160;MK;GR;Monthly Value;Export;Harmonized;M;M
Physical Energy & Power Flows;2024;10;79;79;79;MK;GR;Monthly Value;Import;Harmonized;M;M
Physical Energy & Power Flows;2024;11;23;23;23;MK;GR;Monthly Value;Export;Harmonized;M;M
Physical Energy & Power Flows;2024;11;273;273;273;MK;GR;Monthly Value;Import;Harmonized;M;M
Physical Energy & Power Flows;2024;12;37;37;37;MK;GR;Monthly Value;Export;Harmonized;M;M
Physical Energy & Power Flows;2024;12;261;261;261;MK;GR;Monthly Value;Import;Harmonized;M;M
Physical Energy & Power Flows;2024;1;29;29;29;MK;RS;Monthly Value;Export;Harmonized;M;M
Physical Energy & Power Flows;2024;1;24;24;24;MK;RS;Monthly Value;Import;Harmonized;M;M
Physical Energy & Power Flows;2024;2;68;68;68;MK;RS;Monthly Value;Export;Harmonized;M;M
Physical Energy & Power Flows;2024;2;10;10;10;MK;RS;Monthly Value;Import;Harmonized;M;M
Physical Energy & Power Flows;2024;3;114;114;114;MK;RS;Monthly Value;Export;Harmonized;M;M
Physical Energy & Power Flows;2024;3;22;22;22;MK;RS;Monthly Value;Import;Harmonized;M;M
Physical Energy & Power Flows;2024;4;31;31;31;MK;RS;Monthly Value;Export;Harmonized;M;M
Physical Energy & Power Flows;2024;4;25;25;25;MK;RS;Monthly Value;Import;Harmonized;M;M
Physical Energy & Power Flows;2024;5;79;79;79;MK;RS;Monthly Value;Export;Harmonized;M;M
Physical Energy & Power Flows;2024;5;6;6;6;MK;RS;Monthly Value;Import;Harmonized;M;M
Physical Energy & Power Flows;2024;6;62;62;62;MK;RS;Monthly Value;Export;Harmonized;M;M
Physical Energy & Power Flows;2024;6;14;14;14;MK;RS;Monthly Value;Import;Harmonized;M;M
Physical Energy & Power Flows;2024;7;35;35;35;MK;RS;Monthly Value;Export;Harmonized;M;M
Physical Energy & Power Flows;2024;7;28;28;28;MK;RS;Monthly Value;Import;Harmonized;M;M
Physical Energy & Power Flows;2024;8;27;27;27;MK;RS;Monthly Value;Export;Harmonized;M;M
Physical Energy & Power Flows;2024;8;29;29;29;MK;RS;Monthly Value;Import;Harmonized;M;M
Physical Energy & Power Flows;2024;9;47;47;47;MK;RS;Monthly Value;Export;Harmonized;M;M
Physical Energy & Power Flows;2024;9;73;73;73;MK;RS;Monthly Value;Import;Harmonized;M;M
Physical Energy & Power Flows;2024;10;51;51;51;MK;RS;Monthly Value;Export;Harmonized;M;M
Physical Energy & Power Flows;2024;10;26;26;26;MK;RS;Monthly Value;Import;Harmonized;M;M
Physical Energy & Power Flows;2024;11;52;52;52;MK;RS;Monthly Value;Export;Harmonized;M;M
Physical Energy & Power Flows;2024;11;13;13;13;MK;RS;Monthly Value;Import;Harmonized;M;M
Physical Energy & Power Flows;2024;12;47;47;47;MK;RS;Monthly Value;Export;Harmonized;M;M
Physical Energy & Power Flows;2024;12;16;16;16;MK;RS;Monthly Value;Import;Harmonized;M;M
Physical Energy & Power Flows;2024;1;23;23;23;MK;XK;Monthly Value;Export;Harmonized;M;M
Physical Energy & Power Flows;2024;1;127;127;127;MK;XK;Monthly Value;Import;Harmonized;M;M
Physical Energy & Power Flows;2024;2;23;23;23;MK;XK;Monthly Value;Export;Harmonized;M;M
Physical Energy & Power Flows;2024;2;135;135;135;MK;XK;Monthly Value;Import;Harmonized;M;M
Physical Energy & Power Flows;2024;3;38;38;38;MK;XK;Monthly Value;Export;Harmonized;M;M
Physical Energy & Power Flows;2024;3;162;162;162;MK;XK;Monthly Value;Import;Harmonized;M;M
Physical Energy & Power Flows;2024;4;78;78;78;MK;XK;Monthly Value;Export;Harmonized;M;M
Physical Energy & Power Flows;2024;4;54;54;54;MK;XK;Monthly Value;Import;Harmonized;M;M
Physical Energy & Power Flows;2024;5;32;32;32;MK;XK;Monthly Value;Export;Harmonized;M;M
Physical Energy & Power Flows;2024;5;101;101;101;MK;XK;Monthly Value;Import;Harmonized;M;M
Physical Energy & Power Flows;2024;6;27;27;27;MK;XK;Monthly Value;Export;Harmonized;M;M
Physical Energy & Power Flows;2024;6;129;129;129;MK;XK;Monthly Value;Import;Harmonized;M;M
Physical Energy & Power Flows;2024;7;52;52;52;MK;XK;Monthly Value;Export;Harmonized;M;M
Physical Energy & Power Flows;2024;7;59;59;59;MK;XK;Monthly Value;Import;Harmonized;M;M
Physical Energy & Power Flows;2024;8;58;58;58;MK;XK;Monthly Value;Export;Harmonized;M;M
Physical Energy & Power Flows;2024;8;58;58;58;MK;XK;Monthly Value;Import;Harmonized;M;M
Physical Energy & Power Flows;2024;9;2;2;2;MK;XK;Monthly Value;Export;Harmonized;M;M
Physical Energy & Power Flows;2024;9;4;4;4;MK;XK;Monthly Value;Import;Harmonized;M;M
Physical Energy & Power Flows;2024;10;49;49;49;MK;XK;Monthly Value;Export;Harmonized;M;M
Physical Energy & Power Flows;2024;10;119;119;119;MK;XK;Monthly Value;Import;Harmonized;M;M
Physical Energy & Power Flows;2024;11;68;68;68;MK;XK;Monthly Value;Export;Harmonized;M;M
Physical Energy & Power Flows;2024;11;45;45;45;MK;XK;Monthly Value;Import;Harmonized;M;M
Physical Energy & Power Flows;2024;12;62;62;62;MK;XK;Monthly Value;Export;Harmonized;M;M
Physical Energy & Power Flows;2024;12;58;58;58;MK;XK;Monthly Value;Import;Harmonized;M;M
Physical Energy & Power Flows;2024;1;0;0;0;MT;IT;Monthly Value;Export;Harmonized;NaM;M
Physical Energy & Power Flows;2024;1;73;73;73;MT;IT;Monthly Value;Import;Harmonized;NaM;M
Physical Energy & Power Flows;2024;2;0;0;0;MT;IT;Monthly Value;Export;Harmonized;NaM;M
Physical Energy & Power Flows;2024;2;56;56;56;MT;IT;Monthly Value;Import;Harmonized;NaM;M
Physical Energy & Power Flows;2024;3;1;1;1;MT;IT;Monthly Value;Export;Harmonized;NaM;M
Physical Energy & Power Flows;2024;3;50;50;50;MT;IT;Monthly Value;Import;Harmonized;NaM;M
Physical Energy & Power Flows;2024;4;0;0;0;MT;IT;Monthly Value;Export;Harmonized;NaM;M
Physical Energy & Power Flows;2024;4;72;72;72;MT;IT;Monthly Value;Import;Harmonized;NaM;M
Physical Energy & Power Flows;2024;5;0;0;0;MT;IT;Monthly Value;Export;Harmonized;NaM;M
Physical Energy & Power Flows;2024;5;63;63;63;MT;IT;Monthly Value;Import;Harmonized;NaM;M
Physical Energy & Power Flows;2024;6;0;0;0;MT;IT;Monthly Value;Export;Harmonized;NaM;M
Physical Energy & Power Flows;2024;6;78;78;78;MT;IT;Monthly Value;Import;Harmonized;NaM;M
Physical Energy & Power Flows;2024;7;0;0;0;MT;IT;Monthly Value;Export;Harmonized;NaM;M
Physical Energy & Power Flows;2024;7;117;117;117;MT;IT;Monthly Value;Import;Harmonized;NaM;M
Physical Energy & Power Flows;2024;8;120;120;120;MT;IT;Monthly Value;Import;Harmonized;NaM;M
Physical Energy & Power Flows;2024;9;0;0;0;MT;IT;Monthly Value;Export;Harmonized;NaM;M
Physical Energy & Power Flows;2024;9;116;116;116;MT;IT;Monthly Value;Import;Harmonized;NaM;M
Physical Energy & Power Flows;2024;10;0;0;0;MT;IT;Monthly Value;Export;Harmonized;NaM;M
Physical Energy & Power Flows;2024;10;88;88;88;MT;IT;Monthly Value;Import;Harmonized;NaM;M
Physical Energy & Power Flows;2024;11;1;1;1;MT;IT;Monthly Value;Export;Harmonized;NaM;M
Physical Energy & Power Flows;2024;11;58;58;58;MT;IT;Monthly Value;Import;Harmonized;NaM;M
Physical Energy & Power Flows;2024;12;0;0;0;MT;IT;Monthly Value;Export;Harmonized;NaM;M
Physical Energy & Power Flows;2024;12;75;75;75;MT;IT;Monthly Value;Import;Harmonized;NaM;M
Physical Energy & Power Flows;2024;1;798;798;798;NL;BE;Monthly Value;Export;Harmonized;M;M
Physical Energy & Power Flows;2024;1;195;195;195;NL;BE;Monthly Value;Import;Harmonized;M;M
Physical Energy & Power Flows;2024;2;585;585;585;NL;BE;Monthly Value;Export;Harmonized;M;M
Physical Energy & Power Flows;2024;2;39;39;39;NL;BE;Monthly Value;Import;Harmonized;M;M
Physical Energy & Power Flows;2024;3;1023;1023;1023;NL;BE;Monthly Value;Export;Harmonized;M;M
Physical Energy & Power Flows;2024;3;48;48;48;NL;BE;Monthly Value;Import;Harmonized;M;M
Physical Energy & Power Flows;2024;4;540;540;540;NL;BE;Monthly Value;Export;Harmonized;M;M
Physical Energy & Power Flows;2024;4;71;71;71;NL;BE;Monthly Value;Import;Harmonized;M;M
Physical Energy & Power Flows;2024;5;212;212;212;NL;BE;Monthly Value;Export;Harmonized;M;M
Physical Energy & Power Flows;2024;5;305;305;305;NL;BE;Monthly Value;Import;Harmonized;M;M
Physical Energy & Power Flows;2024;6;186;186;186;NL;BE;Monthly Value;Export;Harmonized;M;M
Physical Energy & Power Flows;2024;6;347;347;347;NL;BE;Monthly Value;Import;Harmonized;M;M
Physical Energy & Power Flows;2024;7;220;220;220;NL;BE;Monthly Value;Export;Harmonized;M;M
Physical Energy & Power Flows;2024;7;197;197;197;NL;BE;Monthly Value;Import;Harmonized;M;M
Physical Energy & Power Flows;2024;8;232;232;232;NL;BE;Monthly Value;Export;Harmonized;M;M
Physical Energy & Power Flows;2024;8;307;307;307;NL;BE;Monthly Value;Import;Harmonized;M;M
Physical Energy & Power Flows;2024;9;665;665;665;NL;BE;Monthly Value;Export;Harmonized;M;M
Physical Energy & Power Flows;2024;9;72;72;72;NL;BE;Monthly Value;Import;Harmonized;M;M
Physical Energy & Power Flows;2024;10;986;986;986;NL;BE;Monthly Value;Export;Harmonized;M;M
Physical Energy & Power Flows;2024;10;26;26;26;NL;BE;Monthly Value;Import;Harmonized;M;M
Physical Energy & Power Flows;2024;11;1272;1272;1272;NL;BE;Monthly Value;Export;Harmonized;M;M
Physical Energy & Power Flows;2024;11;16;16;16;NL;BE;Monthly Value;Import;Harmonized;M;M
Physical Energy & Power Flows;2024;12;1005;1005;1005;NL;BE;Monthly Value;Export;Harmonized;M;M
Physical Energy & Power Flows;2024;12;67;67;67;NL;BE;Monthly Value;Import;Harmonized;M;M
Physical Energy & Power Flows;2024;1;411;411;411;NL;DE;Monthly Value;Export;Harmonized;M;M
Physical Energy & Power Flows;2024;1;598;598;598;NL;DE;Monthly Value;Import;Harmonized;M;M
Physical Energy & Power Flows;2024;2;353;353;353;NL;DE;Monthly Value;Export;Harmonized;M;M
Physical Energy & Power Flows;2024;2;523;523;523;NL;DE;Monthly Value;Import;Harmonized;M;M
Physical Energy & Power Flows;2024;3;347;347;347;NL;DE;Monthly Value;Export;Harmonized;M;M
Physical Energy & Power Flows;2024;3;610;610;610;NL;DE;Monthly Value;Import;Harmonized;M;M
Physical Energy & Power Flows;2024;4;627;627;627;NL;DE;Monthly Value;Export;Harmonized;M;M
Physical Energy & Power Flows;2024;4;375;375;375;NL;DE;Monthly Value;Import;Harmonized;M;M
Physical Energy & Power Flows;2024;5;445;445;445;NL;DE;Monthly Value;Export;Harmonized;M;M
Physical Energy & Power Flows;2024;5;371;371;371;NL;DE;Monthly Value;Import;Harmonized;M;M
Physical Energy & Power Flows;2024;6;566;566;566;NL;DE;Monthly Value;Export;Harmonized;M;M
Physical Energy & Power Flows;2024;6;297;297;297;NL;DE;Monthly Value;Import;Harmonized;M;M
Physical Energy & Power Flows;2024;7;527;527;527;NL;DE;Monthly Value;Export;Harmonized;M;M
Physical Energy & Power Flows;2024;7;352;352;352;NL;DE;Monthly Value;Import;Harmonized;M;M
Physical Energy & Power Flows;2024;8;1012;1012;1012;NL;DE;Monthly Value;Export;Harmonized;M;M
Physical Energy & Power Flows;2024;8;210;210;210;NL;DE;Monthly Value;Import;Harmonized;M;M
Physical Energy & Power Flows;2024;9;289;289;289;NL;DE;Monthly Value;Export;Harmonized;M;M
Physical Energy & Power Flows;2024;9;556;556;556;NL;DE;Monthly Value;Import;Harmonized;M;M
Physical Energy & Power Flows;2024;10;89;89;89;NL;DE;Monthly Value;Export;Harmonized;M;M
Physical Energy & Power Flows;2024;10;1062;1062;1062;NL;DE;Monthly Value;Import;Harmonized;M;M
Physical Energy & Power Flows;2024;11;636;636;636;NL;DE;Monthly Value;Export;Harmonized;M;M
Physical Energy & Power Flows;2024;11;526;526;526;NL;DE;Monthly Value;Import;Harmonized;M;M
Physical Energy & Power Flows;2024;12;542;542;542;NL;DE;Monthly Value;Export;Harmonized;M;M
Physical Energy & Power Flows;2024;12;395;395;395;NL;DE;Monthly Value;Import;Harmonized;M;M
Physical Energy & Power Flows;2024;1;122;122;122;NL;DK;Monthly Value;Export;Harmonized;M;M
Physical Energy & Power Flows;2024;1;112;112;112;NL;DK;Monthly Value;Import;Harmonized;M;M
Physical Energy & Power Flows;2024;2;98;98;98;NL;DK;Monthly Value;Export;Harmonized;M;M
Physical Energy & Power Flows;2024;2;268;268;268;NL;DK;Monthly Value;Import;Harmonized;M;M
Physical Energy & Power Flows;2024;3;164;164;164;NL;DK;Monthly Value;Export;Harmonized;M;M
Physical Energy & Power Flows;2024;3;211;211;211;NL;DK;Monthly Value;Import;Harmonized;M;M
Physical Energy & Power Flows;2024;4;227;227;227;NL;DK;Monthly Value;Export;Harmonized;M;M
Physical Energy & Power Flows;2024;4;113;113;113;NL;DK;Monthly Value;Import;Harmonized;M;M
Physical Energy & Power Flows;2024;5;139;139;139;NL;DK;Monthly Value;Export;Harmonized;M;M
Physical Energy & Power Flows;2024;5;201;201;201;NL;DK;Monthly Value;Import;Harmonized;M;M
Physical Energy & Power Flows;2024;6;142;142;142;NL;DK;Monthly Value;Export;Harmonized;M;M
Physical Energy & Power Flows;2024;6;200;200;200;NL;DK;Monthly Value;Import;Harmonized;M;M
Physical Energy & Power Flows;2024;7;158;158;158;NL;DK;Monthly Value;Export;Harmonized;M;M
Physical Energy & Power Flows;2024;7;166;166;166;NL;DK;Monthly Value;Import;Harmonized;M;M
Physical Energy & Power Flows;2024;8;198;198;198;NL;DK;Monthly Value;Export;Harmonized;M;M
Physical Energy & Power Flows;2024;8;182;182;182;NL;DK;Monthly Value;Import;Harmonized;M;M
Physical Energy & Power Flows;2024;9;129;129;129;NL;DK;Monthly Value;Export;Harmonized;M;M
Physical Energy & Power Flows;2024;9;175;175;175;NL;DK;Monthly Value;Import;Harmonized;M;M
Physical Energy & Power Flows;2024;10;101;101;101;NL;DK;Monthly Value;Export;Harmonized;M;M
Physical Energy & Power Flows;2024;10;207;207;207;NL;DK;Monthly Value;Import;Harmonized;M;M
Physical Energy & Power Flows;2024;11;131;131;131;NL;DK;Monthly Value;Export;Harmonized;M;M
Physical Energy & Power Flows;2024;11;199;199;199;NL;DK;Monthly Value;Import;Harmonized;M;M
Physical Energy & Power Flows;2024;12;102;102;102;NL;DK;Monthly Value;Export;Harmonized;M;M
Physical Energy & Power Flows;2024;12;275;275;275;NL;DK;Monthly Value;Import;Harmonized;M;M
Physical Energy & Power Flows;2024;1;359;359;359;NL;GB;Monthly Value;Export;Harmonized;M;M
Physical Energy & Power Flows;2024;1;98;98;98;NL;GB;Monthly Value;Import;Harmonized;M;M
Physical Energy & Power Flows;2024;2;399;399;399;NL;GB;Monthly Value;Export;Harmonized;M;M
Physical Energy & Power Flows;2024;2;59;59;59;NL;GB;Monthly Value;Import;Harmonized;M;M
Physical Energy & Power Flows;2024;3;427;427;427;NL;GB;Monthly Value;Export;Harmonized;M;M
Physical Energy & Power Flows;2024;3;92;92;92;NL;GB;Monthly Value;Import;Harmonized;M;M
Physical Energy & Power Flows;2024;4;282;282;282;NL;GB;Monthly Value;Export;Harmonized;M;M
Physical Energy & Power Flows;2024;4;246;246;246;NL;GB;Monthly Value;Import;Harmonized;M;M
Physical Energy & Power Flows;2024;5;283;283;283;NL;GB;Monthly Value;Export;Harmonized;M;M
Physical Energy & Power Flows;2024;5;202;202;202;NL;GB;Monthly Value;Import;Harmonized;M;M
Physical Energy & Power Flows;2024;6;315;315;315;NL;GB;Monthly Value;Export;Harmonized;M;M
Physical Energy & Power Flows;2024;6;208;208;208;NL;GB;Monthly Value;Import;Harmonized;M;M
Physical Energy & Power Flows;2024;7;1;1;1;NL;GB;Monthly Value;Export;Harmonized;M;M
Physical Energy & Power Flows;2024;7;0;0;0;NL;GB;Monthly Value;Import;Harmonized;M;M
Physical Energy & Power Flows;2024;8;109;109;109;NL;GB;Monthly Value;Export;Harmonized;M;M
Physical Energy & Power Flows;2024;8;273;273;273;NL;GB;Monthly Value;Import;Harmonized;M;M
Physical Energy & Power Flows;2024;9;340;340;340;NL;GB;Monthly Value;Export;Harmonized;M;M
Physical Energy & Power Flows;2024;9;181;181;181;NL;GB;Monthly Value;Import;Harmonized;M;M
Physical Energy & Power Flows;2024;10;407;407;407;NL;GB;Monthly Value;Export;Harmonized;M;M
Physical Energy & Power Flows;2024;10;98;98;98;NL;GB;Monthly Value;Import;Harmonized;M;M
Physical Energy & Power Flows;2024;11;307;307;307;NL;GB;Monthly Value;Export;Harmonized;M;M
Physical Energy & Power Flows;2024;11;132;132;132;NL;GB;Monthly Value;Import;Harmonized;M;M
Physical Energy & Power Flows;2024;12;62;62;62;NL;GB;Monthly Value;Export;Harmonized;M;M
Physical Energy & Power Flows;2024;12;25;25;25;NL;GB;Monthly Value;Import;Harmonized;M;M
Physical Energy & Power Flows;2024;1;119;119;119;NL;NO;Monthly Value;Export;Harmonized;M;M
Physical Energy & Power Flows;2024;1;131;131;131;NL;NO;Monthly Value;Import;Harmonized;M;M
Physical Energy & Power Flows;2024;2;38;38;38;NL;NO;Monthly Value;Export;Harmonized;M;M
Physical Energy & Power Flows;2024;2;246;246;246;NL;NO;Monthly Value;Import;Harmonized;M;M
Physical Energy & Power Flows;2024;3;72;72;72;NL;NO;Monthly Value;Export;Harmonized;M;M
Physical Energy & Power Flows;2024;3;242;242;242;NL;NO;Monthly Value;Import;Harmonized;M;M
Physical Energy & Power Flows;2024;4;95;95;95;NL;NO;Monthly Value;Export;Harmonized;M;M
Physical Energy & Power Flows;2024;4;214;214;214;NL;NO;Monthly Value;Import;Harmonized;M;M
Physical Energy & Power Flows;2024;5;45;45;45;NL;NO;Monthly Value;Export;Harmonized;M;M
Physical Energy & Power Flows;2024;5;321;321;321;NL;NO;Monthly Value;Import;Harmonized;M;M
Physical Energy & Power Flows;2024;6;55;55;55;NL;NO;Monthly Value;Export;Harmonized;M;M
Physical Energy & Power Flows;2024;6;289;289;289;NL;NO;Monthly Value;Import;Harmonized;M;M
Physical Energy & Power Flows;2024;7;54;54;54;NL;NO;Monthly Value;Export;Harmonized;M;M
Physical Energy & Power Flows;2024;7;284;284;284;NL;NO;Monthly Value;Import;Harmonized;M;M
Physical Energy & Power Flows;2024;8;44;44;44;NL;NO;Monthly Value;Export;Harmonized;M;M
Physical Energy & Power Flows;2024;8;352;352;352;NL;NO;Monthly Value;Import;Harmonized;M;M
Physical Energy & Power Flows;2024;9;26;26;26;NL;NO;Monthly Value;Export;Harmonized;M;M
Physical Energy & Power Flows;2024;9;312;312;312;NL;NO;Monthly Value;Import;Harmonized;M;M
Physical Energy & Power Flows;2024;10;11;11;11;NL;NO;Monthly Value;Export;Harmonized;M;M
Physical Energy & Power Flows;2024;10;376;376;376;NL;NO;Monthly Value;Import;Harmonized;M;M
Physical Energy & Power Flows;2024;11;17;17;17;NL;NO;Monthly Value;Export;Harmonized;M;M
Physical Energy & Power Flows;2024;11;374;374;374;NL;NO;Monthly Value;Import;Harmonized;M;M
Physical Energy & Power Flows;2024;12;20;20;20;NL;NO;Monthly Value;Export;Harmonized;M;M
Physical Energy & Power Flows;2024;12;356;356;356;NL;NO;Monthly Value;Import;Harmonized;M;M
Physical Energy & Power Flows;2024;1;394;394;394;NO;DE;Monthly Value;Export;Harmonized;M;M
Physical Energy & Power Flows;2024;1;223;223;223;NO;DE;Monthly Value;Import;Harmonized;M;M
Physical Energy & Power Flows;2024;2;400;400;400;NO;DE;Monthly Value;Export;Harmonized;M;M
Physical Energy & Power Flows;2024;2;147;147;147;NO;DE;Monthly Value;Import;Harmonized;M;M
Physical Energy & Power Flows;2024;3;568;568;568;NO;DE;Monthly Value;Export;Harmonized;M;M
Physical Energy & Power Flows;2024;3;135;135;135;NO;DE;Monthly Value;Import;Harmonized;M;M
Physical Energy & Power Flows;2024;4;568;568;568;NO;DE;Monthly Value;Export;Harmonized;M;M
Physical Energy & Power Flows;2024;4;135;135;135;NO;DE;Monthly Value;Import;Harmonized;M;M
Physical Energy & Power Flows;2024;5;681;681;681;NO;DE;Monthly Value;Export;Harmonized;M;M
Physical Energy & Power Flows;2024;5;87;87;87;NO;DE;Monthly Value;Import;Harmonized;M;M
Physical Energy & Power Flows;2024;6;631;631;631;NO;DE;Monthly Value;Export;Harmonized;M;M
Physical Energy & Power Flows;2024;6;101;101;101;NO;DE;Monthly Value;Import;Harmonized;M;M
Physical Energy & Power Flows;2024;7;651;651;651;NO;DE;Monthly Value;Export;Harmonized;M;M
Physical Energy & Power Flows;2024;7;121;121;121;NO;DE;Monthly Value;Import;Harmonized;M;M
Physical Energy & Power Flows;2024;8;692;692;692;NO;DE;Monthly Value;Export;Harmonized;M;M
Physical Energy & Power Flows;2024;8;78;78;78;NO;DE;Monthly Value;Import;Harmonized;M;M
Physical Energy & Power Flows;2024;9;498;498;498;NO;DE;Monthly Value;Export;Harmonized;M;M
Physical Energy & Power Flows;2024;9;79;79;79;NO;DE;Monthly Value;Import;Harmonized;M;M
Physical Energy & Power Flows;2024;10;628;628;628;NO;DE;Monthly Value;Export;Harmonized;M;M
Physical Energy & Power Flows;2024;10;45;45;45;NO;DE;Monthly Value;Import;Harmonized;M;M
Physical Energy & Power Flows;2024;11;629;629;629;NO;DE;Monthly Value;Export;Harmonized;M;M
Physical Energy & Power Flows;2024;11;41;41;41;NO;DE;Monthly Value;Import;Harmonized;M;M
Physical Energy & Power Flows;2024;12;657;657;657;NO;DE;Monthly Value;Export;Harmonized;M;M
Physical Energy & Power Flows;2024;12;26;26;26;NO;DE;Monthly Value;Import;Harmonized;M;M
Physical Energy & Power Flows;2024;1;318;318;318;NO;DK;Monthly Value;Export;Harmonized;M;M
Physical Energy & Power Flows;2024;1;408;408;408;NO;DK;Monthly Value;Import;Harmonized;M;M
Physical Energy & Power Flows;2024;2;431;431;431;NO;DK;Monthly Value;Export;Harmonized;M;M
Physical Energy & Power Flows;2024;2;239;239;239;NO;DK;Monthly Value;Import;Harmonized;M;M
Physical Energy & Power Flows;2024;3;622;622;622;NO;DK;Monthly Value;Export;Harmonized;M;M
Physical Energy & Power Flows;2024;3;204;204;204;NO;DK;Monthly Value;Import;Harmonized;M;M
Physical Energy & Power Flows;2024;4;339;339;339;NO;DK;Monthly Value;Export;Harmonized;M;M
Physical Energy & Power Flows;2024;4;227;227;227;NO;DK;Monthly Value;Import;Harmonized;M;M
Physical Energy & Power Flows;2024;5;734;734;734;NO;DK;Monthly Value;Export;Harmonized;M;M
Physical Energy & Power Flows;2024;5;94;94;94;NO;DK;Monthly Value;Import;Harmonized;M;M
Physical Energy & Power Flows;2024;6;782;782;782;NO;DK;Monthly Value;Export;Harmonized;M;M
Physical Energy & Power Flows;2024;6;70;70;70;NO;DK;Monthly Value;Import;Harmonized;M;M
Physical Energy & Power Flows;2024;7;842;842;842;NO;DK;Monthly Value;Export;Harmonized;M;M
Physical Energy & Power Flows;2024;7;93;93;93;NO;DK;Monthly Value;Import;Harmonized;M;M
Physical Energy & Power Flows;2024;8;861;861;861;NO;DK;Monthly Value;Export;Harmonized;M;M
Physical Energy & Power Flows;2024;8;70;70;70;NO;DK;Monthly Value;Import;Harmonized;M;M
Physical Energy & Power Flows;2024;9;845;845;845;NO;DK;Monthly Value;Export;Harmonized;M;M
Physical Energy & Power Flows;2024;9;48;48;48;NO;DK;Monthly Value;Import;Harmonized;M;M
Physical Energy & Power Flows;2024;10;792;792;792;NO;DK;Monthly Value;Export;Harmonized;M;M
Physical Energy & Power Flows;2024;10;61;61;61;NO;DK;Monthly Value;Import;Harmonized;M;M
Physical Energy & Power Flows;2024;11;783;783;783;NO;DK;Monthly Value;Export;Harmonized;M;M
Physical Energy & Power Flows;2024;11;57;57;57;NO;DK;Monthly Value;Import;Harmonized;M;M
Physical Energy & Power Flows;2024;12;768;768;768;NO;DK;Monthly Value;Export;Harmonized;M;M
Physical Energy & Power Flows;2024;12;76;76;76;NO;DK;Monthly Value;Import;Harmonized;M;M
Physical Energy & Power Flows;2024;1;26;26;26;NO;FI;Monthly Value;Export;Harmonized;M;M
Physical Energy & Power Flows;2024;1;4;4;4;NO;FI;Monthly Value;Import;Harmonized;M;M
Physical Energy & Power Flows;2024;2;23;23;23;NO;FI;Monthly Value;Export;Harmonized;M;M
Physical Energy & Power Flows;2024;2;2;2;2;NO;FI;Monthly Value;Import;Harmonized;M;M
Physical Energy & Power Flows;2024;3;26;26;26;NO;FI;Monthly Value;Export;Harmonized;M;M
Physical Energy & Power Flows;2024;3;1;1;1;NO;FI;Monthly Value;Import;Harmonized;M;M
Physical Energy & Power Flows;2024;4;4;4;4;NO;FI;Monthly Value;Export;Harmonized;M;M
Physical Energy & Power Flows;2024;4;6;6;6;NO;FI;Monthly Value;Import;Harmonized;M;M
Physical Energy & Power Flows;2024;5;18;18;18;NO;FI;Monthly Value;Export;Harmonized;M;M
Physical Energy & Power Flows;2024;5;3;3;3;NO;FI;Monthly Value;Import;Harmonized;M;M
Physical Energy & Power Flows;2024;6;4;4;4;NO;FI;Monthly Value;Export;Harmonized;M;M
Physical Energy & Power Flows;2024;6;0;0;0;NO;FI;Monthly Value;Import;Harmonized;M;M
Physical Energy & Power Flows;2024;7;12;12;12;NO;FI;Monthly Value;Export;Harmonized;M;M
Physical Energy & Power Flows;2024;7;0;0;0;NO;FI;Monthly Value;Import;Harmonized;M;M
Physical Energy & Power Flows;2024;8;33;33;33;NO;FI;Monthly Value;Export;Harmonized;M;M
Physical Energy & Power Flows;2024;8;1;1;1;NO;FI;Monthly Value;Import;Harmonized;M;M
Physical Energy & Power Flows;2024;9;40;40;40;NO;FI;Monthly Value;Export;Harmonized;M;M
Physical Energy & Power Flows;2024;9;1;1;1;NO;FI;Monthly Value;Import;Harmonized;M;M
Physical Energy & Power Flows;2024;10;18;18;18;NO;FI;Monthly Value;Export;Harmonized;M;M
Physical Energy & Power Flows;2024;10;3;3;3;NO;FI;Monthly Value;Import;Harmonized;M;M
Physical Energy & Power Flows;2024;11;30;30;30;NO;FI;Monthly Value;Export;Harmonized;M;M
Physical Energy & Power Flows;2024;11;3;3;3;NO;FI;Monthly Value;Import;Harmonized;M;M
Physical Energy & Power Flows;2024;12;23;23;23;NO;FI;Monthly Value;Export;Harmonized;M;M
Physical Energy & Power Flows;2024;12;6;6;6;NO;FI;Monthly Value;Import;Harmonized;M;M
Physical Energy & Power Flows;2024;1;586;586;586;NO;GB;Monthly Value;Export;Harmonized;M;M
Physical Energy & Power Flows;2024;1;56;56;56;NO;GB;Monthly Value;Import;Harmonized;M;M
Physical Energy & Power Flows;2024;2;736;736;736;NO;GB;Monthly Value;Export;Harmonized;M;M
Physical Energy & Power Flows;2024;2;36;36;36;NO;GB;Monthly Value;Import;Harmonized;M;M
Physical Energy & Power Flows;2024;3;872;872;872;NO;GB;Monthly Value;Export;Harmonized;M;M
Physical Energy & Power Flows;2024;3;25;25;25;NO;GB;Monthly Value;Import;Harmonized;M;M
Physical Energy & Power Flows;2024;4;701;701;701;NO;GB;Monthly Value;Export;Harmonized;M;M
Physical Energy & Power Flows;2024;4;104;104;104;NO;GB;Monthly Value;Import;Harmonized;M;M
Physical Energy & Power Flows;2024;5;1037;1037;1037;NO;GB;Monthly Value;Export;Harmonized;M;M
Physical Energy & Power Flows;2024;5;0;0;0;NO;GB;Monthly Value;Import;Harmonized;M;M
Physical Energy & Power Flows;2024;6;923;923;923;NO;GB;Monthly Value;Export;Harmonized;M;M
Physical Energy & Power Flows;2024;6;5;5;5;NO;GB;Monthly Value;Import;Harmonized;M;M
Physical Energy & Power Flows;2024;7;1039;1039;1039;NO;GB;Monthly Value;Export;Harmonized;M;M
Physical Energy & Power Flows;2024;7;10;10;10;NO;GB;Monthly Value;Import;Harmonized;M;M
Physical Energy & Power Flows;2024;8;895;895;895;NO;GB;Monthly Value;Export;Harmonized;M;M
Physical Energy & Power Flows;2024;8;23;23;23;NO;GB;Monthly Value;Import;Harmonized;M;M
Physical Energy & Power Flows;2024;9;1014;1014;1014;NO;GB;Monthly Value;Export;Harmonized;M;M
Physical Energy & Power Flows;2024;9;1;1;1;NO;GB;Monthly Value;Import;Harmonized;M;M
Physical Energy & Power Flows;2024;10;668;668;668;NO;GB;Monthly Value;Export;Harmonized;M;M
Physical Energy & Power Flows;2024;10;0;0;0;NO;GB;Monthly Value;Import;Harmonized;M;M
Physical Energy & Power Flows;2024;11;861;861;861;NO;GB;Monthly Value;Export;Harmonized;M;M
Physical Energy & Power Flows;2024;11;7;7;7;NO;GB;Monthly Value;Import;Harmonized;M;M
Physical Energy & Power Flows;2024;12;857;857;857;NO;GB;Monthly Value;Export;Harmonized;M;M
Physical Energy & Power Flows;2024;12;7;7;7;NO;GB;Monthly Value;Import;Harmonized;M;M
Physical Energy & Power Flows;2024;1;131;131;131;NO;NL;Monthly Value;Export;Harmonized;M;M
Physical Energy & Power Flows;2024;1;119;119;119;NO;NL;Monthly Value;Import;Harmonized;M;M
Physical Energy & Power Flows;2024;2;246;246;246;NO;NL;Monthly Value;Export;Harmonized;M;M
Physical Energy & Power Flows;2024;2;38;38;38;NO;NL;Monthly Value;Import;Harmonized;M;M
Physical Energy & Power Flows;2024;3;242;242;242;NO;NL;Monthly Value;Export;Harmonized;M;M
Physical Energy & Power Flows;2024;3;72;72;72;NO;NL;Monthly Value;Import;Harmonized;M;M
Physical Energy & Power Flows;2024;4;214;214;214;NO;NL;Monthly Value;Export;Harmonized;M;M
Physical Energy & Power Flows;2024;4;95;95;95;NO;NL;Monthly Value;Import;Harmonized;M;M
Physical Energy & Power Flows;2024;5;321;321;321;NO;NL;Monthly Value;Export;Harmonized;M;M
Physical Energy & Power Flows;2024;5;45;45;45;NO;NL;Monthly Value;Import;Harmonized;M;M
Physical Energy & Power Flows;2024;6;289;289;289;NO;NL;Monthly Value;Export;Harmonized;M;M
Physical Energy & Power Flows;2024;6;55;55;55;NO;NL;Monthly Value;Import;Harmonized;M;M
Physical Energy & Power Flows;2024;7;284;284;284;NO;NL;Monthly Value;Export;Harmonized;M;M
Physical Energy & Power Flows;2024;7;54;54;54;NO;NL;Monthly Value;Import;Harmonized;M;M
Physical Energy & Power Flows;2024;8;352;352;352;NO;NL;Monthly Value;Export;Harmonized;M;M
Physical Energy & Power Flows;2024;8;44;44;44;NO;NL;Monthly Value;Import;Harmonized;M;M
Physical Energy & Power Flows;2024;9;312;312;312;NO;NL;Monthly Value;Export;Harmonized;M;M
Physical Energy & Power Flows;2024;9;26;26;26;NO;NL;Monthly Value;Import;Harmonized;M;M
Physical Energy & Power Flows;2024;10;376;376;376;NO;NL;Monthly Value;Export;Harmonized;M;M
Physical Energy & Power Flows;2024;10;11;11;11;NO;NL;Monthly Value;Import;Harmonized;M;M
Physical Energy & Power Flows;2024;11;374;374;374;NO;NL;Monthly Value;Export;Harmonized;M;M
Physical Energy & Power Flows;2024;11;17;17;17;NO;NL;Monthly Value;Import;Harmonized;M;M
Physical Energy & Power Flows;2024;12;356;356;356;NO;NL;Monthly Value;Export;Harmonized;M;M
Physical Energy & Power Flows;2024;12;20;20;20;NO;NL;Monthly Value;Import;Harmonized;M;M
Physical Energy & Power Flows;2024;1;300;300;300;NO;SE;Monthly Value;Export;Harmonized;M;M
Physical Energy & Power Flows;2024;1;738;738;738;NO;SE;Monthly Value;Import;Harmonized;M;M
Physical Energy & Power Flows;2024;2;311;311;311;NO;SE;Monthly Value;Export;Harmonized;M;M
Physical Energy & Power Flows;2024;2;821;821;821;NO;SE;Monthly Value;Import;Harmonized;M;M
Physical Energy & Power Flows;2024;3;393;393;393;NO;SE;Monthly Value;Export;Harmonized;M;M
Physical Energy & Power Flows;2024;3;696;696;696;NO;SE;Monthly Value;Import;Harmonized;M;M
Physical Energy & Power Flows;2024;4;275;275;275;NO;SE;Monthly Value;Export;Harmonized;M;M
Physical Energy & Power Flows;2024;4;540;540;540;NO;SE;Monthly Value;Import;Harmonized;M;M
Physical Energy & Power Flows;2024;5;130;130;130;NO;SE;Monthly Value;Export;Harmonized;M;M
Physical Energy & Power Flows;2024;5;818;818;818;NO;SE;Monthly Value;Import;Harmonized;M;M
Physical Energy & Power Flows;2024;6;117;117;117;NO;SE;Monthly Value;Export;Harmonized;M;M
Physical Energy & Power Flows;2024;6;668;668;668;NO;SE;Monthly Value;Import;Harmonized;M;M
Physical Energy & Power Flows;2024;7;47;47;47;NO;SE;Monthly Value;Export;Harmonized;M;M
Physical Energy & Power Flows;2024;7;780;780;780;NO;SE;Monthly Value;Import;Harmonized;M;M
Physical Energy & Power Flows;2024;8;15;15;15;NO;SE;Monthly Value;Export;Harmonized;M;M
Physical Energy & Power Flows;2024;8;1118;1118;1118;NO;SE;Monthly Value;Import;Harmonized;M;M
Physical Energy & Power Flows;2024;9;62;62;62;NO;SE;Monthly Value;Export;Harmonized;M;M
Physical Energy & Power Flows;2024;9;822;822;822;NO;SE;Monthly Value;Import;Harmonized;M;M
Physical Energy & Power Flows;2024;10;72;72;72;NO;SE;Monthly Value;Export;Harmonized;M;M
Physical Energy & Power Flows;2024;10;1050;1050;1050;NO;SE;Monthly Value;Import;Harmonized;M;M
Physical Energy & Power Flows;2024;11;183;183;183;NO;SE;Monthly Value;Export;Harmonized;M;M
Physical Energy & Power Flows;2024;11;730;730;730;NO;SE;Monthly Value;Import;Harmonized;M;M
Physical Energy & Power Flows;2024;12;342;342;342;NO;SE;Monthly Value;Export;Harmonized;M;M
Physical Energy & Power Flows;2024;12;870;870;870;NO;SE;Monthly Value;Import;Harmonized;M;M
Physical Energy & Power Flows;2024;1;393;393;393;PL;CZ;Monthly Value;Export;Harmonized;M;M
Physical Energy & Power Flows;2024;1;74;74;74;PL;CZ;Monthly Value;Import;Harmonized;M;M
Physical Energy & Power Flows;2024;2;298;298;298;PL;CZ;Monthly Value;Export;Harmonized;M;M
Physical Energy & Power Flows;2024;2;58;58;58;PL;CZ;Monthly Value;Import;Harmonized;M;M
Physical Energy & Power Flows;2024;3;346;346;346;PL;CZ;Monthly Value;Export;Harmonized;M;M
Physical Energy & Power Flows;2024;3;56;56;56;PL;CZ;Monthly Value;Import;Harmonized;M;M
Physical Energy & Power Flows;2024;4;366;366;366;PL;CZ;Monthly Value;Export;Harmonized;M;M
Physical Energy & Power Flows;2024;4;25;25;25;PL;CZ;Monthly Value;Import;Harmonized;M;M
Physical Energy & Power Flows;2024;5;498;498;498;PL;CZ;Monthly Value;Export;Harmonized;M;M
Physical Energy & Power Flows;2024;5;33;33;33;PL;CZ;Monthly Value;Import;Harmonized;M;M
Physical Energy & Power Flows;2024;6;354;354;354;PL;CZ;Monthly Value;Export;Harmonized;M;M
Physical Energy & Power Flows;2024;6;26;26;26;PL;CZ;Monthly Value;Import;Harmonized;M;M
Physical Energy & Power Flows;2024;7;345;345;345;PL;CZ;Monthly Value;Export;Harmonized;M;M
Physical Energy & Power Flows;2024;7;76;76;76;PL;CZ;Monthly Value;Import;Harmonized;M;M
Physical Energy & Power Flows;2024;8;457;457;457;PL;CZ;Monthly Value;Export;Harmonized;M;M
Physical Energy & Power Flows;2024;8;25;25;25;PL;CZ;Monthly Value;Import;Harmonized;M;M
Physical Energy & Power Flows;2024;9;398;398;398;PL;CZ;Monthly Value;Export;Harmonized;M;M
Physical Energy & Power Flows;2024;9;23;23;23;PL;CZ;Monthly Value;Import;Harmonized;M;M
Physical Energy & Power Flows;2024;10;311;311;311;PL;CZ;Monthly Value;Export;Harmonized;M;M
Physical Energy & Power Flows;2024;10;143;143;143;PL;CZ;Monthly Value;Import;Harmonized;M;M
Physical Energy & Power Flows;2024;11;683;683;683;PL;CZ;Monthly Value;Export;Harmonized;M;M
Physical Energy & Power Flows;2024;11;23;23;23;PL;CZ;Monthly Value;Import;Harmonized;M;M
Physical Energy & Power Flows;2024;12;863;863;863;PL;CZ;Monthly Value;Export;Harmonized;M;M
Physical Energy & Power Flows;2024;12;0;0;0;PL;CZ;Monthly Value;Import;Harmonized;M;M
Physical Energy & Power Flows;2024;1;3;3;3;PL;DE;Monthly Value;Export;Harmonized;M;M
Physical Energy & Power Flows;2024;1;921;921;921;PL;DE;Monthly Value;Import;Harmonized;M;M
Physical Energy & Power Flows;2024;2;11;11;11;PL;DE;Monthly Value;Export;Harmonized;M;M
Physical Energy & Power Flows;2024;2;803;803;803;PL;DE;Monthly Value;Import;Harmonized;M;M
Physical Energy & Power Flows;2024;3;86;86;86;PL;DE;Monthly Value;Export;Harmonized;M;M
Physical Energy & Power Flows;2024;3;676;676;676;PL;DE;Monthly Value;Import;Harmonized;M;M
Physical Energy & Power Flows;2024;4;70;70;70;PL;DE;Monthly Value;Export;Harmonized;M;M
Physical Energy & Power Flows;2024;4;482;482;482;PL;DE;Monthly Value;Import;Harmonized;M;M
Physical Energy & Power Flows;2024;5;46;46;46;PL;DE;Monthly Value;Export;Harmonized;M;M
Physical Energy & Power Flows;2024;5;618;618;618;PL;DE;Monthly Value;Import;Harmonized;M;M
Physical Energy & Power Flows;2024;6;26;26;26;PL;DE;Monthly Value;Export;Harmonized;M;M
Physical Energy & Power Flows;2024;6;842;842;842;PL;DE;Monthly Value;Import;Harmonized;M;M
Physical Energy & Power Flows;2024;7;15;15;15;PL;DE;Monthly Value;Export;Harmonized;M;M
Physical Energy & Power Flows;2024;7;871;871;871;PL;DE;Monthly Value;Import;Harmonized;M;M
Physical Energy & Power Flows;2024;8;41;41;41;PL;DE;Monthly Value;Export;Harmonized;M;M
Physical Energy & Power Flows;2024;8;866;866;866;PL;DE;Monthly Value;Import;Harmonized;M;M
Physical Energy & Power Flows;2024;9;96;96;96;PL;DE;Monthly Value;Export;Harmonized;M;M
Physical Energy & Power Flows;2024;9;694;694;694;PL;DE;Monthly Value;Import;Harmonized;M;M
Physical Energy & Power Flows;2024;10;45;45;45;PL;DE;Monthly Value;Export;Harmonized;M;M
Physical Energy & Power Flows;2024;10;782;782;782;PL;DE;Monthly Value;Import;Harmonized;M;M
Physical Energy & Power Flows;2024;11;59;59;59;PL;DE;Monthly Value;Export;Harmonized;M;M
Physical Energy & Power Flows;2024;11;869;869;869;PL;DE;Monthly Value;Import;Harmonized;M;M
Physical Energy & Power Flows;2024;12;43;43;43;PL;DE;Monthly Value;Export;Harmonized;M;M
Physical Energy & Power Flows;2024;12;925;925;925;PL;DE;Monthly Value;Import;Harmonized;M;M
Physical Energy & Power Flows;2024;1;179;179;179;PL;LT;Monthly Value;Export;Harmonized;M;M
Physical Energy & Power Flows;2024;1;76;76;76;PL;LT;Monthly Value;Import;Harmonized;M;M
Physical Energy & Power Flows;2024;2;150;150;150;PL;LT;Monthly Value;Export;Harmonized;M;M
Physical Energy & Power Flows;2024;2;57;57;57;PL;LT;Monthly Value;Import;Harmonized;M;M
Physical Energy & Power Flows;2024;3;104;104;104;PL;LT;Monthly Value;Export;Harmonized;M;M
Physical Energy & Power Flows;2024;3;90;90;90;PL;LT;Monthly Value;Import;Harmonized;M;M
Physical Energy & Power Flows;2024;4;111;111;111;PL;LT;Monthly Value;Export;Harmonized;M;M
Physical Energy & Power Flows;2024;4;105;105;105;PL;LT;Monthly Value;Import;Harmonized;M;M
Physical Energy & Power Flows;2024;5;140;140;140;PL;LT;Monthly Value;Export;Harmonized;M;M
Physical Energy & Power Flows;2024;5;82;82;82;PL;LT;Monthly Value;Import;Harmonized;M;M
Physical Energy & Power Flows;2024;6;163;163;163;PL;LT;Monthly Value;Export;Harmonized;M;M
Physical Energy & Power Flows;2024;6;41;41;41;PL;LT;Monthly Value;Import;Harmonized;M;M
Physical Energy & Power Flows;2024;7;169;169;169;PL;LT;Monthly Value;Export;Harmonized;M;M
Physical Energy & Power Flows;2024;7;55;55;55;PL;LT;Monthly Value;Import;Harmonized;M;M
Physical Energy & Power Flows;2024;8;189;189;189;PL;LT;Monthly Value;Export;Harmonized;M;M
Physical Energy & Power Flows;2024;8;32;32;32;PL;LT;Monthly Value;Import;Harmonized;M;M
Physical Energy & Power Flows;2024;9;126;126;126;PL;LT;Monthly Value;Export;Harmonized;M;M
Physical Energy & Power Flows;2024;9;105;105;105;PL;LT;Monthly Value;Import;Harmonized;M;M
Physical Energy & Power Flows;2024;10;144;144;144;PL;LT;Monthly Value;Export;Harmonized;M;M
Physical Energy & Power Flows;2024;10;21;21;21;PL;LT;Monthly Value;Import;Harmonized;M;M
Physical Energy & Power Flows;2024;11;83;83;83;PL;LT;Monthly Value;Export;Harmonized;M;M
Physical Energy & Power Flows;2024;11;7;7;7;PL;LT;Monthly Value;Import;Harmonized;M;M
Physical Energy & Power Flows;2024;12;86;86;86;PL;LT;Monthly Value;Export;Harmonized;M;M
Physical Energy & Power Flows;2024;12;8;8;8;PL;LT;Monthly Value;Import;Harmonized;M;M
Physical Energy & Power Flows;2024;1;93;93;93;PL;SE;Monthly Value;Export;Harmonized;M;M
Physical Energy & Power Flows;2024;1;209;209;209;PL;SE;Monthly Value;Import;Harmonized;M;M
Physical Energy & Power Flows;2024;2;23;23;23;PL;SE;Monthly Value;Export;Harmonized;M;M
Physical Energy & Power Flows;2024;2;301;301;301;PL;SE;Monthly Value;Import;Harmonized;M;M
Physical Energy & Power Flows;2024;3;52;52;52;PL;SE;Monthly Value;Export;Harmonized;M;M
Physical Energy & Power Flows;2024;3;317;317;317;PL;SE;Monthly Value;Import;Harmonized;M;M
Physical Energy & Power Flows;2024;4;69;69;69;PL;SE;Monthly Value;Export;Harmonized;M;M
Physical Energy & Power Flows;2024;4;268;268;268;PL;SE;Monthly Value;Import;Harmonized;M;M
Physical Energy & Power Flows;2024;5;50;50;50;PL;SE;Monthly Value;Export;Harmonized;M;M
Physical Energy & Power Flows;2024;5;320;320;320;PL;SE;Monthly Value;Import;Harmonized;M;M
Physical Energy & Power Flows;2024;6;34;34;34;PL;SE;Monthly Value;Export;Harmonized;M;M
Physical Energy & Power Flows;2024;6;326;326;326;PL;SE;Monthly Value;Import;Harmonized;M;M
Physical Energy & Power Flows;2024;7;20;20;20;PL;SE;Monthly Value;Export;Harmonized;M;M
Physical Energy & Power Flows;2024;7;376;376;376;PL;SE;Monthly Value;Import;Harmonized;M;M
Physical Energy & Power Flows;2024;8;17;17;17;PL;SE;Monthly Value;Export;Harmonized;M;M
Physical Energy & Power Flows;2024;8;222;222;222;PL;SE;Monthly Value;Import;Harmonized;M;M
Physical Energy & Power Flows;2024;9;0;0;0;PL;SE;Monthly Value;Import;Harmonized;M;M
Physical Energy & Power Flows;2024;10;4;4;4;PL;SE;Monthly Value;Export;Harmonized;M;M
Physical Energy & Power Flows;2024;10;38;38;38;PL;SE;Monthly Value;Import;Harmonized;M;M
Physical Energy & Power Flows;2024;11;10;10;10;PL;SE;Monthly Value;Export;Harmonized;M;M
Physical Energy & Power Flows;2024;11;309;309;309;PL;SE;Monthly Value;Import;Harmonized;M;M
Physical Energy & Power Flows;2024;12;14;14;14;PL;SE;Monthly Value;Export;Harmonized;M;M
Physical Energy & Power Flows;2024;12;327;327;327;PL;SE;Monthly Value;Import;Harmonized;M;M
Physical Energy & Power Flows;2024;1;313;313;313;PL;SK;Monthly Value;Export;Harmonized;M;M
Physical Energy & Power Flows;2024;1;37;37;37;PL;SK;Monthly Value;Import;Harmonized;M;M
Physical Energy & Power Flows;2024;2;275;275;275;PL;SK;Monthly Value;Export;Harmonized;M;M
Physical Energy & Power Flows;2024;2;26;26;26;PL;SK;Monthly Value;Import;Harmonized;M;M
Physical Energy & Power Flows;2024;3;224;224;224;PL;SK;Monthly Value;Export;Harmonized;M;M
Physical Energy & Power Flows;2024;3;33;33;33;PL;SK;Monthly Value;Import;Harmonized;M;M
Physical Energy & Power Flows;2024;4;12;12;12;PL;SK;Monthly Value;Export;Harmonized;M;M
Physical Energy & Power Flows;2024;4;3;3;3;PL;SK;Monthly Value;Import;Harmonized;M;M
Physical Energy & Power Flows;2024;5;0;0;0;PL;SK;Monthly Value;Import;Harmonized;M;M
Physical Energy & Power Flows;2024;6;214;214;214;PL;SK;Monthly Value;Export;Harmonized;M;M
Physical Energy & Power Flows;2024;6;11;11;11;PL;SK;Monthly Value;Import;Harmonized;M;M
Physical Energy & Power Flows;2024;7;301;301;301;PL;SK;Monthly Value;Export;Harmonized;M;M
Physical Energy & Power Flows;2024;7;20;20;20;PL;SK;Monthly Value;Import;Harmonized;M;M
Physical Energy & Power Flows;2024;8;427;427;427;PL;SK;Monthly Value;Export;Harmonized;M;M
Physical Energy & Power Flows;2024;8;1;1;1;PL;SK;Monthly Value;Import;Harmonized;M;M
Physical Energy & Power Flows;2024;9;381;381;381;PL;SK;Monthly Value;Export;Harmonized;M;M
Physical Energy & Power Flows;2024;9;13;13;13;PL;SK;Monthly Value;Import;Harmonized;M;M
Physical Energy & Power Flows;2024;10;234;234;234;PL;SK;Monthly Value;Export;Harmonized;M;M
Physical Energy & Power Flows;2024;10;31;31;31;PL;SK;Monthly Value;Import;Harmonized;M;M
Physical Energy & Power Flows;2024;11;548;548;548;PL;SK;Monthly Value;Export;Harmonized;M;M
Physical Energy & Power Flows;2024;11;4;4;4;PL;SK;Monthly Value;Import;Harmonized;M;M
Physical Energy & Power Flows;2024;12;670;670;670;PL;SK;Monthly Value;Export;Harmonized;M;M
Physical Energy & Power Flows;2024;12;1;1;1;PL;SK;Monthly Value;Import;Harmonized;M;M
Physical Energy & Power Flows;2024;1;0;0;0;PL;UA;Monthly Value;Import;Harmonized;M;M
Physical Energy & Power Flows;2024;2;0;0;0;PL;UA;Monthly Value;Import;Harmonized;M;M
Physical Energy & Power Flows;2024;3;54;54;54;PL;UA;Monthly Value;Import;Harmonized;M;M
Physical Energy & Power Flows;2024;4;0;0;0;PL;UA;Monthly Value;Import;Harmonized;M;M
Physical Energy & Power Flows;2024;5;0;0;0;PL;UA;Monthly Value;Import;Harmonized;M;M
Physical Energy & Power Flows;2024;6;96;96;96;PL;UA;Monthly Value;Export;Harmonized;M;M
Physical Energy & Power Flows;2024;6;0;0;0;PL;UA;Monthly Value;Import;Harmonized;M;M
Physical Energy & Power Flows;2024;7;164;164;164;PL;UA;Monthly Value;Export;Harmonized;M;M
Physical Energy & Power Flows;2024;7;1;1;1;PL;UA;Monthly Value;Import;Harmonized;M;M
Physical Energy & Power Flows;2024;8;95;95;95;PL;UA;Monthly Value;Export;Harmonized;M;M
Physical Energy & Power Flows;2024;8;6;6;6;PL;UA;Monthly Value;Import;Harmonized;M;M
Physical Energy & Power Flows;2024;9;91;91;91;PL;UA;Monthly Value;Export;Harmonized;M;M
Physical Energy & Power Flows;2024;9;22;22;22;PL;UA;Monthly Value;Import;Harmonized;M;M
Physical Energy & Power Flows;2024;10;26;26;26;PL;UA;Monthly Value;Export;Harmonized;M;M
Physical Energy & Power Flows;2024;10;130;130;130;PL;UA;Monthly Value;Import;Harmonized;M;M
Physical Energy & Power Flows;2024;11;54;54;54;PL;UA;Monthly Value;Export;Harmonized;M;M
Physical Energy & Power Flows;2024;11;50;50;50;PL;UA;Monthly Value;Import;Harmonized;M;M
Physical Energy & Power Flows;2024;12;145;145;145;PL;UA;Monthly Value;Export;Harmonized;M;M
Physical Energy & Power Flows;2024;12;6;6;6;PL;UA;Monthly Value;Import;Harmonized;M;M
Physical Energy & Power Flows;2024;1;436;436;436;PT;ES;Monthly Value;Export;Harmonized;M;M
Physical Energy & Power Flows;2024;1;687;687;687;PT;ES;Monthly Value;Import;Harmonized;M;M
Physical Energy & Power Flows;2024;2;430;430;430;PT;ES;Monthly Value;Export;Harmonized;M;M
Physical Energy & Power Flows;2024;2;533;533;533;PT;ES;Monthly Value;Import;Harmonized;M;M
Physical Energy & Power Flows;2024;3;798;798;798;PT;ES;Monthly Value;Export;Harmonized;M;M
Physical Energy & Power Flows;2024;3;297;297;297;PT;ES;Monthly Value;Import;Harmonized;M;M
Physical Energy & Power Flows;2024;4;549;549;549;PT;ES;Monthly Value;Export;Harmonized;M;M
Physical Energy & Power Flows;2024;4;579;579;579;PT;ES;Monthly Value;Import;Harmonized;M;M
Physical Energy & Power Flows;2024;5;64;64;64;PT;ES;Monthly Value;Export;Harmonized;M;M
Physical Energy & Power Flows;2024;5;1203;1203;1203;PT;ES;Monthly Value;Import;Harmonized;M;M
Physical Energy & Power Flows;2024;6;4;4;4;PT;ES;Monthly Value;Export;Harmonized;M;M
Physical Energy & Power Flows;2024;6;1576;1576;1576;PT;ES;Monthly Value;Import;Harmonized;M;M
Physical Energy & Power Flows;2024;7;3;3;3;PT;ES;Monthly Value;Export;Harmonized;M;M
Physical Energy & Power Flows;2024;7;1677;1677;1677;PT;ES;Monthly Value;Import;Harmonized;M;M
Physical Energy & Power Flows;2024;8;1;1;1;PT;ES;Monthly Value;Export;Harmonized;M;M
Physical Energy & Power Flows;2024;8;1496;1496;1496;PT;ES;Monthly Value;Import;Harmonized;M;M
Physical Energy & Power Flows;2024;9;12;12;12;PT;ES;Monthly Value;Export;Harmonized;M;M
Physical Energy & Power Flows;2024;9;1450;1450;1450;PT;ES;Monthly Value;Import;Harmonized;M;M
Physical Energy & Power Flows;2024;10;99;99;99;PT;ES;Monthly Value;Export;Harmonized;M;M
Physical Energy & Power Flows;2024;10;1085;1085;1085;PT;ES;Monthly Value;Import;Harmonized;M;M
Physical Energy & Power Flows;2024;11;132;132;132;PT;ES;Monthly Value;Export;Harmonized;M;M
Physical Energy & Power Flows;2024;11;937;937;937;PT;ES;Monthly Value;Import;Harmonized;M;M
Physical Energy & Power Flows;2024;12;31;31;31;PT;ES;Monthly Value;Export;Harmonized;M;M
Physical Energy & Power Flows;2024;12;1531;1531;1531;PT;ES;Monthly Value;Import;Harmonized;M;M
Physical Energy & Power Flows;2024;1;511;511;511;RO;BG;Monthly Value;Export;Harmonized;M;M
Physical Energy & Power Flows;2024;1;30;30;30;RO;BG;Monthly Value;Import;Harmonized;M;M
Physical Energy & Power Flows;2024;2;502;502;502;RO;BG;Monthly Value;Export;Harmonized;M;M
Physical Energy & Power Flows;2024;2;28;28;28;RO;BG;Monthly Value;Import;Harmonized;M;M
Physical Energy & Power Flows;2024;3;359;359;359;RO;BG;Monthly Value;Export;Harmonized;M;M
Physical Energy & Power Flows;2024;3;57;57;57;RO;BG;Monthly Value;Import;Harmonized;M;M
Physical Energy & Power Flows;2024;4;84;84;84;RO;BG;Monthly Value;Export;Harmonized;M;M
Physical Energy & Power Flows;2024;4;228;228;228;RO;BG;Monthly Value;Import;Harmonized;M;M
Physical Energy & Power Flows;2024;5;116;116;116;RO;BG;Monthly Value;Export;Harmonized;M;M
Physical Energy & Power Flows;2024;5;172;172;172;RO;BG;Monthly Value;Import;Harmonized;M;M
Physical Energy & Power Flows;2024;6;145;145;145;RO;BG;Monthly Value;Export;Harmonized;M;M
Physical Energy & Power Flows;2024;6;115;115;115;RO;BG;Monthly Value;Import;Harmonized;M;M
Physical Energy & Power Flows;2024;7;51;51;51;RO;BG;Monthly Value;Export;Harmonized;M;M
Physical Energy & Power Flows;2024;7;335;335;335;RO;BG;Monthly Value;Import;Harmonized;M;M
Physical Energy & Power Flows;2024;8;67;67;67;RO;BG;Monthly Value;Export;Harmonized;M;M
Physical Energy & Power Flows;2024;8;219;219;219;RO;BG;Monthly Value;Import;Harmonized;M;M
Physical Energy & Power Flows;2024;9;154;154;154;RO;BG;Monthly Value;Export;Harmonized;M;M
Physical Energy & Power Flows;2024;9;223;223;223;RO;BG;Monthly Value;Import;Harmonized;M;M
Physical Energy & Power Flows;2024;10;225;225;225;RO;BG;Monthly Value;Export;Harmonized;M;M
Physical Energy & Power Flows;2024;10;130;130;130;RO;BG;Monthly Value;Import;Harmonized;M;M
Physical Energy & Power Flows;2024;11;220;220;220;RO;BG;Monthly Value;Export;Harmonized;M;M
Physical Energy & Power Flows;2024;11;110;110;110;RO;BG;Monthly Value;Import;Harmonized;M;M
Physical Energy & Power Flows;2024;12;238;238;238;RO;BG;Monthly Value;Export;Harmonized;M;M
Physical Energy & Power Flows;2024;12;191;191;191;RO;BG;Monthly Value;Import;Harmonized;M;M
Physical Energy & Power Flows;2024;1;19;19;19;RO;HU;Monthly Value;Export;Harmonized;M;M
Physical Energy & Power Flows;2024;1;190;190;190;RO;HU;Monthly Value;Import;Harmonized;M;M
Physical Energy & Power Flows;2024;2;32;32;32;RO;HU;Monthly Value;Export;Harmonized;M;M
Physical Energy & Power Flows;2024;2;128;128;128;RO;HU;Monthly Value;Import;Harmonized;M;M
Physical Energy & Power Flows;2024;3;11;11;11;RO;HU;Monthly Value;Export;Harmonized;M;M
Physical Energy & Power Flows;2024;3;136;136;136;RO;HU;Monthly Value;Import;Harmonized;M;M
Physical Energy & Power Flows;2024;4;14;14;14;RO;HU;Monthly Value;Export;Harmonized;M;M
Physical Energy & Power Flows;2024;4;136;136;136;RO;HU;Monthly Value;Import;Harmonized;M;M
Physical Energy & Power Flows;2024;5;5;5;5;RO;HU;Monthly Value;Export;Harmonized;M;M
Physical Energy & Power Flows;2024;5;262;262;262;RO;HU;Monthly Value;Import;Harmonized;M;M
Physical Energy & Power Flows;2024;6;0;0;0;RO;HU;Monthly Value;Export;Harmonized;M;M
Physical Energy & Power Flows;2024;6;303;303;303;RO;HU;Monthly Value;Import;Harmonized;M;M
Physical Energy & Power Flows;2024;7;0;0;0;RO;HU;Monthly Value;Export;Harmonized;M;M
Physical Energy & Power Flows;2024;7;309;309;309;RO;HU;Monthly Value;Import;Harmonized;M;M
Physical Energy & Power Flows;2024;8;1;1;1;RO;HU;Monthly Value;Export;Harmonized;M;M
Physical Energy & Power Flows;2024;8;269;269;269;RO;HU;Monthly Value;Import;Harmonized;M;M
Physical Energy & Power Flows;2024;9;9;9;9;RO;HU;Monthly Value;Export;Harmonized;M;M
Physical Energy & Power Flows;2024;9;204;204;204;RO;HU;Monthly Value;Import;Harmonized;M;M
Physical Energy & Power Flows;2024;10;13;13;13;RO;HU;Monthly Value;Export;Harmonized;M;M
Physical Energy & Power Flows;2024;10;325;325;325;RO;HU;Monthly Value;Import;Harmonized;M;M
Physical Energy & Power Flows;2024;11;1;1;1;RO;HU;Monthly Value;Export;Harmonized;M;M
Physical Energy & Power Flows;2024;11;422;422;422;RO;HU;Monthly Value;Import;Harmonized;M;M
Physical Energy & Power Flows;2024;12;0;0;0;RO;HU;Monthly Value;Export;Harmonized;M;M
Physical Energy & Power Flows;2024;12;474;474;474;RO;HU;Monthly Value;Import;Harmonized;M;M
Physical Energy & Power Flows;2024;1;252;252;252;RO;MD;Monthly Value;Export;Harmonized;M;M
Physical Energy & Power Flows;2024;1;5;5;5;RO;MD;Monthly Value;Import;Harmonized;M;M
Physical Energy & Power Flows;2024;2;225;225;225;RO;MD;Monthly Value;Export;Harmonized;M;M
Physical Energy & Power Flows;2024;2;13;13;13;RO;MD;Monthly Value;Import;Harmonized;M;M
Physical Energy & Power Flows;2024;3;178;178;178;RO;MD;Monthly Value;Export;Harmonized;M;M
Physical Energy & Power Flows;2024;3;39;39;39;RO;MD;Monthly Value;Import;Harmonized;M;M
Physical Energy & Power Flows;2024;4;237;237;237;RO;MD;Monthly Value;Export;Harmonized;M;M
Physical Energy & Power Flows;2024;4;19;19;19;RO;MD;Monthly Value;Import;Harmonized;M;M
Physical Energy & Power Flows;2024;5;111;111;111;RO;MD;Monthly Value;Export;Harmonized;M;M
Physical Energy & Power Flows;2024;5;17;17;17;RO;MD;Monthly Value;Import;Harmonized;M;M
Physical Energy & Power Flows;2024;6;206;206;206;RO;MD;Monthly Value;Export;Harmonized;M;M
Physical Energy & Power Flows;2024;6;2;2;2;RO;MD;Monthly Value;Import;Harmonized;M;M
Physical Energy & Power Flows;2024;7;282;282;282;RO;MD;Monthly Value;Export;Harmonized;M;M
Physical Energy & Power Flows;2024;7;0;0;0;RO;MD;Monthly Value;Import;Harmonized;M;M
Physical Energy & Power Flows;2024;8;161;161;161;RO;MD;Monthly Value;Export;Harmonized;M;M
Physical Energy & Power Flows;2024;8;6;6;6;RO;MD;Monthly Value;Import;Harmonized;M;M
Physical Energy & Power Flows;2024;9;239;239;239;RO;MD;Monthly Value;Export;Harmonized;M;M
Physical Energy & Power Flows;2024;9;7;7;7;RO;MD;Monthly Value;Import;Harmonized;M;M
Physical Energy & Power Flows;2024;10;123;123;123;RO;MD;Monthly Value;Export;Harmonized;M;M
Physical Energy & Power Flows;2024;10;39;39;39;RO;MD;Monthly Value;Import;Harmonized;M;M
Physical Energy & Power Flows;2024;11;133;133;133;RO;MD;Monthly Value;Export;Harmonized;M;M
Physical Energy & Power Flows;2024;11;21;21;21;RO;MD;Monthly Value;Import;Harmonized;M;M
Physical Energy & Power Flows;2024;12;296;296;296;RO;MD;Monthly Value;Export;Harmonized;M;M
Physical Energy & Power Flows;2024;12;4;4;4;RO;MD;Monthly Value;Import;Harmonized;M;M
Physical Energy & Power Flows;2024;1;43;43;43;RO;RS;Monthly Value;Export;Harmonized;M;M
Physical Energy & Power Flows;2024;1;107;107;107;RO;RS;Monthly Value;Import;Harmonized;M;M
Physical Energy & Power Flows;2024;2;38;38;38;RO;RS;Monthly Value;Export;Harmonized;M;M
Physical Energy & Power Flows;2024;2;101;101;101;RO;RS;Monthly Value;Import;Harmonized;M;M
Physical Energy & Power Flows;2024;3;61;61;61;RO;RS;Monthly Value;Export;Harmonized;M;M
Physical Energy & Power Flows;2024;3;107;107;107;RO;RS;Monthly Value;Import;Harmonized;M;M
Physical Energy & Power Flows;2024;4;49;49;49;RO;RS;Monthly Value;Export;Harmonized;M;M
Physical Energy & Power Flows;2024;4;144;144;144;RO;RS;Monthly Value;Import;Harmonized;M;M
Physical Energy & Power Flows;2024;5;40;40;40;RO;RS;Monthly Value;Export;Harmonized;M;M
Physical Energy & Power Flows;2024;5;161;161;161;RO;RS;Monthly Value;Import;Harmonized;M;M
Physical Energy & Power Flows;2024;6;14;14;14;RO;RS;Monthly Value;Export;Harmonized;M;M
Physical Energy & Power Flows;2024;6;170;170;170;RO;RS;Monthly Value;Import;Harmonized;M;M
Physical Energy & Power Flows;2024;7;44;44;44;RO;RS;Monthly Value;Export;Harmonized;M;M
Physical Energy & Power Flows;2024;7;135;135;135;RO;RS;Monthly Value;Import;Harmonized;M;M
Physical Energy & Power Flows;2024;8;66;66;66;RO;RS;Monthly Value;Export;Harmonized;M;M
Physical Energy & Power Flows;2024;8;93;93;93;RO;RS;Monthly Value;Import;Harmonized;M;M
Physical Energy & Power Flows;2024;9;106;106;106;RO;RS;Monthly Value;Export;Harmonized;M;M
Physical Energy & Power Flows;2024;9;68;68;68;RO;RS;Monthly Value;Import;Harmonized;M;M
Physical Energy & Power Flows;2024;10;26;26;26;RO;RS;Monthly Value;Export;Harmonized;M;M
Physical Energy & Power Flows;2024;10;207;207;207;RO;RS;Monthly Value;Import;Harmonized;M;M
Physical Energy & Power Flows;2024;11;38;38;38;RO;RS;Monthly Value;Export;Harmonized;M;M
Physical Energy & Power Flows;2024;11;203;203;203;RO;RS;Monthly Value;Import;Harmonized;M;M
Physical Energy & Power Flows;2024;12;71;71;71;RO;RS;Monthly Value;Export;Harmonized;M;M
Physical Energy & Power Flows;2024;12;179;179;179;RO;RS;Monthly Value;Import;Harmonized;M;M
Physical Energy & Power Flows;2024;1;27;27;27;RO;UA;Monthly Value;Export;Harmonized;M;M
Physical Energy & Power Flows;2024;1;171;171;171;RO;UA;Monthly Value;Import;Harmonized;M;M
Physical Energy & Power Flows;2024;2;48;48;48;RO;UA;Monthly Value;Export;Harmonized;M;M
Physical Energy & Power Flows;2024;2;131;131;131;RO;UA;Monthly Value;Import;Harmonized;M;M
Physical Energy & Power Flows;2024;3;61;61;61;RO;UA;Monthly Value;Export;Harmonized;M;M
Physical Energy & Power Flows;2024;3;124;124;124;RO;UA;Monthly Value;Import;Harmonized;M;M
Physical Energy & Power Flows;2024;4;50;50;50;RO;UA;Monthly Value;Export;Harmonized;M;M
Physical Energy & Power Flows;2024;4;81;81;81;RO;UA;Monthly Value;Import;Harmonized;M;M
Physical Energy & Power Flows;2024;5;24;24;24;RO;UA;Monthly Value;Export;Harmonized;M;M
Physical Energy & Power Flows;2024;5;138;138;138;RO;UA;Monthly Value;Import;Harmonized;M;M
Physical Energy & Power Flows;2024;6;5;5;5;RO;UA;Monthly Value;Export;Harmonized;M;M
Physical Energy & Power Flows;2024;6;169;169;169;RO;UA;Monthly Value;Import;Harmonized;M;M
Physical Energy & Power Flows;2024;7;2;2;2;RO;UA;Monthly Value;Export;Harmonized;M;M
Physical Energy & Power Flows;2024;7;177;177;177;RO;UA;Monthly Value;Import;Harmonized;M;M
Physical Energy & Power Flows;2024;8;1;1;1;RO;UA;Monthly Value;Export;Harmonized;M;M
Physical Energy & Power Flows;2024;8;243;243;243;RO;UA;Monthly Value;Import;Harmonized;M;M
Physical Energy & Power Flows;2024;9;8;8;8;RO;UA;Monthly Value;Export;Harmonized;M;M
Physical Energy & Power Flows;2024;9;166;166;166;RO;UA;Monthly Value;Import;Harmonized;M;M
Physical Energy & Power Flows;2024;10;56;56;56;RO;UA;Monthly Value;Export;Harmonized;M;M
Physical Energy & Power Flows;2024;10;113;113;113;RO;UA;Monthly Value;Import;Harmonized;M;M
Physical Energy & Power Flows;2024;11;9;9;9;RO;UA;Monthly Value;Export;Harmonized;M;M
Physical Energy & Power Flows;2024;11;256;256;256;RO;UA;Monthly Value;Import;Harmonized;M;M
Physical Energy & Power Flows;2024;12;3;3;3;RO;UA;Monthly Value;Export;Harmonized;M;M
Physical Energy & Power Flows;2024;12;327;327;327;RO;UA;Monthly Value;Import;Harmonized;M;M
Physical Energy & Power Flows;2024;1;33;33;33;RS;BA;Monthly Value;Export;Harmonized;M;M
Physical Energy & Power Flows;2024;1;66;66;66;RS;BA;Monthly Value;Import;Harmonized;M;M
Physical Energy & Power Flows;2024;2;57;57;57;RS;BA;Monthly Value;Export;Harmonized;M;M
Physical Energy & Power Flows;2024;2;35;35;35;RS;BA;Monthly Value;Import;Harmonized;M;M
Physical Energy & Power Flows;2024;3;54;54;54;RS;BA;Monthly Value;Export;Harmonized;M;M
Physical Energy & Power Flows;2024;3;40;40;40;RS;BA;Monthly Value;Import;Harmonized;M;M
Physical Energy & Power Flows;2024;4;98;98;98;RS;BA;Monthly Value;Export;Harmonized;M;M
Physical Energy & Power Flows;2024;4;17;17;17;RS;BA;Monthly Value;Import;Harmonized;M;M
Physical Energy & Power Flows;2024;5;40;40;40;RS;BA;Monthly Value;Export;Harmonized;M;M
Physical Energy & Power Flows;2024;5;74;74;74;RS;BA;Monthly Value;Import;Harmonized;M;M
Physical Energy & Power Flows;2024;6;9;9;9;RS;BA;Monthly Value;Export;Harmonized;M;M
Physical Energy & Power Flows;2024;6;114;114;114;RS;BA;Monthly Value;Import;Harmonized;M;M
Physical Energy & Power Flows;2024;7;2;2;2;RS;BA;Monthly Value;Export;Harmonized;M;M
Physical Energy & Power Flows;2024;7;176;176;176;RS;BA;Monthly Value;Import;Harmonized;M;M
Physical Energy & Power Flows;2024;8;5;5;5;RS;BA;Monthly Value;Export;Harmonized;M;M
Physical Energy & Power Flows;2024;8;164;164;164;RS;BA;Monthly Value;Import;Harmonized;M;M
Physical Energy & Power Flows;2024;9;35;35;35;RS;BA;Monthly Value;Export;Harmonized;M;M
Physical Energy & Power Flows;2024;9;65;65;65;RS;BA;Monthly Value;Import;Harmonized;M;M
Physical Energy & Power Flows;2024;10;52;52;52;RS;BA;Monthly Value;Export;Harmonized;M;M
Physical Energy & Power Flows;2024;10;71;71;71;RS;BA;Monthly Value;Import;Harmonized;M;M
Physical Energy & Power Flows;2024;11;26;26;26;RS;BA;Monthly Value;Export;Harmonized;M;M
Physical Energy & Power Flows;2024;11;120;120;120;RS;BA;Monthly Value;Import;Harmonized;M;M
Physical Energy & Power Flows;2024;12;13;13;13;RS;BA;Monthly Value;Export;Harmonized;M;M
Physical Energy & Power Flows;2024;12;97;97;97;RS;BA;Monthly Value;Import;Harmonized;M;M
Physical Energy & Power Flows;2024;1;48;48;48;RS;BG;Monthly Value;Export;Harmonized;M;M
Physical Energy & Power Flows;2024;1;52;52;52;RS;BG;Monthly Value;Import;Harmonized;M;M
Physical Energy & Power Flows;2024;2;23;23;23;RS;BG;Monthly Value;Export;Harmonized;M;M
Physical Energy & Power Flows;2024;2;92;92;92;RS;BG;Monthly Value;Import;Harmonized;M;M
Physical Energy & Power Flows;2024;3;30;30;30;RS;BG;Monthly Value;Export;Harmonized;M;M
Physical Energy & Power Flows;2024;3;92;92;92;RS;BG;Monthly Value;Import;Harmonized;M;M
Physical Energy & Power Flows;2024;4;7;7;7;RS;BG;Monthly Value;Export;Harmonized;M;M
Physical Energy & Power Flows;2024;4;192;192;192;RS;BG;Monthly Value;Import;Harmonized;M;M
Physical Energy & Power Flows;2024;5;72;72;72;RS;BG;Monthly Value;Export;Harmonized;M;M
Physical Energy & Power Flows;2024;5;58;58;58;RS;BG;Monthly Value;Import;Harmonized;M;M
Physical Energy & Power Flows;2024;6;129;129;129;RS;BG;Monthly Value;Export;Harmonized;M;M
Physical Energy & Power Flows;2024;6;18;18;18;RS;BG;Monthly Value;Import;Harmonized;M;M
Physical Energy & Power Flows;2024;7;32;32;32;RS;BG;Monthly Value;Export;Harmonized;M;M
Physical Energy & Power Flows;2024;7;76;76;76;RS;BG;Monthly Value;Import;Harmonized;M;M
Physical Energy & Power Flows;2024;8;11;11;11;RS;BG;Monthly Value;Export;Harmonized;M;M
Physical Energy & Power Flows;2024;8;121;121;121;RS;BG;Monthly Value;Import;Harmonized;M;M
Physical Energy & Power Flows;2024;9;12;12;12;RS;BG;Monthly Value;Export;Harmonized;M;M
Physical Energy & Power Flows;2024;9;149;149;149;RS;BG;Monthly Value;Import;Harmonized;M;M
Physical Energy & Power Flows;2024;10;64;64;64;RS;BG;Monthly Value;Export;Harmonized;M;M
Physical Energy & Power Flows;2024;10;119;119;119;RS;BG;Monthly Value;Import;Harmonized;M;M
Physical Energy & Power Flows;2024;11;73;73;73;RS;BG;Monthly Value;Export;Harmonized;M;M
Physical Energy & Power Flows;2024;11;58;58;58;RS;BG;Monthly Value;Import;Harmonized;M;M
Physical Energy & Power Flows;2024;12;26;26;26;RS;BG;Monthly Value;Export;Harmonized;M;M
Physical Energy & Power Flows;2024;12;100;100;100;RS;BG;Monthly Value;Import;Harmonized;M;M
Physical Energy & Power Flows;2024;1;44;44;44;RS;HR;Monthly Value;Export;Harmonized;M;M
Physical Energy & Power Flows;2024;1;25;25;25;RS;HR;Monthly Value;Import;Harmonized;M;M
Physical Energy & Power Flows;2024;2;122;122;122;RS;HR;Monthly Value;Export;Harmonized;M;M
Physical Energy & Power Flows;2024;2;18;18;18;RS;HR;Monthly Value;Import;Harmonized;M;M
Physical Energy & Power Flows;2024;3;132;132;132;RS;HR;Monthly Value;Export;Harmonized;M;M
Physical Energy & Power Flows;2024;3;28;28;28;RS;HR;Monthly Value;Import;Harmonized;M;M
Physical Energy & Power Flows;2024;4;133;133;133;RS;HR;Monthly Value;Export;Harmonized;M;M
Physical Energy & Power Flows;2024;4;36;36;36;RS;HR;Monthly Value;Import;Harmonized;M;M
Physical Energy & Power Flows;2024;5;47;47;47;RS;HR;Monthly Value;Export;Harmonized;M;M
Physical Energy & Power Flows;2024;5;91;91;91;RS;HR;Monthly Value;Import;Harmonized;M;M
Physical Energy & Power Flows;2024;6;4;4;4;RS;HR;Monthly Value;Export;Harmonized;M;M
Physical Energy & Power Flows;2024;6;203;203;203;RS;HR;Monthly Value;Import;Harmonized;M;M
Physical Energy & Power Flows;2024;7;1;1;1;RS;HR;Monthly Value;Export;Harmonized;M;M
Physical Energy & Power Flows;2024;7;257;257;257;RS;HR;Monthly Value;Import;Harmonized;M;M
Physical Energy & Power Flows;2024;8;1;1;1;RS;HR;Monthly Value;Export;Harmonized;M;M
Physical Energy & Power Flows;2024;8;248;248;248;RS;HR;Monthly Value;Import;Harmonized;M;M
Physical Energy & Power Flows;2024;9;18;18;18;RS;HR;Monthly Value;Export;Harmonized;M;M
Physical Energy & Power Flows;2024;9;100;100;100;RS;HR;Monthly Value;Import;Harmonized;M;M
Physical Energy & Power Flows;2024;10;52;52;52;RS;HR;Monthly Value;Export;Harmonized;M;M
Physical Energy & Power Flows;2024;10;77;77;77;RS;HR;Monthly Value;Import;Harmonized;M;M
Physical Energy & Power Flows;2024;11;28;28;28;RS;HR;Monthly Value;Export;Harmonized;M;M
Physical Energy & Power Flows;2024;11;93;93;93;RS;HR;Monthly Value;Import;Harmonized;M;M
Physical Energy & Power Flows;2024;12;13;13;13;RS;HR;Monthly Value;Export;Harmonized;M;M
Physical Energy & Power Flows;2024;12;149;149;149;RS;HR;Monthly Value;Import;Harmonized;M;M
Physical Energy & Power Flows;2024;1;67;67;67;RS;HU;Monthly Value;Export;Harmonized;M;M
Physical Energy & Power Flows;2024;1;66;66;66;RS;HU;Monthly Value;Import;Harmonized;M;M
Physical Energy & Power Flows;2024;2;89;89;89;RS;HU;Monthly Value;Export;Harmonized;M;M
Physical Energy & Power Flows;2024;2;53;53;53;RS;HU;Monthly Value;Import;Harmonized;M;M
Physical Energy & Power Flows;2024;3;99;99;99;RS;HU;Monthly Value;Export;Harmonized;M;M
Physical Energy & Power Flows;2024;3;40;40;40;RS;HU;Monthly Value;Import;Harmonized;M;M
Physical Energy & Power Flows;2024;4;64;64;64;RS;HU;Monthly Value;Export;Harmonized;M;M
Physical Energy & Power Flows;2024;4;84;84;84;RS;HU;Monthly Value;Import;Harmonized;M;M
Physical Energy & Power Flows;2024;5;42;42;42;RS;HU;Monthly Value;Export;Harmonized;M;M
Physical Energy & Power Flows;2024;5;115;115;115;RS;HU;Monthly Value;Import;Harmonized;M;M
Physical Energy & Power Flows;2024;6;23;23;23;RS;HU;Monthly Value;Export;Harmonized;M;M
Physical Energy & Power Flows;2024;6;111;111;111;RS;HU;Monthly Value;Import;Harmonized;M;M
Physical Energy & Power Flows;2024;7;74;74;74;RS;HU;Monthly Value;Export;Harmonized;M;M
Physical Energy & Power Flows;2024;7;75;75;75;RS;HU;Monthly Value;Import;Harmonized;M;M
Physical Energy & Power Flows;2024;8;109;109;109;RS;HU;Monthly Value;Export;Harmonized;M;M
Physical Energy & Power Flows;2024;8;46;46;46;RS;HU;Monthly Value;Import;Harmonized;M;M
Physical Energy & Power Flows;2024;9;25;25;25;RS;HU;Monthly Value;Export;Harmonized;M;M
Physical Energy & Power Flows;2024;9;12;12;12;RS;HU;Monthly Value;Import;Harmonized;M;M
Physical Energy & Power Flows;2024;10;96;96;96;RS;HU;Monthly Value;Export;Harmonized;M;M
Physical Energy & Power Flows;2024;10;31;31;31;RS;HU;Monthly Value;Import;Harmonized;M;M
Physical Energy & Power Flows;2024;11;60;60;60;RS;HU;Monthly Value;Export;Harmonized;M;M
Physical Energy & Power Flows;2024;11;41;41;41;RS;HU;Monthly Value;Import;Harmonized;M;M
Physical Energy & Power Flows;2024;12;24;24;24;RS;HU;Monthly Value;Export;Harmonized;M;M
Physical Energy & Power Flows;2024;12;141;141;141;RS;HU;Monthly Value;Import;Harmonized;M;M
Physical Energy & Power Flows;2024;1;115;115;115;RS;ME;Monthly Value;Export;Harmonized;M;M
Physical Energy & Power Flows;2024;1;25;25;25;RS;ME;Monthly Value;Import;Harmonized;M;M
Physical Energy & Power Flows;2024;2;65;65;65;RS;ME;Monthly Value;Export;Harmonized;M;M
Physical Energy & Power Flows;2024;2;47;47;47;RS;ME;Monthly Value;Import;Harmonized;M;M
Physical Energy & Power Flows;2024;3;87;87;87;RS;ME;Monthly Value;Export;Harmonized;M;M
Physical Energy & Power Flows;2024;3;56;56;56;RS;ME;Monthly Value;Import;Harmonized;M;M
Physical Energy & Power Flows;2024;4;39;39;39;RS;ME;Monthly Value;Export;Harmonized;M;M
Physical Energy & Power Flows;2024;4;84;84;84;RS;ME;Monthly Value;Import;Harmonized;M;M
Physical Energy & Power Flows;2024;5;22;22;22;RS;ME;Monthly Value;Export;Harmonized;M;M
Physical Energy & Power Flows;2024;5;101;101;101;RS;ME;Monthly Value;Import;Harmonized;M;M
Physical Energy & Power Flows;2024;6;37;37;37;RS;ME;Monthly Value;Export;Harmonized;M;M
Physical Energy & Power Flows;2024;6;62;62;62;RS;ME;Monthly Value;Import;Harmonized;M;M
Physical Energy & Power Flows;2024;7;20;20;20;RS;ME;Monthly Value;Export;Harmonized;M;M
Physical Energy & Power Flows;2024;7;60;60;60;RS;ME;Monthly Value;Import;Harmonized;M;M
Physical Energy & Power Flows;2024;8;33;33;33;RS;ME;Monthly Value;Export;Harmonized;M;M
Physical Energy & Power Flows;2024;8;54;54;54;RS;ME;Monthly Value;Import;Harmonized;M;M
Physical Energy & Power Flows;2024;9;11;11;11;RS;ME;Monthly Value;Export;Harmonized;M;M
Physical Energy & Power Flows;2024;9;61;61;61;RS;ME;Monthly Value;Import;Harmonized;M;M
Physical Energy & Power Flows;2024;10;38;38;38;RS;ME;Monthly Value;Export;Harmonized;M;M
Physical Energy & Power Flows;2024;10;94;94;94;RS;ME;Monthly Value;Import;Harmonized;M;M
Physical Energy & Power Flows;2024;11;81;81;81;RS;ME;Monthly Value;Export;Harmonized;M;M
Physical Energy & Power Flows;2024;11;66;66;66;RS;ME;Monthly Value;Import;Harmonized;M;M
Physical Energy & Power Flows;2024;12;80;80;80;RS;ME;Monthly Value;Export;Harmonized;M;M
Physical Energy & Power Flows;2024;12;41;41;41;RS;ME;Monthly Value;Import;Harmonized;M;M
Physical Energy & Power Flows;2024;1;24;24;24;RS;MK;Monthly Value;Export;Harmonized;M;M
Physical Energy & Power Flows;2024;1;29;29;29;RS;MK;Monthly Value;Import;Harmonized;M;M
Physical Energy & Power Flows;2024;2;10;10;10;RS;MK;Monthly Value;Export;Harmonized;M;M
Physical Energy & Power Flows;2024;2;68;68;68;RS;MK;Monthly Value;Import;Harmonized;M;M
Physical Energy & Power Flows;2024;3;22;22;22;RS;MK;Monthly Value;Export;Harmonized;M;M
Physical Energy & Power Flows;2024;3;114;114;114;RS;MK;Monthly Value;Import;Harmonized;M;M
Physical Energy & Power Flows;2024;4;25;25;25;RS;MK;Monthly Value;Export;Harmonized;M;M
Physical Energy & Power Flows;2024;4;31;31;31;RS;MK;Monthly Value;Import;Harmonized;M;M
Physical Energy & Power Flows;2024;5;6;6;6;RS;MK;Monthly Value;Export;Harmonized;M;M
Physical Energy & Power Flows;2024;5;79;79;79;RS;MK;Monthly Value;Import;Harmonized;M;M
Physical Energy & Power Flows;2024;6;14;14;14;RS;MK;Monthly Value;Export;Harmonized;M;M
Physical Energy & Power Flows;2024;6;62;62;62;RS;MK;Monthly Value;Import;Harmonized;M;M
Physical Energy & Power Flows;2024;7;28;28;28;RS;MK;Monthly Value;Export;Harmonized;M;M
Physical Energy & Power Flows;2024;7;35;35;35;RS;MK;Monthly Value;Import;Harmonized;M;M
Physical Energy & Power Flows;2024;8;29;29;29;RS;MK;Monthly Value;Export;Harmonized;M;M
Physical Energy & Power Flows;2024;8;27;27;27;RS;MK;Monthly Value;Import;Harmonized;M;M
Physical Energy & Power Flows;2024;9;73;73;73;RS;MK;Monthly Value;Export;Harmonized;M;M
Physical Energy & Power Flows;2024;9;47;47;47;RS;MK;Monthly Value;Import;Harmonized;M;M
Physical Energy & Power Flows;2024;10;26;26;26;RS;MK;Monthly Value;Export;Harmonized;M;M
Physical Energy & Power Flows;2024;10;51;51;51;RS;MK;Monthly Value;Import;Harmonized;M;M
Physical Energy & Power Flows;2024;11;13;13;13;RS;MK;Monthly Value;Export;Harmonized;M;M
Physical Energy & Power Flows;2024;11;52;52;52;RS;MK;Monthly Value;Import;Harmonized;M;M
Physical Energy & Power Flows;2024;12;16;16;16;RS;MK;Monthly Value;Export;Harmonized;M;M
Physical Energy & Power Flows;2024;12;47;47;47;RS;MK;Monthly Value;Import;Harmonized;M;M
Physical Energy & Power Flows;2024;1;107;107;107;RS;RO;Monthly Value;Export;Harmonized;M;M
Physical Energy & Power Flows;2024;1;43;43;43;RS;RO;Monthly Value;Import;Harmonized;M;M
Physical Energy & Power Flows;2024;2;101;101;101;RS;RO;Monthly Value;Export;Harmonized;M;M
Physical Energy & Power Flows;2024;2;38;38;38;RS;RO;Monthly Value;Import;Harmonized;M;M
Physical Energy & Power Flows;2024;3;107;107;107;RS;RO;Monthly Value;Export;Harmonized;M;M
Physical Energy & Power Flows;2024;3;61;61;61;RS;RO;Monthly Value;Import;Harmonized;M;M
Physical Energy & Power Flows;2024;4;144;144;144;RS;RO;Monthly Value;Export;Harmonized;M;M
Physical Energy & Power Flows;2024;4;49;49;49;RS;RO;Monthly Value;Import;Harmonized;M;M
Physical Energy & Power Flows;2024;5;161;161;161;RS;RO;Monthly Value;Export;Harmonized;M;M
Physical Energy & Power Flows;2024;5;40;40;40;RS;RO;Monthly Value;Import;Harmonized;M;M
Physical Energy & Power Flows;2024;6;170;170;170;RS;RO;Monthly Value;Export;Harmonized;M;M
Physical Energy & Power Flows;2024;6;14;14;14;RS;RO;Monthly Value;Import;Harmonized;M;M
Physical Energy & Power Flows;2024;7;135;135;135;RS;RO;Monthly Value;Export;Harmonized;M;M
Physical Energy & Power Flows;2024;7;44;44;44;RS;RO;Monthly Value;Import;Harmonized;M;M
Physical Energy & Power Flows;2024;8;93;93;93;RS;RO;Monthly Value;Export;Harmonized;M;M
Physical Energy & Power Flows;2024;8;66;66;66;RS;RO;Monthly Value;Import;Harmonized;M;M
Physical Energy & Power Flows;2024;9;68;68;68;RS;RO;Monthly Value;Export;Harmonized;M;M
Physical Energy & Power Flows;2024;9;106;106;106;RS;RO;Monthly Value;Import;Harmonized;M;M
Physical Energy & Power Flows;2024;10;207;207;207;RS;RO;Monthly Value;Export;Harmonized;M;M
Physical Energy & Power Flows;2024;10;26;26;26;RS;RO;Monthly Value;Import;Harmonized;M;M
Physical Energy & Power Flows;2024;11;203;203;203;RS;RO;Monthly Value;Export;Harmonized;M;M
Physical Energy & Power Flows;2024;11;38;38;38;RS;RO;Monthly Value;Import;Harmonized;M;M
Physical Energy & Power Flows;2024;12;179;179;179;RS;RO;Monthly Value;Export;Harmonized;M;M
Physical Energy & Power Flows;2024;12;71;71;71;RS;RO;Monthly Value;Import;Harmonized;M;M
Physical Energy & Power Flows;2024;1;137;137;137;RS;XK;Monthly Value;Export;Harmonized;M;M
Physical Energy & Power Flows;2024;1;17;17;17;RS;XK;Monthly Value;Import;Harmonized;M;M
Physical Energy & Power Flows;2024;2;128;128;128;RS;XK;Monthly Value;Export;Harmonized;M;M
Physical Energy & Power Flows;2024;2;8;8;8;RS;XK;Monthly Value;Import;Harmonized;M;M
Physical Energy & Power Flows;2024;3;136;136;136;RS;XK;Monthly Value;Export;Harmonized;M;M
Physical Energy & Power Flows;2024;3;22;22;22;RS;XK;Monthly Value;Import;Harmonized;M;M
Physical Energy & Power Flows;2024;4;68;68;68;RS;XK;Monthly Value;Export;Harmonized;M;M
Physical Energy & Power Flows;2024;4;44;44;44;RS;XK;Monthly Value;Import;Harmonized;M;M
Physical Energy & Power Flows;2024;5;25;25;25;RS;XK;Monthly Value;Export;Harmonized;M;M
Physical Energy & Power Flows;2024;5;80;80;80;RS;XK;Monthly Value;Import;Harmonized;M;M
Physical Energy & Power Flows;2024;6;33;33;33;RS;XK;Monthly Value;Export;Harmonized;M;M
Physical Energy & Power Flows;2024;6;66;66;66;RS;XK;Monthly Value;Import;Harmonized;M;M
Physical Energy & Power Flows;2024;7;57;57;57;RS;XK;Monthly Value;Export;Harmonized;M;M
Physical Energy & Power Flows;2024;7;48;48;48;RS;XK;Monthly Value;Import;Harmonized;M;M
Physical Energy & Power Flows;2024;8;70;70;70;RS;XK;Monthly Value;Export;Harmonized;M;M
Physical Energy & Power Flows;2024;8;37;37;37;RS;XK;Monthly Value;Import;Harmonized;M;M
Physical Energy & Power Flows;2024;9;108;108;108;RS;XK;Monthly Value;Export;Harmonized;M;M
Physical Energy & Power Flows;2024;9;20;20;20;RS;XK;Monthly Value;Import;Harmonized;M;M
Physical Energy & Power Flows;2024;10;88;88;88;RS;XK;Monthly Value;Export;Harmonized;M;M
Physical Energy & Power Flows;2024;10;34;34;34;RS;XK;Monthly Value;Import;Harmonized;M;M
Physical Energy & Power Flows;2024;11;12;12;12;RS;XK;Monthly Value;Export;Harmonized;M;M
Physical Energy & Power Flows;2024;11;94;94;94;RS;XK;Monthly Value;Import;Harmonized;M;M
Physical Energy & Power Flows;2024;12;66;66;66;RS;XK;Monthly Value;Export;Harmonized;M;M
Physical Energy & Power Flows;2024;12;60;60;60;RS;XK;Monthly Value;Import;Harmonized;M;M
Physical Energy & Power Flows;2024;1;48;48;48;RU;EE;Monthly Value;Export;Harmonized;NaM;M
Physical Energy & Power Flows;2024;1;107;107;107;RU;EE;Monthly Value;Import;Harmonized;NaM;M
Physical Energy & Power Flows;2024;2;25;25;25;RU;EE;Monthly Value;Export;Harmonized;NaM;M
Physical Energy & Power Flows;2024;2;50;50;50;RU;EE;Monthly Value;Import;Harmonized;NaM;M
Physical Energy & Power Flows;2024;3;27;27;27;RU;EE;Monthly Value;Export;Harmonized;NaM;M
Physical Energy & Power Flows;2024;3;50;50;50;RU;EE;Monthly Value;Import;Harmonized;NaM;M
Physical Energy & Power Flows;2024;4;48;48;48;RU;EE;Monthly Value;Export;Harmonized;NaM;M
Physical Energy & Power Flows;2024;4;22;22;22;RU;EE;Monthly Value;Import;Harmonized;NaM;M
Physical Energy & Power Flows;2024;5;44;44;44;RU;EE;Monthly Value;Export;Harmonized;NaM;M
Physical Energy & Power Flows;2024;5;19;19;19;RU;EE;Monthly Value;Import;Harmonized;NaM;M
Physical Energy & Power Flows;2024;6;24;24;24;RU;EE;Monthly Value;Export;Harmonized;NaM;M
Physical Energy & Power Flows;2024;6;26;26;26;RU;EE;Monthly Value;Import;Harmonized;NaM;M
Physical Energy & Power Flows;2024;7;63;63;63;RU;EE;Monthly Value;Export;Harmonized;NaM;M
Physical Energy & Power Flows;2024;7;4;4;4;RU;EE;Monthly Value;Import;Harmonized;NaM;M
Physical Energy & Power Flows;2024;8;86;86;86;RU;EE;Monthly Value;Export;Harmonized;NaM;M
Physical Energy & Power Flows;2024;8;1;1;1;RU;EE;Monthly Value;Import;Harmonized;NaM;M
Physical Energy & Power Flows;2024;9;25;25;25;RU;EE;Monthly Value;Export;Harmonized;NaM;M
Physical Energy & Power Flows;2024;9;84;84;84;RU;EE;Monthly Value;Import;Harmonized;NaM;M
Physical Energy & Power Flows;2024;10;1;1;1;RU;EE;Monthly Value;Export;Harmonized;NaM;M
Physical Energy & Power Flows;2024;10;181;181;181;RU;EE;Monthly Value;Import;Harmonized;NaM;M
Physical Energy & Power Flows;2024;11;6;6;6;RU;EE;Monthly Value;Export;Harmonized;NaM;M
Physical Energy & Power Flows;2024;11;100;100;100;RU;EE;Monthly Value;Import;Harmonized;NaM;M
Physical Energy & Power Flows;2024;12;31;31;31;RU;EE;Monthly Value;Export;Harmonized;NaM;M
Physical Energy & Power Flows;2024;12;48;48;48;RU;EE;Monthly Value;Import;Harmonized;NaM;M
Physical Energy & Power Flows;2024;1;0;0;0;RU;FI;Monthly Value;Import;Harmonized;NaM;M
Physical Energy & Power Flows;2024;2;0;0;0;RU;FI;Monthly Value;Import;Harmonized;NaM;M
Physical Energy & Power Flows;2024;3;0;0;0;RU;FI;Monthly Value;Import;Harmonized;NaM;M
Physical Energy & Power Flows;2024;4;0;0;0;RU;FI;Monthly Value;Import;Harmonized;NaM;M
Physical Energy & Power Flows;2024;5;0;0;0;RU;FI;Monthly Value;Import;Harmonized;NaM;M
Physical Energy & Power Flows;2024;6;0;0;0;RU;FI;Monthly Value;Import;Harmonized;NaM;M
Physical Energy & Power Flows;2024;7;0;0;0;RU;FI;Monthly Value;Import;Harmonized;NaM;M
Physical Energy & Power Flows;2024;8;0;0;0;RU;FI;Monthly Value;Import;Harmonized;NaM;M
Physical Energy & Power Flows;2024;9;0;0;0;RU;FI;Monthly Value;Import;Harmonized;NaM;M
Physical Energy & Power Flows;2024;10;0;0;0;RU;FI;Monthly Value;Import;Harmonized;NaM;M
Physical Energy & Power Flows;2024;11;0;0;0;RU;FI;Monthly Value;Import;Harmonized;NaM;M
Physical Energy & Power Flows;2024;12;0;0;0;RU;FI;Monthly Value;Import;Harmonized;NaM;M
Physical Energy & Power Flows;2024;1;162;162;162;RU;GE;Monthly Value;Export;Harmonized;NaM;NaM
Physical Energy & Power Flows;2024;2;184;184;184;RU;GE;Monthly Value;Export;Harmonized;NaM;NaM
Physical Energy & Power Flows;2024;3;119;119;119;RU;GE;Monthly Value;Export;Harmonized;NaM;NaM
Physical Energy & Power Flows;2024;4;11;11;11;RU;GE;Monthly Value;Export;Harmonized;NaM;NaM
Physical Energy & Power Flows;2024;5;9;9;9;RU;GE;Monthly Value;Export;Harmonized;NaM;NaM
Physical Energy & Power Flows;2024;6;65;65;65;RU;GE;Monthly Value;Export;Harmonized;NaM;NaM
Physical Energy & Power Flows;2024;6;0;0;0;RU;GE;Monthly Value;Import;Harmonized;NaM;NaM
Physical Energy & Power Flows;2024;7;8;8;8;RU;GE;Monthly Value;Export;Harmonized;NaM;NaM
Physical Energy & Power Flows;2024;8;7;7;7;RU;GE;Monthly Value;Export;Harmonized;NaM;NaM
Physical Energy & Power Flows;2024;8;0;0;0;RU;GE;Monthly Value;Import;Harmonized;NaM;NaM
Physical Energy & Power Flows;2024;9;27;27;27;RU;GE;Monthly Value;Export;Harmonized;NaM;NaM
Physical Energy & Power Flows;2024;10;184;184;184;RU;GE;Monthly Value;Export;Harmonized;NaM;NaM
Physical Energy & Power Flows;2024;11;201;201;201;RU;GE;Monthly Value;Export;Harmonized;NaM;NaM
Physical Energy & Power Flows;2024;12;181;181;181;RU;GE;Monthly Value;Export;Harmonized;NaM;NaM
Physical Energy & Power Flows;2024;1;7;7;7;RU;LT;Monthly Value;Export;Harmonized;NaM;M
Physical Energy & Power Flows;2024;1;5;5;5;RU;LT;Monthly Value;Import;Harmonized;NaM;M
Physical Energy & Power Flows;2024;2;7;7;7;RU;LT;Monthly Value;Export;Harmonized;NaM;M
Physical Energy & Power Flows;2024;2;4;4;4;RU;LT;Monthly Value;Import;Harmonized;NaM;M
Physical Energy & Power Flows;2024;3;8;8;8;RU;LT;Monthly Value;Export;Harmonized;NaM;M
Physical Energy & Power Flows;2024;3;4;4;4;RU;LT;Monthly Value;Import;Harmonized;NaM;M
Physical Energy & Power Flows;2024;4;6;6;6;RU;LT;Monthly Value;Export;Harmonized;NaM;M
Physical Energy & Power Flows;2024;4;5;5;5;RU;LT;Monthly Value;Import;Harmonized;NaM;M
Physical Energy & Power Flows;2024;5;5;5;5;RU;LT;Monthly Value;Export;Harmonized;NaM;M
Physical Energy & Power Flows;2024;5;7;7;7;RU;LT;Monthly Value;Import;Harmonized;NaM;M
Physical Energy & Power Flows;2024;6;4;4;4;RU;LT;Monthly Value;Export;Harmonized;NaM;M
Physical Energy & Power Flows;2024;6;4;4;4;RU;LT;Monthly Value;Import;Harmonized;NaM;M
Physical Energy & Power Flows;2024;7;5;5;5;RU;LT;Monthly Value;Export;Harmonized;NaM;M
Physical Energy & Power Flows;2024;7;4;4;4;RU;LT;Monthly Value;Import;Harmonized;NaM;M
Physical Energy & Power Flows;2024;8;5;5;5;RU;LT;Monthly Value;Export;Harmonized;NaM;M
Physical Energy & Power Flows;2024;8;5;5;5;RU;LT;Monthly Value;Import;Harmonized;NaM;M
Physical Energy & Power Flows;2024;9;4;4;4;RU;LT;Monthly Value;Export;Harmonized;NaM;M
Physical Energy & Power Flows;2024;9;5;5;5;RU;LT;Monthly Value;Import;Harmonized;NaM;M
Physical Energy & Power Flows;2024;10;6;6;6;RU;LT;Monthly Value;Export;Harmonized;NaM;M
Physical Energy & Power Flows;2024;10;5;5;5;RU;LT;Monthly Value;Import;Harmonized;NaM;M
Physical Energy & Power Flows;2024;11;6;6;6;RU;LT;Monthly Value;Export;Harmonized;NaM;M
Physical Energy & Power Flows;2024;11;6;6;6;RU;LT;Monthly Value;Import;Harmonized;NaM;M
Physical Energy & Power Flows;2024;12;5;5;5;RU;LT;Monthly Value;Export;Harmonized;NaM;M
Physical Energy & Power Flows;2024;12;4;4;4;RU;LT;Monthly Value;Import;Harmonized;NaM;M
Physical Energy & Power Flows;2024;1;23;23;23;RU;LV;Monthly Value;Export;Harmonized;NaM;M
Physical Energy & Power Flows;2024;1;43;43;43;RU;LV;Monthly Value;Import;Harmonized;NaM;M
Physical Energy & Power Flows;2024;2;25;25;25;RU;LV;Monthly Value;Export;Harmonized;NaM;M
Physical Energy & Power Flows;2024;2;15;15;15;RU;LV;Monthly Value;Import;Harmonized;NaM;M
Physical Energy & Power Flows;2024;3;1;1;1;RU;LV;Monthly Value;Export;Harmonized;NaM;M
Physical Energy & Power Flows;2024;3;74;74;74;RU;LV;Monthly Value;Import;Harmonized;NaM;M
Physical Energy & Power Flows;2024;4;4;4;4;RU;LV;Monthly Value;Export;Harmonized;NaM;M
Physical Energy & Power Flows;2024;4;14;14;14;RU;LV;Monthly Value;Import;Harmonized;NaM;M
Physical Energy & Power Flows;2024;5;22;22;22;RU;LV;Monthly Value;Export;Harmonized;NaM;M
Physical Energy & Power Flows;2024;5;20;20;20;RU;LV;Monthly Value;Import;Harmonized;NaM;M
Physical Energy & Power Flows;2024;6;28;28;28;RU;LV;Monthly Value;Export;Harmonized;NaM;M
Physical Energy & Power Flows;2024;6;4;4;4;RU;LV;Monthly Value;Import;Harmonized;NaM;M
Physical Energy & Power Flows;2024;7;52;52;52;RU;LV;Monthly Value;Export;Harmonized;NaM;M
Physical Energy & Power Flows;2024;7;0;0;0;RU;LV;Monthly Value;Import;Harmonized;NaM;M
Physical Energy & Power Flows;2024;8;25;25;25;RU;LV;Monthly Value;Export;Harmonized;NaM;M
Physical Energy & Power Flows;2024;8;2;2;2;RU;LV;Monthly Value;Import;Harmonized;NaM;M
Physical Energy & Power Flows;2024;9;46;46;46;RU;LV;Monthly Value;Export;Harmonized;NaM;M
Physical Energy & Power Flows;2024;9;6;6;6;RU;LV;Monthly Value;Import;Harmonized;NaM;M
Physical Energy & Power Flows;2024;10;53;53;53;RU;LV;Monthly Value;Export;Harmonized;NaM;M
Physical Energy & Power Flows;2024;10;4;4;4;RU;LV;Monthly Value;Import;Harmonized;NaM;M
Physical Energy & Power Flows;2024;11;14;14;14;RU;LV;Monthly Value;Export;Harmonized;NaM;M
Physical Energy & Power Flows;2024;11;15;15;15;RU;LV;Monthly Value;Import;Harmonized;NaM;M
Physical Energy & Power Flows;2024;12;57;57;57;RU;LV;Monthly Value;Export;Harmonized;NaM;M
Physical Energy & Power Flows;2024;12;1;1;1;RU;LV;Monthly Value;Import;Harmonized;NaM;M
Physical Energy & Power Flows;2024;1;0;0;0;RU;UA;Monthly Value;Import;Harmonized;NaM;M
Physical Energy & Power Flows;2024;2;0;0;0;RU;UA;Monthly Value;Import;Harmonized;NaM;M
Physical Energy & Power Flows;2024;3;0;0;0;RU;UA;Monthly Value;Import;Harmonized;NaM;M
Physical Energy & Power Flows;2024;4;0;0;0;RU;UA;Monthly Value;Import;Harmonized;NaM;M
Physical Energy & Power Flows;2024;5;0;0;0;RU;UA;Monthly Value;Import;Harmonized;NaM;M
Physical Energy & Power Flows;2024;6;0;0;0;RU;UA;Monthly Value;Import;Harmonized;NaM;M
Physical Energy & Power Flows;2024;7;0;0;0;RU;UA;Monthly Value;Import;Harmonized;NaM;M
Physical Energy & Power Flows;2024;8;0;0;0;RU;UA;Monthly Value;Import;Harmonized;NaM;M
Physical Energy & Power Flows;2024;9;0;0;0;RU;UA;Monthly Value;Import;Harmonized;NaM;M
Physical Energy & Power Flows;2024;10;0;0;0;RU;UA;Monthly Value;Import;Harmonized;NaM;M
Physical Energy & Power Flows;2024;11;0;0;0;RU;UA;Monthly Value;Import;Harmonized;NaM;M
Physical Energy & Power Flows;2024;12;0;0;0;RU;UA;Monthly Value;Import;Harmonized;NaM;M
Physical Energy & Power Flows;2024;1;151;151;151;SE;DE;Monthly Value;Export;Harmonized;M;M
Physical Energy & Power Flows;2024;1;84;84;84;SE;DE;Monthly Value;Import;Harmonized;M;M
Physical Energy & Power Flows;2024;2;194;194;194;SE;DE;Monthly Value;Export;Harmonized;M;M
Physical Energy & Power Flows;2024;2;11;11;11;SE;DE;Monthly Value;Import;Harmonized;M;M
Physical Energy & Power Flows;2024;3;227;227;227;SE;DE;Monthly Value;Export;Harmonized;M;M
Physical Energy & Power Flows;2024;3;27;27;27;SE;DE;Monthly Value;Import;Harmonized;M;M
Physical Energy & Power Flows;2024;4;171;171;171;SE;DE;Monthly Value;Export;Harmonized;M;M
Physical Energy & Power Flows;2024;4;61;61;61;SE;DE;Monthly Value;Import;Harmonized;M;M
Physical Energy & Power Flows;2024;5;325;325;325;SE;DE;Monthly Value;Export;Harmonized;M;M
Physical Energy & Power Flows;2024;5;41;41;41;SE;DE;Monthly Value;Import;Harmonized;M;M
Physical Energy & Power Flows;2024;6;217;217;217;SE;DE;Monthly Value;Export;Harmonized;M;M
Physical Energy & Power Flows;2024;6;41;41;41;SE;DE;Monthly Value;Import;Harmonized;M;M
Physical Energy & Power Flows;2024;7;294;294;294;SE;DE;Monthly Value;Export;Harmonized;M;M
Physical Energy & Power Flows;2024;7;38;38;38;SE;DE;Monthly Value;Import;Harmonized;M;M
Physical Energy & Power Flows;2024;8;294;294;294;SE;DE;Monthly Value;Export;Harmonized;M;M
Physical Energy & Power Flows;2024;8;19;19;19;SE;DE;Monthly Value;Import;Harmonized;M;M
Physical Energy & Power Flows;2024;9;109;109;109;SE;DE;Monthly Value;Export;Harmonized;M;M
Physical Energy & Power Flows;2024;9;9;9;9;SE;DE;Monthly Value;Import;Harmonized;M;M
Physical Energy & Power Flows;2024;10;288;288;288;SE;DE;Monthly Value;Export;Harmonized;M;M
Physical Energy & Power Flows;2024;10;9;9;9;SE;DE;Monthly Value;Import;Harmonized;M;M
Physical Energy & Power Flows;2024;11;333;333;333;SE;DE;Monthly Value;Export;Harmonized;M;M
Physical Energy & Power Flows;2024;11;21;21;21;SE;DE;Monthly Value;Import;Harmonized;M;M
Physical Energy & Power Flows;2024;12;392;392;392;SE;DE;Monthly Value;Export;Harmonized;M;M
Physical Energy & Power Flows;2024;12;9;9;9;SE;DE;Monthly Value;Import;Harmonized;M;M
Physical Energy & Power Flows;2024;1;448;448;448;SE;DK;Monthly Value;Export;Harmonized;M;M
Physical Energy & Power Flows;2024;1;362;362;362;SE;DK;Monthly Value;Import;Harmonized;M;M
Physical Energy & Power Flows;2024;2;688;688;688;SE;DK;Monthly Value;Export;Harmonized;M;M
Physical Energy & Power Flows;2024;2;152;152;152;SE;DK;Monthly Value;Import;Harmonized;M;M
Physical Energy & Power Flows;2024;3;833;833;833;SE;DK;Monthly Value;Export;Harmonized;M;M
Physical Energy & Power Flows;2024;3;124;124;124;SE;DK;Monthly Value;Import;Harmonized;M;M
Physical Energy & Power Flows;2024;4;537;537;537;SE;DK;Monthly Value;Export;Harmonized;M;M
Physical Energy & Power Flows;2024;4;122;122;122;SE;DK;Monthly Value;Import;Harmonized;M;M
Physical Energy & Power Flows;2024;5;884;884;884;SE;DK;Monthly Value;Export;Harmonized;M;M
Physical Energy & Power Flows;2024;5;39;39;39;SE;DK;Monthly Value;Import;Harmonized;M;M
Physical Energy & Power Flows;2024;6;804;804;804;SE;DK;Monthly Value;Export;Harmonized;M;M
Physical Energy & Power Flows;2024;6;59;59;59;SE;DK;Monthly Value;Import;Harmonized;M;M
Physical Energy & Power Flows;2024;7;977;977;977;SE;DK;Monthly Value;Export;Harmonized;M;M
Physical Energy & Power Flows;2024;7;69;69;69;SE;DK;Monthly Value;Import;Harmonized;M;M
Physical Energy & Power Flows;2024;8;896;896;896;SE;DK;Monthly Value;Export;Harmonized;M;M
Physical Energy & Power Flows;2024;8;29;29;29;SE;DK;Monthly Value;Import;Harmonized;M;M
Physical Energy & Power Flows;2024;9;888;888;888;SE;DK;Monthly Value;Export;Harmonized;M;M
Physical Energy & Power Flows;2024;9;38;38;38;SE;DK;Monthly Value;Import;Harmonized;M;M
Physical Energy & Power Flows;2024;10;1087;1087;1087;SE;DK;Monthly Value;Export;Harmonized;M;M
Physical Energy & Power Flows;2024;10;6;6;6;SE;DK;Monthly Value;Import;Harmonized;M;M
Physical Energy & Power Flows;2024;11;988;988;988;SE;DK;Monthly Value;Export;Harmonized;M;M
Physical Energy & Power Flows;2024;11;37;37;37;SE;DK;Monthly Value;Import;Harmonized;M;M
Physical Energy & Power Flows;2024;12;1113;1113;1113;SE;DK;Monthly Value;Export;Harmonized;M;M
Physical Energy & Power Flows;2024;12;11;11;11;SE;DK;Monthly Value;Import;Harmonized;M;M
Physical Energy & Power Flows;2024;1;933;933;933;SE;FI;Monthly Value;Export;Harmonized;M;M
Physical Energy & Power Flows;2024;1;95;95;95;SE;FI;Monthly Value;Import;Harmonized;M;M
Physical Energy & Power Flows;2024;2;704;704;704;SE;FI;Monthly Value;Export;Harmonized;M;M
Physical Energy & Power Flows;2024;2;187;187;187;SE;FI;Monthly Value;Import;Harmonized;M;M
Physical Energy & Power Flows;2024;3;1147;1147;1147;SE;FI;Monthly Value;Export;Harmonized;M;M
Physical Energy & Power Flows;2024;3;57;57;57;SE;FI;Monthly Value;Import;Harmonized;M;M
Physical Energy & Power Flows;2024;4;944;944;944;SE;FI;Monthly Value;Export;Harmonized;M;M
Physical Energy & Power Flows;2024;4;24;24;24;SE;FI;Monthly Value;Import;Harmonized;M;M
Physical Energy & Power Flows;2024;5;776;776;776;SE;FI;Monthly Value;Export;Harmonized;M;M
Physical Energy & Power Flows;2024;5;75;75;75;SE;FI;Monthly Value;Import;Harmonized;M;M
Physical Energy & Power Flows;2024;6;382;382;382;SE;FI;Monthly Value;Export;Harmonized;M;M
Physical Energy & Power Flows;2024;6;197;197;197;SE;FI;Monthly Value;Import;Harmonized;M;M
Physical Energy & Power Flows;2024;7;281;281;281;SE;FI;Monthly Value;Export;Harmonized;M;M
Physical Energy & Power Flows;2024;7;256;256;256;SE;FI;Monthly Value;Import;Harmonized;M;M
Physical Energy & Power Flows;2024;8;666;666;666;SE;FI;Monthly Value;Export;Harmonized;M;M
Physical Energy & Power Flows;2024;8;109;109;109;SE;FI;Monthly Value;Import;Harmonized;M;M
Physical Energy & Power Flows;2024;9;507;507;507;SE;FI;Monthly Value;Export;Harmonized;M;M
Physical Energy & Power Flows;2024;9;18;18;18;SE;FI;Monthly Value;Import;Harmonized;M;M
Physical Energy & Power Flows;2024;10;496;496;496;SE;FI;Monthly Value;Export;Harmonized;M;M
Physical Energy & Power Flows;2024;10;98;98;98;SE;FI;Monthly Value;Import;Harmonized;M;M
Physical Energy & Power Flows;2024;11;635;635;635;SE;FI;Monthly Value;Export;Harmonized;M;M
Physical Energy & Power Flows;2024;11;130;130;130;SE;FI;Monthly Value;Import;Harmonized;M;M
Physical Energy & Power Flows;2024;12;618;618;618;SE;FI;Monthly Value;Export;Harmonized;M;M
Physical Energy & Power Flows;2024;12;245;245;245;SE;FI;Monthly Value;Import;Harmonized;M;M
Physical Energy & Power Flows;2024;1;484;484;484;SE;LT;Monthly Value;Export;Harmonized;M;M
Physical Energy & Power Flows;2024;1;2;2;2;SE;LT;Monthly Value;Import;Harmonized;M;M
Physical Energy & Power Flows;2024;2;485;485;485;SE;LT;Monthly Value;Export;Harmonized;M;M
Physical Energy & Power Flows;2024;3;380;380;380;SE;LT;Monthly Value;Export;Harmonized;M;M
Physical Energy & Power Flows;2024;3;13;13;13;SE;LT;Monthly Value;Import;Harmonized;M;M
Physical Energy & Power Flows;2024;4;349;349;349;SE;LT;Monthly Value;Export;Harmonized;M;M
Physical Energy & Power Flows;2024;4;12;12;12;SE;LT;Monthly Value;Import;Harmonized;M;M
Physical Energy & Power Flows;2024;5;367;367;367;SE;LT;Monthly Value;Export;Harmonized;M;M
Physical Energy & Power Flows;2024;5;3;3;3;SE;LT;Monthly Value;Import;Harmonized;M;M
Physical Energy & Power Flows;2024;6;473;473;473;SE;LT;Monthly Value;Export;Harmonized;M;M
Physical Energy & Power Flows;2024;6;0;0;0;SE;LT;Monthly Value;Import;Harmonized;M;M
Physical Energy & Power Flows;2024;7;517;517;517;SE;LT;Monthly Value;Export;Harmonized;M;M
Physical Energy & Power Flows;2024;8;515;515;515;SE;LT;Monthly Value;Export;Harmonized;M;M
Physical Energy & Power Flows;2024;9;452;452;452;SE;LT;Monthly Value;Export;Harmonized;M;M
Physical Energy & Power Flows;2024;9;0;0;0;SE;LT;Monthly Value;Import;Harmonized;M;M
Physical Energy & Power Flows;2024;10;359;359;359;SE;LT;Monthly Value;Export;Harmonized;M;M
Physical Energy & Power Flows;2024;10;1;1;1;SE;LT;Monthly Value;Import;Harmonized;M;M
Physical Energy & Power Flows;2024;11;418;418;418;SE;LT;Monthly Value;Export;Harmonized;M;M
Physical Energy & Power Flows;2024;11;5;5;5;SE;LT;Monthly Value;Import;Harmonized;M;M
Physical Energy & Power Flows;2024;12;464;464;464;SE;LT;Monthly Value;Export;Harmonized;M;M
Physical Energy & Power Flows;2024;12;17;17;17;SE;LT;Monthly Value;Import;Harmonized;M;M
Physical Energy & Power Flows;2024;1;738;738;738;SE;NO;Monthly Value;Export;Harmonized;M;M
Physical Energy & Power Flows;2024;1;300;300;300;SE;NO;Monthly Value;Import;Harmonized;M;M
Physical Energy & Power Flows;2024;2;821;821;821;SE;NO;Monthly Value;Export;Harmonized;M;M
Physical Energy & Power Flows;2024;2;311;311;311;SE;NO;Monthly Value;Import;Harmonized;M;M
Physical Energy & Power Flows;2024;3;696;696;696;SE;NO;Monthly Value;Export;Harmonized;M;M
Physical Energy & Power Flows;2024;3;393;393;393;SE;NO;Monthly Value;Import;Harmonized;M;M
Physical Energy & Power Flows;2024;4;540;540;540;SE;NO;Monthly Value;Export;Harmonized;M;M
Physical Energy & Power Flows;2024;4;275;275;275;SE;NO;Monthly Value;Import;Harmonized;M;M
Physical Energy & Power Flows;2024;5;818;818;818;SE;NO;Monthly Value;Export;Harmonized;M;M
Physical Energy & Power Flows;2024;5;130;130;130;SE;NO;Monthly Value;Import;Harmonized;M;M
Physical Energy & Power Flows;2024;6;668;668;668;SE;NO;Monthly Value;Export;Harmonized;M;M
Physical Energy & Power Flows;2024;6;117;117;117;SE;NO;Monthly Value;Import;Harmonized;M;M
Physical Energy & Power Flows;2024;7;780;780;780;SE;NO;Monthly Value;Export;Harmonized;M;M
Physical Energy & Power Flows;2024;7;47;47;47;SE;NO;Monthly Value;Import;Harmonized;M;M
Physical Energy & Power Flows;2024;8;1118;1118;1118;SE;NO;Monthly Value;Export;Harmonized;M;M
Physical Energy & Power Flows;2024;8;15;15;15;SE;NO;Monthly Value;Import;Harmonized;M;M
Physical Energy & Power Flows;2024;9;822;822;822;SE;NO;Monthly Value;Export;Harmonized;M;M
Physical Energy & Power Flows;2024;9;62;62;62;SE;NO;Monthly Value;Import;Harmonized;M;M
Physical Energy & Power Flows;2024;10;1050;1050;1050;SE;NO;Monthly Value;Export;Harmonized;M;M
Physical Energy & Power Flows;2024;10;72;72;72;SE;NO;Monthly Value;Import;Harmonized;M;M
Physical Energy & Power Flows;2024;11;730;730;730;SE;NO;Monthly Value;Export;Harmonized;M;M
Physical Energy & Power Flows;2024;11;183;183;183;SE;NO;Monthly Value;Import;Harmonized;M;M
Physical Energy & Power Flows;2024;12;870;870;870;SE;NO;Monthly Value;Export;Harmonized;M;M
Physical Energy & Power Flows;2024;12;342;342;342;SE;NO;Monthly Value;Import;Harmonized;M;M
Physical Energy & Power Flows;2024;1;209;209;209;SE;PL;Monthly Value;Export;Harmonized;M;M
Physical Energy & Power Flows;2024;1;93;93;93;SE;PL;Monthly Value;Import;Harmonized;M;M
Physical Energy & Power Flows;2024;2;301;301;301;SE;PL;Monthly Value;Export;Harmonized;M;M
Physical Energy & Power Flows;2024;2;23;23;23;SE;PL;Monthly Value;Import;Harmonized;M;M
Physical Energy & Power Flows;2024;3;317;317;317;SE;PL;Monthly Value;Export;Harmonized;M;M
Physical Energy & Power Flows;2024;3;52;52;52;SE;PL;Monthly Value;Import;Harmonized;M;M
Physical Energy & Power Flows;2024;4;268;268;268;SE;PL;Monthly Value;Export;Harmonized;M;M
Physical Energy & Power Flows;2024;4;69;69;69;SE;PL;Monthly Value;Import;Harmonized;M;M
Physical Energy & Power Flows;2024;5;320;320;320;SE;PL;Monthly Value;Export;Harmonized;M;M
Physical Energy & Power Flows;2024;5;50;50;50;SE;PL;Monthly Value;Import;Harmonized;M;M
Physical Energy & Power Flows;2024;6;326;326;326;SE;PL;Monthly Value;Export;Harmonized;M;M
Physical Energy & Power Flows;2024;6;34;34;34;SE;PL;Monthly Value;Import;Harmonized;M;M
Physical Energy & Power Flows;2024;7;376;376;376;SE;PL;Monthly Value;Export;Harmonized;M;M
Physical Energy & Power Flows;2024;7;20;20;20;SE;PL;Monthly Value;Import;Harmonized;M;M
Physical Energy & Power Flows;2024;8;222;222;222;SE;PL;Monthly Value;Export;Harmonized;M;M
Physical Energy & Power Flows;2024;8;17;17;17;SE;PL;Monthly Value;Import;Harmonized;M;M
Physical Energy & Power Flows;2024;9;0;0;0;SE;PL;Monthly Value;Import;Harmonized;M;M
Physical Energy & Power Flows;2024;10;38;38;38;SE;PL;Monthly Value;Export;Harmonized;M;M
Physical Energy & Power Flows;2024;10;4;4;4;SE;PL;Monthly Value;Import;Harmonized;M;M
Physical Energy & Power Flows;2024;11;309;309;309;SE;PL;Monthly Value;Export;Harmonized;M;M
Physical Energy & Power Flows;2024;11;10;10;10;SE;PL;Monthly Value;Import;Harmonized;M;M
Physical Energy & Power Flows;2024;12;327;327;327;SE;PL;Monthly Value;Export;Harmonized;M;M
Physical Energy & Power Flows;2024;12;14;14;14;SE;PL;Monthly Value;Import;Harmonized;M;M
Physical Energy & Power Flows;2024;1;40;40;40;SI;AT;Monthly Value;Export;Harmonized;M;M
Physical Energy & Power Flows;2024;1;432;432;432;SI;AT;Monthly Value;Import;Harmonized;M;M
Physical Energy & Power Flows;2024;2;66;66;66;SI;AT;Monthly Value;Export;Harmonized;M;M
Physical Energy & Power Flows;2024;2;330;330;330;SI;AT;Monthly Value;Import;Harmonized;M;M
Physical Energy & Power Flows;2024;3;75;75;75;SI;AT;Monthly Value;Export;Harmonized;M;M
Physical Energy & Power Flows;2024;3;241;241;241;SI;AT;Monthly Value;Import;Harmonized;M;M
Physical Energy & Power Flows;2024;4;11;11;11;SI;AT;Monthly Value;Export;Harmonized;M;M
Physical Energy & Power Flows;2024;4;499;499;499;SI;AT;Monthly Value;Import;Harmonized;M;M
Physical Energy & Power Flows;2024;5;10;10;10;SI;AT;Monthly Value;Export;Harmonized;M;M
Physical Energy & Power Flows;2024;5;529;529;529;SI;AT;Monthly Value;Import;Harmonized;M;M
Physical Energy & Power Flows;2024;6;1;1;1;SI;AT;Monthly Value;Export;Harmonized;M;M
Physical Energy & Power Flows;2024;6;497;497;497;SI;AT;Monthly Value;Import;Harmonized;M;M
Physical Energy & Power Flows;2024;7;0;0;0;SI;AT;Monthly Value;Export;Harmonized;M;M
Physical Energy & Power Flows;2024;7;624;624;624;SI;AT;Monthly Value;Import;Harmonized;M;M
Physical Energy & Power Flows;2024;8;2;2;2;SI;AT;Monthly Value;Export;Harmonized;M;M
Physical Energy & Power Flows;2024;8;744;744;744;SI;AT;Monthly Value;Import;Harmonized;M;M
Physical Energy & Power Flows;2024;9;4;4;4;SI;AT;Monthly Value;Export;Harmonized;M;M
Physical Energy & Power Flows;2024;9;528;528;528;SI;AT;Monthly Value;Import;Harmonized;M;M
Physical Energy & Power Flows;2024;10;43;43;43;SI;AT;Monthly Value;Export;Harmonized;M;M
Physical Energy & Power Flows;2024;10;381;381;381;SI;AT;Monthly Value;Import;Harmonized;M;M
Physical Energy & Power Flows;2024;11;27;27;27;SI;AT;Monthly Value;Export;Harmonized;M;M
Physical Energy & Power Flows;2024;11;479;479;479;SI;AT;Monthly Value;Import;Harmonized;M;M
Physical Energy & Power Flows;2024;12;19;19;19;SI;AT;Monthly Value;Export;Harmonized;M;M
Physical Energy & Power Flows;2024;12;563;563;563;SI;AT;Monthly Value;Import;Harmonized;M;M
Physical Energy & Power Flows;2024;1;111;111;111;SI;HR;Monthly Value;Export;Harmonized;M;M
Physical Energy & Power Flows;2024;1;139;139;139;SI;HR;Monthly Value;Import;Harmonized;M;M
Physical Energy & Power Flows;2024;2;99;99;99;SI;HR;Monthly Value;Export;Harmonized;M;M
Physical Energy & Power Flows;2024;2;159;159;159;SI;HR;Monthly Value;Import;Harmonized;M;M
Physical Energy & Power Flows;2024;3;78;78;78;SI;HR;Monthly Value;Export;Harmonized;M;M
Physical Energy & Power Flows;2024;3;213;213;213;SI;HR;Monthly Value;Import;Harmonized;M;M
Physical Energy & Power Flows;2024;4;96;96;96;SI;HR;Monthly Value;Export;Harmonized;M;M
Physical Energy & Power Flows;2024;4;192;192;192;SI;HR;Monthly Value;Import;Harmonized;M;M
Physical Energy & Power Flows;2024;5;523;523;523;SI;HR;Monthly Value;Export;Harmonized;M;M
Physical Energy & Power Flows;2024;5;28;28;28;SI;HR;Monthly Value;Import;Harmonized;M;M
Physical Energy & Power Flows;2024;6;899;899;899;SI;HR;Monthly Value;Export;Harmonized;M;M
Physical Energy & Power Flows;2024;7;907;907;907;SI;HR;Monthly Value;Export;Harmonized;M;M
Physical Energy & Power Flows;2024;7;1;1;1;SI;HR;Monthly Value;Import;Harmonized;M;M
Physical Energy & Power Flows;2024;8;855;855;855;SI;HR;Monthly Value;Export;Harmonized;M;M
Physical Energy & Power Flows;2024;9;305;305;305;SI;HR;Monthly Value;Export;Harmonized;M;M
Physical Energy & Power Flows;2024;9;27;27;27;SI;HR;Monthly Value;Import;Harmonized;M;M
Physical Energy & Power Flows;2024;10;322;322;322;SI;HR;Monthly Value;Export;Harmonized;M;M
Physical Energy & Power Flows;2024;10;83;83;83;SI;HR;Monthly Value;Import;Harmonized;M;M
Physical Energy & Power Flows;2024;11;266;266;266;SI;HR;Monthly Value;Export;Harmonized;M;M
Physical Energy & Power Flows;2024;11;77;77;77;SI;HR;Monthly Value;Import;Harmonized;M;M
Physical Energy & Power Flows;2024;12;255;255;255;SI;HR;Monthly Value;Export;Harmonized;M;M
Physical Energy & Power Flows;2024;12;64;64;64;SI;HR;Monthly Value;Import;Harmonized;M;M
Physical Energy & Power Flows;2024;1;15;15;15;SI;HU;Monthly Value;Export;Harmonized;M;M
Physical Energy & Power Flows;2024;1;114;114;114;SI;HU;Monthly Value;Import;Harmonized;M;M
Physical Energy & Power Flows;2024;2;5;5;5;SI;HU;Monthly Value;Export;Harmonized;M;M
Physical Energy & Power Flows;2024;2;140;140;140;SI;HU;Monthly Value;Import;Harmonized;M;M
Physical Energy & Power Flows;2024;3;11;11;11;SI;HU;Monthly Value;Export;Harmonized;M;M
Physical Energy & Power Flows;2024;3;107;107;107;SI;HU;Monthly Value;Import;Harmonized;M;M
Physical Energy & Power Flows;2024;4;13;13;13;SI;HU;Monthly Value;Export;Harmonized;M;M
Physical Energy & Power Flows;2024;4;124;124;124;SI;HU;Monthly Value;Import;Harmonized;M;M
Physical Energy & Power Flows;2024;5;126;126;126;SI;HU;Monthly Value;Export;Harmonized;M;M
Physical Energy & Power Flows;2024;5;59;59;59;SI;HU;Monthly Value;Import;Harmonized;M;M
Physical Energy & Power Flows;2024;6;179;179;179;SI;HU;Monthly Value;Export;Harmonized;M;M
Physical Energy & Power Flows;2024;6;8;8;8;SI;HU;Monthly Value;Import;Harmonized;M;M
Physical Energy & Power Flows;2024;7;72;72;72;SI;HU;Monthly Value;Export;Harmonized;M;M
Physical Energy & Power Flows;2024;7;9;9;9;SI;HU;Monthly Value;Import;Harmonized;M;M
Physical Energy & Power Flows;2024;8;168;168;168;SI;HU;Monthly Value;Export;Harmonized;M;M
Physical Energy & Power Flows;2024;8;32;32;32;SI;HU;Monthly Value;Import;Harmonized;M;M
Physical Energy & Power Flows;2024;9;52;52;52;SI;HU;Monthly Value;Export;Harmonized;M;M
Physical Energy & Power Flows;2024;9;80;80;80;SI;HU;Monthly Value;Import;Harmonized;M;M
Physical Energy & Power Flows;2024;10;116;116;116;SI;HU;Monthly Value;Export;Harmonized;M;M
Physical Energy & Power Flows;2024;10;38;38;38;SI;HU;Monthly Value;Import;Harmonized;M;M
Physical Energy & Power Flows;2024;11;60;60;60;SI;HU;Monthly Value;Export;Harmonized;M;M
Physical Energy & Power Flows;2024;11;88;88;88;SI;HU;Monthly Value;Import;Harmonized;M;M
Physical Energy & Power Flows;2024;12;32;32;32;SI;HU;Monthly Value;Export;Harmonized;M;M
Physical Energy & Power Flows;2024;12;123;123;123;SI;HU;Monthly Value;Import;Harmonized;M;M
Physical Energy & Power Flows;2024;1;593;593;593;SI;IT;Monthly Value;Export;Harmonized;M;M
Physical Energy & Power Flows;2024;1;1;1;1;SI;IT;Monthly Value;Import;Harmonized;M;M
Physical Energy & Power Flows;2024;2;612;612;612;SI;IT;Monthly Value;Export;Harmonized;M;M
Physical Energy & Power Flows;2024;2;0;0;0;SI;IT;Monthly Value;Import;Harmonized;M;M
Physical Energy & Power Flows;2024;3;636;636;636;SI;IT;Monthly Value;Export;Harmonized;M;M
Physical Energy & Power Flows;2024;3;0;0;0;SI;IT;Monthly Value;Import;Harmonized;M;M
Physical Energy & Power Flows;2024;4;509;509;509;SI;IT;Monthly Value;Export;Harmonized;M;M
Physical Energy & Power Flows;2024;4;6;6;6;SI;IT;Monthly Value;Import;Harmonized;M;M
Physical Energy & Power Flows;2024;5;288;288;288;SI;IT;Monthly Value;Export;Harmonized;M;M
Physical Energy & Power Flows;2024;5;47;47;47;SI;IT;Monthly Value;Import;Harmonized;M;M
Physical Energy & Power Flows;2024;6;96;96;96;SI;IT;Monthly Value;Export;Harmonized;M;M
Physical Energy & Power Flows;2024;6;176;176;176;SI;IT;Monthly Value;Import;Harmonized;M;M
Physical Energy & Power Flows;2024;7;113;113;113;SI;IT;Monthly Value;Export;Harmonized;M;M
Physical Energy & Power Flows;2024;7;154;154;154;SI;IT;Monthly Value;Import;Harmonized;M;M
Physical Energy & Power Flows;2024;8;130;130;130;SI;IT;Monthly Value;Export;Harmonized;M;M
Physical Energy & Power Flows;2024;8;160;160;160;SI;IT;Monthly Value;Import;Harmonized;M;M
Physical Energy & Power Flows;2024;9;514;514;514;SI;IT;Monthly Value;Export;Harmonized;M;M
Physical Energy & Power Flows;2024;9;1;1;1;SI;IT;Monthly Value;Import;Harmonized;M;M
Physical Energy & Power Flows;2024;10;492;492;492;SI;IT;Monthly Value;Export;Harmonized;M;M
Physical Energy & Power Flows;2024;10;21;21;21;SI;IT;Monthly Value;Import;Harmonized;M;M
Physical Energy & Power Flows;2024;11;439;439;439;SI;IT;Monthly Value;Export;Harmonized;M;M
Physical Energy & Power Flows;2024;11;11;11;11;SI;IT;Monthly Value;Import;Harmonized;M;M
Physical Energy & Power Flows;2024;12;468;468;468;SI;IT;Monthly Value;Export;Harmonized;M;M
Physical Energy & Power Flows;2024;12;4;4;4;SI;IT;Monthly Value;Import;Harmonized;M;M
Physical Energy & Power Flows;2024;1;54;54;54;SK;CZ;Monthly Value;Export;Harmonized;M;M
Physical Energy & Power Flows;2024;1;728;728;728;SK;CZ;Monthly Value;Import;Harmonized;M;M
Physical Energy & Power Flows;2024;2;109;109;109;SK;CZ;Monthly Value;Export;Harmonized;M;M
Physical Energy & Power Flows;2024;2;457;457;457;SK;CZ;Monthly Value;Import;Harmonized;M;M
Physical Energy & Power Flows;2024;3;126;126;126;SK;CZ;Monthly Value;Export;Harmonized;M;M
Physical Energy & Power Flows;2024;3;442;442;442;SK;CZ;Monthly Value;Import;Harmonized;M;M
Physical Energy & Power Flows;2024;4;91;91;91;SK;CZ;Monthly Value;Export;Harmonized;M;M
Physical Energy & Power Flows;2024;4;501;501;501;SK;CZ;Monthly Value;Import;Harmonized;M;M
Physical Energy & Power Flows;2024;5;29;29;29;SK;CZ;Monthly Value;Export;Harmonized;M;M
Physical Energy & Power Flows;2024;5;803;803;803;SK;CZ;Monthly Value;Import;Harmonized;M;M
Physical Energy & Power Flows;2024;6;0;0;0;SK;CZ;Monthly Value;Export;Harmonized;M;M
Physical Energy & Power Flows;2024;6;933;933;933;SK;CZ;Monthly Value;Import;Harmonized;M;M
Physical Energy & Power Flows;2024;7;0;0;0;SK;CZ;Monthly Value;Export;Harmonized;M;M
Physical Energy & Power Flows;2024;7;877;877;877;SK;CZ;Monthly Value;Import;Harmonized;M;M
Physical Energy & Power Flows;2024;8;1142;1142;1142;SK;CZ;Monthly Value;Import;Harmonized;M;M
Physical Energy & Power Flows;2024;9;8;8;8;SK;CZ;Monthly Value;Export;Harmonized;M;M
Physical Energy & Power Flows;2024;9;803;803;803;SK;CZ;Monthly Value;Import;Harmonized;M;M
Physical Energy & Power Flows;2024;10;59;59;59;SK;CZ;Monthly Value;Export;Harmonized;M;M
Physical Energy & Power Flows;2024;10;559;559;559;SK;CZ;Monthly Value;Import;Harmonized;M;M
Physical Energy & Power Flows;2024;11;28;28;28;SK;CZ;Monthly Value;Export;Harmonized;M;M
Physical Energy & Power Flows;2024;11;1048;1048;1048;SK;CZ;Monthly Value;Import;Harmonized;M;M
Physical Energy & Power Flows;2024;12;4;4;4;SK;CZ;Monthly Value;Export;Harmonized;M;M
Physical Energy & Power Flows;2024;12;1319;1319;1319;SK;CZ;Monthly Value;Import;Harmonized;M;M
Physical Energy & Power Flows;2024;1;1264;1264;1264;SK;HU;Monthly Value;Export;Harmonized;M;M
Physical Energy & Power Flows;2024;1;2;2;2;SK;HU;Monthly Value;Import;Harmonized;M;M
Physical Energy & Power Flows;2024;2;1046;1046;1046;SK;HU;Monthly Value;Export;Harmonized;M;M
Physical Energy & Power Flows;2024;2;8;8;8;SK;HU;Monthly Value;Import;Harmonized;M;M
Physical Energy & Power Flows;2024;3;983;983;983;SK;HU;Monthly Value;Export;Harmonized;M;M
Physical Energy & Power Flows;2024;3;24;24;24;SK;HU;Monthly Value;Import;Harmonized;M;M
Physical Energy & Power Flows;2024;4;685;685;685;SK;HU;Monthly Value;Export;Harmonized;M;M
Physical Energy & Power Flows;2024;4;33;33;33;SK;HU;Monthly Value;Import;Harmonized;M;M
Physical Energy & Power Flows;2024;5;685;685;685;SK;HU;Monthly Value;Export;Harmonized;M;M
Physical Energy & Power Flows;2024;5;19;19;19;SK;HU;Monthly Value;Import;Harmonized;M;M
Physical Energy & Power Flows;2024;6;819;819;819;SK;HU;Monthly Value;Export;Harmonized;M;M
Physical Energy & Power Flows;2024;6;1;1;1;SK;HU;Monthly Value;Import;Harmonized;M;M
Physical Energy & Power Flows;2024;7;967;967;967;SK;HU;Monthly Value;Export;Harmonized;M;M
Physical Energy & Power Flows;2024;7;1;1;1;SK;HU;Monthly Value;Import;Harmonized;M;M
Physical Energy & Power Flows;2024;8;1314;1314;1314;SK;HU;Monthly Value;Export;Harmonized;M;M
Physical Energy & Power Flows;2024;9;1178;1178;1178;SK;HU;Monthly Value;Export;Harmonized;M;M
Physical Energy & Power Flows;2024;9;0;0;0;SK;HU;Monthly Value;Import;Harmonized;M;M
Physical Energy & Power Flows;2024;10;869;869;869;SK;HU;Monthly Value;Export;Harmonized;M;M
Physical Energy & Power Flows;2024;10;13;13;13;SK;HU;Monthly Value;Import;Harmonized;M;M
Physical Energy & Power Flows;2024;11;1344;1344;1344;SK;HU;Monthly Value;Export;Harmonized;M;M
Physical Energy & Power Flows;2024;11;5;5;5;SK;HU;Monthly Value;Import;Harmonized;M;M
Physical Energy & Power Flows;2024;12;1741;1741;1741;SK;HU;Monthly Value;Export;Harmonized;M;M
Physical Energy & Power Flows;2024;12;1;1;1;SK;HU;Monthly Value;Import;Harmonized;M;M
Physical Energy & Power Flows;2024;1;37;37;37;SK;PL;Monthly Value;Export;Harmonized;M;M
Physical Energy & Power Flows;2024;1;313;313;313;SK;PL;Monthly Value;Import;Harmonized;M;M
Physical Energy & Power Flows;2024;2;26;26;26;SK;PL;Monthly Value;Export;Harmonized;M;M
Physical Energy & Power Flows;2024;2;275;275;275;SK;PL;Monthly Value;Import;Harmonized;M;M
Physical Energy & Power Flows;2024;3;33;33;33;SK;PL;Monthly Value;Export;Harmonized;M;M
Physical Energy & Power Flows;2024;3;224;224;224;SK;PL;Monthly Value;Import;Harmonized;M;M
Physical Energy & Power Flows;2024;4;3;3;3;SK;PL;Monthly Value;Export;Harmonized;M;M
Physical Energy & Power Flows;2024;4;12;12;12;SK;PL;Monthly Value;Import;Harmonized;M;M
Physical Energy & Power Flows;2024;5;0;0;0;SK;PL;Monthly Value;Import;Harmonized;M;M
Physical Energy & Power Flows;2024;6;11;11;11;SK;PL;Monthly Value;Export;Harmonized;M;M
Physical Energy & Power Flows;2024;6;214;214;214;SK;PL;Monthly Value;Import;Harmonized;M;M
Physical Energy & Power Flows;2024;7;20;20;20;SK;PL;Monthly Value;Export;Harmonized;M;M
Physical Energy & Power Flows;2024;7;301;301;301;SK;PL;Monthly Value;Import;Harmonized;M;M
Physical Energy & Power Flows;2024;8;1;1;1;SK;PL;Monthly Value;Export;Harmonized;M;M
Physical Energy & Power Flows;2024;8;427;427;427;SK;PL;Monthly Value;Import;Harmonized;M;M
Physical Energy & Power Flows;2024;9;13;13;13;SK;PL;Monthly Value;Export;Harmonized;M;M
Physical Energy & Power Flows;2024;9;381;381;381;SK;PL;Monthly Value;Import;Harmonized;M;M
Physical Energy & Power Flows;2024;10;31;31;31;SK;PL;Monthly Value;Export;Harmonized;M;M
Physical Energy & Power Flows;2024;10;234;234;234;SK;PL;Monthly Value;Import;Harmonized;M;M
Physical Energy & Power Flows;2024;11;4;4;4;SK;PL;Monthly Value;Export;Harmonized;M;M
Physical Energy & Power Flows;2024;11;548;548;548;SK;PL;Monthly Value;Import;Harmonized;M;M
Physical Energy & Power Flows;2024;12;1;1;1;SK;PL;Monthly Value;Export;Harmonized;M;M
Physical Energy & Power Flows;2024;12;670;670;670;SK;PL;Monthly Value;Import;Harmonized;M;M
Physical Energy & Power Flows;2024;1;225;225;225;SK;UA;Monthly Value;Export;Harmonized;M;M
Physical Energy & Power Flows;2024;1;33;33;33;SK;UA;Monthly Value;Import;Harmonized;M;M
Physical Energy & Power Flows;2024;2;196;196;196;SK;UA;Monthly Value;Export;Harmonized;M;M
Physical Energy & Power Flows;2024;2;39;39;39;SK;UA;Monthly Value;Import;Harmonized;M;M
Physical Energy & Power Flows;2024;3;157;157;157;SK;UA;Monthly Value;Export;Harmonized;M;M
Physical Energy & Power Flows;2024;3;56;56;56;SK;UA;Monthly Value;Import;Harmonized;M;M
Physical Energy & Power Flows;2024;4;83;83;83;SK;UA;Monthly Value;Export;Harmonized;M;M
Physical Energy & Power Flows;2024;4;75;75;75;SK;UA;Monthly Value;Import;Harmonized;M;M
Physical Energy & Power Flows;2024;5;183;183;183;SK;UA;Monthly Value;Export;Harmonized;M;M
Physical Energy & Power Flows;2024;5;27;27;27;SK;UA;Monthly Value;Import;Harmonized;M;M
Physical Energy & Power Flows;2024;6;297;297;297;SK;UA;Monthly Value;Export;Harmonized;M;M
Physical Energy & Power Flows;2024;6;0;0;0;SK;UA;Monthly Value;Import;Harmonized;M;M
Physical Energy & Power Flows;2024;7;369;369;369;SK;UA;Monthly Value;Export;Harmonized;M;M
Physical Energy & Power Flows;2024;7;1;1;1;SK;UA;Monthly Value;Import;Harmonized;M;M
Physical Energy & Power Flows;2024;8;342;342;342;SK;UA;Monthly Value;Export;Harmonized;M;M
Physical Energy & Power Flows;2024;8;0;0;0;SK;UA;Monthly Value;Import;Harmonized;M;M
Physical Energy & Power Flows;2024;9;286;286;286;SK;UA;Monthly Value;Export;Harmonized;M;M
Physical Energy & Power Flows;2024;9;8;8;8;SK;UA;Monthly Value;Import;Harmonized;M;M
Physical Energy & Power Flows;2024;10;212;212;212;SK;UA;Monthly Value;Export;Harmonized;M;M
Physical Energy & Power Flows;2024;10;44;44;44;SK;UA;Monthly Value;Import;Harmonized;M;M
Physical Energy & Power Flows;2024;11;365;365;365;SK;UA;Monthly Value;Export;Harmonized;M;M
Physical Energy & Power Flows;2024;11;12;12;12;SK;UA;Monthly Value;Import;Harmonized;M;M
Physical Energy & Power Flows;2024;12;475;475;475;SK;UA;Monthly Value;Export;Harmonized;M;M
Physical Energy & Power Flows;2024;12;1;1;1;SK;UA;Monthly Value;Import;Harmonized;M;M
Physical Energy & Power Flows;2024;1;58;58;58;TR;BG;Monthly Value;Export;Harmonized;M;M
Physical Energy & Power Flows;2024;1;31;31;31;TR;BG;Monthly Value;Import;Harmonized;M;M
Physical Energy & Power Flows;2024;2;27;27;27;TR;BG;Monthly Value;Export;Harmonized;M;M
Physical Energy & Power Flows;2024;2;46;46;46;TR;BG;Monthly Value;Import;Harmonized;M;M
Physical Energy & Power Flows;2024;3;36;36;36;TR;BG;Monthly Value;Export;Harmonized;M;M
Physical Energy & Power Flows;2024;3;79;79;79;TR;BG;Monthly Value;Import;Harmonized;M;M
Physical Energy & Power Flows;2024;4;56;56;56;TR;BG;Monthly Value;Export;Harmonized;M;M
Physical Energy & Power Flows;2024;4;72;72;72;TR;BG;Monthly Value;Import;Harmonized;M;M
Physical Energy & Power Flows;2024;5;97;97;97;TR;BG;Monthly Value;Export;Harmonized;M;M
Physical Energy & Power Flows;2024;5;41;41;41;TR;BG;Monthly Value;Import;Harmonized;M;M
Physical Energy & Power Flows;2024;6;104;104;104;TR;BG;Monthly Value;Export;Harmonized;M;M
Physical Energy & Power Flows;2024;6;38;38;38;TR;BG;Monthly Value;Import;Harmonized;M;M
Physical Energy & Power Flows;2024;7;65;65;65;TR;BG;Monthly Value;Export;Harmonized;M;M
Physical Energy & Power Flows;2024;7;38;38;38;TR;BG;Monthly Value;Import;Harmonized;M;M
Physical Energy & Power Flows;2024;8;59;59;59;TR;BG;Monthly Value;Export;Harmonized;M;M
Physical Energy & Power Flows;2024;8;37;37;37;TR;BG;Monthly Value;Import;Harmonized;M;M
Physical Energy & Power Flows;2024;9;60;60;60;TR;BG;Monthly Value;Export;Harmonized;M;M
Physical Energy & Power Flows;2024;9;52;52;52;TR;BG;Monthly Value;Import;Harmonized;M;M
Physical Energy & Power Flows;2024;10;125;125;125;TR;BG;Monthly Value;Export;Harmonized;M;M
Physical Energy & Power Flows;2024;10;47;47;47;TR;BG;Monthly Value;Import;Harmonized;M;M
Physical Energy & Power Flows;2024;11;169;169;169;TR;BG;Monthly Value;Export;Harmonized;M;M
Physical Energy & Power Flows;2024;11;0;0;0;TR;BG;Monthly Value;Import;Harmonized;M;M
Physical Energy & Power Flows;2024;12;133;133;133;TR;BG;Monthly Value;Export;Harmonized;M;M
Physical Energy & Power Flows;2024;12;10;10;10;TR;BG;Monthly Value;Import;Harmonized;M;M
Physical Energy & Power Flows;2024;1;0;0;0;TR;GE;Monthly Value;Export;Harmonized;M;NaM
Physical Energy & Power Flows;2024;1;88;88;88;TR;GE;Monthly Value;Import;Harmonized;M;NaM
Physical Energy & Power Flows;2024;2;0;0;0;TR;GE;Monthly Value;Export;Harmonized;M;NaM
Physical Energy & Power Flows;2024;2;90;90;90;TR;GE;Monthly Value;Import;Harmonized;M;NaM
Physical Energy & Power Flows;2024;3;0;0;0;TR;GE;Monthly Value;Export;Harmonized;M;NaM
Physical Energy & Power Flows;2024;3;125;125;125;TR;GE;Monthly Value;Import;Harmonized;M;NaM
Physical Energy & Power Flows;2024;4;0;0;0;TR;GE;Monthly Value;Export;Harmonized;M;NaM
Physical Energy & Power Flows;2024;4;79;79;79;TR;GE;Monthly Value;Import;Harmonized;M;NaM
Physical Energy & Power Flows;2024;5;0;0;0;TR;GE;Monthly Value;Export;Harmonized;M;NaM
Physical Energy & Power Flows;2024;5;256;256;256;TR;GE;Monthly Value;Import;Harmonized;M;NaM
Physical Energy & Power Flows;2024;6;0;0;0;TR;GE;Monthly Value;Export;Harmonized;M;NaM
Physical Energy & Power Flows;2024;6;355;355;355;TR;GE;Monthly Value;Import;Harmonized;M;NaM
Physical Energy & Power Flows;2024;7;0;0;0;TR;GE;Monthly Value;Export;Harmonized;M;NaM
Physical Energy & Power Flows;2024;7;168;168;168;TR;GE;Monthly Value;Import;Harmonized;M;NaM
Physical Energy & Power Flows;2024;8;328;328;328;TR;GE;Monthly Value;Import;Harmonized;M;NaM
Physical Energy & Power Flows;2024;9;0;0;0;TR;GE;Monthly Value;Export;Harmonized;M;NaM
Physical Energy & Power Flows;2024;9;252;252;252;TR;GE;Monthly Value;Import;Harmonized;M;NaM
Physical Energy & Power Flows;2024;10;0;0;0;TR;GE;Monthly Value;Import;Harmonized;M;NaM
Physical Energy & Power Flows;2024;11;1;1;1;TR;GE;Monthly Value;Export;Harmonized;M;NaM
Physical Energy & Power Flows;2024;11;1;1;1;TR;GE;Monthly Value;Import;Harmonized;M;NaM
Physical Energy & Power Flows;2024;12;1;1;1;TR;GE;Monthly Value;Export;Harmonized;M;NaM
Physical Energy & Power Flows;2024;12;1;1;1;TR;GE;Monthly Value;Import;Harmonized;M;NaM
Physical Energy & Power Flows;2024;1;73;73;73;TR;GR;Monthly Value;Export;Harmonized;M;M
Physical Energy & Power Flows;2024;1;6;6;6;TR;GR;Monthly Value;Import;Harmonized;M;M
Physical Energy & Power Flows;2024;2;85;85;85;TR;GR;Monthly Value;Export;Harmonized;M;M
Physical Energy & Power Flows;2024;2;4;4;4;TR;GR;Monthly Value;Import;Harmonized;M;M
Physical Energy & Power Flows;2024;3;39;39;39;TR;GR;Monthly Value;Export;Harmonized;M;M
Physical Energy & Power Flows;2024;3;24;24;24;TR;GR;Monthly Value;Import;Harmonized;M;M
Physical Energy & Power Flows;2024;4;20;20;20;TR;GR;Monthly Value;Export;Harmonized;M;M
Physical Energy & Power Flows;2024;4;37;37;37;TR;GR;Monthly Value;Import;Harmonized;M;M
Physical Energy & Power Flows;2024;5;15;15;15;TR;GR;Monthly Value;Export;Harmonized;M;M
Physical Energy & Power Flows;2024;5;36;36;36;TR;GR;Monthly Value;Import;Harmonized;M;M
Physical Energy & Power Flows;2024;6;24;24;24;TR;GR;Monthly Value;Export;Harmonized;M;M
Physical Energy & Power Flows;2024;6;26;26;26;TR;GR;Monthly Value;Import;Harmonized;M;M
Physical Energy & Power Flows;2024;7;57;57;57;TR;GR;Monthly Value;Export;Harmonized;M;M
Physical Energy & Power Flows;2024;7;6;6;6;TR;GR;Monthly Value;Import;Harmonized;M;M
Physical Energy & Power Flows;2024;8;69;69;69;TR;GR;Monthly Value;Export;Harmonized;M;M
Physical Energy & Power Flows;2024;8;11;11;11;TR;GR;Monthly Value;Import;Harmonized;M;M
Physical Energy & Power Flows;2024;9;103;103;103;TR;GR;Monthly Value;Export;Harmonized;M;M
Physical Energy & Power Flows;2024;9;7;7;7;TR;GR;Monthly Value;Import;Harmonized;M;M
Physical Energy & Power Flows;2024;10;68;68;68;TR;GR;Monthly Value;Export;Harmonized;M;M
Physical Energy & Power Flows;2024;10;9;9;9;TR;GR;Monthly Value;Import;Harmonized;M;M
Physical Energy & Power Flows;2024;11;51;51;51;TR;GR;Monthly Value;Export;Harmonized;M;M
Physical Energy & Power Flows;2024;11;14;14;14;TR;GR;Monthly Value;Import;Harmonized;M;M
Physical Energy & Power Flows;2024;12;83;83;83;TR;GR;Monthly Value;Export;Harmonized;M;M
Physical Energy & Power Flows;2024;12;7;7;7;TR;GR;Monthly Value;Import;Harmonized;M;M
Physical Energy & Power Flows;2024;1;0;0;0;UA;BY;Monthly Value;Import;Harmonized;M;NaM
Physical Energy & Power Flows;2024;2;0;0;0;UA;BY;Monthly Value;Import;Harmonized;M;NaM
Physical Energy & Power Flows;2024;3;0;0;0;UA;BY;Monthly Value;Import;Harmonized;M;NaM
Physical Energy & Power Flows;2024;4;0;0;0;UA;BY;Monthly Value;Import;Harmonized;M;NaM
Physical Energy & Power Flows;2024;5;0;0;0;UA;BY;Monthly Value;Import;Harmonized;M;NaM
Physical Energy & Power Flows;2024;6;0;0;0;UA;BY;Monthly Value;Import;Harmonized;M;NaM
Physical Energy & Power Flows;2024;7;0;0;0;UA;BY;Monthly Value;Import;Harmonized;M;NaM
Physical Energy & Power Flows;2024;8;0;0;0;UA;BY;Monthly Value;Import;Harmonized;M;NaM
Physical Energy & Power Flows;2024;9;0;0;0;UA;BY;Monthly Value;Import;Harmonized;M;NaM
Physical Energy & Power Flows;2024;10;0;0;0;UA;BY;Monthly Value;Import;Harmonized;M;NaM
Physical Energy & Power Flows;2024;11;0;0;0;UA;BY;Monthly Value;Import;Harmonized;M;NaM
Physical Energy & Power Flows;2024;12;0;0;0;UA;BY;Monthly Value;Import;Harmonized;M;NaM
Physical Energy & Power Flows;2024;1;129;129;129;UA;HU;Monthly Value;Export;Harmonized;M;M
Physical Energy & Power Flows;2024;1;24;24;24;UA;HU;Monthly Value;Import;Harmonized;M;M
Physical Energy & Power Flows;2024;2;214;214;214;UA;HU;Monthly Value;Export;Harmonized;M;M
Physical Energy & Power Flows;2024;2;2;2;2;UA;HU;Monthly Value;Import;Harmonized;M;M
Physical Energy & Power Flows;2024;3;124;124;124;UA;HU;Monthly Value;Export;Harmonized;M;M
Physical Energy & Power Flows;2024;3;47;47;47;UA;HU;Monthly Value;Import;Harmonized;M;M
Physical Energy & Power Flows;2024;4;51;51;51;UA;HU;Monthly Value;Export;Harmonized;M;M
Physical Energy & Power Flows;2024;4;78;78;78;UA;HU;Monthly Value;Import;Harmonized;M;M
Physical Energy & Power Flows;2024;5;9;9;9;UA;HU;Monthly Value;Export;Harmonized;M;M
Physical Energy & Power Flows;2024;5;287;287;287;UA;HU;Monthly Value;Import;Harmonized;M;M
Physical Energy & Power Flows;2024;6;0;0;0;UA;HU;Monthly Value;Export;Harmonized;M;M
Physical Energy & Power Flows;2024;6;373;373;373;UA;HU;Monthly Value;Import;Harmonized;M;M
Physical Energy & Power Flows;2024;7;0;0;0;UA;HU;Monthly Value;Export;Harmonized;M;M
Physical Energy & Power Flows;2024;7;292;292;292;UA;HU;Monthly Value;Import;Harmonized;M;M
Physical Energy & Power Flows;2024;8;7;7;7;UA;HU;Monthly Value;Export;Harmonized;M;M
Physical Energy & Power Flows;2024;8;182;182;182;UA;HU;Monthly Value;Import;Harmonized;M;M
Physical Energy & Power Flows;2024;9;40;40;40;UA;HU;Monthly Value;Export;Harmonized;M;M
Physical Energy & Power Flows;2024;9;55;55;55;UA;HU;Monthly Value;Import;Harmonized;M;M
Physical Energy & Power Flows;2024;10;27;27;27;UA;HU;Monthly Value;Export;Harmonized;M;M
Physical Energy & Power Flows;2024;10;48;48;48;UA;HU;Monthly Value;Import;Harmonized;M;M
Physical Energy & Power Flows;2024;11;70;70;70;UA;HU;Monthly Value;Export;Harmonized;M;M
Physical Energy & Power Flows;2024;11;34;34;34;UA;HU;Monthly Value;Import;Harmonized;M;M
Physical Energy & Power Flows;2024;12;91;91;91;UA;HU;Monthly Value;Export;Harmonized;M;M
Physical Energy & Power Flows;2024;12;39;39;39;UA;HU;Monthly Value;Import;Harmonized;M;M
Physical Energy & Power Flows;2024;1;16;16;16;UA;MD;Monthly Value;Export;Harmonized;M;M
Physical Energy & Power Flows;2024;1;195;195;195;UA;MD;Monthly Value;Import;Harmonized;M;M
Physical Energy & Power Flows;2024;2;19;19;19;UA;MD;Monthly Value;Export;Harmonized;M;M
Physical Energy & Power Flows;2024;2;210;210;210;UA;MD;Monthly Value;Import;Harmonized;M;M
Physical Energy & Power Flows;2024;3;43;43;43;UA;MD;Monthly Value;Export;Harmonized;M;M
Physical Energy & Power Flows;2024;3;174;174;174;UA;MD;Monthly Value;Import;Harmonized;M;M
Physical Energy & Power Flows;2024;4;17;17;17;UA;MD;Monthly Value;Export;Harmonized;M;M
Physical Energy & Power Flows;2024;4;245;245;245;UA;MD;Monthly Value;Import;Harmonized;M;M
Physical Energy & Power Flows;2024;5;17;17;17;UA;MD;Monthly Value;Export;Harmonized;M;M
Physical Energy & Power Flows;2024;5;122;122;122;UA;MD;Monthly Value;Import;Harmonized;M;M
Physical Energy & Power Flows;2024;6;2;2;2;UA;MD;Monthly Value;Export;Harmonized;M;M
Physical Energy & Power Flows;2024;6;204;204;204;UA;MD;Monthly Value;Import;Harmonized;M;M
Physical Energy & Power Flows;2024;7;0;0;0;UA;MD;Monthly Value;Export;Harmonized;M;M
Physical Energy & Power Flows;2024;7;247;247;247;UA;MD;Monthly Value;Import;Harmonized;M;M
Physical Energy & Power Flows;2024;8;5;5;5;UA;MD;Monthly Value;Export;Harmonized;M;M
Physical Energy & Power Flows;2024;8;146;146;146;UA;MD;Monthly Value;Import;Harmonized;M;M
Physical Energy & Power Flows;2024;9;5;5;5;UA;MD;Monthly Value;Export;Harmonized;M;M
Physical Energy & Power Flows;2024;9;245;245;245;UA;MD;Monthly Value;Import;Harmonized;M;M
Physical Energy & Power Flows;2024;10;42;42;42;UA;MD;Monthly Value;Export;Harmonized;M;M
Physical Energy & Power Flows;2024;10;123;123;123;UA;MD;Monthly Value;Import;Harmonized;M;M
Physical Energy & Power Flows;2024;11;51;51;51;UA;MD;Monthly Value;Export;Harmonized;M;M
Physical Energy & Power Flows;2024;11;92;92;92;UA;MD;Monthly Value;Import;Harmonized;M;M
Physical Energy & Power Flows;2024;12;10;10;10;UA;MD;Monthly Value;Export;Harmonized;M;M
Physical Energy & Power Flows;2024;12;186;186;186;UA;MD;Monthly Value;Import;Harmonized;M;M
Physical Energy & Power Flows;2024;1;0;0;0;UA;PL;Monthly Value;Import;Harmonized;M;M
Physical Energy & Power Flows;2024;2;0;0;0;UA;PL;Monthly Value;Export;Harmonized;M;M
Physical Energy & Power Flows;2024;2;0;0;0;UA;PL;Monthly Value;Import;Harmonized;M;M
Physical Energy & Power Flows;2024;3;54;54;54;UA;PL;Monthly Value;Export;Harmonized;M;M
Physical Energy & Power Flows;2024;3;0;0;0;UA;PL;Monthly Value;Import;Harmonized;M;M
Physical Energy & Power Flows;2024;4;0;0;0;UA;PL;Monthly Value;Import;Harmonized;M;M
Physical Energy & Power Flows;2024;5;0;0;0;UA;PL;Monthly Value;Import;Harmonized;M;M
Physical Energy & Power Flows;2024;6;0;0;0;UA;PL;Monthly Value;Export;Harmonized;M;M
Physical Energy & Power Flows;2024;6;96;96;96;UA;PL;Monthly Value;Import;Harmonized;M;M
Physical Energy & Power Flows;2024;7;1;1;1;UA;PL;Monthly Value;Export;Harmonized;M;M
Physical Energy & Power Flows;2024;7;164;164;164;UA;PL;Monthly Value;Import;Harmonized;M;M
Physical Energy & Power Flows;2024;8;6;6;6;UA;PL;Monthly Value;Export;Harmonized;M;M
Physical Energy & Power Flows;2024;8;95;95;95;UA;PL;Monthly Value;Import;Harmonized;M;M
Physical Energy & Power Flows;2024;9;22;22;22;UA;PL;Monthly Value;Export;Harmonized;M;M
Physical Energy & Power Flows;2024;9;91;91;91;UA;PL;Monthly Value;Import;Harmonized;M;M
Physical Energy & Power Flows;2024;10;130;130;130;UA;PL;Monthly Value;Export;Harmonized;M;M
Physical Energy & Power Flows;2024;10;26;26;26;UA;PL;Monthly Value;Import;Harmonized;M;M
Physical Energy & Power Flows;2024;11;50;50;50;UA;PL;Monthly Value;Export;Harmonized;M;M
Physical Energy & Power Flows;2024;11;54;54;54;UA;PL;Monthly Value;Import;Harmonized;M;M
Physical Energy & Power Flows;2024;12;6;6;6;UA;PL;Monthly Value;Export;Harmonized;M;M
Physical Energy & Power Flows;2024;12;145;145;145;UA;PL;Monthly Value;Import;Harmonized;M;M
Physical Energy & Power Flows;2024;1;171;171;171;UA;RO;Monthly Value;Export;Harmonized;M;M
Physical Energy & Power Flows;2024;1;27;27;27;UA;RO;Monthly Value;Import;Harmonized;M;M
Physical Energy & Power Flows;2024;2;131;131;131;UA;RO;Monthly Value;Export;Harmonized;M;M
Physical Energy & Power Flows;2024;2;48;48;48;UA;RO;Monthly Value;Import;Harmonized;M;M
Physical Energy & Power Flows;2024;3;124;124;124;UA;RO;Monthly Value;Export;Harmonized;M;M
Physical Energy & Power Flows;2024;3;61;61;61;UA;RO;Monthly Value;Import;Harmonized;M;M
Physical Energy & Power Flows;2024;4;81;81;81;UA;RO;Monthly Value;Export;Harmonized;M;M
Physical Energy & Power Flows;2024;4;50;50;50;UA;RO;Monthly Value;Import;Harmonized;M;M
Physical Energy & Power Flows;2024;5;138;138;138;UA;RO;Monthly Value;Export;Harmonized;M;M
Physical Energy & Power Flows;2024;5;24;24;24;UA;RO;Monthly Value;Import;Harmonized;M;M
Physical Energy & Power Flows;2024;6;169;169;169;UA;RO;Monthly Value;Export;Harmonized;M;M
Physical Energy & Power Flows;2024;6;5;5;5;UA;RO;Monthly Value;Import;Harmonized;M;M
Physical Energy & Power Flows;2024;7;177;177;177;UA;RO;Monthly Value;Export;Harmonized;M;M
Physical Energy & Power Flows;2024;7;2;2;2;UA;RO;Monthly Value;Import;Harmonized;M;M
Physical Energy & Power Flows;2024;8;243;243;243;UA;RO;Monthly Value;Export;Harmonized;M;M
Physical Energy & Power Flows;2024;8;1;1;1;UA;RO;Monthly Value;Import;Harmonized;M;M
Physical Energy & Power Flows;2024;9;166;166;166;UA;RO;Monthly Value;Export;Harmonized;M;M
Physical Energy & Power Flows;2024;9;8;8;8;UA;RO;Monthly Value;Import;Harmonized;M;M
Physical Energy & Power Flows;2024;10;113;113;113;UA;RO;Monthly Value;Export;Harmonized;M;M
Physical Energy & Power Flows;2024;10;56;56;56;UA;RO;Monthly Value;Import;Harmonized;M;M
Physical Energy & Power Flows;2024;11;256;256;256;UA;RO;Monthly Value;Export;Harmonized;M;M
Physical Energy & Power Flows;2024;11;9;9;9;UA;RO;Monthly Value;Import;Harmonized;M;M
Physical Energy & Power Flows;2024;12;327;327;327;UA;RO;Monthly Value;Export;Harmonized;M;M
Physical Energy & Power Flows;2024;12;3;3;3;UA;RO;Monthly Value;Import;Harmonized;M;M
Physical Energy & Power Flows;2024;1;0;0;0;UA;RU;Monthly Value;Import;Harmonized;M;NaM
Physical Energy & Power Flows;2024;2;0;0;0;UA;RU;Monthly Value;Import;Harmonized;M;NaM
Physical Energy & Power Flows;2024;3;0;0;0;UA;RU;Monthly Value;Import;Harmonized;M;NaM
Physical Energy & Power Flows;2024;4;0;0;0;UA;RU;Monthly Value;Import;Harmonized;M;NaM
Physical Energy & Power Flows;2024;5;0;0;0;UA;RU;Monthly Value;Import;Harmonized;M;NaM
Physical Energy & Power Flows;2024;6;0;0;0;UA;RU;Monthly Value;Import;Harmonized;M;NaM
Physical Energy & Power Flows;2024;7;0;0;0;UA;RU;Monthly Value;Import;Harmonized;M;NaM
Physical Energy & Power Flows;2024;8;0;0;0;UA;RU;Monthly Value;Import;Harmonized;M;NaM
Physical Energy & Power Flows;2024;9;0;0;0;UA;RU;Monthly Value;Import;Harmonized;M;NaM
Physical Energy & Power Flows;2024;10;0;0;0;UA;RU;Monthly Value;Import;Harmonized;M;NaM
Physical Energy & Power Flows;2024;11;0;0;0;UA;RU;Monthly Value;Import;Harmonized;M;NaM
Physical Energy & Power Flows;2024;12;0;0;0;UA;RU;Monthly Value;Import;Harmonized;M;NaM
Physical Energy & Power Flows;2024;1;33;33;33;UA;SK;Monthly Value;Export;Harmonized;M;M
Physical Energy & Power Flows;2024;1;225;225;225;UA;SK;Monthly Value;Import;Harmonized;M;M
Physical Energy & Power Flows;2024;2;39;39;39;UA;SK;Monthly Value;Export;Harmonized;M;M
Physical Energy & Power Flows;2024;2;196;196;196;UA;SK;Monthly Value;Import;Harmonized;M;M
Physical Energy & Power Flows;2024;3;56;56;56;UA;SK;Monthly Value;Export;Harmonized;M;M
Physical Energy & Power Flows;2024;3;157;157;157;UA;SK;Monthly Value;Import;Harmonized;M;M
Physical Energy & Power Flows;2024;4;75;75;75;UA;SK;Monthly Value;Export;Harmonized;M;M
Physical Energy & Power Flows;2024;4;83;83;83;UA;SK;Monthly Value;Import;Harmonized;M;M
Physical Energy & Power Flows;2024;5;27;27;27;UA;SK;Monthly Value;Export;Harmonized;M;M
Physical Energy & Power Flows;2024;5;183;183;183;UA;SK;Monthly Value;Import;Harmonized;M;M
Physical Energy & Power Flows;2024;6;0;0;0;UA;SK;Monthly Value;Export;Harmonized;M;M
Physical Energy & Power Flows;2024;6;297;297;297;UA;SK;Monthly Value;Import;Harmonized;M;M
Physical Energy & Power Flows;2024;7;1;1;1;UA;SK;Monthly Value;Export;Harmonized;M;M
Physical Energy & Power Flows;2024;7;369;369;369;UA;SK;Monthly Value;Import;Harmonized;M;M
Physical Energy & Power Flows;2024;8;0;0;0;UA;SK;Monthly Value;Export;Harmonized;M;M
Physical Energy & Power Flows;2024;8;342;342;342;UA;SK;Monthly Value;Import;Harmonized;M;M
Physical Energy & Power Flows;2024;9;8;8;8;UA;SK;Monthly Value;Export;Harmonized;M;M
Physical Energy & Power Flows;2024;9;286;286;286;UA;SK;Monthly Value;Import;Harmonized;M;M
Physical Energy & Power Flows;2024;10;44;44;44;UA;SK;Monthly Value;Export;Harmonized;M;M
Physical Energy & Power Flows;2024;10;212;212;212;UA;SK;Monthly Value;Import;Harmonized;M;M
Physical Energy & Power Flows;2024;11;12;12;12;UA;SK;Monthly Value;Export;Harmonized;M;M
Physical Energy & Power Flows;2024;11;365;365;365;UA;SK;Monthly Value;Import;Harmonized;M;M
Physical Energy & Power Flows;2024;12;1;1;1;UA;SK;Monthly Value;Export;Harmonized;M;M
Physical Energy & Power Flows;2024;12;475;475;475;UA;SK;Monthly Value;Import;Harmonized;M;M
Physical Energy & Power Flows;2024;1;5;5;5;XK;AL;Monthly Value;Export;Harmonized;M;M
Physical Energy & Power Flows;2024;1;98;98;98;XK;AL;Monthly Value;Import;Harmonized;M;M
Physical Energy & Power Flows;2024;2;25;25;25;XK;AL;Monthly Value;Export;Harmonized;M;M
Physical Energy & Power Flows;2024;2;42;42;42;XK;AL;Monthly Value;Import;Harmonized;M;M
Physical Energy & Power Flows;2024;3;34;34;34;XK;AL;Monthly Value;Export;Harmonized;M;M
Physical Energy & Power Flows;2024;3;41;41;41;XK;AL;Monthly Value;Import;Harmonized;M;M
Physical Energy & Power Flows;2024;4;71;71;71;XK;AL;Monthly Value;Export;Harmonized;M;M
Physical Energy & Power Flows;2024;4;24;24;24;XK;AL;Monthly Value;Import;Harmonized;M;M
Physical Energy & Power Flows;2024;5;2;2;2;XK;AL;Monthly Value;Export;Harmonized;M;M
Physical Energy & Power Flows;2024;5;66;66;66;XK;AL;Monthly Value;Import;Harmonized;M;M
Physical Energy & Power Flows;2024;6;7;7;7;XK;AL;Monthly Value;Export;Harmonized;M;M
Physical Energy & Power Flows;2024;6;42;42;42;XK;AL;Monthly Value;Import;Harmonized;M;M
Physical Energy & Power Flows;2024;7;7;7;7;XK;AL;Monthly Value;Export;Harmonized;M;M
Physical Energy & Power Flows;2024;7;60;60;60;XK;AL;Monthly Value;Import;Harmonized;M;M
Physical Energy & Power Flows;2024;8;12;12;12;XK;AL;Monthly Value;Export;Harmonized;M;M
Physical Energy & Power Flows;2024;8;35;35;35;XK;AL;Monthly Value;Import;Harmonized;M;M
Physical Energy & Power Flows;2024;9;21;21;21;XK;AL;Monthly Value;Export;Harmonized;M;M
Physical Energy & Power Flows;2024;9;29;29;29;XK;AL;Monthly Value;Import;Harmonized;M;M
Physical Energy & Power Flows;2024;10;7;7;7;XK;AL;Monthly Value;Export;Harmonized;M;M
Physical Energy & Power Flows;2024;10;41;41;41;XK;AL;Monthly Value;Import;Harmonized;M;M
Physical Energy & Power Flows;2024;11;2;2;2;XK;AL;Monthly Value;Export;Harmonized;M;M
Physical Energy & Power Flows;2024;11;86;86;86;XK;AL;Monthly Value;Import;Harmonized;M;M
Physical Energy & Power Flows;2024;12;0;0;0;XK;AL;Monthly Value;Export;Harmonized;M;M
Physical Energy & Power Flows;2024;12;188;188;188;XK;AL;Monthly Value;Import;Harmonized;M;M
Physical Energy & Power Flows;2024;1;11;11;11;XK;ME;Monthly Value;Export;Harmonized;M;M
Physical Energy & Power Flows;2024;1;106;106;106;XK;ME;Monthly Value;Import;Harmonized;M;M
Physical Energy & Power Flows;2024;2;40;40;40;XK;ME;Monthly Value;Export;Harmonized;M;M
Physical Energy & Power Flows;2024;2;47;47;47;XK;ME;Monthly Value;Import;Harmonized;M;M
Physical Energy & Power Flows;2024;3;43;43;43;XK;ME;Monthly Value;Export;Harmonized;M;M
Physical Energy & Power Flows;2024;3;64;64;64;XK;ME;Monthly Value;Import;Harmonized;M;M
Physical Energy & Power Flows;2024;4;86;86;86;XK;ME;Monthly Value;Export;Harmonized;M;M
Physical Energy & Power Flows;2024;4;7;7;7;XK;ME;Monthly Value;Import;Harmonized;M;M
Physical Energy & Power Flows;2024;5;103;103;103;XK;ME;Monthly Value;Export;Harmonized;M;M
Physical Energy & Power Flows;2024;5;15;15;15;XK;ME;Monthly Value;Import;Harmonized;M;M
Physical Energy & Power Flows;2024;6;52;52;52;XK;ME;Monthly Value;Export;Harmonized;M;M
Physical Energy & Power Flows;2024;6;38;38;38;XK;ME;Monthly Value;Import;Harmonized;M;M
Physical Energy & Power Flows;2024;7;48;48;48;XK;ME;Monthly Value;Export;Harmonized;M;M
Physical Energy & Power Flows;2024;7;38;38;38;XK;ME;Monthly Value;Import;Harmonized;M;M
Physical Energy & Power Flows;2024;8;47;47;47;XK;ME;Monthly Value;Export;Harmonized;M;M
Physical Energy & Power Flows;2024;8;42;42;42;XK;ME;Monthly Value;Import;Harmonized;M;M
Physical Energy & Power Flows;2024;9;58;58;58;XK;ME;Monthly Value;Export;Harmonized;M;M
Physical Energy & Power Flows;2024;9;23;23;23;XK;ME;Monthly Value;Import;Harmonized;M;M
Physical Energy & Power Flows;2024;10;67;67;67;XK;ME;Monthly Value;Export;Harmonized;M;M
Physical Energy & Power Flows;2024;10;59;59;59;XK;ME;Monthly Value;Import;Harmonized;M;M
Physical Energy & Power Flows;2024;11;27;27;27;XK;ME;Monthly Value;Export;Harmonized;M;M
Physical Energy & Power Flows;2024;11;150;150;150;XK;ME;Monthly Value;Import;Harmonized;M;M
Physical Energy & Power Flows;2024;12;9;9;9;XK;ME;Monthly Value;Export;Harmonized;M;M
Physical Energy & Power Flows;2024;12;141;141;141;XK;ME;Monthly Value;Import;Harmonized;M;M
Physical Energy & Power Flows;2024;1;127;127;127;XK;MK;Monthly Value;Export;Harmonized;M;M
Physical Energy & Power Flows;2024;1;23;23;23;XK;MK;Monthly Value;Import;Harmonized;M;M
Physical Energy & Power Flows;2024;2;135;135;135;XK;MK;Monthly Value;Export;Harmonized;M;M
Physical Energy & Power Flows;2024;2;23;23;23;XK;MK;Monthly Value;Import;Harmonized;M;M
Physical Energy & Power Flows;2024;3;162;162;162;XK;MK;Monthly Value;Export;Harmonized;M;M
Physical Energy & Power Flows;2024;3;38;38;38;XK;MK;Monthly Value;Import;Harmonized;M;M
Physical Energy & Power Flows;2024;4;54;54;54;XK;MK;Monthly Value;Export;Harmonized;M;M
Physical Energy & Power Flows;2024;4;78;78;78;XK;MK;Monthly Value;Import;Harmonized;M;M
Physical Energy & Power Flows;2024;5;101;101;101;XK;MK;Monthly Value;Export;Harmonized;M;M
Physical Energy & Power Flows;2024;5;32;32;32;XK;MK;Monthly Value;Import;Harmonized;M;M
Physical Energy & Power Flows;2024;6;129;129;129;XK;MK;Monthly Value;Export;Harmonized;M;M
Physical Energy & Power Flows;2024;6;27;27;27;XK;MK;Monthly Value;Import;Harmonized;M;M
Physical Energy & Power Flows;2024;7;59;59;59;XK;MK;Monthly Value;Export;Harmonized;M;M
Physical Energy & Power Flows;2024;7;52;52;52;XK;MK;Monthly Value;Import;Harmonized;M;M
Physical Energy & Power Flows;2024;8;58;58;58;XK;MK;Monthly Value;Export;Harmonized;M;M
Physical Energy & Power Flows;2024;8;58;58;58;XK;MK;Monthly Value;Import;Harmonized;M;M
Physical Energy & Power Flows;2024;9;4;4;4;XK;MK;Monthly Value;Export;Harmonized;M;M
Physical Energy & Power Flows;2024;9;2;2;2;XK;MK;Monthly Value;Import;Harmonized;M;M
Physical Energy & Power Flows;2024;10;119;119;119;XK;MK;Monthly Value;Export;Harmonized;M;M
Physical Energy & Power Flows;2024;10;49;49;49;XK;MK;Monthly Value;Import;Harmonized;M;M
Physical Energy & Power Flows;2024;11;45;45;45;XK;MK;Monthly Value;Export;Harmonized;M;M
Physical Energy & Power Flows;2024;11;68;68;68;XK;MK;Monthly Value;Import;Harmonized;M;M
Physical Energy & Power Flows;2024;12;58;58;58;XK;MK;Monthly Value;Export;Harmonized;M;M
Physical Energy & Power Flows;2024;12;62;62;62;XK;MK;Monthly Value;Import;Harmonized;M;M
Physical Energy & Power Flows;2024;1;17;17;17;XK;RS;Monthly Value;Export;Harmonized;M;M
Physical Energy & Power Flows;2024;1;137;137;137;XK;RS;Monthly Value;Import;Harmonized;M;M
Physical Energy & Power Flows;2024;2;8;8;8;XK;RS;Monthly Value;Export;Harmonized;M;M
Physical Energy & Power Flows;2024;2;128;128;128;XK;RS;Monthly Value;Import;Harmonized;M;M
Physical Energy & Power Flows;2024;3;22;22;22;XK;RS;Monthly Value;Export;Harmonized;M;M
Physical Energy & Power Flows;2024;3;136;136;136;XK;RS;Monthly Value;Import;Harmonized;M;M
Physical Energy & Power Flows;2024;4;44;44;44;XK;RS;Monthly Value;Export;Harmonized;M;M
Physical Energy & Power Flows;2024;4;68;68;68;XK;RS;Monthly Value;Import;Harmonized;M;M
Physical Energy & Power Flows;2024;5;80;80;80;XK;RS;Monthly Value;Export;Harmonized;M;M
Physical Energy & Power Flows;2024;5;25;25;25;XK;RS;Monthly Value;Import;Harmonized;M;M
Physical Energy & Power Flows;2024;6;66;66;66;XK;RS;Monthly Value;Export;Harmonized;M;M
Physical Energy & Power Flows;2024;6;33;33;33;XK;RS;Monthly Value;Import;Harmonized;M;M
Physical Energy & Power Flows;2024;7;48;48;48;XK;RS;Monthly Value;Export;Harmonized;M;M
Physical Energy & Power Flows;2024;7;57;57;57;XK;RS;Monthly Value;Import;Harmonized;M;M
Physical Energy & Power Flows;2024;8;37;37;37;XK;RS;Monthly Value;Export;Harmonized;M;M
Physical Energy & Power Flows;2024;8;70;70;70;XK;RS;Monthly Value;Import;Harmonized;M;M
Physical Energy & Power Flows;2024;9;20;20;20;XK;RS;Monthly Value;Export;Harmonized;M;M
Physical Energy & Power Flows;2024;9;108;108;108;XK;RS;Monthly Value;Import;Harmonized;M;M
Physical Energy & Power Flows;2024;10;34;34;34;XK;RS;Monthly Value;Export;Harmonized;M;M
Physical Energy & Power Flows;2024;10;88;88;88;XK;RS;Monthly Value;Import;Harmonized;M;M
Physical Energy & Power Flows;2024;11;94;94;94;XK;RS;Monthly Value;Export;Harmonized;M;M
Physical Energy & Power Flows;2024;11;12;12;12;XK;RS;Monthly Value;Import;Harmonized;M;M
Physical Energy & Power Flows;2024;12;60;60;60;XK;RS;Monthly Value;Export;Harmonized;M;M
Physical Energy & Power Flows;2024;12;66;66;66;XK;RS;Monthly Value;Import;Harmonized;M;M
Physical Energy & Power Flows;2024;1;199;199;199;AL;GR;Value on 3rd Wed. at 03;Export;Harmonized;M;M
Physical Energy & Power Flows;2024;2;304;304;304;AL;GR;Value on 3rd Wed. at 03;Export;Harmonized;M;M
Physical Energy & Power Flows;2024;3;150;150;150;AL;GR;Value on 3rd Wed. at 03;Import;Harmonized;M;M
Physical Energy & Power Flows;2024;4;58;58;58;AL;GR;Value on 3rd Wed. at 03;Import;Harmonized;M;M
Physical Energy & Power Flows;2024;5;64;64;64;AL;GR;Value on 3rd Wed. at 03;Export;Harmonized;M;M
Physical Energy & Power Flows;2024;6;209;209;209;AL;GR;Value on 3rd Wed. at 03;Import;Harmonized;M;M
Physical Energy & Power Flows;2024;7;190;190;190;AL;GR;Value on 3rd Wed. at 03;Import;Harmonized;M;M
Physical Energy & Power Flows;2024;8;0;0;0;AL;GR;Value on 3rd Wed. at 03;Import;Harmonized;M;M
Physical Energy & Power Flows;2024;9;290;290;290;AL;GR;Value on 3rd Wed. at 03;Export;Harmonized;M;M
Physical Energy & Power Flows;2024;10;251;251;251;AL;GR;Value on 3rd Wed. at 03;Export;Harmonized;M;M
Physical Energy & Power Flows;2024;11;215;215;215;AL;GR;Value on 3rd Wed. at 03;Import;Harmonized;M;M
Physical Energy & Power Flows;2024;12;288;288;288;AL;GR;Value on 3rd Wed. at 03;Export;Harmonized;M;M
Physical Energy & Power Flows;2024;1;161;161;161;AL;ME;Value on 3rd Wed. at 03;Import;Harmonized;M;M
Physical Energy & Power Flows;2024;2;233;233;233;AL;ME;Value on 3rd Wed. at 03;Import;Harmonized;M;M
Physical Energy & Power Flows;2024;3;165;165;165;AL;ME;Value on 3rd Wed. at 03;Export;Harmonized;M;M
Physical Energy & Power Flows;2024;4;198;198;198;AL;ME;Value on 3rd Wed. at 03;Export;Harmonized;M;M
Physical Energy & Power Flows;2024;5;0;0;0;AL;ME;Value on 3rd Wed. at 03;Import;Harmonized;M;M
Physical Energy & Power Flows;2024;6;55;55;55;AL;ME;Value on 3rd Wed. at 03;Export;Harmonized;M;M
Physical Energy & Power Flows;2024;7;40;40;40;AL;ME;Value on 3rd Wed. at 03;Import;Harmonized;M;M
Physical Energy & Power Flows;2024;8;0;0;0;AL;ME;Value on 3rd Wed. at 03;Import;Harmonized;M;M
Physical Energy & Power Flows;2024;9;496;496;496;AL;ME;Value on 3rd Wed. at 03;Import;Harmonized;M;M
Physical Energy & Power Flows;2024;10;412;412;412;AL;ME;Value on 3rd Wed. at 03;Import;Harmonized;M;M
Physical Energy & Power Flows;2024;11;122;122;122;AL;ME;Value on 3rd Wed. at 03;Import;Harmonized;M;M
Physical Energy & Power Flows;2024;12;258;258;258;AL;ME;Value on 3rd Wed. at 03;Import;Harmonized;M;M
Physical Energy & Power Flows;2024;1;85;85;85;AL;XK;Value on 3rd Wed. at 03;Export;Harmonized;M;M
Physical Energy & Power Flows;2024;2;137;137;137;AL;XK;Value on 3rd Wed. at 03;Import;Harmonized;M;M
Physical Energy & Power Flows;2024;3;22;22;22;AL;XK;Value on 3rd Wed. at 03;Import;Harmonized;M;M
Physical Energy & Power Flows;2024;4;156;156;156;AL;XK;Value on 3rd Wed. at 03;Import;Harmonized;M;M
Physical Energy & Power Flows;2024;5;39;39;39;AL;XK;Value on 3rd Wed. at 03;Export;Harmonized;M;M
Physical Energy & Power Flows;2024;6;32;32;32;AL;XK;Value on 3rd Wed. at 03;Export;Harmonized;M;M
Physical Energy & Power Flows;2024;7;16;16;16;AL;XK;Value on 3rd Wed. at 03;Export;Harmonized;M;M
Physical Energy & Power Flows;2024;8;59;59;59;AL;XK;Value on 3rd Wed. at 03;Import;Harmonized;M;M
Physical Energy & Power Flows;2024;9;116;116;116;AL;XK;Value on 3rd Wed. at 03;Import;Harmonized;M;M
Physical Energy & Power Flows;2024;10;29;29;29;AL;XK;Value on 3rd Wed. at 03;Import;Harmonized;M;M
Physical Energy & Power Flows;2024;11;38;38;38;AL;XK;Value on 3rd Wed. at 03;Import;Harmonized;M;M
Physical Energy & Power Flows;2024;12;72;72;72;AL;XK;Value on 3rd Wed. at 03;Export;Harmonized;M;M
Physical Energy & Power Flows;2024;1;0;0;0;AM;GE;Value on 3rd Wed. at 03;Import;Harmonized;NaM;NaM
Physical Energy & Power Flows;2024;2;0;0;0;AM;GE;Value on 3rd Wed. at 03;Import;Harmonized;NaM;NaM
Physical Energy & Power Flows;2024;3;0;0;0;AM;GE;Value on 3rd Wed. at 03;Import;Harmonized;NaM;NaM
Physical Energy & Power Flows;2024;4;0;0;0;AM;GE;Value on 3rd Wed. at 03;Import;Harmonized;NaM;NaM
Physical Energy & Power Flows;2024;5;26;26;26;AM;GE;Value on 3rd Wed. at 03;Import;Harmonized;NaM;NaM
Physical Energy & Power Flows;2024;6;105;105;105;AM;GE;Value on 3rd Wed. at 03;Import;Harmonized;NaM;NaM
Physical Energy & Power Flows;2024;7;76;76;76;AM;GE;Value on 3rd Wed. at 03;Import;Harmonized;NaM;NaM
Physical Energy & Power Flows;2024;8;0;0;0;AM;GE;Value on 3rd Wed. at 03;Import;Harmonized;NaM;NaM
Physical Energy & Power Flows;2024;9;0;0;0;AM;GE;Value on 3rd Wed. at 03;Import;Harmonized;NaM;NaM
Physical Energy & Power Flows;2024;10;0;0;0;AM;GE;Value on 3rd Wed. at 03;Import;Harmonized;NaM;NaM
Physical Energy & Power Flows;2024;11;97;97;97;AM;GE;Value on 3rd Wed. at 03;Export;Harmonized;NaM;NaM
Physical Energy & Power Flows;2024;12;0;0;0;AM;GE;Value on 3rd Wed. at 03;Import;Harmonized;NaM;NaM
Physical Energy & Power Flows;2024;1;12;12;12;AT;CH;Value on 3rd Wed. at 03;Import;Harmonized;M;M
Physical Energy & Power Flows;2024;2;596;596;596;AT;CH;Value on 3rd Wed. at 03;Export;Harmonized;M;M
Physical Energy & Power Flows;2024;3;342;342;342;AT;CH;Value on 3rd Wed. at 03;Export;Harmonized;M;M
Physical Energy & Power Flows;2024;4;485;485;485;AT;CH;Value on 3rd Wed. at 03;Import;Harmonized;M;M
Physical Energy & Power Flows;2024;5;530;530;530;AT;CH;Value on 3rd Wed. at 03;Import;Harmonized;M;M
Physical Energy & Power Flows;2024;6;144;144;144;AT;CH;Value on 3rd Wed. at 03;Export;Harmonized;M;M
Physical Energy & Power Flows;2024;7;802;802;802;AT;CH;Value on 3rd Wed. at 03;Import;Harmonized;M;M
Physical Energy & Power Flows;2024;8;496;496;496;AT;CH;Value on 3rd Wed. at 03;Import;Harmonized;M;M
Physical Energy & Power Flows;2024;9;36;36;36;AT;CH;Value on 3rd Wed. at 03;Import;Harmonized;M;M
Physical Energy & Power Flows;2024;10;258;258;258;AT;CH;Value on 3rd Wed. at 03;Import;Harmonized;M;M
Physical Energy & Power Flows;2024;11;395;395;395;AT;CH;Value on 3rd Wed. at 03;Export;Harmonized;M;M
Physical Energy & Power Flows;2024;12;20;20;20;AT;CH;Value on 3rd Wed. at 03;Import;Harmonized;M;M
Physical Energy & Power Flows;2024;1;1323;1323;1323;AT;CZ;Value on 3rd Wed. at 03;Import;Harmonized;M;M
Physical Energy & Power Flows;2024;2;1055;1055;1055;AT;CZ;Value on 3rd Wed. at 03;Import;Harmonized;M;M
Physical Energy & Power Flows;2024;3;463;463;463;AT;CZ;Value on 3rd Wed. at 03;Import;Harmonized;M;M
Physical Energy & Power Flows;2024;4;149;149;149;AT;CZ;Value on 3rd Wed. at 03;Export;Harmonized;M;M
Physical Energy & Power Flows;2024;5;462;462;462;AT;CZ;Value on 3rd Wed. at 03;Import;Harmonized;M;M
Physical Energy & Power Flows;2024;6;83;83;83;AT;CZ;Value on 3rd Wed. at 03;Import;Harmonized;M;M
Physical Energy & Power Flows;2024;7;107;107;107;AT;CZ;Value on 3rd Wed. at 03;Import;Harmonized;M;M
Physical Energy & Power Flows;2024;8;542;542;542;AT;CZ;Value on 3rd Wed. at 03;Import;Harmonized;M;M
Physical Energy & Power Flows;2024;9;1098;1098;1098;AT;CZ;Value on 3rd Wed. at 03;Import;Harmonized;M;M
Physical Energy & Power Flows;2024;10;155;155;155;AT;CZ;Value on 3rd Wed. at 03;Import;Harmonized;M;M
Physical Energy & Power Flows;2024;11;1399;1399;1399;AT;CZ;Value on 3rd Wed. at 03;Import;Harmonized;M;M
Physical Energy & Power Flows;2024;12;1627;1627;1627;AT;CZ;Value on 3rd Wed. at 03;Import;Harmonized;M;M
Physical Energy & Power Flows;2024;1;1498;1498;1498;AT;DE;Value on 3rd Wed. at 03;Import;Harmonized;M;M
Physical Energy & Power Flows;2024;2;1700;1700;1700;AT;DE;Value on 3rd Wed. at 03;Import;Harmonized;M;M
Physical Energy & Power Flows;2024;3;503;503;503;AT;DE;Value on 3rd Wed. at 03;Export;Harmonized;M;M
Physical Energy & Power Flows;2024;4;1956;1956;1956;AT;DE;Value on 3rd Wed. at 03;Export;Harmonized;M;M
Physical Energy & Power Flows;2024;5;246;246;246;AT;DE;Value on 3rd Wed. at 03;Export;Harmonized;M;M
Physical Energy & Power Flows;2024;6;1320;1320;1320;AT;DE;Value on 3rd Wed. at 03;Export;Harmonized;M;M
Physical Energy & Power Flows;2024;7;1562;1562;1562;AT;DE;Value on 3rd Wed. at 03;Export;Harmonized;M;M
Physical Energy & Power Flows;2024;8;1114;1114;1114;AT;DE;Value on 3rd Wed. at 03;Import;Harmonized;M;M
Physical Energy & Power Flows;2024;9;451;451;451;AT;DE;Value on 3rd Wed. at 03;Import;Harmonized;M;M
Physical Energy & Power Flows;2024;10;604;604;604;AT;DE;Value on 3rd Wed. at 03;Import;Harmonized;M;M
Physical Energy & Power Flows;2024;11;1010;1010;1010;AT;DE;Value on 3rd Wed. at 03;Import;Harmonized;M;M
Physical Energy & Power Flows;2024;12;2171;2171;2171;AT;DE;Value on 3rd Wed. at 03;Import;Harmonized;M;M
Physical Energy & Power Flows;2024;1;879;879;879;AT;HU;Value on 3rd Wed. at 03;Export;Harmonized;M;M
Physical Energy & Power Flows;2024;2;800;800;800;AT;HU;Value on 3rd Wed. at 03;Export;Harmonized;M;M
Physical Energy & Power Flows;2024;3;1;1;1;AT;HU;Value on 3rd Wed. at 03;Export;Harmonized;M;M
Physical Energy & Power Flows;2024;4;571;571;571;AT;HU;Value on 3rd Wed. at 03;Export;Harmonized;M;M
Physical Energy & Power Flows;2024;5;1032;1032;1032;AT;HU;Value on 3rd Wed. at 03;Export;Harmonized;M;M
Physical Energy & Power Flows;2024;6;1067;1067;1067;AT;HU;Value on 3rd Wed. at 03;Export;Harmonized;M;M
Physical Energy & Power Flows;2024;7;1003;1003;1003;AT;HU;Value on 3rd Wed. at 03;Export;Harmonized;M;M
Physical Energy & Power Flows;2024;8;0;0;0;AT;HU;Value on 3rd Wed. at 03;Export;Harmonized;M;M
Physical Energy & Power Flows;2024;9;454;454;454;AT;HU;Value on 3rd Wed. at 03;Export;Harmonized;M;M
Physical Energy & Power Flows;2024;10;846;846;846;AT;HU;Value on 3rd Wed. at 03;Export;Harmonized;M;M
Physical Energy & Power Flows;2024;11;204;204;204;AT;HU;Value on 3rd Wed. at 03;Export;Harmonized;M;M
Physical Energy & Power Flows;2024;12;787;787;787;AT;HU;Value on 3rd Wed. at 03;Export;Harmonized;M;M
Physical Energy & Power Flows;2024;1;117;117;117;AT;IT;Value on 3rd Wed. at 03;Export;Harmonized;M;M
Physical Energy & Power Flows;2024;2;398;398;398;AT;IT;Value on 3rd Wed. at 03;Export;Harmonized;M;M
Physical Energy & Power Flows;2024;3;104;104;104;AT;IT;Value on 3rd Wed. at 03;Export;Harmonized;M;M
Physical Energy & Power Flows;2024;4;10;10;10;AT;IT;Value on 3rd Wed. at 03;Export;Harmonized;M;M
Physical Energy & Power Flows;2024;5;341;341;341;AT;IT;Value on 3rd Wed. at 03;Export;Harmonized;M;M
Physical Energy & Power Flows;2024;6;29;29;29;AT;IT;Value on 3rd Wed. at 03;Import;Harmonized;M;M
Physical Energy & Power Flows;2024;7;71;71;71;AT;IT;Value on 3rd Wed. at 03;Import;Harmonized;M;M
Physical Energy & Power Flows;2024;8;180;180;180;AT;IT;Value on 3rd Wed. at 03;Export;Harmonized;M;M
Physical Energy & Power Flows;2024;9;21;21;21;AT;IT;Value on 3rd Wed. at 03;Export;Harmonized;M;M
Physical Energy & Power Flows;2024;10;46;46;46;AT;IT;Value on 3rd Wed. at 03;Export;Harmonized;M;M
Physical Energy & Power Flows;2024;11;208;208;208;AT;IT;Value on 3rd Wed. at 03;Export;Harmonized;M;M
Physical Energy & Power Flows;2024;12;332;332;332;AT;IT;Value on 3rd Wed. at 03;Export;Harmonized;M;M
Physical Energy & Power Flows;2024;1;969;969;969;AT;SI;Value on 3rd Wed. at 03;Export;Harmonized;M;M
Physical Energy & Power Flows;2024;2;883;883;883;AT;SI;Value on 3rd Wed. at 03;Export;Harmonized;M;M
Physical Energy & Power Flows;2024;3;40;40;40;AT;SI;Value on 3rd Wed. at 03;Import;Harmonized;M;M
Physical Energy & Power Flows;2024;4;389;389;389;AT;SI;Value on 3rd Wed. at 03;Export;Harmonized;M;M
Physical Energy & Power Flows;2024;5;849;849;849;AT;SI;Value on 3rd Wed. at 03;Export;Harmonized;M;M
Physical Energy & Power Flows;2024;6;750;750;750;AT;SI;Value on 3rd Wed. at 03;Export;Harmonized;M;M
Physical Energy & Power Flows;2024;7;931;931;931;AT;SI;Value on 3rd Wed. at 03;Export;Harmonized;M;M
Physical Energy & Power Flows;2024;8;1017;1017;1017;AT;SI;Value on 3rd Wed. at 03;Export;Harmonized;M;M
Physical Energy & Power Flows;2024;9;443;443;443;AT;SI;Value on 3rd Wed. at 03;Export;Harmonized;M;M
Physical Energy & Power Flows;2024;10;686;686;686;AT;SI;Value on 3rd Wed. at 03;Export;Harmonized;M;M
Physical Energy & Power Flows;2024;11;62;62;62;AT;SI;Value on 3rd Wed. at 03;Import;Harmonized;M;M
Physical Energy & Power Flows;2024;12;1486;1486;1486;AT;SI;Value on 3rd Wed. at 03;Export;Harmonized;M;M
Physical Energy & Power Flows;2024;1;165;165;165;AZ;GE;Value on 3rd Wed. at 03;Export;Harmonized;NaM;NaM
Physical Energy & Power Flows;2024;2;199;199;199;AZ;GE;Value on 3rd Wed. at 03;Export;Harmonized;NaM;NaM
Physical Energy & Power Flows;2024;3;201;201;201;AZ;GE;Value on 3rd Wed. at 03;Export;Harmonized;NaM;NaM
Physical Energy & Power Flows;2024;4;200;200;200;AZ;GE;Value on 3rd Wed. at 03;Export;Harmonized;NaM;NaM
Physical Energy & Power Flows;2024;5;20;20;20;AZ;GE;Value on 3rd Wed. at 03;Import;Harmonized;NaM;NaM
Physical Energy & Power Flows;2024;6;1;1;1;AZ;GE;Value on 3rd Wed. at 03;Import;Harmonized;NaM;NaM
Physical Energy & Power Flows;2024;7;11;11;11;AZ;GE;Value on 3rd Wed. at 03;Export;Harmonized;NaM;NaM
Physical Energy & Power Flows;2024;8;500;500;500;AZ;GE;Value on 3rd Wed. at 03;Export;Harmonized;NaM;NaM
Physical Energy & Power Flows;2024;9;700;700;700;AZ;GE;Value on 3rd Wed. at 03;Export;Harmonized;NaM;NaM
Physical Energy & Power Flows;2024;10;0;0;0;AZ;GE;Value on 3rd Wed. at 03;Import;Harmonized;NaM;NaM
Physical Energy & Power Flows;2024;11;0;0;0;AZ;GE;Value on 3rd Wed. at 03;Import;Harmonized;NaM;NaM
Physical Energy & Power Flows;2024;12;131;131;131;AZ;GE;Value on 3rd Wed. at 03;Export;Harmonized;NaM;NaM
Physical Energy & Power Flows;2024;1;488;488;488;BA;HR;Value on 3rd Wed. at 03;Import;Harmonized;M;M
Physical Energy & Power Flows;2024;2;212;212;212;BA;HR;Value on 3rd Wed. at 03;Import;Harmonized;M;M
Physical Energy & Power Flows;2024;3;547;547;547;BA;HR;Value on 3rd Wed. at 03;Export;Harmonized;M;M
Physical Energy & Power Flows;2024;4;160;160;160;BA;HR;Value on 3rd Wed. at 03;Export;Harmonized;M;M
Physical Energy & Power Flows;2024;5;153;153;153;BA;HR;Value on 3rd Wed. at 03;Import;Harmonized;M;M
Physical Energy & Power Flows;2024;6;313;313;313;BA;HR;Value on 3rd Wed. at 03;Import;Harmonized;M;M
Physical Energy & Power Flows;2024;7;198;198;198;BA;HR;Value on 3rd Wed. at 03;Import;Harmonized;M;M
Physical Energy & Power Flows;2024;8;618;618;618;BA;HR;Value on 3rd Wed. at 03;Import;Harmonized;M;M
Physical Energy & Power Flows;2024;9;488;488;488;BA;HR;Value on 3rd Wed. at 03;Import;Harmonized;M;M
Physical Energy & Power Flows;2024;10;819;819;819;BA;HR;Value on 3rd Wed. at 03;Import;Harmonized;M;M
Physical Energy & Power Flows;2024;11;57;57;57;BA;HR;Value on 3rd Wed. at 03;Export;Harmonized;M;M
Physical Energy & Power Flows;2024;12;719;719;719;BA;HR;Value on 3rd Wed. at 03;Import;Harmonized;M;M
Physical Energy & Power Flows;2024;1;755;755;755;BA;ME;Value on 3rd Wed. at 03;Export;Harmonized;M;M
Physical Energy & Power Flows;2024;2;700;700;700;BA;ME;Value on 3rd Wed. at 03;Export;Harmonized;M;M
Physical Energy & Power Flows;2024;3;8;8;8;BA;ME;Value on 3rd Wed. at 03;Import;Harmonized;M;M
Physical Energy & Power Flows;2024;4;109;109;109;BA;ME;Value on 3rd Wed. at 03;Export;Harmonized;M;M
Physical Energy & Power Flows;2024;5;172;172;172;BA;ME;Value on 3rd Wed. at 03;Export;Harmonized;M;M
Physical Energy & Power Flows;2024;6;532;532;532;BA;ME;Value on 3rd Wed. at 03;Export;Harmonized;M;M
Physical Energy & Power Flows;2024;7;413;413;413;BA;ME;Value on 3rd Wed. at 03;Export;Harmonized;M;M
Physical Energy & Power Flows;2024;8;746;746;746;BA;ME;Value on 3rd Wed. at 03;Export;Harmonized;M;M
Physical Energy & Power Flows;2024;9;728;728;728;BA;ME;Value on 3rd Wed. at 03;Export;Harmonized;M;M
Physical Energy & Power Flows;2024;10;813;813;813;BA;ME;Value on 3rd Wed. at 03;Export;Harmonized;M;M
Physical Energy & Power Flows;2024;11;486;486;486;BA;ME;Value on 3rd Wed. at 03;Export;Harmonized;M;M
Physical Energy & Power Flows;2024;12;848;848;848;BA;ME;Value on 3rd Wed. at 03;Export;Harmonized;M;M
Physical Energy & Power Flows;2024;1;169;169;169;BA;RS;Value on 3rd Wed. at 03;Export;Harmonized;M;M
Physical Energy & Power Flows;2024;2;54;54;54;BA;RS;Value on 3rd Wed. at 03;Import;Harmonized;M;M
Physical Energy & Power Flows;2024;3;103;103;103;BA;RS;Value on 3rd Wed. at 03;Import;Harmonized;M;M
Physical Energy & Power Flows;2024;4;102;102;102;BA;RS;Value on 3rd Wed. at 03;Import;Harmonized;M;M
Physical Energy & Power Flows;2024;5;173;173;173;BA;RS;Value on 3rd Wed. at 03;Export;Harmonized;M;M
Physical Energy & Power Flows;2024;6;61;61;61;BA;RS;Value on 3rd Wed. at 03;Export;Harmonized;M;M
Physical Energy & Power Flows;2024;7;270;270;270;BA;RS;Value on 3rd Wed. at 03;Export;Harmonized;M;M
Physical Energy & Power Flows;2024;8;339;339;339;BA;RS;Value on 3rd Wed. at 03;Export;Harmonized;M;M
Physical Energy & Power Flows;2024;9;97;97;97;BA;RS;Value on 3rd Wed. at 03;Export;Harmonized;M;M
Physical Energy & Power Flows;2024;10;71;71;71;BA;RS;Value on 3rd Wed. at 03;Export;Harmonized;M;M
Physical Energy & Power Flows;2024;11;34;34;34;BA;RS;Value on 3rd Wed. at 03;Import;Harmonized;M;M
Physical Energy & Power Flows;2024;12;114;114;114;BA;RS;Value on 3rd Wed. at 03;Export;Harmonized;M;M
Physical Energy & Power Flows;2024;1;687;687;687;BE;DE;Value on 3rd Wed. at 03;Import;Harmonized;M;M
Physical Energy & Power Flows;2024;2;274;274;274;BE;DE;Value on 3rd Wed. at 03;Import;Harmonized;M;M
Physical Energy & Power Flows;2024;3;999;999;999;BE;DE;Value on 3rd Wed. at 03;Export;Harmonized;M;M
Physical Energy & Power Flows;2024;4;0;0;0;BE;DE;Value on 3rd Wed. at 03;Import;Harmonized;M;M
Physical Energy & Power Flows;2024;5;36;36;36;BE;DE;Value on 3rd Wed. at 03;Export;Harmonized;M;M
Physical Energy & Power Flows;2024;6;902;902;902;BE;DE;Value on 3rd Wed. at 03;Export;Harmonized;M;M
Physical Energy & Power Flows;2024;7;10;10;10;BE;DE;Value on 3rd Wed. at 03;Import;Harmonized;M;M
Physical Energy & Power Flows;2024;8;1001;1001;1001;BE;DE;Value on 3rd Wed. at 03;Export;Harmonized;M;M
Physical Energy & Power Flows;2024;9;577;577;577;BE;DE;Value on 3rd Wed. at 03;Export;Harmonized;M;M
Physical Energy & Power Flows;2024;10;852;852;852;BE;DE;Value on 3rd Wed. at 03;Export;Harmonized;M;M
Physical Energy & Power Flows;2024;11;586;586;586;BE;DE;Value on 3rd Wed. at 03;Export;Harmonized;M;M
Physical Energy & Power Flows;2024;12;993;993;993;BE;DE;Value on 3rd Wed. at 03;Export;Harmonized;M;M
Physical Energy & Power Flows;2024;1;283;283;283;BE;FR;Value on 3rd Wed. at 03;Import;Harmonized;M;M
Physical Energy & Power Flows;2024;2;102;102;102;BE;FR;Value on 3rd Wed. at 03;Export;Harmonized;M;M
Physical Energy & Power Flows;2024;3;3132;3132;3132;BE;FR;Value on 3rd Wed. at 03;Import;Harmonized;M;M
Physical Energy & Power Flows;2024;4;1875;1875;1875;BE;FR;Value on 3rd Wed. at 03;Import;Harmonized;M;M
Physical Energy & Power Flows;2024;5;2318;2318;2318;BE;FR;Value on 3rd Wed. at 03;Import;Harmonized;M;M
Physical Energy & Power Flows;2024;6;3235;3235;3235;BE;FR;Value on 3rd Wed. at 03;Import;Harmonized;M;M
Physical Energy & Power Flows;2024;7;2744;2744;2744;BE;FR;Value on 3rd Wed. at 03;Import;Harmonized;M;M
Physical Energy & Power Flows;2024;8;446;446;446;BE;FR;Value on 3rd Wed. at 03;Import;Harmonized;M;M
Physical Energy & Power Flows;2024;9;3042;3042;3042;BE;FR;Value on 3rd Wed. at 03;Import;Harmonized;M;M
Physical Energy & Power Flows;2024;10;2095;2095;2095;BE;FR;Value on 3rd Wed. at 03;Import;Harmonized;M;M
Physical Energy & Power Flows;2024;11;1051;1051;1051;BE;FR;Value on 3rd Wed. at 03;Import;Harmonized;M;M
Physical Energy & Power Flows;2024;12;678;678;678;BE;FR;Value on 3rd Wed. at 03;Import;Harmonized;M;M
Physical Energy & Power Flows;2024;1;40;40;40;BE;GB;Value on 3rd Wed. at 03;Import;Harmonized;M;M
Physical Energy & Power Flows;2024;2;129;129;129;BE;GB;Value on 3rd Wed. at 03;Export;Harmonized;M;M
Physical Energy & Power Flows;2024;3;1024;1024;1024;BE;GB;Value on 3rd Wed. at 03;Export;Harmonized;M;M
Physical Energy & Power Flows;2024;4;517;517;517;BE;GB;Value on 3rd Wed. at 03;Import;Harmonized;M;M
Physical Energy & Power Flows;2024;5;223;223;223;BE;GB;Value on 3rd Wed. at 03;Import;Harmonized;M;M
Physical Energy & Power Flows;2024;6;418;418;418;BE;GB;Value on 3rd Wed. at 03;Export;Harmonized;M;M
Physical Energy & Power Flows;2024;7;852;852;852;BE;GB;Value on 3rd Wed. at 03;Export;Harmonized;M;M
Physical Energy & Power Flows;2024;8;1000;1000;1000;BE;GB;Value on 3rd Wed. at 03;Import;Harmonized;M;M
Physical Energy & Power Flows;2024;9;1024;1024;1024;BE;GB;Value on 3rd Wed. at 03;Export;Harmonized;M;M
Physical Energy & Power Flows;2024;10;460;460;460;BE;GB;Value on 3rd Wed. at 03;Export;Harmonized;M;M
Physical Energy & Power Flows;2024;11;1024;1024;1024;BE;GB;Value on 3rd Wed. at 03;Export;Harmonized;M;M
Physical Energy & Power Flows;2024;12;1001;1001;1001;BE;GB;Value on 3rd Wed. at 03;Import;Harmonized;M;M
Physical Energy & Power Flows;2024;1;111;111;111;BE;LU;Value on 3rd Wed. at 03;Export;Harmonized;M;M
Physical Energy & Power Flows;2024;2;121;121;121;BE;LU;Value on 3rd Wed. at 03;Export;Harmonized;M;M
Physical Energy & Power Flows;2024;3;60;60;60;BE;LU;Value on 3rd Wed. at 03;Import;Harmonized;M;M
Physical Energy & Power Flows;2024;4;79;79;79;BE;LU;Value on 3rd Wed. at 03;Export;Harmonized;M;M
Physical Energy & Power Flows;2024;5;120;120;120;BE;LU;Value on 3rd Wed. at 03;Export;Harmonized;M;M
Physical Energy & Power Flows;2024;6;111;111;111;BE;LU;Value on 3rd Wed. at 03;Export;Harmonized;M;M
Physical Energy & Power Flows;2024;7;168;168;168;BE;LU;Value on 3rd Wed. at 03;Export;Harmonized;M;M
Physical Energy & Power Flows;2024;8;84;84;84;BE;LU;Value on 3rd Wed. at 03;Export;Harmonized;M;M
Physical Energy & Power Flows;2024;9;80;80;80;BE;LU;Value on 3rd Wed. at 03;Export;Harmonized;M;M
Physical Energy & Power Flows;2024;10;163;163;163;BE;LU;Value on 3rd Wed. at 03;Export;Harmonized;M;M
Physical Energy & Power Flows;2024;11;52;52;52;BE;LU;Value on 3rd Wed. at 03;Export;Harmonized;M;M
Physical Energy & Power Flows;2024;12;224;224;224;BE;LU;Value on 3rd Wed. at 03;Export;Harmonized;M;M
Physical Energy & Power Flows;2024;1;1420;1420;1420;BE;NL;Value on 3rd Wed. at 03;Import;Harmonized;M;M
Physical Energy & Power Flows;2024;2;1105;1105;1105;BE;NL;Value on 3rd Wed. at 03;Import;Harmonized;M;M
Physical Energy & Power Flows;2024;3;1869;1869;1869;BE;NL;Value on 3rd Wed. at 03;Import;Harmonized;M;M
Physical Energy & Power Flows;2024;4;77;77;77;BE;NL;Value on 3rd Wed. at 03;Export;Harmonized;M;M
Physical Energy & Power Flows;2024;5;773;773;773;BE;NL;Value on 3rd Wed. at 03;Import;Harmonized;M;M
Physical Energy & Power Flows;2024;6;358;358;358;BE;NL;Value on 3rd Wed. at 03;Import;Harmonized;M;M
Physical Energy & Power Flows;2024;7;73;73;73;BE;NL;Value on 3rd Wed. at 03;Import;Harmonized;M;M
Physical Energy & Power Flows;2024;8;172;172;172;BE;NL;Value on 3rd Wed. at 03;Export;Harmonized;M;M
Physical Energy & Power Flows;2024;9;428;428;428;BE;NL;Value on 3rd Wed. at 03;Import;Harmonized;M;M
Physical Energy & Power Flows;2024;10;501;501;501;BE;NL;Value on 3rd Wed. at 03;Import;Harmonized;M;M
Physical Energy & Power Flows;2024;11;1238;1238;1238;BE;NL;Value on 3rd Wed. at 03;Import;Harmonized;M;M
Physical Energy & Power Flows;2024;12;1160;1160;1160;BE;NL;Value on 3rd Wed. at 03;Export;Harmonized;M;M
Physical Energy & Power Flows;2024;1;191;191;191;BG;GR;Value on 3rd Wed. at 03;Export;Harmonized;M;M
Physical Energy & Power Flows;2024;2;478;478;478;BG;GR;Value on 3rd Wed. at 03;Export;Harmonized;M;M
Physical Energy & Power Flows;2024;3;62;62;62;BG;GR;Value on 3rd Wed. at 03;Import;Harmonized;M;M
Physical Energy & Power Flows;2024;4;52;52;52;BG;GR;Value on 3rd Wed. at 03;Export;Harmonized;M;M
Physical Energy & Power Flows;2024;5;88;88;88;BG;GR;Value on 3rd Wed. at 03;Import;Harmonized;M;M
Physical Energy & Power Flows;2024;6;351;351;351;BG;GR;Value on 3rd Wed. at 03;Import;Harmonized;M;M
Physical Energy & Power Flows;2024;7;137;137;137;BG;GR;Value on 3rd Wed. at 03;Export;Harmonized;M;M
Physical Energy & Power Flows;2024;8;144;144;144;BG;GR;Value on 3rd Wed. at 03;Export;Harmonized;M;M
Physical Energy & Power Flows;2024;9;545;545;545;BG;GR;Value on 3rd Wed. at 03;Export;Harmonized;M;M
Physical Energy & Power Flows;2024;10;639;639;639;BG;GR;Value on 3rd Wed. at 03;Export;Harmonized;M;M
Physical Energy & Power Flows;2024;11;198;198;198;BG;GR;Value on 3rd Wed. at 03;Export;Harmonized;M;M
Physical Energy & Power Flows;2024;12;599;599;599;BG;GR;Value on 3rd Wed. at 03;Export;Harmonized;M;M
Physical Energy & Power Flows;2024;1;78;78;78;BG;MK;Value on 3rd Wed. at 03;Export;Harmonized;M;M
Physical Energy & Power Flows;2024;2;168;168;168;BG;MK;Value on 3rd Wed. at 03;Export;Harmonized;M;M
Physical Energy & Power Flows;2024;3;110;110;110;BG;MK;Value on 3rd Wed. at 03;Export;Harmonized;M;M
Physical Energy & Power Flows;2024;4;112;112;112;BG;MK;Value on 3rd Wed. at 03;Export;Harmonized;M;M
Physical Energy & Power Flows;2024;5;96;96;96;BG;MK;Value on 3rd Wed. at 03;Import;Harmonized;M;M
Physical Energy & Power Flows;2024;6;214;214;214;BG;MK;Value on 3rd Wed. at 03;Import;Harmonized;M;M
Physical Energy & Power Flows;2024;7;71;71;71;BG;MK;Value on 3rd Wed. at 03;Export;Harmonized;M;M
Physical Energy & Power Flows;2024;8;24;24;24;BG;MK;Value on 3rd Wed. at 03;Export;Harmonized;M;M
Physical Energy & Power Flows;2024;9;308;308;308;BG;MK;Value on 3rd Wed. at 03;Export;Harmonized;M;M
Physical Energy & Power Flows;2024;10;217;217;217;BG;MK;Value on 3rd Wed. at 03;Export;Harmonized;M;M
Physical Energy & Power Flows;2024;11;122;122;122;BG;MK;Value on 3rd Wed. at 03;Export;Harmonized;M;M
Physical Energy & Power Flows;2024;12;295;295;295;BG;MK;Value on 3rd Wed. at 03;Export;Harmonized;M;M
Physical Energy & Power Flows;2024;1;721;721;721;BG;RO;Value on 3rd Wed. at 03;Import;Harmonized;M;M
Physical Energy & Power Flows;2024;2;1028;1028;1028;BG;RO;Value on 3rd Wed. at 03;Import;Harmonized;M;M
Physical Energy & Power Flows;2024;3;18;18;18;BG;RO;Value on 3rd Wed. at 03;Export;Harmonized;M;M
Physical Energy & Power Flows;2024;4;447;447;447;BG;RO;Value on 3rd Wed. at 03;Export;Harmonized;M;M
Physical Energy & Power Flows;2024;5;32;32;32;BG;RO;Value on 3rd Wed. at 03;Import;Harmonized;M;M
Physical Energy & Power Flows;2024;6;224;224;224;BG;RO;Value on 3rd Wed. at 03;Export;Harmonized;M;M
Physical Energy & Power Flows;2024;7;591;591;591;BG;RO;Value on 3rd Wed. at 03;Export;Harmonized;M;M
Physical Energy & Power Flows;2024;8;318;318;318;BG;RO;Value on 3rd Wed. at 03;Export;Harmonized;M;M
Physical Energy & Power Flows;2024;9;258;258;258;BG;RO;Value on 3rd Wed. at 03;Import;Harmonized;M;M
Physical Energy & Power Flows;2024;10;745;745;745;BG;RO;Value on 3rd Wed. at 03;Import;Harmonized;M;M
Physical Energy & Power Flows;2024;11;1238;1238;1238;BG;RO;Value on 3rd Wed. at 03;Import;Harmonized;M;M
Physical Energy & Power Flows;2024;12;861;861;861;BG;RO;Value on 3rd Wed. at 03;Import;Harmonized;M;M
Physical Energy & Power Flows;2024;1;166;166;166;BG;RS;Value on 3rd Wed. at 03;Import;Harmonized;M;M
Physical Energy & Power Flows;2024;2;116;116;116;BG;RS;Value on 3rd Wed. at 03;Import;Harmonized;M;M
Physical Energy & Power Flows;2024;3;266;266;266;BG;RS;Value on 3rd Wed. at 03;Export;Harmonized;M;M
Physical Energy & Power Flows;2024;4;149;149;149;BG;RS;Value on 3rd Wed. at 03;Export;Harmonized;M;M
Physical Energy & Power Flows;2024;5;314;314;314;BG;RS;Value on 3rd Wed. at 03;Import;Harmonized;M;M
Physical Energy & Power Flows;2024;6;355;355;355;BG;RS;Value on 3rd Wed. at 03;Import;Harmonized;M;M
Physical Energy & Power Flows;2024;7;106;106;106;BG;RS;Value on 3rd Wed. at 03;Export;Harmonized;M;M
Physical Energy & Power Flows;2024;8;63;63;63;BG;RS;Value on 3rd Wed. at 03;Import;Harmonized;M;M
Physical Energy & Power Flows;2024;9;64;64;64;BG;RS;Value on 3rd Wed. at 03;Import;Harmonized;M;M
Physical Energy & Power Flows;2024;10;105;105;105;BG;RS;Value on 3rd Wed. at 03;Import;Harmonized;M;M
Physical Energy & Power Flows;2024;11;104;104;104;BG;RS;Value on 3rd Wed. at 03;Export;Harmonized;M;M
Physical Energy & Power Flows;2024;12;91;91;91;BG;RS;Value on 3rd Wed. at 03;Export;Harmonized;M;M
Physical Energy & Power Flows;2024;1;36;36;36;BG;TR;Value on 3rd Wed. at 03;Import;Harmonized;M;M
Physical Energy & Power Flows;2024;2;217;217;217;BG;TR;Value on 3rd Wed. at 03;Export;Harmonized;M;M
Physical Energy & Power Flows;2024;3;172;172;172;BG;TR;Value on 3rd Wed. at 03;Import;Harmonized;M;M
Physical Energy & Power Flows;2024;4;125;125;125;BG;TR;Value on 3rd Wed. at 03;Import;Harmonized;M;M
Physical Energy & Power Flows;2024;5;179;179;179;BG;TR;Value on 3rd Wed. at 03;Import;Harmonized;M;M
Physical Energy & Power Flows;2024;6;291;291;291;BG;TR;Value on 3rd Wed. at 03;Import;Harmonized;M;M
Physical Energy & Power Flows;2024;7;62;62;62;BG;TR;Value on 3rd Wed. at 03;Import;Harmonized;M;M
Physical Energy & Power Flows;2024;8;85;85;85;BG;TR;Value on 3rd Wed. at 03;Import;Harmonized;M;M
Physical Energy & Power Flows;2024;9;5;5;5;BG;TR;Value on 3rd Wed. at 03;Import;Harmonized;M;M
Physical Energy & Power Flows;2024;10;404;404;404;BG;TR;Value on 3rd Wed. at 03;Export;Harmonized;M;M
Physical Energy & Power Flows;2024;11;42;42;42;BG;TR;Value on 3rd Wed. at 03;Import;Harmonized;M;M
Physical Energy & Power Flows;2024;12;16;16;16;BG;TR;Value on 3rd Wed. at 03;Export;Harmonized;M;M
Physical Energy & Power Flows;2024;1;1;1;1;BY;LT;Value on 3rd Wed. at 03;Export;Harmonized;NaM;M
Physical Energy & Power Flows;2024;2;2;2;2;BY;LT;Value on 3rd Wed. at 03;Import;Harmonized;NaM;M
Physical Energy & Power Flows;2024;3;59;59;59;BY;LT;Value on 3rd Wed. at 03;Export;Harmonized;NaM;M
Physical Energy & Power Flows;2024;4;21;21;21;BY;LT;Value on 3rd Wed. at 03;Import;Harmonized;NaM;M
Physical Energy & Power Flows;2024;5;152;152;152;BY;LT;Value on 3rd Wed. at 03;Import;Harmonized;NaM;M
Physical Energy & Power Flows;2024;6;153;153;153;BY;LT;Value on 3rd Wed. at 03;Import;Harmonized;NaM;M
Physical Energy & Power Flows;2024;7;42;42;42;BY;LT;Value on 3rd Wed. at 03;Import;Harmonized;NaM;M
Physical Energy & Power Flows;2024;8;95;95;95;BY;LT;Value on 3rd Wed. at 03;Import;Harmonized;NaM;M
Physical Energy & Power Flows;2024;9;55;55;55;BY;LT;Value on 3rd Wed. at 03;Export;Harmonized;NaM;M
Physical Energy & Power Flows;2024;10;128;128;128;BY;LT;Value on 3rd Wed. at 03;Export;Harmonized;NaM;M
Physical Energy & Power Flows;2024;11;6;6;6;BY;LT;Value on 3rd Wed. at 03;Export;Harmonized;NaM;M
Physical Energy & Power Flows;2024;12;185;185;185;BY;LT;Value on 3rd Wed. at 03;Import;Harmonized;NaM;M
Physical Energy & Power Flows;2024;1;0;0;0;BY;UA;Value on 3rd Wed. at 03;Import;Harmonized;NaM;M
Physical Energy & Power Flows;2024;2;0;0;0;BY;UA;Value on 3rd Wed. at 03;Import;Harmonized;NaM;M
Physical Energy & Power Flows;2024;3;0;0;0;BY;UA;Value on 3rd Wed. at 03;Import;Harmonized;NaM;M
Physical Energy & Power Flows;2024;4;0;0;0;BY;UA;Value on 3rd Wed. at 03;Import;Harmonized;NaM;M
Physical Energy & Power Flows;2024;5;0;0;0;BY;UA;Value on 3rd Wed. at 03;Import;Harmonized;NaM;M
Physical Energy & Power Flows;2024;6;0;0;0;BY;UA;Value on 3rd Wed. at 03;Import;Harmonized;NaM;M
Physical Energy & Power Flows;2024;7;0;0;0;BY;UA;Value on 3rd Wed. at 03;Import;Harmonized;NaM;M
Physical Energy & Power Flows;2024;8;0;0;0;BY;UA;Value on 3rd Wed. at 03;Import;Harmonized;NaM;M
Physical Energy & Power Flows;2024;9;0;0;0;BY;UA;Value on 3rd Wed. at 03;Import;Harmonized;NaM;M
Physical Energy & Power Flows;2024;10;0;0;0;BY;UA;Value on 3rd Wed. at 03;Import;Harmonized;NaM;M
Physical Energy & Power Flows;2024;11;0;0;0;BY;UA;Value on 3rd Wed. at 03;Import;Harmonized;NaM;M
Physical Energy & Power Flows;2024;12;0;0;0;BY;UA;Value on 3rd Wed. at 03;Import;Harmonized;NaM;M
Physical Energy & Power Flows;2024;1;12;12;12;CH;AT;Value on 3rd Wed. at 03;Export;Harmonized;M;M
Physical Energy & Power Flows;2024;2;596;596;596;CH;AT;Value on 3rd Wed. at 03;Import;Harmonized;M;M
Physical Energy & Power Flows;2024;3;342;342;342;CH;AT;Value on 3rd Wed. at 03;Import;Harmonized;M;M
Physical Energy & Power Flows;2024;4;485;485;485;CH;AT;Value on 3rd Wed. at 03;Export;Harmonized;M;M
Physical Energy & Power Flows;2024;5;530;530;530;CH;AT;Value on 3rd Wed. at 03;Export;Harmonized;M;M
Physical Energy & Power Flows;2024;6;144;144;144;CH;AT;Value on 3rd Wed. at 03;Import;Harmonized;M;M
Physical Energy & Power Flows;2024;7;802;802;802;CH;AT;Value on 3rd Wed. at 03;Export;Harmonized;M;M
Physical Energy & Power Flows;2024;8;496;496;496;CH;AT;Value on 3rd Wed. at 03;Export;Harmonized;M;M
Physical Energy & Power Flows;2024;9;36;36;36;CH;AT;Value on 3rd Wed. at 03;Export;Harmonized;M;M
Physical Energy & Power Flows;2024;10;258;258;258;CH;AT;Value on 3rd Wed. at 03;Export;Harmonized;M;M
Physical Energy & Power Flows;2024;11;395;395;395;CH;AT;Value on 3rd Wed. at 03;Import;Harmonized;M;M
Physical Energy & Power Flows;2024;12;20;20;20;CH;AT;Value on 3rd Wed. at 03;Export;Harmonized;M;M
Physical Energy & Power Flows;2024;1;1455;1455;1455;CH;DE;Value on 3rd Wed. at 03;Import;Harmonized;M;M
Physical Energy & Power Flows;2024;2;1873;1873;1873;CH;DE;Value on 3rd Wed. at 03;Import;Harmonized;M;M
Physical Energy & Power Flows;2024;3;718;718;718;CH;DE;Value on 3rd Wed. at 03;Export;Harmonized;M;M
Physical Energy & Power Flows;2024;4;2238;2238;2238;CH;DE;Value on 3rd Wed. at 03;Export;Harmonized;M;M
Physical Energy & Power Flows;2024;5;818;818;818;CH;DE;Value on 3rd Wed. at 03;Export;Harmonized;M;M
Physical Energy & Power Flows;2024;6;1930;1930;1930;CH;DE;Value on 3rd Wed. at 03;Export;Harmonized;M;M
Physical Energy & Power Flows;2024;7;3717;3717;3717;CH;DE;Value on 3rd Wed. at 03;Export;Harmonized;M;M
Physical Energy & Power Flows;2024;8;42;42;42;CH;DE;Value on 3rd Wed. at 03;Export;Harmonized;M;M
Physical Energy & Power Flows;2024;9;501;501;501;CH;DE;Value on 3rd Wed. at 03;Export;Harmonized;M;M
Physical Energy & Power Flows;2024;10;307;307;307;CH;DE;Value on 3rd Wed. at 03;Export;Harmonized;M;M
Physical Energy & Power Flows;2024;11;924;924;924;CH;DE;Value on 3rd Wed. at 03;Import;Harmonized;M;M
Physical Energy & Power Flows;2024;12;3121;3121;3121;CH;DE;Value on 3rd Wed. at 03;Import;Harmonized;M;M
Physical Energy & Power Flows;2024;1;3049;3049;3049;CH;FR;Value on 3rd Wed. at 03;Import;Harmonized;M;M
Physical Energy & Power Flows;2024;2;3149;3149;3149;CH;FR;Value on 3rd Wed. at 03;Import;Harmonized;M;M
Physical Energy & Power Flows;2024;3;2469;2469;2469;CH;FR;Value on 3rd Wed. at 03;Import;Harmonized;M;M
Physical Energy & Power Flows;2024;4;1327;1327;1327;CH;FR;Value on 3rd Wed. at 03;Import;Harmonized;M;M
Physical Energy & Power Flows;2024;5;2056;2056;2056;CH;FR;Value on 3rd Wed. at 03;Import;Harmonized;M;M
Physical Energy & Power Flows;2024;6;1397;1397;1397;CH;FR;Value on 3rd Wed. at 03;Import;Harmonized;M;M
Physical Energy & Power Flows;2024;7;375;375;375;CH;FR;Value on 3rd Wed. at 03;Import;Harmonized;M;M
Physical Energy & Power Flows;2024;8;2398;2398;2398;CH;FR;Value on 3rd Wed. at 03;Import;Harmonized;M;M
Physical Energy & Power Flows;2024;9;2019;2019;2019;CH;FR;Value on 3rd Wed. at 03;Import;Harmonized;M;M
Physical Energy & Power Flows;2024;10;3020;3020;3020;CH;FR;Value on 3rd Wed. at 03;Import;Harmonized;M;M
Physical Energy & Power Flows;2024;11;2817;2817;2817;CH;FR;Value on 3rd Wed. at 03;Import;Harmonized;M;M
Physical Energy & Power Flows;2024;12;3353;3353;3353;CH;FR;Value on 3rd Wed. at 03;Import;Harmonized;M;M
Physical Energy & Power Flows;2024;1;1684;1684;1684;CH;IT;Value on 3rd Wed. at 03;Export;Harmonized;M;M
Physical Energy & Power Flows;2024;2;3635;3635;3635;CH;IT;Value on 3rd Wed. at 03;Export;Harmonized;M;M
Physical Energy & Power Flows;2024;3;2490;2490;2490;CH;IT;Value on 3rd Wed. at 03;Export;Harmonized;M;M
Physical Energy & Power Flows;2024;4;953;953;953;CH;IT;Value on 3rd Wed. at 03;Export;Harmonized;M;M
Physical Energy & Power Flows;2024;5;1894;1894;1894;CH;IT;Value on 3rd Wed. at 03;Export;Harmonized;M;M
Physical Energy & Power Flows;2024;6;1762;1762;1762;CH;IT;Value on 3rd Wed. at 03;Export;Harmonized;M;M
Physical Energy & Power Flows;2024;7;2739;2739;2739;CH;IT;Value on 3rd Wed. at 03;Export;Harmonized;M;M
Physical Energy & Power Flows;2024;8;2934;2934;2934;CH;IT;Value on 3rd Wed. at 03;Export;Harmonized;M;M
Physical Energy & Power Flows;2024;9;2167;2167;2167;CH;IT;Value on 3rd Wed. at 03;Export;Harmonized;M;M
Physical Energy & Power Flows;2024;10;1983;1983;1983;CH;IT;Value on 3rd Wed. at 03;Export;Harmonized;M;M
Physical Energy & Power Flows;2024;11;2808;2808;2808;CH;IT;Value on 3rd Wed. at 03;Export;Harmonized;M;M
Physical Energy & Power Flows;2024;12;3924;3924;3924;CH;IT;Value on 3rd Wed. at 03;Export;Harmonized;M;M
Physical Energy & Power Flows;2024;1;1323;1323;1323;CZ;AT;Value on 3rd Wed. at 03;Export;Harmonized;M;M
Physical Energy & Power Flows;2024;2;1055;1055;1055;CZ;AT;Value on 3rd Wed. at 03;Export;Harmonized;M;M
Physical Energy & Power Flows;2024;3;463;463;463;CZ;AT;Value on 3rd Wed. at 03;Export;Harmonized;M;M
Physical Energy & Power Flows;2024;4;149;149;149;CZ;AT;Value on 3rd Wed. at 03;Import;Harmonized;M;M
Physical Energy & Power Flows;2024;5;462;462;462;CZ;AT;Value on 3rd Wed. at 03;Export;Harmonized;M;M
Physical Energy & Power Flows;2024;6;83;83;83;CZ;AT;Value on 3rd Wed. at 03;Export;Harmonized;M;M
Physical Energy & Power Flows;2024;7;107;107;107;CZ;AT;Value on 3rd Wed. at 03;Export;Harmonized;M;M
Physical Energy & Power Flows;2024;8;542;542;542;CZ;AT;Value on 3rd Wed. at 03;Export;Harmonized;M;M
Physical Energy & Power Flows;2024;9;1098;1098;1098;CZ;AT;Value on 3rd Wed. at 03;Export;Harmonized;M;M
Physical Energy & Power Flows;2024;10;155;155;155;CZ;AT;Value on 3rd Wed. at 03;Export;Harmonized;M;M
Physical Energy & Power Flows;2024;11;1399;1399;1399;CZ;AT;Value on 3rd Wed. at 03;Export;Harmonized;M;M
Physical Energy & Power Flows;2024;12;1627;1627;1627;CZ;AT;Value on 3rd Wed. at 03;Export;Harmonized;M;M
Physical Energy & Power Flows;2024;1;1585;1585;1585;CZ;DE;Value on 3rd Wed. at 03;Import;Harmonized;M;M
Physical Energy & Power Flows;2024;2;1408;1408;1408;CZ;DE;Value on 3rd Wed. at 03;Import;Harmonized;M;M
Physical Energy & Power Flows;2024;3;551;551;551;CZ;DE;Value on 3rd Wed. at 03;Export;Harmonized;M;M
Physical Energy & Power Flows;2024;4;1398;1398;1398;CZ;DE;Value on 3rd Wed. at 03;Export;Harmonized;M;M
Physical Energy & Power Flows;2024;5;1367;1367;1367;CZ;DE;Value on 3rd Wed. at 03;Import;Harmonized;M;M
Physical Energy & Power Flows;2024;6;637;637;637;CZ;DE;Value on 3rd Wed. at 03;Export;Harmonized;M;M
Physical Energy & Power Flows;2024;7;836;836;836;CZ;DE;Value on 3rd Wed. at 03;Import;Harmonized;M;M
Physical Energy & Power Flows;2024;8;1057;1057;1057;CZ;DE;Value on 3rd Wed. at 03;Import;Harmonized;M;M
Physical Energy & Power Flows;2024;9;169;169;169;CZ;DE;Value on 3rd Wed. at 03;Export;Harmonized;M;M
Physical Energy & Power Flows;2024;10;2450;2450;2450;CZ;DE;Value on 3rd Wed. at 03;Import;Harmonized;M;M
Physical Energy & Power Flows;2024;11;252;252;252;CZ;DE;Value on 3rd Wed. at 03;Export;Harmonized;M;M
Physical Energy & Power Flows;2024;12;1595;1595;1595;CZ;DE;Value on 3rd Wed. at 03;Import;Harmonized;M;M
Physical Energy & Power Flows;2024;1;628;628;628;CZ;PL;Value on 3rd Wed. at 03;Import;Harmonized;M;M
Physical Energy & Power Flows;2024;2;592;592;592;CZ;PL;Value on 3rd Wed. at 03;Import;Harmonized;M;M
Physical Energy & Power Flows;2024;3;148;148;148;CZ;PL;Value on 3rd Wed. at 03;Export;Harmonized;M;M
Physical Energy & Power Flows;2024;4;134;134;134;CZ;PL;Value on 3rd Wed. at 03;Import;Harmonized;M;M
Physical Energy & Power Flows;2024;5;1320;1320;1320;CZ;PL;Value on 3rd Wed. at 03;Import;Harmonized;M;M
Physical Energy & Power Flows;2024;6;110;110;110;CZ;PL;Value on 3rd Wed. at 03;Import;Harmonized;M;M
Physical Energy & Power Flows;2024;7;711;711;711;CZ;PL;Value on 3rd Wed. at 03;Import;Harmonized;M;M
Physical Energy & Power Flows;2024;8;411;411;411;CZ;PL;Value on 3rd Wed. at 03;Import;Harmonized;M;M
Physical Energy & Power Flows;2024;9;243;243;243;CZ;PL;Value on 3rd Wed. at 03;Export;Harmonized;M;M
Physical Energy & Power Flows;2024;10;48;48;48;CZ;PL;Value on 3rd Wed. at 03;Import;Harmonized;M;M
Physical Energy & Power Flows;2024;11;2099;2099;2099;CZ;PL;Value on 3rd Wed. at 03;Import;Harmonized;M;M
Physical Energy & Power Flows;2024;12;943;943;943;CZ;PL;Value on 3rd Wed. at 03;Import;Harmonized;M;M
Physical Energy & Power Flows;2024;1;1803;1803;1803;CZ;SK;Value on 3rd Wed. at 03;Export;Harmonized;M;M
Physical Energy & Power Flows;2024;2;973;973;973;CZ;SK;Value on 3rd Wed. at 03;Export;Harmonized;M;M
Physical Energy & Power Flows;2024;3;31;31;31;CZ;SK;Value on 3rd Wed. at 03;Import;Harmonized;M;M
Physical Energy & Power Flows;2024;4;162;162;162;CZ;SK;Value on 3rd Wed. at 03;Import;Harmonized;M;M
Physical Energy & Power Flows;2024;5;1907;1907;1907;CZ;SK;Value on 3rd Wed. at 03;Export;Harmonized;M;M
Physical Energy & Power Flows;2024;6;984;984;984;CZ;SK;Value on 3rd Wed. at 03;Export;Harmonized;M;M
Physical Energy & Power Flows;2024;7;1274;1274;1274;CZ;SK;Value on 3rd Wed. at 03;Export;Harmonized;M;M
Physical Energy & Power Flows;2024;8;1747;1747;1747;CZ;SK;Value on 3rd Wed. at 03;Export;Harmonized;M;M
Physical Energy & Power Flows;2024;9;1019;1019;1019;CZ;SK;Value on 3rd Wed. at 03;Export;Harmonized;M;M
Physical Energy & Power Flows;2024;10;1071;1071;1071;CZ;SK;Value on 3rd Wed. at 03;Export;Harmonized;M;M
Physical Energy & Power Flows;2024;11;984;984;984;CZ;SK;Value on 3rd Wed. at 03;Export;Harmonized;M;M
Physical Energy & Power Flows;2024;12;2279;2279;2279;CZ;SK;Value on 3rd Wed. at 03;Export;Harmonized;M;M
Physical Energy & Power Flows;2024;1;1498;1498;1498;DE;AT;Value on 3rd Wed. at 03;Export;Harmonized;M;M
Physical Energy & Power Flows;2024;2;1700;1700;1700;DE;AT;Value on 3rd Wed. at 03;Export;Harmonized;M;M
Physical Energy & Power Flows;2024;3;503;503;503;DE;AT;Value on 3rd Wed. at 03;Import;Harmonized;M;M
Physical Energy & Power Flows;2024;4;1956;1956;1956;DE;AT;Value on 3rd Wed. at 03;Import;Harmonized;M;M
Physical Energy & Power Flows;2024;5;246;246;246;DE;AT;Value on 3rd Wed. at 03;Import;Harmonized;M;M
Physical Energy & Power Flows;2024;6;1320;1320;1320;DE;AT;Value on 3rd Wed. at 03;Import;Harmonized;M;M
Physical Energy & Power Flows;2024;7;1562;1562;1562;DE;AT;Value on 3rd Wed. at 03;Import;Harmonized;M;M
Physical Energy & Power Flows;2024;8;1114;1114;1114;DE;AT;Value on 3rd Wed. at 03;Export;Harmonized;M;M
Physical Energy & Power Flows;2024;9;451;451;451;DE;AT;Value on 3rd Wed. at 03;Export;Harmonized;M;M
Physical Energy & Power Flows;2024;10;604;604;604;DE;AT;Value on 3rd Wed. at 03;Export;Harmonized;M;M
Physical Energy & Power Flows;2024;11;1010;1010;1010;DE;AT;Value on 3rd Wed. at 03;Export;Harmonized;M;M
Physical Energy & Power Flows;2024;12;2171;2171;2171;DE;AT;Value on 3rd Wed. at 03;Export;Harmonized;M;M
Physical Energy & Power Flows;2024;1;687;687;687;DE;BE;Value on 3rd Wed. at 03;Export;Harmonized;M;M
Physical Energy & Power Flows;2024;2;274;274;274;DE;BE;Value on 3rd Wed. at 03;Export;Harmonized;M;M
Physical Energy & Power Flows;2024;3;999;999;999;DE;BE;Value on 3rd Wed. at 03;Import;Harmonized;M;M
Physical Energy & Power Flows;2024;4;0;0;0;DE;BE;Value on 3rd Wed. at 03;Import;Harmonized;M;M
Physical Energy & Power Flows;2024;5;36;36;36;DE;BE;Value on 3rd Wed. at 03;Import;Harmonized;M;M
Physical Energy & Power Flows;2024;6;902;902;902;DE;BE;Value on 3rd Wed. at 03;Import;Harmonized;M;M
Physical Energy & Power Flows;2024;7;10;10;10;DE;BE;Value on 3rd Wed. at 03;Export;Harmonized;M;M
Physical Energy & Power Flows;2024;8;1001;1001;1001;DE;BE;Value on 3rd Wed. at 03;Import;Harmonized;M;M
Physical Energy & Power Flows;2024;9;577;577;577;DE;BE;Value on 3rd Wed. at 03;Import;Harmonized;M;M
Physical Energy & Power Flows;2024;10;852;852;852;DE;BE;Value on 3rd Wed. at 03;Import;Harmonized;M;M
Physical Energy & Power Flows;2024;11;586;586;586;DE;BE;Value on 3rd Wed. at 03;Import;Harmonized;M;M
Physical Energy & Power Flows;2024;12;993;993;993;DE;BE;Value on 3rd Wed. at 03;Import;Harmonized;M;M
Physical Energy & Power Flows;2024;1;1455;1455;1455;DE;CH;Value on 3rd Wed. at 03;Export;Harmonized;M;M
Physical Energy & Power Flows;2024;2;1873;1873;1873;DE;CH;Value on 3rd Wed. at 03;Export;Harmonized;M;M
Physical Energy & Power Flows;2024;3;718;718;718;DE;CH;Value on 3rd Wed. at 03;Import;Harmonized;M;M
Physical Energy & Power Flows;2024;4;2238;2238;2238;DE;CH;Value on 3rd Wed. at 03;Import;Harmonized;M;M
Physical Energy & Power Flows;2024;5;818;818;818;DE;CH;Value on 3rd Wed. at 03;Import;Harmonized;M;M
Physical Energy & Power Flows;2024;6;1930;1930;1930;DE;CH;Value on 3rd Wed. at 03;Import;Harmonized;M;M
Physical Energy & Power Flows;2024;7;3717;3717;3717;DE;CH;Value on 3rd Wed. at 03;Import;Harmonized;M;M
Physical Energy & Power Flows;2024;8;42;42;42;DE;CH;Value on 3rd Wed. at 03;Import;Harmonized;M;M
Physical Energy & Power Flows;2024;9;501;501;501;DE;CH;Value on 3rd Wed. at 03;Import;Harmonized;M;M
Physical Energy & Power Flows;2024;10;307;307;307;DE;CH;Value on 3rd Wed. at 03;Import;Harmonized;M;M
Physical Energy & Power Flows;2024;11;924;924;924;DE;CH;Value on 3rd Wed. at 03;Export;Harmonized;M;M
Physical Energy & Power Flows;2024;12;3121;3121;3121;DE;CH;Value on 3rd Wed. at 03;Export;Harmonized;M;M
Physical Energy & Power Flows;2024;1;1585;1585;1585;DE;CZ;Value on 3rd Wed. at 03;Export;Harmonized;M;M
Physical Energy & Power Flows;2024;2;1408;1408;1408;DE;CZ;Value on 3rd Wed. at 03;Export;Harmonized;M;M
Physical Energy & Power Flows;2024;3;551;551;551;DE;CZ;Value on 3rd Wed. at 03;Import;Harmonized;M;M
Physical Energy & Power Flows;2024;4;1398;1398;1398;DE;CZ;Value on 3rd Wed. at 03;Import;Harmonized;M;M
Physical Energy & Power Flows;2024;5;1367;1367;1367;DE;CZ;Value on 3rd Wed. at 03;Export;Harmonized;M;M
Physical Energy & Power Flows;2024;6;637;637;637;DE;CZ;Value on 3rd Wed. at 03;Import;Harmonized;M;M
Physical Energy & Power Flows;2024;7;836;836;836;DE;CZ;Value on 3rd Wed. at 03;Export;Harmonized;M;M
Physical Energy & Power Flows;2024;8;1057;1057;1057;DE;CZ;Value on 3rd Wed. at 03;Export;Harmonized;M;M
Physical Energy & Power Flows;2024;9;169;169;169;DE;CZ;Value on 3rd Wed. at 03;Import;Harmonized;M;M
Physical Energy & Power Flows;2024;10;2450;2450;2450;DE;CZ;Value on 3rd Wed. at 03;Export;Harmonized;M;M
Physical Energy & Power Flows;2024;11;252;252;252;DE;CZ;Value on 3rd Wed. at 03;Import;Harmonized;M;M
Physical Energy & Power Flows;2024;12;1595;1595;1595;DE;CZ;Value on 3rd Wed. at 03;Export;Harmonized;M;M
Physical Energy & Power Flows;2024;1;184;184;184;DE;DK;Value on 3rd Wed. at 03;Export;Harmonized;M;M
Physical Energy & Power Flows;2024;2;664;664;664;DE;DK;Value on 3rd Wed. at 03;Import;Harmonized;M;M
Physical Energy & Power Flows;2024;3;2147;2147;2147;DE;DK;Value on 3rd Wed. at 03;Import;Harmonized;M;M
Physical Energy & Power Flows;2024;4;1727;1727;1727;DE;DK;Value on 3rd Wed. at 03;Import;Harmonized;M;M
Physical Energy & Power Flows;2024;5;731;731;731;DE;DK;Value on 3rd Wed. at 03;Import;Harmonized;M;M
Physical Energy & Power Flows;2024;6;2616;2616;2616;DE;DK;Value on 3rd Wed. at 03;Import;Harmonized;M;M
Physical Energy & Power Flows;2024;7;238;238;238;DE;DK;Value on 3rd Wed. at 03;Import;Harmonized;M;M
Physical Energy & Power Flows;2024;8;1810;1810;1810;DE;DK;Value on 3rd Wed. at 03;Import;Harmonized;M;M
Physical Energy & Power Flows;2024;9;2134;2134;2134;DE;DK;Value on 3rd Wed. at 03;Import;Harmonized;M;M
Physical Energy & Power Flows;2024;10;770;770;770;DE;DK;Value on 3rd Wed. at 03;Export;Harmonized;M;M
Physical Energy & Power Flows;2024;11;821;821;821;DE;DK;Value on 3rd Wed. at 03;Import;Harmonized;M;M
Physical Energy & Power Flows;2024;12;1092;1092;1092;DE;DK;Value on 3rd Wed. at 03;Import;Harmonized;M;M
Physical Energy & Power Flows;2024;1;2281;2281;2281;DE;FR;Value on 3rd Wed. at 03;Import;Harmonized;M;M
Physical Energy & Power Flows;2024;2;1810;1810;1810;DE;FR;Value on 3rd Wed. at 03;Import;Harmonized;M;M
Physical Energy & Power Flows;2024;3;1912;1912;1912;DE;FR;Value on 3rd Wed. at 03;Import;Harmonized;M;M
Physical Energy & Power Flows;2024;4;2303;2303;2303;DE;FR;Value on 3rd Wed. at 03;Import;Harmonized;M;M
Physical Energy & Power Flows;2024;5;2903;2903;2903;DE;FR;Value on 3rd Wed. at 03;Import;Harmonized;M;M
Physical Energy & Power Flows;2024;6;2400;2400;2400;DE;FR;Value on 3rd Wed. at 03;Import;Harmonized;M;M
Physical Energy & Power Flows;2024;7;3110;3110;3110;DE;FR;Value on 3rd Wed. at 03;Import;Harmonized;M;M
Physical Energy & Power Flows;2024;8;4030;4030;4030;DE;FR;Value on 3rd Wed. at 03;Import;Harmonized;M;M
Physical Energy & Power Flows;2024;9;3845;3845;3845;DE;FR;Value on 3rd Wed. at 03;Import;Harmonized;M;M
Physical Energy & Power Flows;2024;10;3325;3325;3325;DE;FR;Value on 3rd Wed. at 03;Import;Harmonized;M;M
Physical Energy & Power Flows;2024;11;2187;2187;2187;DE;FR;Value on 3rd Wed. at 03;Import;Harmonized;M;M
Physical Energy & Power Flows;2024;12;4118;4118;4118;DE;FR;Value on 3rd Wed. at 03;Import;Harmonized;M;M
Physical Energy & Power Flows;2024;1;307;307;307;DE;LU;Value on 3rd Wed. at 03;Export;Harmonized;M;M
Physical Energy & Power Flows;2024;2;272;272;272;DE;LU;Value on 3rd Wed. at 03;Export;Harmonized;M;M
Physical Energy & Power Flows;2024;3;458;458;458;DE;LU;Value on 3rd Wed. at 03;Export;Harmonized;M;M
Physical Energy & Power Flows;2024;4;268;268;268;DE;LU;Value on 3rd Wed. at 03;Export;Harmonized;M;M
Physical Energy & Power Flows;2024;5;262;262;262;DE;LU;Value on 3rd Wed. at 03;Export;Harmonized;M;M
Physical Energy & Power Flows;2024;6;256;256;256;DE;LU;Value on 3rd Wed. at 03;Export;Harmonized;M;M
Physical Energy & Power Flows;2024;7;165;165;165;DE;LU;Value on 3rd Wed. at 03;Export;Harmonized;M;M
Physical Energy & Power Flows;2024;8;226;226;226;DE;LU;Value on 3rd Wed. at 03;Export;Harmonized;M;M
Physical Energy & Power Flows;2024;9;187;187;187;DE;LU;Value on 3rd Wed. at 03;Export;Harmonized;M;M
Physical Energy & Power Flows;2024;10;156;156;156;DE;LU;Value on 3rd Wed. at 03;Export;Harmonized;M;M
Physical Energy & Power Flows;2024;11;293;293;293;DE;LU;Value on 3rd Wed. at 03;Export;Harmonized;M;M
Physical Energy & Power Flows;2024;12;56;56;56;DE;LU;Value on 3rd Wed. at 03;Export;Harmonized;M;M
Physical Energy & Power Flows;2024;1;204;204;204;DE;NL;Value on 3rd Wed. at 03;Export;Harmonized;M;M
Physical Energy & Power Flows;2024;2;70;70;70;DE;NL;Value on 3rd Wed. at 03;Export;Harmonized;M;M
Physical Energy & Power Flows;2024;3;1524;1524;1524;DE;NL;Value on 3rd Wed. at 03;Export;Harmonized;M;M
Physical Energy & Power Flows;2024;4;220;220;220;DE;NL;Value on 3rd Wed. at 03;Import;Harmonized;M;M
Physical Energy & Power Flows;2024;5;2647;2647;2647;DE;NL;Value on 3rd Wed. at 03;Export;Harmonized;M;M
Physical Energy & Power Flows;2024;6;1861;1861;1861;DE;NL;Value on 3rd Wed. at 03;Export;Harmonized;M;M
Physical Energy & Power Flows;2024;7;137;137;137;DE;NL;Value on 3rd Wed. at 03;Export;Harmonized;M;M
Physical Energy & Power Flows;2024;8;1501;1501;1501;DE;NL;Value on 3rd Wed. at 03;Import;Harmonized;M;M
Physical Energy & Power Flows;2024;9;658;658;658;DE;NL;Value on 3rd Wed. at 03;Export;Harmonized;M;M
Physical Energy & Power Flows;2024;10;229;229;229;DE;NL;Value on 3rd Wed. at 03;Import;Harmonized;M;M
Physical Energy & Power Flows;2024;11;695;695;695;DE;NL;Value on 3rd Wed. at 03;Export;Harmonized;M;M
Physical Energy & Power Flows;2024;12;3545;3545;3545;DE;NL;Value on 3rd Wed. at 03;Import;Harmonized;M;M
Physical Energy & Power Flows;2024;1;826;826;826;DE;NO;Value on 3rd Wed. at 03;Import;Harmonized;M;M
Physical Energy & Power Flows;2024;2;687;687;687;DE;NO;Value on 3rd Wed. at 03;Import;Harmonized;M;M
Physical Energy & Power Flows;2024;3;1405;1405;1405;DE;NO;Value on 3rd Wed. at 03;Import;Harmonized;M;M
Physical Energy & Power Flows;2024;4;1392;1392;1392;DE;NO;Value on 3rd Wed. at 03;Import;Harmonized;M;M
Physical Energy & Power Flows;2024;5;782;782;782;DE;NO;Value on 3rd Wed. at 03;Import;Harmonized;M;M
Physical Energy & Power Flows;2024;6;840;840;840;DE;NO;Value on 3rd Wed. at 03;Import;Harmonized;M;M
Physical Energy & Power Flows;2024;7;1375;1375;1375;DE;NO;Value on 3rd Wed. at 03;Import;Harmonized;M;M
Physical Energy & Power Flows;2024;8;823;823;823;DE;NO;Value on 3rd Wed. at 03;Import;Harmonized;M;M
Physical Energy & Power Flows;2024;9;0;0;0;DE;NO;Value on 3rd Wed. at 03;Import;Harmonized;M;M
Physical Energy & Power Flows;2024;10;238;238;238;DE;NO;Value on 3rd Wed. at 03;Export;Harmonized;M;M
Physical Energy & Power Flows;2024;11;1402;1402;1402;DE;NO;Value on 3rd Wed. at 03;Import;Harmonized;M;M
Physical Energy & Power Flows;2024;12;893;893;893;DE;NO;Value on 3rd Wed. at 03;Import;Harmonized;M;M
Physical Energy & Power Flows;2024;1;1345;1345;1345;DE;PL;Value on 3rd Wed. at 03;Export;Harmonized;M;M
Physical Energy & Power Flows;2024;2;930;930;930;DE;PL;Value on 3rd Wed. at 03;Export;Harmonized;M;M
Physical Energy & Power Flows;2024;3;1041;1041;1041;DE;PL;Value on 3rd Wed. at 03;Export;Harmonized;M;M
Physical Energy & Power Flows;2024;4;674;674;674;DE;PL;Value on 3rd Wed. at 03;Export;Harmonized;M;M
Physical Energy & Power Flows;2024;5;970;970;970;DE;PL;Value on 3rd Wed. at 03;Export;Harmonized;M;M
Physical Energy & Power Flows;2024;6;80;80;80;DE;PL;Value on 3rd Wed. at 03;Export;Harmonized;M;M
Physical Energy & Power Flows;2024;7;1435;1435;1435;DE;PL;Value on 3rd Wed. at 03;Export;Harmonized;M;M
Physical Energy & Power Flows;2024;8;1500;1500;1500;DE;PL;Value on 3rd Wed. at 03;Export;Harmonized;M;M
Physical Energy & Power Flows;2024;9;1451;1451;1451;DE;PL;Value on 3rd Wed. at 03;Export;Harmonized;M;M
Physical Energy & Power Flows;2024;10;2250;2250;2250;DE;PL;Value on 3rd Wed. at 03;Export;Harmonized;M;M
Physical Energy & Power Flows;2024;11;138;138;138;DE;PL;Value on 3rd Wed. at 03;Export;Harmonized;M;M
Physical Energy & Power Flows;2024;12;1783;1783;1783;DE;PL;Value on 3rd Wed. at 03;Export;Harmonized;M;M
Physical Energy & Power Flows;2024;1;616;616;616;DE;SE;Value on 3rd Wed. at 03;Import;Harmonized;M;M
Physical Energy & Power Flows;2024;2;617;617;617;DE;SE;Value on 3rd Wed. at 03;Import;Harmonized;M;M
Physical Energy & Power Flows;2024;3;617;617;617;DE;SE;Value on 3rd Wed. at 03;Import;Harmonized;M;M
Physical Energy & Power Flows;2024;4;110;110;110;DE;SE;Value on 3rd Wed. at 03;Import;Harmonized;M;M
Physical Energy & Power Flows;2024;5;618;618;618;DE;SE;Value on 3rd Wed. at 03;Import;Harmonized;M;M
Physical Energy & Power Flows;2024;6;158;158;158;DE;SE;Value on 3rd Wed. at 03;Import;Harmonized;M;M
Physical Energy & Power Flows;2024;7;560;560;560;DE;SE;Value on 3rd Wed. at 03;Import;Harmonized;M;M
Physical Energy & Power Flows;2024;8;456;456;456;DE;SE;Value on 3rd Wed. at 03;Import;Harmonized;M;M
Physical Energy & Power Flows;2024;9;0;0;0;DE;SE;Value on 3rd Wed. at 03;Import;Harmonized;M;M
Physical Energy & Power Flows;2024;10;429;429;429;DE;SE;Value on 3rd Wed. at 03;Export;Harmonized;M;M
Physical Energy & Power Flows;2024;11;617;617;617;DE;SE;Value on 3rd Wed. at 03;Import;Harmonized;M;M
Physical Energy & Power Flows;2024;12;617;617;617;DE;SE;Value on 3rd Wed. at 03;Import;Harmonized;M;M
Physical Energy & Power Flows;2024;1;184;184;184;DK;DE;Value on 3rd Wed. at 03;Import;Harmonized;M;M
Physical Energy & Power Flows;2024;2;664;664;664;DK;DE;Value on 3rd Wed. at 03;Export;Harmonized;M;M
Physical Energy & Power Flows;2024;3;2147;2147;2147;DK;DE;Value on 3rd Wed. at 03;Export;Harmonized;M;M
Physical Energy & Power Flows;2024;4;1727;1727;1727;DK;DE;Value on 3rd Wed. at 03;Export;Harmonized;M;M
Physical Energy & Power Flows;2024;5;731;731;731;DK;DE;Value on 3rd Wed. at 03;Export;Harmonized;M;M
Physical Energy & Power Flows;2024;6;2616;2616;2616;DK;DE;Value on 3rd Wed. at 03;Export;Harmonized;M;M
Physical Energy & Power Flows;2024;7;238;238;238;DK;DE;Value on 3rd Wed. at 03;Export;Harmonized;M;M
Physical Energy & Power Flows;2024;8;1810;1810;1810;DK;DE;Value on 3rd Wed. at 03;Export;Harmonized;M;M
Physical Energy & Power Flows;2024;9;2134;2134;2134;DK;DE;Value on 3rd Wed. at 03;Export;Harmonized;M;M
Physical Energy & Power Flows;2024;10;770;770;770;DK;DE;Value on 3rd Wed. at 03;Import;Harmonized;M;M
Physical Energy & Power Flows;2024;11;821;821;821;DK;DE;Value on 3rd Wed. at 03;Export;Harmonized;M;M
Physical Energy & Power Flows;2024;12;1092;1092;1092;DK;DE;Value on 3rd Wed. at 03;Export;Harmonized;M;M
Physical Energy & Power Flows;2024;1;615;615;615;DK;GB;Value on 3rd Wed. at 03;Export;Harmonized;M;M
Physical Energy & Power Flows;2024;2;914;914;914;DK;GB;Value on 3rd Wed. at 03;Export;Harmonized;M;M
Physical Energy & Power Flows;2024;3;444;444;444;DK;GB;Value on 3rd Wed. at 03;Export;Harmonized;M;M
Physical Energy & Power Flows;2024;4;793;793;793;DK;GB;Value on 3rd Wed. at 03;Import;Harmonized;M;M
Physical Energy & Power Flows;2024;5;1456;1456;1456;DK;GB;Value on 3rd Wed. at 03;Export;Harmonized;M;M
Physical Energy & Power Flows;2024;6;0;0;0;DK;GB;Value on 3rd Wed. at 03;Import;Harmonized;M;M
Physical Energy & Power Flows;2024;7;1000;1000;1000;DK;GB;Value on 3rd Wed. at 03;Export;Harmonized;M;M
Physical Energy & Power Flows;2024;8;1100;1100;1100;DK;GB;Value on 3rd Wed. at 03;Import;Harmonized;M;M
Physical Energy & Power Flows;2024;9;262;262;262;DK;GB;Value on 3rd Wed. at 03;Import;Harmonized;M;M
Physical Energy & Power Flows;2024;10;20;20;20;DK;GB;Value on 3rd Wed. at 03;Export;Harmonized;M;M
Physical Energy & Power Flows;2024;11;761;761;761;DK;GB;Value on 3rd Wed. at 03;Export;Harmonized;M;M
Physical Energy & Power Flows;2024;12;920;920;920;DK;GB;Value on 3rd Wed. at 03;Import;Harmonized;M;M
Physical Energy & Power Flows;2024;1;0;0;0;DK;NL;Value on 3rd Wed. at 03;Export;Harmonized;M;M
Physical Energy & Power Flows;2024;2;275;275;275;DK;NL;Value on 3rd Wed. at 03;Import;Harmonized;M;M
Physical Energy & Power Flows;2024;3;697;697;697;DK;NL;Value on 3rd Wed. at 03;Import;Harmonized;M;M
Physical Energy & Power Flows;2024;4;491;491;491;DK;NL;Value on 3rd Wed. at 03;Import;Harmonized;M;M
Physical Energy & Power Flows;2024;5;700;700;700;DK;NL;Value on 3rd Wed. at 03;Export;Harmonized;M;M
Physical Energy & Power Flows;2024;6;167;167;167;DK;NL;Value on 3rd Wed. at 03;Import;Harmonized;M;M
Physical Energy & Power Flows;2024;7;490;490;490;DK;NL;Value on 3rd Wed. at 03;Export;Harmonized;M;M
Physical Energy & Power Flows;2024;8;691;691;691;DK;NL;Value on 3rd Wed. at 03;Export;Harmonized;M;M
Physical Energy & Power Flows;2024;9;673;673;673;DK;NL;Value on 3rd Wed. at 03;Import;Harmonized;M;M
Physical Energy & Power Flows;2024;10;65;65;65;DK;NL;Value on 3rd Wed. at 03;Import;Harmonized;M;M
Physical Energy & Power Flows;2024;11;62;62;62;DK;NL;Value on 3rd Wed. at 03;Import;Harmonized;M;M
Physical Energy & Power Flows;2024;12;630;630;630;DK;NL;Value on 3rd Wed. at 03;Export;Harmonized;M;M
Physical Energy & Power Flows;2024;1;1633;1633;1633;DK;NO;Value on 3rd Wed. at 03;Export;Harmonized;M;M
Physical Energy & Power Flows;2024;2;923;923;923;DK;NO;Value on 3rd Wed. at 03;Export;Harmonized;M;M
Physical Energy & Power Flows;2024;3;1632;1632;1632;DK;NO;Value on 3rd Wed. at 03;Import;Harmonized;M;M
Physical Energy & Power Flows;2024;4;332;332;332;DK;NO;Value on 3rd Wed. at 03;Import;Harmonized;M;M
Physical Energy & Power Flows;2024;5;739;739;739;DK;NO;Value on 3rd Wed. at 03;Import;Harmonized;M;M
Physical Energy & Power Flows;2024;6;1631;1631;1631;DK;NO;Value on 3rd Wed. at 03;Import;Harmonized;M;M
Physical Energy & Power Flows;2024;7;1317;1317;1317;DK;NO;Value on 3rd Wed. at 03;Import;Harmonized;M;M
Physical Energy & Power Flows;2024;8;1632;1632;1632;DK;NO;Value on 3rd Wed. at 03;Import;Harmonized;M;M
Physical Energy & Power Flows;2024;9;1632;1632;1632;DK;NO;Value on 3rd Wed. at 03;Import;Harmonized;M;M
Physical Energy & Power Flows;2024;10;255;255;255;DK;NO;Value on 3rd Wed. at 03;Export;Harmonized;M;M
Physical Energy & Power Flows;2024;11;1631;1631;1631;DK;NO;Value on 3rd Wed. at 03;Import;Harmonized;M;M
Physical Energy & Power Flows;2024;12;12;12;12;DK;NO;Value on 3rd Wed. at 03;Export;Harmonized;M;M
Physical Energy & Power Flows;2024;1;421;421;421;DK;SE;Value on 3rd Wed. at 03;Export;Harmonized;M;M
Physical Energy & Power Flows;2024;2;3;3;3;DK;SE;Value on 3rd Wed. at 03;Export;Harmonized;M;M
Physical Energy & Power Flows;2024;3;1610;1610;1610;DK;SE;Value on 3rd Wed. at 03;Import;Harmonized;M;M
Physical Energy & Power Flows;2024;4;1040;1040;1040;DK;SE;Value on 3rd Wed. at 03;Import;Harmonized;M;M
Physical Energy & Power Flows;2024;5;1869;1869;1869;DK;SE;Value on 3rd Wed. at 03;Import;Harmonized;M;M
Physical Energy & Power Flows;2024;6;1921;1921;1921;DK;SE;Value on 3rd Wed. at 03;Import;Harmonized;M;M
Physical Energy & Power Flows;2024;7;1945;1945;1945;DK;SE;Value on 3rd Wed. at 03;Import;Harmonized;M;M
Physical Energy & Power Flows;2024;8;1158;1158;1158;DK;SE;Value on 3rd Wed. at 03;Import;Harmonized;M;M
Physical Energy & Power Flows;2024;9;1385;1385;1385;DK;SE;Value on 3rd Wed. at 03;Import;Harmonized;M;M
Physical Energy & Power Flows;2024;10;155;155;155;DK;SE;Value on 3rd Wed. at 03;Import;Harmonized;M;M
Physical Energy & Power Flows;2024;11;1799;1799;1799;DK;SE;Value on 3rd Wed. at 03;Import;Harmonized;M;M
Physical Energy & Power Flows;2024;12;201;201;201;DK;SE;Value on 3rd Wed. at 03;Import;Harmonized;M;M
Physical Energy & Power Flows;2024;1;431;431;431;EE;FI;Value on 3rd Wed. at 03;Export;Harmonized;M;M
Physical Energy & Power Flows;2024;2;324;324;324;EE;FI;Value on 3rd Wed. at 03;Import;Harmonized;M;M
Physical Energy & Power Flows;2024;3;358;358;358;EE;FI;Value on 3rd Wed. at 03;Import;Harmonized;M;M
Physical Energy & Power Flows;2024;4;359;359;359;EE;FI;Value on 3rd Wed. at 03;Import;Harmonized;M;M
Physical Energy & Power Flows;2024;5;358;358;358;EE;FI;Value on 3rd Wed. at 03;Import;Harmonized;M;M
Physical Energy & Power Flows;2024;6;358;358;358;EE;FI;Value on 3rd Wed. at 03;Import;Harmonized;M;M
Physical Energy & Power Flows;2024;7;358;358;358;EE;FI;Value on 3rd Wed. at 03;Import;Harmonized;M;M
Physical Energy & Power Flows;2024;8;358;358;358;EE;FI;Value on 3rd Wed. at 03;Import;Harmonized;M;M
Physical Energy & Power Flows;2024;9;1006;1006;1006;EE;FI;Value on 3rd Wed. at 03;Import;Harmonized;M;M
Physical Energy & Power Flows;2024;10;1009;1009;1009;EE;FI;Value on 3rd Wed. at 03;Import;Harmonized;M;M
Physical Energy & Power Flows;2024;11;608;608;608;EE;FI;Value on 3rd Wed. at 03;Import;Harmonized;M;M
Physical Energy & Power Flows;2024;12;178;178;178;EE;FI;Value on 3rd Wed. at 03;Export;Harmonized;M;M
Physical Energy & Power Flows;2024;1;616;616;616;EE;LV;Value on 3rd Wed. at 03;Import;Harmonized;M;M
Physical Energy & Power Flows;2024;2;129;129;129;EE;LV;Value on 3rd Wed. at 03;Import;Harmonized;M;M
Physical Energy & Power Flows;2024;3;86;86;86;EE;LV;Value on 3rd Wed. at 03;Import;Harmonized;M;M
Physical Energy & Power Flows;2024;4;25;25;25;EE;LV;Value on 3rd Wed. at 03;Import;Harmonized;M;M
Physical Energy & Power Flows;2024;5;48;48;48;EE;LV;Value on 3rd Wed. at 03;Export;Harmonized;M;M
Physical Energy & Power Flows;2024;6;228;228;228;EE;LV;Value on 3rd Wed. at 03;Export;Harmonized;M;M
Physical Energy & Power Flows;2024;7;315;315;315;EE;LV;Value on 3rd Wed. at 03;Export;Harmonized;M;M
Physical Energy & Power Flows;2024;8;174;174;174;EE;LV;Value on 3rd Wed. at 03;Export;Harmonized;M;M
Physical Energy & Power Flows;2024;9;508;508;508;EE;LV;Value on 3rd Wed. at 03;Export;Harmonized;M;M
Physical Energy & Power Flows;2024;10;349;349;349;EE;LV;Value on 3rd Wed. at 03;Export;Harmonized;M;M
Physical Energy & Power Flows;2024;11;306;306;306;EE;LV;Value on 3rd Wed. at 03;Export;Harmonized;M;M
Physical Energy & Power Flows;2024;12;433;433;433;EE;LV;Value on 3rd Wed. at 03;Import;Harmonized;M;M
Physical Energy & Power Flows;2024;1;108;108;108;EE;RU;Value on 3rd Wed. at 03;Import;Harmonized;M;NaM
Physical Energy & Power Flows;2024;2;55;55;55;EE;RU;Value on 3rd Wed. at 03;Export;Harmonized;M;NaM
Physical Energy & Power Flows;2024;3;62;62;62;EE;RU;Value on 3rd Wed. at 03;Export;Harmonized;M;NaM
Physical Energy & Power Flows;2024;4;15;15;15;EE;RU;Value on 3rd Wed. at 03;Import;Harmonized;M;NaM
Physical Energy & Power Flows;2024;5;26;26;26;EE;RU;Value on 3rd Wed. at 03;Import;Harmonized;M;NaM
Physical Energy & Power Flows;2024;6;10;10;10;EE;RU;Value on 3rd Wed. at 03;Export;Harmonized;M;NaM
Physical Energy & Power Flows;2024;7;104;104;104;EE;RU;Value on 3rd Wed. at 03;Export;Harmonized;M;NaM
Physical Energy & Power Flows;2024;8;60;60;60;EE;RU;Value on 3rd Wed. at 03;Import;Harmonized;M;NaM
Physical Energy & Power Flows;2024;9;165;165;165;EE;RU;Value on 3rd Wed. at 03;Export;Harmonized;M;NaM
Physical Energy & Power Flows;2024;10;182;182;182;EE;RU;Value on 3rd Wed. at 03;Export;Harmonized;M;NaM
Physical Energy & Power Flows;2024;11;84;84;84;EE;RU;Value on 3rd Wed. at 03;Export;Harmonized;M;NaM
Physical Energy & Power Flows;2024;12;193;193;193;EE;RU;Value on 3rd Wed. at 03;Import;Harmonized;M;NaM
Physical Energy & Power Flows;2024;1;2666;2666;2666;ES;FR;Value on 3rd Wed. at 03;Export;Harmonized;M;M
Physical Energy & Power Flows;2024;2;1412;1412;1412;ES;FR;Value on 3rd Wed. at 03;Export;Harmonized;M;M
Physical Energy & Power Flows;2024;3;1336;1336;1336;ES;FR;Value on 3rd Wed. at 03;Export;Harmonized;M;M
Physical Energy & Power Flows;2024;4;2781;2781;2781;ES;FR;Value on 3rd Wed. at 03;Export;Harmonized;M;M
Physical Energy & Power Flows;2024;5;3029;3029;3029;ES;FR;Value on 3rd Wed. at 03;Import;Harmonized;M;M
Physical Energy & Power Flows;2024;6;2182;2182;2182;ES;FR;Value on 3rd Wed. at 03;Import;Harmonized;M;M
Physical Energy & Power Flows;2024;7;2673;2673;2673;ES;FR;Value on 3rd Wed. at 03;Import;Harmonized;M;M
Physical Energy & Power Flows;2024;8;2339;2339;2339;ES;FR;Value on 3rd Wed. at 03;Import;Harmonized;M;M
Physical Energy & Power Flows;2024;9;1710;1710;1710;ES;FR;Value on 3rd Wed. at 03;Import;Harmonized;M;M
Physical Energy & Power Flows;2024;10;2168;2168;2168;ES;FR;Value on 3rd Wed. at 03;Import;Harmonized;M;M
Physical Energy & Power Flows;2024;11;396;396;396;ES;FR;Value on 3rd Wed. at 03;Import;Harmonized;M;M
Physical Energy & Power Flows;2024;12;2767;2767;2767;ES;FR;Value on 3rd Wed. at 03;Import;Harmonized;M;M
Physical Energy & Power Flows;2024;1;1000;1000;1000;ES;PT;Value on 3rd Wed. at 03;Import;Harmonized;M;M
Physical Energy & Power Flows;2024;2;1214;1214;1214;ES;PT;Value on 3rd Wed. at 03;Import;Harmonized;M;M
Physical Energy & Power Flows;2024;3;297;297;297;ES;PT;Value on 3rd Wed. at 03;Import;Harmonized;M;M
Physical Energy & Power Flows;2024;4;1973;1973;1973;ES;PT;Value on 3rd Wed. at 03;Import;Harmonized;M;M
Physical Energy & Power Flows;2024;5;1218;1218;1218;ES;PT;Value on 3rd Wed. at 03;Export;Harmonized;M;M
Physical Energy & Power Flows;2024;6;2376;2376;2376;ES;PT;Value on 3rd Wed. at 03;Export;Harmonized;M;M
Physical Energy & Power Flows;2024;7;2479;2479;2479;ES;PT;Value on 3rd Wed. at 03;Export;Harmonized;M;M
Physical Energy & Power Flows;2024;8;2208;2208;2208;ES;PT;Value on 3rd Wed. at 03;Export;Harmonized;M;M
Physical Energy & Power Flows;2024;9;633;633;633;ES;PT;Value on 3rd Wed. at 03;Export;Harmonized;M;M
Physical Energy & Power Flows;2024;10;2153;2153;2153;ES;PT;Value on 3rd Wed. at 03;Export;Harmonized;M;M
Physical Energy & Power Flows;2024;11;2375;2375;2375;ES;PT;Value on 3rd Wed. at 03;Export;Harmonized;M;M
Physical Energy & Power Flows;2024;12;2642;2642;2642;ES;PT;Value on 3rd Wed. at 03;Export;Harmonized;M;M
Physical Energy & Power Flows;2024;1;431;431;431;FI;EE;Value on 3rd Wed. at 03;Import;Harmonized;M;M
Physical Energy & Power Flows;2024;2;324;324;324;FI;EE;Value on 3rd Wed. at 03;Export;Harmonized;M;M
Physical Energy & Power Flows;2024;3;358;358;358;FI;EE;Value on 3rd Wed. at 03;Export;Harmonized;M;M
Physical Energy & Power Flows;2024;4;359;359;359;FI;EE;Value on 3rd Wed. at 03;Export;Harmonized;M;M
Physical Energy & Power Flows;2024;5;358;358;358;FI;EE;Value on 3rd Wed. at 03;Export;Harmonized;M;M
Physical Energy & Power Flows;2024;6;358;358;358;FI;EE;Value on 3rd Wed. at 03;Export;Harmonized;M;M
Physical Energy & Power Flows;2024;7;358;358;358;FI;EE;Value on 3rd Wed. at 03;Export;Harmonized;M;M
Physical Energy & Power Flows;2024;8;358;358;358;FI;EE;Value on 3rd Wed. at 03;Export;Harmonized;M;M
Physical Energy & Power Flows;2024;9;1006;1006;1006;FI;EE;Value on 3rd Wed. at 03;Export;Harmonized;M;M
Physical Energy & Power Flows;2024;10;1009;1009;1009;FI;EE;Value on 3rd Wed. at 03;Export;Harmonized;M;M
Physical Energy & Power Flows;2024;11;608;608;608;FI;EE;Value on 3rd Wed. at 03;Export;Harmonized;M;M
Physical Energy & Power Flows;2024;12;178;178;178;FI;EE;Value on 3rd Wed. at 03;Import;Harmonized;M;M
Physical Energy & Power Flows;2024;1;101;101;101;FI;NO;Value on 3rd Wed. at 03;Import;Harmonized;M;M
Physical Energy & Power Flows;2024;2;11;11;11;FI;NO;Value on 3rd Wed. at 03;Import;Harmonized;M;M
Physical Energy & Power Flows;2024;3;23;23;23;FI;NO;Value on 3rd Wed. at 03;Import;Harmonized;M;M
Physical Energy & Power Flows;2024;4;25;25;25;FI;NO;Value on 3rd Wed. at 03;Export;Harmonized;M;M
Physical Energy & Power Flows;2024;5;43;43;43;FI;NO;Value on 3rd Wed. at 03;Import;Harmonized;M;M
Physical Energy & Power Flows;2024;6;0;0;0;FI;NO;Value on 3rd Wed. at 03;Export;Harmonized;M;M
Physical Energy & Power Flows;2024;7;0;0;0;FI;NO;Value on 3rd Wed. at 03;Export;Harmonized;M;M
Physical Energy & Power Flows;2024;8;83;83;83;FI;NO;Value on 3rd Wed. at 03;Import;Harmonized;M;M
Physical Energy & Power Flows;2024;9;31;31;31;FI;NO;Value on 3rd Wed. at 03;Import;Harmonized;M;M
Physical Energy & Power Flows;2024;10;35;35;35;FI;NO;Value on 3rd Wed. at 03;Import;Harmonized;M;M
Physical Energy & Power Flows;2024;11;10;10;10;FI;NO;Value on 3rd Wed. at 03;Import;Harmonized;M;M
Physical Energy & Power Flows;2024;12;20;20;20;FI;NO;Value on 3rd Wed. at 03;Import;Harmonized;M;M
Physical Energy & Power Flows;2024;1;0;0;0;FI;RU;Value on 3rd Wed. at 03;Import;Harmonized;M;NaM
Physical Energy & Power Flows;2024;2;0;0;0;FI;RU;Value on 3rd Wed. at 03;Import;Harmonized;M;NaM
Physical Energy & Power Flows;2024;3;0;0;0;FI;RU;Value on 3rd Wed. at 03;Import;Harmonized;M;NaM
Physical Energy & Power Flows;2024;4;0;0;0;FI;RU;Value on 3rd Wed. at 03;Import;Harmonized;M;NaM
Physical Energy & Power Flows;2024;5;0;0;0;FI;RU;Value on 3rd Wed. at 03;Import;Harmonized;M;NaM
Physical Energy & Power Flows;2024;6;0;0;0;FI;RU;Value on 3rd Wed. at 03;Import;Harmonized;M;NaM
Physical Energy & Power Flows;2024;7;0;0;0;FI;RU;Value on 3rd Wed. at 03;Import;Harmonized;M;NaM
Physical Energy & Power Flows;2024;8;0;0;0;FI;RU;Value on 3rd Wed. at 03;Import;Harmonized;M;NaM
Physical Energy & Power Flows;2024;9;0;0;0;FI;RU;Value on 3rd Wed. at 03;Import;Harmonized;M;NaM
Physical Energy & Power Flows;2024;10;0;0;0;FI;RU;Value on 3rd Wed. at 03;Import;Harmonized;M;NaM
Physical Energy & Power Flows;2024;11;0;0;0;FI;RU;Value on 3rd Wed. at 03;Import;Harmonized;M;NaM
Physical Energy & Power Flows;2024;12;0;0;0;FI;RU;Value on 3rd Wed. at 03;Import;Harmonized;M;NaM
Physical Energy & Power Flows;2024;1;2205;2205;2205;FI;SE;Value on 3rd Wed. at 03;Import;Harmonized;M;M
Physical Energy & Power Flows;2024;2;1737;1737;1737;FI;SE;Value on 3rd Wed. at 03;Import;Harmonized;M;M
Physical Energy & Power Flows;2024;3;864;864;864;FI;SE;Value on 3rd Wed. at 03;Export;Harmonized;M;M
Physical Energy & Power Flows;2024;4;1674;1674;1674;FI;SE;Value on 3rd Wed. at 03;Import;Harmonized;M;M
Physical Energy & Power Flows;2024;5;355;355;355;FI;SE;Value on 3rd Wed. at 03;Export;Harmonized;M;M
Physical Energy & Power Flows;2024;6;479;479;479;FI;SE;Value on 3rd Wed. at 03;Export;Harmonized;M;M
Physical Energy & Power Flows;2024;7;794;794;794;FI;SE;Value on 3rd Wed. at 03;Export;Harmonized;M;M
Physical Energy & Power Flows;2024;8;29;29;29;FI;SE;Value on 3rd Wed. at 03;Export;Harmonized;M;M
Physical Energy & Power Flows;2024;9;863;863;863;FI;SE;Value on 3rd Wed. at 03;Import;Harmonized;M;M
Physical Energy & Power Flows;2024;10;122;122;122;FI;SE;Value on 3rd Wed. at 03;Import;Harmonized;M;M
Physical Energy & Power Flows;2024;11;1768;1768;1768;FI;SE;Value on 3rd Wed. at 03;Import;Harmonized;M;M
Physical Energy & Power Flows;2024;12;2214;2214;2214;FI;SE;Value on 3rd Wed. at 03;Import;Harmonized;M;M
Physical Energy & Power Flows;2024;1;283;283;283;FR;BE;Value on 3rd Wed. at 03;Export;Harmonized;M;M
Physical Energy & Power Flows;2024;2;102;102;102;FR;BE;Value on 3rd Wed. at 03;Import;Harmonized;M;M
Physical Energy & Power Flows;2024;3;3132;3132;3132;FR;BE;Value on 3rd Wed. at 03;Export;Harmonized;M;M
Physical Energy & Power Flows;2024;4;1875;1875;1875;FR;BE;Value on 3rd Wed. at 03;Export;Harmonized;M;M
Physical Energy & Power Flows;2024;5;2318;2318;2318;FR;BE;Value on 3rd Wed. at 03;Export;Harmonized;M;M
Physical Energy & Power Flows;2024;6;3235;3235;3235;FR;BE;Value on 3rd Wed. at 03;Export;Harmonized;M;M
Physical Energy & Power Flows;2024;7;2744;2744;2744;FR;BE;Value on 3rd Wed. at 03;Export;Harmonized;M;M
Physical Energy & Power Flows;2024;8;446;446;446;FR;BE;Value on 3rd Wed. at 03;Export;Harmonized;M;M
Physical Energy & Power Flows;2024;9;3042;3042;3042;FR;BE;Value on 3rd Wed. at 03;Export;Harmonized;M;M
Physical Energy & Power Flows;2024;10;2095;2095;2095;FR;BE;Value on 3rd Wed. at 03;Export;Harmonized;M;M
Physical Energy & Power Flows;2024;11;1051;1051;1051;FR;BE;Value on 3rd Wed. at 03;Export;Harmonized;M;M
Physical Energy & Power Flows;2024;12;678;678;678;FR;BE;Value on 3rd Wed. at 03;Export;Harmonized;M;M
Physical Energy & Power Flows;2024;1;3049;3049;3049;FR;CH;Value on 3rd Wed. at 03;Export;Harmonized;M;M
Physical Energy & Power Flows;2024;2;3149;3149;3149;FR;CH;Value on 3rd Wed. at 03;Export;Harmonized;M;M
Physical Energy & Power Flows;2024;3;2469;2469;2469;FR;CH;Value on 3rd Wed. at 03;Export;Harmonized;M;M
Physical Energy & Power Flows;2024;4;1327;1327;1327;FR;CH;Value on 3rd Wed. at 03;Export;Harmonized;M;M
Physical Energy & Power Flows;2024;5;2056;2056;2056;FR;CH;Value on 3rd Wed. at 03;Export;Harmonized;M;M
Physical Energy & Power Flows;2024;6;1397;1397;1397;FR;CH;Value on 3rd Wed. at 03;Export;Harmonized;M;M
Physical Energy & Power Flows;2024;7;375;375;375;FR;CH;Value on 3rd Wed. at 03;Export;Harmonized;M;M
Physical Energy & Power Flows;2024;8;2398;2398;2398;FR;CH;Value on 3rd Wed. at 03;Export;Harmonized;M;M
Physical Energy & Power Flows;2024;9;2019;2019;2019;FR;CH;Value on 3rd Wed. at 03;Export;Harmonized;M;M
Physical Energy & Power Flows;2024;10;3020;3020;3020;FR;CH;Value on 3rd Wed. at 03;Export;Harmonized;M;M
Physical Energy & Power Flows;2024;11;2817;2817;2817;FR;CH;Value on 3rd Wed. at 03;Export;Harmonized;M;M
Physical Energy & Power Flows;2024;12;3353;3353;3353;FR;CH;Value on 3rd Wed. at 03;Export;Harmonized;M;M
Physical Energy & Power Flows;2024;1;2281;2281;2281;FR;DE;Value on 3rd Wed. at 03;Export;Harmonized;M;M
Physical Energy & Power Flows;2024;2;1810;1810;1810;FR;DE;Value on 3rd Wed. at 03;Export;Harmonized;M;M
Physical Energy & Power Flows;2024;3;1912;1912;1912;FR;DE;Value on 3rd Wed. at 03;Export;Harmonized;M;M
Physical Energy & Power Flows;2024;4;2303;2303;2303;FR;DE;Value on 3rd Wed. at 03;Export;Harmonized;M;M
Physical Energy & Power Flows;2024;5;2903;2903;2903;FR;DE;Value on 3rd Wed. at 03;Export;Harmonized;M;M
Physical Energy & Power Flows;2024;6;2400;2400;2400;FR;DE;Value on 3rd Wed. at 03;Export;Harmonized;M;M
Physical Energy & Power Flows;2024;7;3110;3110;3110;FR;DE;Value on 3rd Wed. at 03;Export;Harmonized;M;M
Physical Energy & Power Flows;2024;8;4030;4030;4030;FR;DE;Value on 3rd Wed. at 03;Export;Harmonized;M;M
Physical Energy & Power Flows;2024;9;3845;3845;3845;FR;DE;Value on 3rd Wed. at 03;Export;Harmonized;M;M
Physical Energy & Power Flows;2024;10;3325;3325;3325;FR;DE;Value on 3rd Wed. at 03;Export;Harmonized;M;M
Physical Energy & Power Flows;2024;11;2187;2187;2187;FR;DE;Value on 3rd Wed. at 03;Export;Harmonized;M;M
Physical Energy & Power Flows;2024;12;4118;4118;4118;FR;DE;Value on 3rd Wed. at 03;Export;Harmonized;M;M
Physical Energy & Power Flows;2024;1;2666;2666;2666;FR;ES;Value on 3rd Wed. at 03;Import;Harmonized;M;M
Physical Energy & Power Flows;2024;2;1412;1412;1412;FR;ES;Value on 3rd Wed. at 03;Import;Harmonized;M;M
Physical Energy & Power Flows;2024;3;1336;1336;1336;FR;ES;Value on 3rd Wed. at 03;Import;Harmonized;M;M
Physical Energy & Power Flows;2024;4;2781;2781;2781;FR;ES;Value on 3rd Wed. at 03;Import;Harmonized;M;M
Physical Energy & Power Flows;2024;5;3029;3029;3029;FR;ES;Value on 3rd Wed. at 03;Export;Harmonized;M;M
Physical Energy & Power Flows;2024;6;2182;2182;2182;FR;ES;Value on 3rd Wed. at 03;Export;Harmonized;M;M
Physical Energy & Power Flows;2024;7;2673;2673;2673;FR;ES;Value on 3rd Wed. at 03;Export;Harmonized;M;M
Physical Energy & Power Flows;2024;8;2339;2339;2339;FR;ES;Value on 3rd Wed. at 03;Export;Harmonized;M;M
Physical Energy & Power Flows;2024;9;1710;1710;1710;FR;ES;Value on 3rd Wed. at 03;Export;Harmonized;M;M
Physical Energy & Power Flows;2024;10;2168;2168;2168;FR;ES;Value on 3rd Wed. at 03;Export;Harmonized;M;M
Physical Energy & Power Flows;2024;11;396;396;396;FR;ES;Value on 3rd Wed. at 03;Export;Harmonized;M;M
Physical Energy & Power Flows;2024;12;2767;2767;2767;FR;ES;Value on 3rd Wed. at 03;Export;Harmonized;M;M
Physical Energy & Power Flows;2024;1;304;304;304;FR;GB;Value on 3rd Wed. at 03;Export;Harmonized;M;M
Physical Energy & Power Flows;2024;2;892;892;892;FR;GB;Value on 3rd Wed. at 03;Export;Harmonized;M;M
Physical Energy & Power Flows;2024;3;3056;3056;3056;FR;GB;Value on 3rd Wed. at 03;Export;Harmonized;M;M
Physical Energy & Power Flows;2024;4;3062;3062;3062;FR;GB;Value on 3rd Wed. at 03;Export;Harmonized;M;M
Physical Energy & Power Flows;2024;5;3066;3066;3066;FR;GB;Value on 3rd Wed. at 03;Export;Harmonized;M;M
Physical Energy & Power Flows;2024;6;4076;4076;4076;FR;GB;Value on 3rd Wed. at 03;Export;Harmonized;M;M
Physical Energy & Power Flows;2024;7;3151;3151;3151;FR;GB;Value on 3rd Wed. at 03;Export;Harmonized;M;M
Physical Energy & Power Flows;2024;8;709;709;709;FR;GB;Value on 3rd Wed. at 03;Export;Harmonized;M;M
Physical Energy & Power Flows;2024;9;2035;2035;2035;FR;GB;Value on 3rd Wed. at 03;Export;Harmonized;M;M
Physical Energy & Power Flows;2024;10;834;834;834;FR;GB;Value on 3rd Wed. at 03;Export;Harmonized;M;M
Physical Energy & Power Flows;2024;11;2733;2733;2733;FR;GB;Value on 3rd Wed. at 03;Export;Harmonized;M;M
Physical Energy & Power Flows;2024;12;2949;2949;2949;FR;GB;Value on 3rd Wed. at 03;Import;Harmonized;M;M
Physical Energy & Power Flows;2024;1;2526;2526;2526;FR;IT;Value on 3rd Wed. at 03;Export;Harmonized;M;M
Physical Energy & Power Flows;2024;2;2429;2429;2429;FR;IT;Value on 3rd Wed. at 03;Export;Harmonized;M;M
Physical Energy & Power Flows;2024;3;1722;1722;1722;FR;IT;Value on 3rd Wed. at 03;Export;Harmonized;M;M
Physical Energy & Power Flows;2024;4;2030;2030;2030;FR;IT;Value on 3rd Wed. at 03;Export;Harmonized;M;M
Physical Energy & Power Flows;2024;5;2580;2580;2580;FR;IT;Value on 3rd Wed. at 03;Export;Harmonized;M;M
Physical Energy & Power Flows;2024;6;2626;2626;2626;FR;IT;Value on 3rd Wed. at 03;Export;Harmonized;M;M
Physical Energy & Power Flows;2024;7;3066;3066;3066;FR;IT;Value on 3rd Wed. at 03;Export;Harmonized;M;M
Physical Energy & Power Flows;2024;8;2909;2909;2909;FR;IT;Value on 3rd Wed. at 03;Export;Harmonized;M;M
Physical Energy & Power Flows;2024;9;2019;2019;2019;FR;IT;Value on 3rd Wed. at 03;Export;Harmonized;M;M
Physical Energy & Power Flows;2024;10;2975;2975;2975;FR;IT;Value on 3rd Wed. at 03;Export;Harmonized;M;M
Physical Energy & Power Flows;2024;11;2049;2049;2049;FR;IT;Value on 3rd Wed. at 03;Export;Harmonized;M;M
Physical Energy & Power Flows;2024;12;3095;3095;3095;FR;IT;Value on 3rd Wed. at 03;Export;Harmonized;M;M
Physical Energy & Power Flows;2024;1;40;40;40;GB;BE;Value on 3rd Wed. at 03;Export;Harmonized;M;M
Physical Energy & Power Flows;2024;2;129;129;129;GB;BE;Value on 3rd Wed. at 03;Import;Harmonized;M;M
Physical Energy & Power Flows;2024;3;1024;1024;1024;GB;BE;Value on 3rd Wed. at 03;Import;Harmonized;M;M
Physical Energy & Power Flows;2024;4;517;517;517;GB;BE;Value on 3rd Wed. at 03;Export;Harmonized;M;M
Physical Energy & Power Flows;2024;5;223;223;223;GB;BE;Value on 3rd Wed. at 03;Export;Harmonized;M;M
Physical Energy & Power Flows;2024;6;418;418;418;GB;BE;Value on 3rd Wed. at 03;Import;Harmonized;M;M
Physical Energy & Power Flows;2024;7;852;852;852;GB;BE;Value on 3rd Wed. at 03;Import;Harmonized;M;M
Physical Energy & Power Flows;2024;8;1000;1000;1000;GB;BE;Value on 3rd Wed. at 03;Export;Harmonized;M;M
Physical Energy & Power Flows;2024;9;1024;1024;1024;GB;BE;Value on 3rd Wed. at 03;Import;Harmonized;M;M
Physical Energy & Power Flows;2024;10;460;460;460;GB;BE;Value on 3rd Wed. at 03;Import;Harmonized;M;M
Physical Energy & Power Flows;2024;11;1024;1024;1024;GB;BE;Value on 3rd Wed. at 03;Import;Harmonized;M;M
Physical Energy & Power Flows;2024;12;1001;1001;1001;GB;BE;Value on 3rd Wed. at 03;Export;Harmonized;M;M
Physical Energy & Power Flows;2024;1;615;615;615;GB;DK;Value on 3rd Wed. at 03;Import;Harmonized;M;M
Physical Energy & Power Flows;2024;2;914;914;914;GB;DK;Value on 3rd Wed. at 03;Import;Harmonized;M;M
Physical Energy & Power Flows;2024;3;444;444;444;GB;DK;Value on 3rd Wed. at 03;Import;Harmonized;M;M
Physical Energy & Power Flows;2024;4;793;793;793;GB;DK;Value on 3rd Wed. at 03;Export;Harmonized;M;M
Physical Energy & Power Flows;2024;5;1456;1456;1456;GB;DK;Value on 3rd Wed. at 03;Import;Harmonized;M;M
Physical Energy & Power Flows;2024;6;0;0;0;GB;DK;Value on 3rd Wed. at 03;Import;Harmonized;M;M
Physical Energy & Power Flows;2024;7;1000;1000;1000;GB;DK;Value on 3rd Wed. at 03;Import;Harmonized;M;M
Physical Energy & Power Flows;2024;8;1100;1100;1100;GB;DK;Value on 3rd Wed. at 03;Export;Harmonized;M;M
Physical Energy & Power Flows;2024;9;262;262;262;GB;DK;Value on 3rd Wed. at 03;Export;Harmonized;M;M
Physical Energy & Power Flows;2024;10;20;20;20;GB;DK;Value on 3rd Wed. at 03;Import;Harmonized;M;M
Physical Energy & Power Flows;2024;11;761;761;761;GB;DK;Value on 3rd Wed. at 03;Import;Harmonized;M;M
Physical Energy & Power Flows;2024;12;920;920;920;GB;DK;Value on 3rd Wed. at 03;Export;Harmonized;M;M
Physical Energy & Power Flows;2024;1;304;304;304;GB;FR;Value on 3rd Wed. at 03;Import;Harmonized;M;M
Physical Energy & Power Flows;2024;2;892;892;892;GB;FR;Value on 3rd Wed. at 03;Import;Harmonized;M;M
Physical Energy & Power Flows;2024;3;3056;3056;3056;GB;FR;Value on 3rd Wed. at 03;Import;Harmonized;M;M
Physical Energy & Power Flows;2024;4;3062;3062;3062;GB;FR;Value on 3rd Wed. at 03;Import;Harmonized;M;M
Physical Energy & Power Flows;2024;5;3066;3066;3066;GB;FR;Value on 3rd Wed. at 03;Import;Harmonized;M;M
Physical Energy & Power Flows;2024;6;4076;4076;4076;GB;FR;Value on 3rd Wed. at 03;Import;Harmonized;M;M
Physical Energy & Power Flows;2024;7;3151;3151;3151;GB;FR;Value on 3rd Wed. at 03;Import;Harmonized;M;M
Physical Energy & Power Flows;2024;8;709;709;709;GB;FR;Value on 3rd Wed. at 03;Import;Harmonized;M;M
Physical Energy & Power Flows;2024;9;2035;2035;2035;GB;FR;Value on 3rd Wed. at 03;Import;Harmonized;M;M
Physical Energy & Power Flows;2024;10;834;834;834;GB;FR;Value on 3rd Wed. at 03;Import;Harmonized;M;M
Physical Energy & Power Flows;2024;11;2733;2733;2733;GB;FR;Value on 3rd Wed. at 03;Import;Harmonized;M;M
Physical Energy & Power Flows;2024;12;2949;2949;2949;GB;FR;Value on 3rd Wed. at 03;Export;Harmonized;M;M
Physical Energy & Power Flows;2024;1;530;530;530;GB;IE;Value on 3rd Wed. at 03;Export;Harmonized;M;M
Physical Energy & Power Flows;2024;2;242;242;242;GB;IE;Value on 3rd Wed. at 03;Import;Harmonized;M;M
Physical Energy & Power Flows;2024;3;530;530;530;GB;IE;Value on 3rd Wed. at 03;Export;Harmonized;M;M
Physical Energy & Power Flows;2024;4;3;3;3;GB;IE;Value on 3rd Wed. at 03;Export;Harmonized;M;M
Physical Energy & Power Flows;2024;5;0;0;0;GB;IE;Value on 3rd Wed. at 03;Export;Harmonized;M;M
Physical Energy & Power Flows;2024;6;447;447;447;GB;IE;Value on 3rd Wed. at 03;Export;Harmonized;M;M
Physical Energy & Power Flows;2024;7;524;524;524;GB;IE;Value on 3rd Wed. at 03;Export;Harmonized;M;M
Physical Energy & Power Flows;2024;8;530;530;530;GB;IE;Value on 3rd Wed. at 03;Export;Harmonized;M;M
Physical Energy & Power Flows;2024;10;530;530;530;GB;IE;Value on 3rd Wed. at 03;Export;Harmonized;M;M
Physical Energy & Power Flows;2024;12;58;58;58;GB;IE;Value on 3rd Wed. at 03;Import;Harmonized;M;M
Physical Energy & Power Flows;2024;1;588;588;588;GB;NL;Value on 3rd Wed. at 03;Import;Harmonized;M;M
Physical Energy & Power Flows;2024;2;97;97;97;GB;NL;Value on 3rd Wed. at 03;Import;Harmonized;M;M
Physical Energy & Power Flows;2024;3;970;970;970;GB;NL;Value on 3rd Wed. at 03;Import;Harmonized;M;M
Physical Energy & Power Flows;2024;4;995;995;995;GB;NL;Value on 3rd Wed. at 03;Export;Harmonized;M;M
Physical Energy & Power Flows;2024;5;443;443;443;GB;NL;Value on 3rd Wed. at 03;Export;Harmonized;M;M
Physical Energy & Power Flows;2024;6;593;593;593;GB;NL;Value on 3rd Wed. at 03;Import;Harmonized;M;M
Physical Energy & Power Flows;2024;7;0;0;0;GB;NL;Value on 3rd Wed. at 03;Import;Harmonized;M;M
Physical Energy & Power Flows;2024;8;1001;1001;1001;GB;NL;Value on 3rd Wed. at 03;Export;Harmonized;M;M
Physical Energy & Power Flows;2024;9;537;537;537;GB;NL;Value on 3rd Wed. at 03;Import;Harmonized;M;M
Physical Energy & Power Flows;2024;10;169;169;169;GB;NL;Value on 3rd Wed. at 03;Export;Harmonized;M;M
Physical Energy & Power Flows;2024;11;866;866;866;GB;NL;Value on 3rd Wed. at 03;Import;Harmonized;M;M
Physical Energy & Power Flows;2024;12;1;1;1;GB;NL;Value on 3rd Wed. at 03;Export;Harmonized;M;M
Physical Energy & Power Flows;2024;1;389;389;389;GB;NO;Value on 3rd Wed. at 03;Import;Harmonized;M;M
Physical Energy & Power Flows;2024;2;948;948;948;GB;NO;Value on 3rd Wed. at 03;Import;Harmonized;M;M
Physical Energy & Power Flows;2024;3;1400;1400;1400;GB;NO;Value on 3rd Wed. at 03;Import;Harmonized;M;M
Physical Energy & Power Flows;2024;4;1402;1402;1402;GB;NO;Value on 3rd Wed. at 03;Import;Harmonized;M;M
Physical Energy & Power Flows;2024;5;1451;1451;1451;GB;NO;Value on 3rd Wed. at 03;Import;Harmonized;M;M
Physical Energy & Power Flows;2024;6;1451;1451;1451;GB;NO;Value on 3rd Wed. at 03;Import;Harmonized;M;M
Physical Energy & Power Flows;2024;7;1451;1451;1451;GB;NO;Value on 3rd Wed. at 03;Import;Harmonized;M;M
Physical Energy & Power Flows;2024;8;767;767;767;GB;NO;Value on 3rd Wed. at 03;Export;Harmonized;M;M
Physical Energy & Power Flows;2024;9;1451;1451;1451;GB;NO;Value on 3rd Wed. at 03;Import;Harmonized;M;M
Physical Energy & Power Flows;2024;10;0;0;0;GB;NO;Value on 3rd Wed. at 03;Import;Harmonized;M;M
Physical Energy & Power Flows;2024;11;1449;1449;1449;GB;NO;Value on 3rd Wed. at 03;Import;Harmonized;M;M
Physical Energy & Power Flows;2024;12;374;374;374;GB;NO;Value on 3rd Wed. at 03;Export;Harmonized;M;M
Physical Energy & Power Flows;2024;1;0;0;0;GE;AM;Value on 3rd Wed. at 03;Import;Harmonized;NaM;NaM
Physical Energy & Power Flows;2024;2;0;0;0;GE;AM;Value on 3rd Wed. at 03;Import;Harmonized;NaM;NaM
Physical Energy & Power Flows;2024;3;0;0;0;GE;AM;Value on 3rd Wed. at 03;Import;Harmonized;NaM;NaM
Physical Energy & Power Flows;2024;4;0;0;0;GE;AM;Value on 3rd Wed. at 03;Import;Harmonized;NaM;NaM
Physical Energy & Power Flows;2024;5;26;26;26;GE;AM;Value on 3rd Wed. at 03;Export;Harmonized;NaM;NaM
Physical Energy & Power Flows;2024;6;105;105;105;GE;AM;Value on 3rd Wed. at 03;Export;Harmonized;NaM;NaM
Physical Energy & Power Flows;2024;7;76;76;76;GE;AM;Value on 3rd Wed. at 03;Export;Harmonized;NaM;NaM
Physical Energy & Power Flows;2024;8;0;0;0;GE;AM;Value on 3rd Wed. at 03;Import;Harmonized;NaM;NaM
Physical Energy & Power Flows;2024;9;0;0;0;GE;AM;Value on 3rd Wed. at 03;Import;Harmonized;NaM;NaM
Physical Energy & Power Flows;2024;10;0;0;0;GE;AM;Value on 3rd Wed. at 03;Import;Harmonized;NaM;NaM
Physical Energy & Power Flows;2024;11;97;97;97;GE;AM;Value on 3rd Wed. at 03;Import;Harmonized;NaM;NaM
Physical Energy & Power Flows;2024;12;0;0;0;GE;AM;Value on 3rd Wed. at 03;Import;Harmonized;NaM;NaM
Physical Energy & Power Flows;2024;1;165;165;165;GE;AZ;Value on 3rd Wed. at 03;Import;Harmonized;NaM;NaM
Physical Energy & Power Flows;2024;2;199;199;199;GE;AZ;Value on 3rd Wed. at 03;Import;Harmonized;NaM;NaM
Physical Energy & Power Flows;2024;3;201;201;201;GE;AZ;Value on 3rd Wed. at 03;Import;Harmonized;NaM;NaM
Physical Energy & Power Flows;2024;4;200;200;200;GE;AZ;Value on 3rd Wed. at 03;Import;Harmonized;NaM;NaM
Physical Energy & Power Flows;2024;5;20;20;20;GE;AZ;Value on 3rd Wed. at 03;Export;Harmonized;NaM;NaM
Physical Energy & Power Flows;2024;6;1;1;1;GE;AZ;Value on 3rd Wed. at 03;Export;Harmonized;NaM;NaM
Physical Energy & Power Flows;2024;7;11;11;11;GE;AZ;Value on 3rd Wed. at 03;Import;Harmonized;NaM;NaM
Physical Energy & Power Flows;2024;8;500;500;500;GE;AZ;Value on 3rd Wed. at 03;Import;Harmonized;NaM;NaM
Physical Energy & Power Flows;2024;9;700;700;700;GE;AZ;Value on 3rd Wed. at 03;Import;Harmonized;NaM;NaM
Physical Energy & Power Flows;2024;10;0;0;0;GE;AZ;Value on 3rd Wed. at 03;Export;Harmonized;NaM;NaM
Physical Energy & Power Flows;2024;11;0;0;0;GE;AZ;Value on 3rd Wed. at 03;Export;Harmonized;NaM;NaM
Physical Energy & Power Flows;2024;12;131;131;131;GE;AZ;Value on 3rd Wed. at 03;Import;Harmonized;NaM;NaM
Physical Energy & Power Flows;2024;1;224;224;224;GE;RU;Value on 3rd Wed. at 03;Import;Harmonized;NaM;NaM
Physical Energy & Power Flows;2024;2;197;197;197;GE;RU;Value on 3rd Wed. at 03;Import;Harmonized;NaM;NaM
Physical Energy & Power Flows;2024;3;190;190;190;GE;RU;Value on 3rd Wed. at 03;Import;Harmonized;NaM;NaM
Physical Energy & Power Flows;2024;4;17;17;17;GE;RU;Value on 3rd Wed. at 03;Import;Harmonized;NaM;NaM
Physical Energy & Power Flows;2024;5;14;14;14;GE;RU;Value on 3rd Wed. at 03;Import;Harmonized;NaM;NaM
Physical Energy & Power Flows;2024;6;413;413;413;GE;RU;Value on 3rd Wed. at 03;Import;Harmonized;NaM;NaM
Physical Energy & Power Flows;2024;7;11;11;11;GE;RU;Value on 3rd Wed. at 03;Import;Harmonized;NaM;NaM
Physical Energy & Power Flows;2024;8;11;11;11;GE;RU;Value on 3rd Wed. at 03;Import;Harmonized;NaM;NaM
Physical Energy & Power Flows;2024;9;11;11;11;GE;RU;Value on 3rd Wed. at 03;Import;Harmonized;NaM;NaM
Physical Energy & Power Flows;2024;10;366;366;366;GE;RU;Value on 3rd Wed. at 03;Import;Harmonized;NaM;NaM
Physical Energy & Power Flows;2024;11;279;279;279;GE;RU;Value on 3rd Wed. at 03;Import;Harmonized;NaM;NaM
Physical Energy & Power Flows;2024;12;321;321;321;GE;RU;Value on 3rd Wed. at 03;Import;Harmonized;NaM;NaM
Physical Energy & Power Flows;2024;1;202;202;202;GE;TR;Value on 3rd Wed. at 03;Export;Harmonized;NaM;M
Physical Energy & Power Flows;2024;2;201;201;201;GE;TR;Value on 3rd Wed. at 03;Export;Harmonized;NaM;M
Physical Energy & Power Flows;2024;3;201;201;201;GE;TR;Value on 3rd Wed. at 03;Export;Harmonized;NaM;M
Physical Energy & Power Flows;2024;4;200;200;200;GE;TR;Value on 3rd Wed. at 03;Export;Harmonized;NaM;M
Physical Energy & Power Flows;2024;5;501;501;501;GE;TR;Value on 3rd Wed. at 03;Export;Harmonized;NaM;M
Physical Energy & Power Flows;2024;6;649;649;649;GE;TR;Value on 3rd Wed. at 03;Export;Harmonized;NaM;M
Physical Energy & Power Flows;2024;7;200;200;200;GE;TR;Value on 3rd Wed. at 03;Export;Harmonized;NaM;M
Physical Energy & Power Flows;2024;8;699;699;699;GE;TR;Value on 3rd Wed. at 03;Export;Harmonized;NaM;M
Physical Energy & Power Flows;2024;9;700;700;700;GE;TR;Value on 3rd Wed. at 03;Export;Harmonized;NaM;M
Physical Energy & Power Flows;2024;10;0;0;0;GE;TR;Value on 3rd Wed. at 03;Import;Harmonized;NaM;M
Physical Energy & Power Flows;2024;11;0;0;0;GE;TR;Value on 3rd Wed. at 03;Import;Harmonized;NaM;M
Physical Energy & Power Flows;2024;12;0;0;0;GE;TR;Value on 3rd Wed. at 03;Import;Harmonized;NaM;M
Physical Energy & Power Flows;2024;1;199;199;199;GR;AL;Value on 3rd Wed. at 03;Import;Harmonized;M;M
Physical Energy & Power Flows;2024;2;304;304;304;GR;AL;Value on 3rd Wed. at 03;Import;Harmonized;M;M
Physical Energy & Power Flows;2024;3;150;150;150;GR;AL;Value on 3rd Wed. at 03;Export;Harmonized;M;M
Physical Energy & Power Flows;2024;4;58;58;58;GR;AL;Value on 3rd Wed. at 03;Export;Harmonized;M;M
Physical Energy & Power Flows;2024;5;64;64;64;GR;AL;Value on 3rd Wed. at 03;Import;Harmonized;M;M
Physical Energy & Power Flows;2024;6;209;209;209;GR;AL;Value on 3rd Wed. at 03;Export;Harmonized;M;M
Physical Energy & Power Flows;2024;7;190;190;190;GR;AL;Value on 3rd Wed. at 03;Export;Harmonized;M;M
Physical Energy & Power Flows;2024;8;0;0;0;GR;AL;Value on 3rd Wed. at 03;Import;Harmonized;M;M
Physical Energy & Power Flows;2024;9;290;290;290;GR;AL;Value on 3rd Wed. at 03;Import;Harmonized;M;M
Physical Energy & Power Flows;2024;10;251;251;251;GR;AL;Value on 3rd Wed. at 03;Import;Harmonized;M;M
Physical Energy & Power Flows;2024;11;215;215;215;GR;AL;Value on 3rd Wed. at 03;Export;Harmonized;M;M
Physical Energy & Power Flows;2024;12;288;288;288;GR;AL;Value on 3rd Wed. at 03;Import;Harmonized;M;M
Physical Energy & Power Flows;2024;1;191;191;191;GR;BG;Value on 3rd Wed. at 03;Import;Harmonized;M;M
Physical Energy & Power Flows;2024;2;478;478;478;GR;BG;Value on 3rd Wed. at 03;Import;Harmonized;M;M
Physical Energy & Power Flows;2024;3;62;62;62;GR;BG;Value on 3rd Wed. at 03;Export;Harmonized;M;M
Physical Energy & Power Flows;2024;4;52;52;52;GR;BG;Value on 3rd Wed. at 03;Import;Harmonized;M;M
Physical Energy & Power Flows;2024;5;88;88;88;GR;BG;Value on 3rd Wed. at 03;Export;Harmonized;M;M
Physical Energy & Power Flows;2024;6;351;351;351;GR;BG;Value on 3rd Wed. at 03;Export;Harmonized;M;M
Physical Energy & Power Flows;2024;7;137;137;137;GR;BG;Value on 3rd Wed. at 03;Import;Harmonized;M;M
Physical Energy & Power Flows;2024;8;144;144;144;GR;BG;Value on 3rd Wed. at 03;Import;Harmonized;M;M
Physical Energy & Power Flows;2024;9;545;545;545;GR;BG;Value on 3rd Wed. at 03;Import;Harmonized;M;M
Physical Energy & Power Flows;2024;10;639;639;639;GR;BG;Value on 3rd Wed. at 03;Import;Harmonized;M;M
Physical Energy & Power Flows;2024;11;198;198;198;GR;BG;Value on 3rd Wed. at 03;Import;Harmonized;M;M
Physical Energy & Power Flows;2024;12;599;599;599;GR;BG;Value on 3rd Wed. at 03;Import;Harmonized;M;M
Physical Energy & Power Flows;2024;1;487;487;487;GR;IT;Value on 3rd Wed. at 03;Import;Harmonized;M;M
Physical Energy & Power Flows;2024;2;373;373;373;GR;IT;Value on 3rd Wed. at 03;Export;Harmonized;M;M
Physical Energy & Power Flows;2024;3;507;507;507;GR;IT;Value on 3rd Wed. at 03;Export;Harmonized;M;M
Physical Energy & Power Flows;2024;4;500;500;500;GR;IT;Value on 3rd Wed. at 03;Export;Harmonized;M;M
Physical Energy & Power Flows;2024;5;123;123;123;GR;IT;Value on 3rd Wed. at 03;Export;Harmonized;M;M
Physical Energy & Power Flows;2024;6;0;0;0;GR;IT;Value on 3rd Wed. at 03;Import;Harmonized;M;M
Physical Energy & Power Flows;2024;7;507;507;507;GR;IT;Value on 3rd Wed. at 03;Export;Harmonized;M;M
Physical Energy & Power Flows;2024;8;445;445;445;GR;IT;Value on 3rd Wed. at 03;Import;Harmonized;M;M
Physical Energy & Power Flows;2024;9;506;506;506;GR;IT;Value on 3rd Wed. at 03;Export;Harmonized;M;M
Physical Energy & Power Flows;2024;10;501;501;501;GR;IT;Value on 3rd Wed. at 03;Export;Harmonized;M;M
Physical Energy & Power Flows;2024;11;504;504;504;GR;IT;Value on 3rd Wed. at 03;Export;Harmonized;M;M
Physical Energy & Power Flows;2024;12;187;187;187;GR;IT;Value on 3rd Wed. at 03;Export;Harmonized;M;M
Physical Energy & Power Flows;2024;1;230;230;230;GR;MK;Value on 3rd Wed. at 03;Import;Harmonized;M;M
Physical Energy & Power Flows;2024;2;701;701;701;GR;MK;Value on 3rd Wed. at 03;Import;Harmonized;M;M
Physical Energy & Power Flows;2024;3;46;46;46;GR;MK;Value on 3rd Wed. at 03;Export;Harmonized;M;M
Physical Energy & Power Flows;2024;4;187;187;187;GR;MK;Value on 3rd Wed. at 03;Import;Harmonized;M;M
Physical Energy & Power Flows;2024;5;217;217;217;GR;MK;Value on 3rd Wed. at 03;Import;Harmonized;M;M
Physical Energy & Power Flows;2024;6;116;116;116;GR;MK;Value on 3rd Wed. at 03;Export;Harmonized;M;M
Physical Energy & Power Flows;2024;7;7;7;7;GR;MK;Value on 3rd Wed. at 03;Export;Harmonized;M;M
Physical Energy & Power Flows;2024;8;376;376;376;GR;MK;Value on 3rd Wed. at 03;Import;Harmonized;M;M
Physical Energy & Power Flows;2024;9;491;491;491;GR;MK;Value on 3rd Wed. at 03;Import;Harmonized;M;M
Physical Energy & Power Flows;2024;10;738;738;738;GR;MK;Value on 3rd Wed. at 03;Import;Harmonized;M;M
Physical Energy & Power Flows;2024;11;18;18;18;GR;MK;Value on 3rd Wed. at 03;Import;Harmonized;M;M
Physical Energy & Power Flows;2024;12;498;498;498;GR;MK;Value on 3rd Wed. at 03;Import;Harmonized;M;M
Physical Energy & Power Flows;2024;1;82;82;82;GR;TR;Value on 3rd Wed. at 03;Import;Harmonized;M;M
Physical Energy & Power Flows;2024;2;35;35;35;GR;TR;Value on 3rd Wed. at 03;Import;Harmonized;M;M
Physical Energy & Power Flows;2024;3;8;8;8;GR;TR;Value on 3rd Wed. at 03;Import;Harmonized;M;M
Physical Energy & Power Flows;2024;4;27;27;27;GR;TR;Value on 3rd Wed. at 03;Import;Harmonized;M;M
Physical Energy & Power Flows;2024;5;17;17;17;GR;TR;Value on 3rd Wed. at 03;Import;Harmonized;M;M
Physical Energy & Power Flows;2024;6;58;58;58;GR;TR;Value on 3rd Wed. at 03;Import;Harmonized;M;M
Physical Energy & Power Flows;2024;7;138;138;138;GR;TR;Value on 3rd Wed. at 03;Import;Harmonized;M;M
Physical Energy & Power Flows;2024;8;98;98;98;GR;TR;Value on 3rd Wed. at 03;Import;Harmonized;M;M
Physical Energy & Power Flows;2024;9;215;215;215;GR;TR;Value on 3rd Wed. at 03;Import;Harmonized;M;M
Physical Energy & Power Flows;2024;10;21;21;21;GR;TR;Value on 3rd Wed. at 03;Import;Harmonized;M;M
Physical Energy & Power Flows;2024;11;198;198;198;GR;TR;Value on 3rd Wed. at 03;Import;Harmonized;M;M
Physical Energy & Power Flows;2024;12;260;260;260;GR;TR;Value on 3rd Wed. at 03;Import;Harmonized;M;M
Physical Energy & Power Flows;2024;1;488;488;488;HR;BA;Value on 3rd Wed. at 03;Export;Harmonized;M;M
Physical Energy & Power Flows;2024;2;212;212;212;HR;BA;Value on 3rd Wed. at 03;Export;Harmonized;M;M
Physical Energy & Power Flows;2024;3;547;547;547;HR;BA;Value on 3rd Wed. at 03;Import;Harmonized;M;M
Physical Energy & Power Flows;2024;4;160;160;160;HR;BA;Value on 3rd Wed. at 03;Import;Harmonized;M;M
Physical Energy & Power Flows;2024;5;153;153;153;HR;BA;Value on 3rd Wed. at 03;Export;Harmonized;M;M
Physical Energy & Power Flows;2024;6;313;313;313;HR;BA;Value on 3rd Wed. at 03;Export;Harmonized;M;M
Physical Energy & Power Flows;2024;7;198;198;198;HR;BA;Value on 3rd Wed. at 03;Export;Harmonized;M;M
Physical Energy & Power Flows;2024;8;618;618;618;HR;BA;Value on 3rd Wed. at 03;Export;Harmonized;M;M
Physical Energy & Power Flows;2024;9;488;488;488;HR;BA;Value on 3rd Wed. at 03;Export;Harmonized;M;M
Physical Energy & Power Flows;2024;10;819;819;819;HR;BA;Value on 3rd Wed. at 03;Export;Harmonized;M;M
Physical Energy & Power Flows;2024;11;57;57;57;HR;BA;Value on 3rd Wed. at 03;Import;Harmonized;M;M
Physical Energy & Power Flows;2024;12;719;719;719;HR;BA;Value on 3rd Wed. at 03;Export;Harmonized;M;M
Physical Energy & Power Flows;2024;1;706;706;706;HR;HU;Value on 3rd Wed. at 03;Import;Harmonized;M;M
Physical Energy & Power Flows;2024;2;374;374;374;HR;HU;Value on 3rd Wed. at 03;Import;Harmonized;M;M
Physical Energy & Power Flows;2024;3;378;378;378;HR;HU;Value on 3rd Wed. at 03;Export;Harmonized;M;M
Physical Energy & Power Flows;2024;4;104;104;104;HR;HU;Value on 3rd Wed. at 03;Import;Harmonized;M;M
Physical Energy & Power Flows;2024;5;289;289;289;HR;HU;Value on 3rd Wed. at 03;Import;Harmonized;M;M
Physical Energy & Power Flows;2024;6;294;294;294;HR;HU;Value on 3rd Wed. at 03;Import;Harmonized;M;M
Physical Energy & Power Flows;2024;7;508;508;508;HR;HU;Value on 3rd Wed. at 03;Import;Harmonized;M;M
Physical Energy & Power Flows;2024;8;537;537;537;HR;HU;Value on 3rd Wed. at 03;Import;Harmonized;M;M
Physical Energy & Power Flows;2024;9;132;132;132;HR;HU;Value on 3rd Wed. at 03;Import;Harmonized;M;M
Physical Energy & Power Flows;2024;10;440;440;440;HR;HU;Value on 3rd Wed. at 03;Import;Harmonized;M;M
Physical Energy & Power Flows;2024;11;570;570;570;HR;HU;Value on 3rd Wed. at 03;Import;Harmonized;M;M
Physical Energy & Power Flows;2024;12;1237;1237;1237;HR;HU;Value on 3rd Wed. at 03;Import;Harmonized;M;M
Physical Energy & Power Flows;2024;1;51;51;51;HR;RS;Value on 3rd Wed. at 03;Export;Harmonized;M;M
Physical Energy & Power Flows;2024;2;3;3;3;HR;RS;Value on 3rd Wed. at 03;Export;Harmonized;M;M
Physical Energy & Power Flows;2024;3;473;473;473;HR;RS;Value on 3rd Wed. at 03;Import;Harmonized;M;M
Physical Energy & Power Flows;2024;4;220;220;220;HR;RS;Value on 3rd Wed. at 03;Import;Harmonized;M;M
Physical Energy & Power Flows;2024;5;215;215;215;HR;RS;Value on 3rd Wed. at 03;Export;Harmonized;M;M
Physical Energy & Power Flows;2024;6;191;191;191;HR;RS;Value on 3rd Wed. at 03;Export;Harmonized;M;M
Physical Energy & Power Flows;2024;7;305;305;305;HR;RS;Value on 3rd Wed. at 03;Export;Harmonized;M;M
Physical Energy & Power Flows;2024;8;374;374;374;HR;RS;Value on 3rd Wed. at 03;Export;Harmonized;M;M
Physical Energy & Power Flows;2024;9;51;51;51;HR;RS;Value on 3rd Wed. at 03;Export;Harmonized;M;M
Physical Energy & Power Flows;2024;10;236;236;236;HR;RS;Value on 3rd Wed. at 03;Export;Harmonized;M;M
Physical Energy & Power Flows;2024;11;53;53;53;HR;RS;Value on 3rd Wed. at 03;Import;Harmonized;M;M
Physical Energy & Power Flows;2024;12;411;411;411;HR;RS;Value on 3rd Wed. at 03;Export;Harmonized;M;M
Physical Energy & Power Flows;2024;1;62;62;62;HR;SI;Value on 3rd Wed. at 03;Export;Harmonized;M;M
Physical Energy & Power Flows;2024;2;83;83;83;HR;SI;Value on 3rd Wed. at 03;Import;Harmonized;M;M
Physical Energy & Power Flows;2024;3;1091;1091;1091;HR;SI;Value on 3rd Wed. at 03;Export;Harmonized;M;M
Physical Energy & Power Flows;2024;4;752;752;752;HR;SI;Value on 3rd Wed. at 03;Export;Harmonized;M;M
Physical Energy & Power Flows;2024;5;829;829;829;HR;SI;Value on 3rd Wed. at 03;Import;Harmonized;M;M
Physical Energy & Power Flows;2024;6;896;896;896;HR;SI;Value on 3rd Wed. at 03;Import;Harmonized;M;M
Physical Energy & Power Flows;2024;7;799;799;799;HR;SI;Value on 3rd Wed. at 03;Import;Harmonized;M;M
Physical Energy & Power Flows;2024;8;1053;1053;1053;HR;SI;Value on 3rd Wed. at 03;Import;Harmonized;M;M
Physical Energy & Power Flows;2024;9;58;58;58;HR;SI;Value on 3rd Wed. at 03;Import;Harmonized;M;M
Physical Energy & Power Flows;2024;10;438;438;438;HR;SI;Value on 3rd Wed. at 03;Import;Harmonized;M;M
Physical Energy & Power Flows;2024;11;564;564;564;HR;SI;Value on 3rd Wed. at 03;Export;Harmonized;M;M
Physical Energy & Power Flows;2024;12;508;508;508;HR;SI;Value on 3rd Wed. at 03;Import;Harmonized;M;M
Physical Energy & Power Flows;2024;1;879;879;879;HU;AT;Value on 3rd Wed. at 03;Import;Harmonized;M;M
Physical Energy & Power Flows;2024;2;800;800;800;HU;AT;Value on 3rd Wed. at 03;Import;Harmonized;M;M
Physical Energy & Power Flows;2024;3;1;1;1;HU;AT;Value on 3rd Wed. at 03;Import;Harmonized;M;M
Physical Energy & Power Flows;2024;4;571;571;571;HU;AT;Value on 3rd Wed. at 03;Import;Harmonized;M;M
Physical Energy & Power Flows;2024;5;1032;1032;1032;HU;AT;Value on 3rd Wed. at 03;Import;Harmonized;M;M
Physical Energy & Power Flows;2024;6;1067;1067;1067;HU;AT;Value on 3rd Wed. at 03;Import;Harmonized;M;M
Physical Energy & Power Flows;2024;7;1003;1003;1003;HU;AT;Value on 3rd Wed. at 03;Import;Harmonized;M;M
Physical Energy & Power Flows;2024;8;0;0;0;HU;AT;Value on 3rd Wed. at 03;Import;Harmonized;M;M
Physical Energy & Power Flows;2024;9;454;454;454;HU;AT;Value on 3rd Wed. at 03;Import;Harmonized;M;M
Physical Energy & Power Flows;2024;10;846;846;846;HU;AT;Value on 3rd Wed. at 03;Import;Harmonized;M;M
Physical Energy & Power Flows;2024;11;204;204;204;HU;AT;Value on 3rd Wed. at 03;Import;Harmonized;M;M
Physical Energy & Power Flows;2024;12;787;787;787;HU;AT;Value on 3rd Wed. at 03;Import;Harmonized;M;M
Physical Energy & Power Flows;2024;1;706;706;706;HU;HR;Value on 3rd Wed. at 03;Export;Harmonized;M;M
Physical Energy & Power Flows;2024;2;374;374;374;HU;HR;Value on 3rd Wed. at 03;Export;Harmonized;M;M
Physical Energy & Power Flows;2024;3;378;378;378;HU;HR;Value on 3rd Wed. at 03;Import;Harmonized;M;M
Physical Energy & Power Flows;2024;4;104;104;104;HU;HR;Value on 3rd Wed. at 03;Export;Harmonized;M;M
Physical Energy & Power Flows;2024;5;289;289;289;HU;HR;Value on 3rd Wed. at 03;Export;Harmonized;M;M
Physical Energy & Power Flows;2024;6;294;294;294;HU;HR;Value on 3rd Wed. at 03;Export;Harmonized;M;M
Physical Energy & Power Flows;2024;7;508;508;508;HU;HR;Value on 3rd Wed. at 03;Export;Harmonized;M;M
Physical Energy & Power Flows;2024;8;537;537;537;HU;HR;Value on 3rd Wed. at 03;Export;Harmonized;M;M
Physical Energy & Power Flows;2024;9;132;132;132;HU;HR;Value on 3rd Wed. at 03;Export;Harmonized;M;M
Physical Energy & Power Flows;2024;10;440;440;440;HU;HR;Value on 3rd Wed. at 03;Export;Harmonized;M;M
Physical Energy & Power Flows;2024;11;570;570;570;HU;HR;Value on 3rd Wed. at 03;Export;Harmonized;M;M
Physical Energy & Power Flows;2024;12;1237;1237;1237;HU;HR;Value on 3rd Wed. at 03;Export;Harmonized;M;M
Physical Energy & Power Flows;2024;1;511;511;511;HU;RO;Value on 3rd Wed. at 03;Export;Harmonized;M;M
Physical Energy & Power Flows;2024;2;341;341;341;HU;RO;Value on 3rd Wed. at 03;Export;Harmonized;M;M
Physical Energy & Power Flows;2024;3;50;50;50;HU;RO;Value on 3rd Wed. at 03;Import;Harmonized;M;M
Physical Energy & Power Flows;2024;4;13;13;13;HU;RO;Value on 3rd Wed. at 03;Export;Harmonized;M;M
Physical Energy & Power Flows;2024;5;483;483;483;HU;RO;Value on 3rd Wed. at 03;Export;Harmonized;M;M
Physical Energy & Power Flows;2024;6;442;442;442;HU;RO;Value on 3rd Wed. at 03;Export;Harmonized;M;M
Physical Energy & Power Flows;2024;7;359;359;359;HU;RO;Value on 3rd Wed. at 03;Export;Harmonized;M;M
Physical Energy & Power Flows;2024;8;463;463;463;HU;RO;Value on 3rd Wed. at 03;Export;Harmonized;M;M
Physical Energy & Power Flows;2024;9;249;249;249;HU;RO;Value on 3rd Wed. at 03;Export;Harmonized;M;M
Physical Energy & Power Flows;2024;10;475;475;475;HU;RO;Value on 3rd Wed. at 03;Export;Harmonized;M;M
Physical Energy & Power Flows;2024;11;232;232;232;HU;RO;Value on 3rd Wed. at 03;Export;Harmonized;M;M
Physical Energy & Power Flows;2024;12;770;770;770;HU;RO;Value on 3rd Wed. at 03;Export;Harmonized;M;M
Physical Energy & Power Flows;2024;1;193;193;193;HU;RS;Value on 3rd Wed. at 03;Export;Harmonized;M;M
Physical Energy & Power Flows;2024;2;105;105;105;HU;RS;Value on 3rd Wed. at 03;Export;Harmonized;M;M
Physical Energy & Power Flows;2024;3;418;418;418;HU;RS;Value on 3rd Wed. at 03;Import;Harmonized;M;M
Physical Energy & Power Flows;2024;4;169;169;169;HU;RS;Value on 3rd Wed. at 03;Import;Harmonized;M;M
Physical Energy & Power Flows;2024;5;80;80;80;HU;RS;Value on 3rd Wed. at 03;Export;Harmonized;M;M
Physical Energy & Power Flows;2024;6;19;19;19;HU;RS;Value on 3rd Wed. at 03;Import;Harmonized;M;M
Physical Energy & Power Flows;2024;7;264;264;264;HU;RS;Value on 3rd Wed. at 03;Import;Harmonized;M;M
Physical Energy & Power Flows;2024;8;194;194;194;HU;RS;Value on 3rd Wed. at 03;Import;Harmonized;M;M
Physical Energy & Power Flows;2024;9;0;0;0;HU;RS;Value on 3rd Wed. at 03;Import;Harmonized;M;M
Physical Energy & Power Flows;2024;10;106;106;106;HU;RS;Value on 3rd Wed. at 03;Export;Harmonized;M;M
Physical Energy & Power Flows;2024;11;2;2;2;HU;RS;Value on 3rd Wed. at 03;Import;Harmonized;M;M
Physical Energy & Power Flows;2024;12;465;465;465;HU;RS;Value on 3rd Wed. at 03;Export;Harmonized;M;M
Physical Energy & Power Flows;2024;1;199;199;199;HU;SI;Value on 3rd Wed. at 03;Export;Harmonized;M;M
Physical Energy & Power Flows;2024;2;397;397;397;HU;SI;Value on 3rd Wed. at 03;Export;Harmonized;M;M
Physical Energy & Power Flows;2024;3;67;67;67;HU;SI;Value on 3rd Wed. at 03;Export;Harmonized;M;M
Physical Energy & Power Flows;2024;4;122;122;122;HU;SI;Value on 3rd Wed. at 03;Export;Harmonized;M;M
Physical Energy & Power Flows;2024;5;131;131;131;HU;SI;Value on 3rd Wed. at 03;Import;Harmonized;M;M
Physical Energy & Power Flows;2024;6;192;192;192;HU;SI;Value on 3rd Wed. at 03;Import;Harmonized;M;M
Physical Energy & Power Flows;2024;7;0;0;0;HU;SI;Value on 3rd Wed. at 03;Import;Harmonized;M;M
Physical Energy & Power Flows;2024;8;233;233;233;HU;SI;Value on 3rd Wed. at 03;Import;Harmonized;M;M
Physical Energy & Power Flows;2024;9;115;115;115;HU;SI;Value on 3rd Wed. at 03;Import;Harmonized;M;M
Physical Energy & Power Flows;2024;10;134;134;134;HU;SI;Value on 3rd Wed. at 03;Import;Harmonized;M;M
Physical Energy & Power Flows;2024;11;407;407;407;HU;SI;Value on 3rd Wed. at 03;Export;Harmonized;M;M
Physical Energy & Power Flows;2024;12;261;261;261;HU;SI;Value on 3rd Wed. at 03;Export;Harmonized;M;M
Physical Energy & Power Flows;2024;1;2276;2276;2276;HU;SK;Value on 3rd Wed. at 03;Import;Harmonized;M;M
Physical Energy & Power Flows;2024;2;2000;2000;2000;HU;SK;Value on 3rd Wed. at 03;Import;Harmonized;M;M
Physical Energy & Power Flows;2024;3;678;678;678;HU;SK;Value on 3rd Wed. at 03;Import;Harmonized;M;M
Physical Energy & Power Flows;2024;4;508;508;508;HU;SK;Value on 3rd Wed. at 03;Import;Harmonized;M;M
Physical Energy & Power Flows;2024;5;1770;1770;1770;HU;SK;Value on 3rd Wed. at 03;Import;Harmonized;M;M
Physical Energy & Power Flows;2024;6;980;980;980;HU;SK;Value on 3rd Wed. at 03;Import;Harmonized;M;M
Physical Energy & Power Flows;2024;7;1502;1502;1502;HU;SK;Value on 3rd Wed. at 03;Import;Harmonized;M;M
Physical Energy & Power Flows;2024;8;1998;1998;1998;HU;SK;Value on 3rd Wed. at 03;Import;Harmonized;M;M
Physical Energy & Power Flows;2024;9;1634;1634;1634;HU;SK;Value on 3rd Wed. at 03;Import;Harmonized;M;M
Physical Energy & Power Flows;2024;10;1571;1571;1571;HU;SK;Value on 3rd Wed. at 03;Import;Harmonized;M;M
Physical Energy & Power Flows;2024;11;1568;1568;1568;HU;SK;Value on 3rd Wed. at 03;Import;Harmonized;M;M
Physical Energy & Power Flows;2024;12;2863;2863;2863;HU;SK;Value on 3rd Wed. at 03;Import;Harmonized;M;M
Physical Energy & Power Flows;2024;1;17;17;17;HU;UA;Value on 3rd Wed. at 03;Export;Harmonized;M;M
Physical Energy & Power Flows;2024;2;173;173;173;HU;UA;Value on 3rd Wed. at 03;Import;Harmonized;M;M
Physical Energy & Power Flows;2024;3;329;329;329;HU;UA;Value on 3rd Wed. at 03;Import;Harmonized;M;M
Physical Energy & Power Flows;2024;4;88;88;88;HU;UA;Value on 3rd Wed. at 03;Import;Harmonized;M;M
Physical Energy & Power Flows;2024;5;520;520;520;HU;UA;Value on 3rd Wed. at 03;Export;Harmonized;M;M
Physical Energy & Power Flows;2024;6;216;216;216;HU;UA;Value on 3rd Wed. at 03;Export;Harmonized;M;M
Physical Energy & Power Flows;2024;7;96;96;96;HU;UA;Value on 3rd Wed. at 03;Export;Harmonized;M;M
Physical Energy & Power Flows;2024;8;438;438;438;HU;UA;Value on 3rd Wed. at 03;Export;Harmonized;M;M
Physical Energy & Power Flows;2024;9;56;56;56;HU;UA;Value on 3rd Wed. at 03;Export;Harmonized;M;M
Physical Energy & Power Flows;2024;10;46;46;46;HU;UA;Value on 3rd Wed. at 03;Export;Harmonized;M;M
Physical Energy & Power Flows;2024;11;439;439;439;HU;UA;Value on 3rd Wed. at 03;Import;Harmonized;M;M
Physical Energy & Power Flows;2024;12;210;210;210;HU;UA;Value on 3rd Wed. at 03;Import;Harmonized;M;M
Physical Energy & Power Flows;2024;1;530;530;530;IE;GB;Value on 3rd Wed. at 03;Import;Harmonized;M;M
Physical Energy & Power Flows;2024;2;242;242;242;IE;GB;Value on 3rd Wed. at 03;Export;Harmonized;M;M
Physical Energy & Power Flows;2024;3;530;530;530;IE;GB;Value on 3rd Wed. at 03;Import;Harmonized;M;M
Physical Energy & Power Flows;2024;4;3;3;3;IE;GB;Value on 3rd Wed. at 03;Import;Harmonized;M;M
Physical Energy & Power Flows;2024;5;0;0;0;IE;GB;Value on 3rd Wed. at 03;Import;Harmonized;M;M
Physical Energy & Power Flows;2024;6;447;447;447;IE;GB;Value on 3rd Wed. at 03;Import;Harmonized;M;M
Physical Energy & Power Flows;2024;7;524;524;524;IE;GB;Value on 3rd Wed. at 03;Import;Harmonized;M;M
Physical Energy & Power Flows;2024;8;530;530;530;IE;GB;Value on 3rd Wed. at 03;Import;Harmonized;M;M
Physical Energy & Power Flows;2024;10;530;530;530;IE;GB;Value on 3rd Wed. at 03;Import;Harmonized;M;M
Physical Energy & Power Flows;2024;12;58;58;58;IE;GB;Value on 3rd Wed. at 03;Export;Harmonized;M;M
Physical Energy & Power Flows;2024;1;117;117;117;IT;AT;Value on 3rd Wed. at 03;Import;Harmonized;M;M
Physical Energy & Power Flows;2024;2;398;398;398;IT;AT;Value on 3rd Wed. at 03;Import;Harmonized;M;M
Physical Energy & Power Flows;2024;3;104;104;104;IT;AT;Value on 3rd Wed. at 03;Import;Harmonized;M;M
Physical Energy & Power Flows;2024;4;10;10;10;IT;AT;Value on 3rd Wed. at 03;Import;Harmonized;M;M
Physical Energy & Power Flows;2024;5;341;341;341;IT;AT;Value on 3rd Wed. at 03;Import;Harmonized;M;M
Physical Energy & Power Flows;2024;6;29;29;29;IT;AT;Value on 3rd Wed. at 03;Export;Harmonized;M;M
Physical Energy & Power Flows;2024;7;71;71;71;IT;AT;Value on 3rd Wed. at 03;Export;Harmonized;M;M
Physical Energy & Power Flows;2024;8;180;180;180;IT;AT;Value on 3rd Wed. at 03;Import;Harmonized;M;M
Physical Energy & Power Flows;2024;9;21;21;21;IT;AT;Value on 3rd Wed. at 03;Import;Harmonized;M;M
Physical Energy & Power Flows;2024;10;46;46;46;IT;AT;Value on 3rd Wed. at 03;Import;Harmonized;M;M
Physical Energy & Power Flows;2024;11;208;208;208;IT;AT;Value on 3rd Wed. at 03;Import;Harmonized;M;M
Physical Energy & Power Flows;2024;12;332;332;332;IT;AT;Value on 3rd Wed. at 03;Import;Harmonized;M;M
Physical Energy & Power Flows;2024;1;1684;1684;1684;IT;CH;Value on 3rd Wed. at 03;Import;Harmonized;M;M
Physical Energy & Power Flows;2024;2;3635;3635;3635;IT;CH;Value on 3rd Wed. at 03;Import;Harmonized;M;M
Physical Energy & Power Flows;2024;3;2490;2490;2490;IT;CH;Value on 3rd Wed. at 03;Import;Harmonized;M;M
Physical Energy & Power Flows;2024;4;953;953;953;IT;CH;Value on 3rd Wed. at 03;Import;Harmonized;M;M
Physical Energy & Power Flows;2024;5;1894;1894;1894;IT;CH;Value on 3rd Wed. at 03;Import;Harmonized;M;M
Physical Energy & Power Flows;2024;6;1762;1762;1762;IT;CH;Value on 3rd Wed. at 03;Import;Harmonized;M;M
Physical Energy & Power Flows;2024;7;2739;2739;2739;IT;CH;Value on 3rd Wed. at 03;Import;Harmonized;M;M
Physical Energy & Power Flows;2024;8;2934;2934;2934;IT;CH;Value on 3rd Wed. at 03;Import;Harmonized;M;M
Physical Energy & Power Flows;2024;9;2167;2167;2167;IT;CH;Value on 3rd Wed. at 03;Import;Harmonized;M;M
Physical Energy & Power Flows;2024;10;1983;1983;1983;IT;CH;Value on 3rd Wed. at 03;Import;Harmonized;M;M
Physical Energy & Power Flows;2024;11;2808;2808;2808;IT;CH;Value on 3rd Wed. at 03;Import;Harmonized;M;M
Physical Energy & Power Flows;2024;12;3924;3924;3924;IT;CH;Value on 3rd Wed. at 03;Import;Harmonized;M;M
Physical Energy & Power Flows;2024;1;2526;2526;2526;IT;FR;Value on 3rd Wed. at 03;Import;Harmonized;M;M
Physical Energy & Power Flows;2024;2;2429;2429;2429;IT;FR;Value on 3rd Wed. at 03;Import;Harmonized;M;M
Physical Energy & Power Flows;2024;3;1722;1722;1722;IT;FR;Value on 3rd Wed. at 03;Import;Harmonized;M;M
Physical Energy & Power Flows;2024;4;2030;2030;2030;IT;FR;Value on 3rd Wed. at 03;Import;Harmonized;M;M
Physical Energy & Power Flows;2024;5;2580;2580;2580;IT;FR;Value on 3rd Wed. at 03;Import;Harmonized;M;M
Physical Energy & Power Flows;2024;6;2626;2626;2626;IT;FR;Value on 3rd Wed. at 03;Import;Harmonized;M;M
Physical Energy & Power Flows;2024;7;3066;3066;3066;IT;FR;Value on 3rd Wed. at 03;Import;Harmonized;M;M
Physical Energy & Power Flows;2024;8;2909;2909;2909;IT;FR;Value on 3rd Wed. at 03;Import;Harmonized;M;M
Physical Energy & Power Flows;2024;9;2019;2019;2019;IT;FR;Value on 3rd Wed. at 03;Import;Harmonized;M;M
Physical Energy & Power Flows;2024;10;2975;2975;2975;IT;FR;Value on 3rd Wed. at 03;Import;Harmonized;M;M
Physical Energy & Power Flows;2024;11;2049;2049;2049;IT;FR;Value on 3rd Wed. at 03;Import;Harmonized;M;M
Physical Energy & Power Flows;2024;12;3095;3095;3095;IT;FR;Value on 3rd Wed. at 03;Import;Harmonized;M;M
Physical Energy & Power Flows;2024;1;487;487;487;IT;GR;Value on 3rd Wed. at 03;Export;Harmonized;M;M
Physical Energy & Power Flows;2024;2;373;373;373;IT;GR;Value on 3rd Wed. at 03;Import;Harmonized;M;M
Physical Energy & Power Flows;2024;3;507;507;507;IT;GR;Value on 3rd Wed. at 03;Import;Harmonized;M;M
Physical Energy & Power Flows;2024;4;500;500;500;IT;GR;Value on 3rd Wed. at 03;Import;Harmonized;M;M
Physical Energy & Power Flows;2024;5;123;123;123;IT;GR;Value on 3rd Wed. at 03;Import;Harmonized;M;M
Physical Energy & Power Flows;2024;6;0;0;0;IT;GR;Value on 3rd Wed. at 03;Import;Harmonized;M;M
Physical Energy & Power Flows;2024;7;507;507;507;IT;GR;Value on 3rd Wed. at 03;Import;Harmonized;M;M
Physical Energy & Power Flows;2024;8;445;445;445;IT;GR;Value on 3rd Wed. at 03;Export;Harmonized;M;M
Physical Energy & Power Flows;2024;9;506;506;506;IT;GR;Value on 3rd Wed. at 03;Import;Harmonized;M;M
Physical Energy & Power Flows;2024;10;501;501;501;IT;GR;Value on 3rd Wed. at 03;Import;Harmonized;M;M
Physical Energy & Power Flows;2024;11;504;504;504;IT;GR;Value on 3rd Wed. at 03;Import;Harmonized;M;M
Physical Energy & Power Flows;2024;12;187;187;187;IT;GR;Value on 3rd Wed. at 03;Import;Harmonized;M;M
Physical Energy & Power Flows;2024;1;429;429;429;IT;ME;Value on 3rd Wed. at 03;Import;Harmonized;M;M
Physical Energy & Power Flows;2024;2;598;598;598;IT;ME;Value on 3rd Wed. at 03;Import;Harmonized;M;M
Physical Energy & Power Flows;2024;3;453;453;453;IT;ME;Value on 3rd Wed. at 03;Import;Harmonized;M;M
Physical Energy & Power Flows;2024;4;523;523;523;IT;ME;Value on 3rd Wed. at 03;Import;Harmonized;M;M
Physical Energy & Power Flows;2024;5;0;0;0;IT;ME;Value on 3rd Wed. at 03;Import;Harmonized;M;M
Physical Energy & Power Flows;2024;6;601;601;601;IT;ME;Value on 3rd Wed. at 03;Import;Harmonized;M;M
Physical Energy & Power Flows;2024;7;284;284;284;IT;ME;Value on 3rd Wed. at 03;Import;Harmonized;M;M
Physical Energy & Power Flows;2024;8;465;465;465;IT;ME;Value on 3rd Wed. at 03;Import;Harmonized;M;M
Physical Energy & Power Flows;2024;9;419;419;419;IT;ME;Value on 3rd Wed. at 03;Import;Harmonized;M;M
Physical Energy & Power Flows;2024;10;602;602;602;IT;ME;Value on 3rd Wed. at 03;Import;Harmonized;M;M
Physical Energy & Power Flows;2024;11;517;517;517;IT;ME;Value on 3rd Wed. at 03;Import;Harmonized;M;M
Physical Energy & Power Flows;2024;12;401;401;401;IT;ME;Value on 3rd Wed. at 03;Import;Harmonized;M;M
Physical Energy & Power Flows;2024;1;43;43;43;IT;MT;Value on 3rd Wed. at 03;Export;Harmonized;M;NaM
Physical Energy & Power Flows;2024;2;42;42;42;IT;MT;Value on 3rd Wed. at 03;Export;Harmonized;M;NaM
Physical Energy & Power Flows;2024;3;27;27;27;IT;MT;Value on 3rd Wed. at 03;Export;Harmonized;M;NaM
Physical Energy & Power Flows;2024;4;95;95;95;IT;MT;Value on 3rd Wed. at 03;Export;Harmonized;M;NaM
Physical Energy & Power Flows;2024;5;101;101;101;IT;MT;Value on 3rd Wed. at 03;Export;Harmonized;M;NaM
Physical Energy & Power Flows;2024;6;131;131;131;IT;MT;Value on 3rd Wed. at 03;Export;Harmonized;M;NaM
Physical Energy & Power Flows;2024;7;144;144;144;IT;MT;Value on 3rd Wed. at 03;Export;Harmonized;M;NaM
Physical Energy & Power Flows;2024;8;139;139;139;IT;MT;Value on 3rd Wed. at 03;Export;Harmonized;M;NaM
Physical Energy & Power Flows;2024;9;83;83;83;IT;MT;Value on 3rd Wed. at 03;Export;Harmonized;M;NaM
Physical Energy & Power Flows;2024;10;47;47;47;IT;MT;Value on 3rd Wed. at 03;Export;Harmonized;M;NaM
Physical Energy & Power Flows;2024;11;104;104;104;IT;MT;Value on 3rd Wed. at 03;Export;Harmonized;M;NaM
Physical Energy & Power Flows;2024;12;46;46;46;IT;MT;Value on 3rd Wed. at 03;Export;Harmonized;M;NaM
Physical Energy & Power Flows;2024;1;845;845;845;IT;SI;Value on 3rd Wed. at 03;Import;Harmonized;M;M
Physical Energy & Power Flows;2024;2;1013;1013;1013;IT;SI;Value on 3rd Wed. at 03;Import;Harmonized;M;M
Physical Energy & Power Flows;2024;3;1052;1052;1052;IT;SI;Value on 3rd Wed. at 03;Import;Harmonized;M;M
Physical Energy & Power Flows;2024;4;1089;1089;1089;IT;SI;Value on 3rd Wed. at 03;Import;Harmonized;M;M
Physical Energy & Power Flows;2024;5;4;4;4;IT;SI;Value on 3rd Wed. at 03;Import;Harmonized;M;M
Physical Energy & Power Flows;2024;6;302;302;302;IT;SI;Value on 3rd Wed. at 03;Import;Harmonized;M;M
Physical Energy & Power Flows;2024;7;42;42;42;IT;SI;Value on 3rd Wed. at 03;Export;Harmonized;M;M
Physical Energy & Power Flows;2024;8;269;269;269;IT;SI;Value on 3rd Wed. at 03;Export;Harmonized;M;M
Physical Energy & Power Flows;2024;9;926;926;926;IT;SI;Value on 3rd Wed. at 03;Import;Harmonized;M;M
Physical Energy & Power Flows;2024;10;753;753;753;IT;SI;Value on 3rd Wed. at 03;Import;Harmonized;M;M
Physical Energy & Power Flows;2024;11;802;802;802;IT;SI;Value on 3rd Wed. at 03;Import;Harmonized;M;M
Physical Energy & Power Flows;2024;12;819;819;819;IT;SI;Value on 3rd Wed. at 03;Import;Harmonized;M;M
Physical Energy & Power Flows;2024;1;1;1;1;LT;BY;Value on 3rd Wed. at 03;Import;Harmonized;M;NaM
Physical Energy & Power Flows;2024;2;2;2;2;LT;BY;Value on 3rd Wed. at 03;Export;Harmonized;M;NaM
Physical Energy & Power Flows;2024;3;59;59;59;LT;BY;Value on 3rd Wed. at 03;Import;Harmonized;M;NaM
Physical Energy & Power Flows;2024;4;21;21;21;LT;BY;Value on 3rd Wed. at 03;Export;Harmonized;M;NaM
Physical Energy & Power Flows;2024;5;152;152;152;LT;BY;Value on 3rd Wed. at 03;Export;Harmonized;M;NaM
Physical Energy & Power Flows;2024;6;153;153;153;LT;BY;Value on 3rd Wed. at 03;Export;Harmonized;M;NaM
Physical Energy & Power Flows;2024;7;42;42;42;LT;BY;Value on 3rd Wed. at 03;Export;Harmonized;M;NaM
Physical Energy & Power Flows;2024;8;95;95;95;LT;BY;Value on 3rd Wed. at 03;Export;Harmonized;M;NaM
Physical Energy & Power Flows;2024;9;55;55;55;LT;BY;Value on 3rd Wed. at 03;Import;Harmonized;M;NaM
Physical Energy & Power Flows;2024;10;128;128;128;LT;BY;Value on 3rd Wed. at 03;Import;Harmonized;M;NaM
Physical Energy & Power Flows;2024;11;6;6;6;LT;BY;Value on 3rd Wed. at 03;Import;Harmonized;M;NaM
Physical Energy & Power Flows;2024;12;185;185;185;LT;BY;Value on 3rd Wed. at 03;Export;Harmonized;M;NaM
Physical Energy & Power Flows;2024;1;213;213;213;LT;LV;Value on 3rd Wed. at 03;Export;Harmonized;M;M
Physical Energy & Power Flows;2024;2;247;247;247;LT;LV;Value on 3rd Wed. at 03;Import;Harmonized;M;M
Physical Energy & Power Flows;2024;3;211;211;211;LT;LV;Value on 3rd Wed. at 03;Import;Harmonized;M;M
Physical Energy & Power Flows;2024;4;241;241;241;LT;LV;Value on 3rd Wed. at 03;Import;Harmonized;M;M
Physical Energy & Power Flows;2024;5;310;310;310;LT;LV;Value on 3rd Wed. at 03;Import;Harmonized;M;M
Physical Energy & Power Flows;2024;6;151;151;151;LT;LV;Value on 3rd Wed. at 03;Export;Harmonized;M;M
Physical Energy & Power Flows;2024;7;114;114;114;LT;LV;Value on 3rd Wed. at 03;Import;Harmonized;M;M
Physical Energy & Power Flows;2024;8;41;41;41;LT;LV;Value on 3rd Wed. at 03;Export;Harmonized;M;M
Physical Energy & Power Flows;2024;9;320;320;320;LT;LV;Value on 3rd Wed. at 03;Import;Harmonized;M;M
Physical Energy & Power Flows;2024;10;115;115;115;LT;LV;Value on 3rd Wed. at 03;Export;Harmonized;M;M
Physical Energy & Power Flows;2024;11;38;38;38;LT;LV;Value on 3rd Wed. at 03;Import;Harmonized;M;M
Physical Energy & Power Flows;2024;12;493;493;493;LT;LV;Value on 3rd Wed. at 03;Export;Harmonized;M;M
Physical Energy & Power Flows;2024;1;491;491;491;LT;PL;Value on 3rd Wed. at 03;Import;Harmonized;M;M
Physical Energy & Power Flows;2024;2;231;231;231;LT;PL;Value on 3rd Wed. at 03;Import;Harmonized;M;M
Physical Energy & Power Flows;2024;3;435;435;435;LT;PL;Value on 3rd Wed. at 03;Import;Harmonized;M;M
Physical Energy & Power Flows;2024;4;51;51;51;LT;PL;Value on 3rd Wed. at 03;Import;Harmonized;M;M
Physical Energy & Power Flows;2024;5;87;87;87;LT;PL;Value on 3rd Wed. at 03;Import;Harmonized;M;M
Physical Energy & Power Flows;2024;6;241;241;241;LT;PL;Value on 3rd Wed. at 03;Import;Harmonized;M;M
Physical Energy & Power Flows;2024;7;26;26;26;LT;PL;Value on 3rd Wed. at 03;Export;Harmonized;M;M
Physical Energy & Power Flows;2024;8;95;95;95;LT;PL;Value on 3rd Wed. at 03;Import;Harmonized;M;M
Physical Energy & Power Flows;2024;9;66;66;66;LT;PL;Value on 3rd Wed. at 03;Export;Harmonized;M;M
Physical Energy & Power Flows;2024;10;398;398;398;LT;PL;Value on 3rd Wed. at 03;Import;Harmonized;M;M
Physical Energy & Power Flows;2024;11;0;0;0;LT;PL;Value on 3rd Wed. at 03;Import;Harmonized;M;M
Physical Energy & Power Flows;2024;12;473;473;473;LT;PL;Value on 3rd Wed. at 03;Import;Harmonized;M;M
Physical Energy & Power Flows;2024;1;14;14;14;LT;RU;Value on 3rd Wed. at 03;Export;Harmonized;M;NaM
Physical Energy & Power Flows;2024;2;3;3;3;LT;RU;Value on 3rd Wed. at 03;Export;Harmonized;M;NaM
Physical Energy & Power Flows;2024;3;0;0;0;LT;RU;Value on 3rd Wed. at 03;Import;Harmonized;M;NaM
Physical Energy & Power Flows;2024;4;23;23;23;LT;RU;Value on 3rd Wed. at 03;Export;Harmonized;M;NaM
Physical Energy & Power Flows;2024;5;3;3;3;LT;RU;Value on 3rd Wed. at 03;Import;Harmonized;M;NaM
Physical Energy & Power Flows;2024;6;5;5;5;LT;RU;Value on 3rd Wed. at 03;Import;Harmonized;M;NaM
Physical Energy & Power Flows;2024;7;11;11;11;LT;RU;Value on 3rd Wed. at 03;Export;Harmonized;M;NaM
Physical Energy & Power Flows;2024;8;0;0;0;LT;RU;Value on 3rd Wed. at 03;Import;Harmonized;M;NaM
Physical Energy & Power Flows;2024;9;12;12;12;LT;RU;Value on 3rd Wed. at 03;Export;Harmonized;M;NaM
Physical Energy & Power Flows;2024;10;13;13;13;LT;RU;Value on 3rd Wed. at 03;Export;Harmonized;M;NaM
Physical Energy & Power Flows;2024;11;8;8;8;LT;RU;Value on 3rd Wed. at 03;Import;Harmonized;M;NaM
Physical Energy & Power Flows;2024;12;5;5;5;LT;RU;Value on 3rd Wed. at 03;Export;Harmonized;M;NaM
Physical Energy & Power Flows;2024;1;733;733;733;LT;SE;Value on 3rd Wed. at 03;Import;Harmonized;M;M
Physical Energy & Power Flows;2024;2;734;734;734;LT;SE;Value on 3rd Wed. at 03;Import;Harmonized;M;M
Physical Energy & Power Flows;2024;3;733;733;733;LT;SE;Value on 3rd Wed. at 03;Import;Harmonized;M;M
Physical Energy & Power Flows;2024;4;565;565;565;LT;SE;Value on 3rd Wed. at 03;Import;Harmonized;M;M
Physical Energy & Power Flows;2024;5;518;518;518;LT;SE;Value on 3rd Wed. at 03;Import;Harmonized;M;M
Physical Energy & Power Flows;2024;6;643;643;643;LT;SE;Value on 3rd Wed. at 03;Import;Harmonized;M;M
Physical Energy & Power Flows;2024;7;733;733;733;LT;SE;Value on 3rd Wed. at 03;Import;Harmonized;M;M
Physical Energy & Power Flows;2024;8;732;732;732;LT;SE;Value on 3rd Wed. at 03;Import;Harmonized;M;M
Physical Energy & Power Flows;2024;9;679;679;679;LT;SE;Value on 3rd Wed. at 03;Import;Harmonized;M;M
Physical Energy & Power Flows;2024;10;603;603;603;LT;SE;Value on 3rd Wed. at 03;Import;Harmonized;M;M
Physical Energy & Power Flows;2024;11;268;268;268;LT;SE;Value on 3rd Wed. at 03;Import;Harmonized;M;M
Physical Energy & Power Flows;2024;12;734;734;734;LT;SE;Value on 3rd Wed. at 03;Import;Harmonized;M;M
Physical Energy & Power Flows;2024;1;111;111;111;LU;BE;Value on 3rd Wed. at 03;Import;Harmonized;M;M
Physical Energy & Power Flows;2024;2;121;121;121;LU;BE;Value on 3rd Wed. at 03;Import;Harmonized;M;M
Physical Energy & Power Flows;2024;3;60;60;60;LU;BE;Value on 3rd Wed. at 03;Export;Harmonized;M;M
Physical Energy & Power Flows;2024;4;79;79;79;LU;BE;Value on 3rd Wed. at 03;Import;Harmonized;M;M
Physical Energy & Power Flows;2024;5;120;120;120;LU;BE;Value on 3rd Wed. at 03;Import;Harmonized;M;M
Physical Energy & Power Flows;2024;6;111;111;111;LU;BE;Value on 3rd Wed. at 03;Import;Harmonized;M;M
Physical Energy & Power Flows;2024;7;168;168;168;LU;BE;Value on 3rd Wed. at 03;Import;Harmonized;M;M
Physical Energy & Power Flows;2024;8;84;84;84;LU;BE;Value on 3rd Wed. at 03;Import;Harmonized;M;M
Physical Energy & Power Flows;2024;9;80;80;80;LU;BE;Value on 3rd Wed. at 03;Import;Harmonized;M;M
Physical Energy & Power Flows;2024;10;163;163;163;LU;BE;Value on 3rd Wed. at 03;Import;Harmonized;M;M
Physical Energy & Power Flows;2024;11;52;52;52;LU;BE;Value on 3rd Wed. at 03;Import;Harmonized;M;M
Physical Energy & Power Flows;2024;12;224;224;224;LU;BE;Value on 3rd Wed. at 03;Import;Harmonized;M;M
Physical Energy & Power Flows;2024;1;307;307;307;LU;DE;Value on 3rd Wed. at 03;Import;Harmonized;M;M
Physical Energy & Power Flows;2024;2;272;272;272;LU;DE;Value on 3rd Wed. at 03;Import;Harmonized;M;M
Physical Energy & Power Flows;2024;3;458;458;458;LU;DE;Value on 3rd Wed. at 03;Import;Harmonized;M;M
Physical Energy & Power Flows;2024;4;268;268;268;LU;DE;Value on 3rd Wed. at 03;Import;Harmonized;M;M
Physical Energy & Power Flows;2024;5;262;262;262;LU;DE;Value on 3rd Wed. at 03;Import;Harmonized;M;M
Physical Energy & Power Flows;2024;6;256;256;256;LU;DE;Value on 3rd Wed. at 03;Import;Harmonized;M;M
Physical Energy & Power Flows;2024;7;165;165;165;LU;DE;Value on 3rd Wed. at 03;Import;Harmonized;M;M
Physical Energy & Power Flows;2024;8;226;226;226;LU;DE;Value on 3rd Wed. at 03;Import;Harmonized;M;M
Physical Energy & Power Flows;2024;9;187;187;187;LU;DE;Value on 3rd Wed. at 03;Import;Harmonized;M;M
Physical Energy & Power Flows;2024;10;156;156;156;LU;DE;Value on 3rd Wed. at 03;Import;Harmonized;M;M
Physical Energy & Power Flows;2024;11;293;293;293;LU;DE;Value on 3rd Wed. at 03;Import;Harmonized;M;M
Physical Energy & Power Flows;2024;12;56;56;56;LU;DE;Value on 3rd Wed. at 03;Import;Harmonized;M;M
Physical Energy & Power Flows;2024;1;616;616;616;LV;EE;Value on 3rd Wed. at 03;Export;Harmonized;M;M
Physical Energy & Power Flows;2024;2;129;129;129;LV;EE;Value on 3rd Wed. at 03;Export;Harmonized;M;M
Physical Energy & Power Flows;2024;3;86;86;86;LV;EE;Value on 3rd Wed. at 03;Export;Harmonized;M;M
Physical Energy & Power Flows;2024;4;25;25;25;LV;EE;Value on 3rd Wed. at 03;Export;Harmonized;M;M
Physical Energy & Power Flows;2024;5;48;48;48;LV;EE;Value on 3rd Wed. at 03;Import;Harmonized;M;M
Physical Energy & Power Flows;2024;6;228;228;228;LV;EE;Value on 3rd Wed. at 03;Import;Harmonized;M;M
Physical Energy & Power Flows;2024;7;315;315;315;LV;EE;Value on 3rd Wed. at 03;Import;Harmonized;M;M
Physical Energy & Power Flows;2024;8;174;174;174;LV;EE;Value on 3rd Wed. at 03;Import;Harmonized;M;M
Physical Energy & Power Flows;2024;9;508;508;508;LV;EE;Value on 3rd Wed. at 03;Import;Harmonized;M;M
Physical Energy & Power Flows;2024;10;349;349;349;LV;EE;Value on 3rd Wed. at 03;Import;Harmonized;M;M
Physical Energy & Power Flows;2024;11;306;306;306;LV;EE;Value on 3rd Wed. at 03;Import;Harmonized;M;M
Physical Energy & Power Flows;2024;12;433;433;433;LV;EE;Value on 3rd Wed. at 03;Export;Harmonized;M;M
Physical Energy & Power Flows;2024;1;213;213;213;LV;LT;Value on 3rd Wed. at 03;Import;Harmonized;M;M
Physical Energy & Power Flows;2024;2;247;247;247;LV;LT;Value on 3rd Wed. at 03;Export;Harmonized;M;M
Physical Energy & Power Flows;2024;3;211;211;211;LV;LT;Value on 3rd Wed. at 03;Export;Harmonized;M;M
Physical Energy & Power Flows;2024;4;241;241;241;LV;LT;Value on 3rd Wed. at 03;Export;Harmonized;M;M
Physical Energy & Power Flows;2024;5;310;310;310;LV;LT;Value on 3rd Wed. at 03;Export;Harmonized;M;M
Physical Energy & Power Flows;2024;6;151;151;151;LV;LT;Value on 3rd Wed. at 03;Import;Harmonized;M;M
Physical Energy & Power Flows;2024;7;114;114;114;LV;LT;Value on 3rd Wed. at 03;Export;Harmonized;M;M
Physical Energy & Power Flows;2024;8;41;41;41;LV;LT;Value on 3rd Wed. at 03;Import;Harmonized;M;M
Physical Energy & Power Flows;2024;9;320;320;320;LV;LT;Value on 3rd Wed. at 03;Export;Harmonized;M;M
Physical Energy & Power Flows;2024;10;115;115;115;LV;LT;Value on 3rd Wed. at 03;Import;Harmonized;M;M
Physical Energy & Power Flows;2024;11;38;38;38;LV;LT;Value on 3rd Wed. at 03;Export;Harmonized;M;M
Physical Energy & Power Flows;2024;12;493;493;493;LV;LT;Value on 3rd Wed. at 03;Import;Harmonized;M;M
Physical Energy & Power Flows;2024;1;119;119;119;LV;RU;Value on 3rd Wed. at 03;Export;Harmonized;M;NaM
Physical Energy & Power Flows;2024;2;94;94;94;LV;RU;Value on 3rd Wed. at 03;Import;Harmonized;M;NaM
Physical Energy & Power Flows;2024;3;18;18;18;LV;RU;Value on 3rd Wed. at 03;Export;Harmonized;M;NaM
Physical Energy & Power Flows;2024;4;20;20;20;LV;RU;Value on 3rd Wed. at 03;Import;Harmonized;M;NaM
Physical Energy & Power Flows;2024;5;114;114;114;LV;RU;Value on 3rd Wed. at 03;Import;Harmonized;M;NaM
Physical Energy & Power Flows;2024;6;70;70;70;LV;RU;Value on 3rd Wed. at 03;Import;Harmonized;M;NaM
Physical Energy & Power Flows;2024;7;80;80;80;LV;RU;Value on 3rd Wed. at 03;Import;Harmonized;M;NaM
Physical Energy & Power Flows;2024;8;21;21;21;LV;RU;Value on 3rd Wed. at 03;Import;Harmonized;M;NaM
Physical Energy & Power Flows;2024;9;153;153;153;LV;RU;Value on 3rd Wed. at 03;Import;Harmonized;M;NaM
Physical Energy & Power Flows;2024;10;82;82;82;LV;RU;Value on 3rd Wed. at 03;Import;Harmonized;M;NaM
Physical Energy & Power Flows;2024;11;9;9;9;LV;RU;Value on 3rd Wed. at 03;Export;Harmonized;M;NaM
Physical Energy & Power Flows;2024;12;0;0;0;LV;RU;Value on 3rd Wed. at 03;Import;Harmonized;M;NaM
Physical Energy & Power Flows;2024;1;27;27;27;MD;RO;Value on 3rd Wed. at 03;Import;Harmonized;M;M
Physical Energy & Power Flows;2024;2;64;64;64;MD;RO;Value on 3rd Wed. at 03;Export;Harmonized;M;M
Physical Energy & Power Flows;2024;3;575;575;575;MD;RO;Value on 3rd Wed. at 03;Import;Harmonized;M;M
Physical Energy & Power Flows;2024;4;407;407;407;MD;RO;Value on 3rd Wed. at 03;Import;Harmonized;M;M
Physical Energy & Power Flows;2024;5;249;249;249;MD;RO;Value on 3rd Wed. at 03;Import;Harmonized;M;M
Physical Energy & Power Flows;2024;6;235;235;235;MD;RO;Value on 3rd Wed. at 03;Import;Harmonized;M;M
Physical Energy & Power Flows;2024;7;653;653;653;MD;RO;Value on 3rd Wed. at 03;Import;Harmonized;M;M
Physical Energy & Power Flows;2024;8;235;235;235;MD;RO;Value on 3rd Wed. at 03;Import;Harmonized;M;M
Physical Energy & Power Flows;2024;9;352;352;352;MD;RO;Value on 3rd Wed. at 03;Import;Harmonized;M;M
Physical Energy & Power Flows;2024;10;26;26;26;MD;RO;Value on 3rd Wed. at 03;Export;Harmonized;M;M
Physical Energy & Power Flows;2024;11;301;301;301;MD;RO;Value on 3rd Wed. at 03;Import;Harmonized;M;M
Physical Energy & Power Flows;2024;12;55;55;55;MD;RO;Value on 3rd Wed. at 03;Import;Harmonized;M;M
Physical Energy & Power Flows;2024;1;56;56;56;MD;UA;Value on 3rd Wed. at 03;Import;Harmonized;M;M
Physical Energy & Power Flows;2024;2;99;99;99;MD;UA;Value on 3rd Wed. at 03;Import;Harmonized;M;M
Physical Energy & Power Flows;2024;3;494;494;494;MD;UA;Value on 3rd Wed. at 03;Export;Harmonized;M;M
Physical Energy & Power Flows;2024;4;466;466;466;MD;UA;Value on 3rd Wed. at 03;Export;Harmonized;M;M
Physical Energy & Power Flows;2024;5;180;180;180;MD;UA;Value on 3rd Wed. at 03;Export;Harmonized;M;M
Physical Energy & Power Flows;2024;6;305;305;305;MD;UA;Value on 3rd Wed. at 03;Export;Harmonized;M;M
Physical Energy & Power Flows;2024;7;436;436;436;MD;UA;Value on 3rd Wed. at 03;Export;Harmonized;M;M
Physical Energy & Power Flows;2024;8;236;236;236;MD;UA;Value on 3rd Wed. at 03;Export;Harmonized;M;M
Physical Energy & Power Flows;2024;9;393;393;393;MD;UA;Value on 3rd Wed. at 03;Export;Harmonized;M;M
Physical Energy & Power Flows;2024;10;167;167;167;MD;UA;Value on 3rd Wed. at 03;Import;Harmonized;M;M
Physical Energy & Power Flows;2024;11;388;388;388;MD;UA;Value on 3rd Wed. at 03;Export;Harmonized;M;M
Physical Energy & Power Flows;2024;12;59;59;59;MD;UA;Value on 3rd Wed. at 03;Export;Harmonized;M;M
Physical Energy & Power Flows;2024;1;161;161;161;ME;AL;Value on 3rd Wed. at 03;Export;Harmonized;M;M
Physical Energy & Power Flows;2024;2;233;233;233;ME;AL;Value on 3rd Wed. at 03;Export;Harmonized;M;M
Physical Energy & Power Flows;2024;3;165;165;165;ME;AL;Value on 3rd Wed. at 03;Import;Harmonized;M;M
Physical Energy & Power Flows;2024;4;198;198;198;ME;AL;Value on 3rd Wed. at 03;Import;Harmonized;M;M
Physical Energy & Power Flows;2024;5;0;0;0;ME;AL;Value on 3rd Wed. at 03;Import;Harmonized;M;M
Physical Energy & Power Flows;2024;6;55;55;55;ME;AL;Value on 3rd Wed. at 03;Import;Harmonized;M;M
Physical Energy & Power Flows;2024;7;40;40;40;ME;AL;Value on 3rd Wed. at 03;Export;Harmonized;M;M
Physical Energy & Power Flows;2024;8;0;0;0;ME;AL;Value on 3rd Wed. at 03;Import;Harmonized;M;M
Physical Energy & Power Flows;2024;9;496;496;496;ME;AL;Value on 3rd Wed. at 03;Export;Harmonized;M;M
Physical Energy & Power Flows;2024;10;412;412;412;ME;AL;Value on 3rd Wed. at 03;Export;Harmonized;M;M
Physical Energy & Power Flows;2024;11;122;122;122;ME;AL;Value on 3rd Wed. at 03;Export;Harmonized;M;M
Physical Energy & Power Flows;2024;12;258;258;258;ME;AL;Value on 3rd Wed. at 03;Export;Harmonized;M;M
Physical Energy & Power Flows;2024;1;755;755;755;ME;BA;Value on 3rd Wed. at 03;Import;Harmonized;M;M
Physical Energy & Power Flows;2024;2;700;700;700;ME;BA;Value on 3rd Wed. at 03;Import;Harmonized;M;M
Physical Energy & Power Flows;2024;3;8;8;8;ME;BA;Value on 3rd Wed. at 03;Export;Harmonized;M;M
Physical Energy & Power Flows;2024;4;109;109;109;ME;BA;Value on 3rd Wed. at 03;Import;Harmonized;M;M
Physical Energy & Power Flows;2024;5;172;172;172;ME;BA;Value on 3rd Wed. at 03;Import;Harmonized;M;M
Physical Energy & Power Flows;2024;6;532;532;532;ME;BA;Value on 3rd Wed. at 03;Import;Harmonized;M;M
Physical Energy & Power Flows;2024;7;413;413;413;ME;BA;Value on 3rd Wed. at 03;Import;Harmonized;M;M
Physical Energy & Power Flows;2024;8;746;746;746;ME;BA;Value on 3rd Wed. at 03;Import;Harmonized;M;M
Physical Energy & Power Flows;2024;9;728;728;728;ME;BA;Value on 3rd Wed. at 03;Import;Harmonized;M;M
Physical Energy & Power Flows;2024;10;813;813;813;ME;BA;Value on 3rd Wed. at 03;Import;Harmonized;M;M
Physical Energy & Power Flows;2024;11;486;486;486;ME;BA;Value on 3rd Wed. at 03;Import;Harmonized;M;M
Physical Energy & Power Flows;2024;12;848;848;848;ME;BA;Value on 3rd Wed. at 03;Import;Harmonized;M;M
Physical Energy & Power Flows;2024;1;429;429;429;ME;IT;Value on 3rd Wed. at 03;Export;Harmonized;M;M
Physical Energy & Power Flows;2024;2;598;598;598;ME;IT;Value on 3rd Wed. at 03;Export;Harmonized;M;M
Physical Energy & Power Flows;2024;3;453;453;453;ME;IT;Value on 3rd Wed. at 03;Export;Harmonized;M;M
Physical Energy & Power Flows;2024;4;523;523;523;ME;IT;Value on 3rd Wed. at 03;Export;Harmonized;M;M
Physical Energy & Power Flows;2024;5;0;0;0;ME;IT;Value on 3rd Wed. at 03;Import;Harmonized;M;M
Physical Energy & Power Flows;2024;6;601;601;601;ME;IT;Value on 3rd Wed. at 03;Export;Harmonized;M;M
Physical Energy & Power Flows;2024;7;284;284;284;ME;IT;Value on 3rd Wed. at 03;Export;Harmonized;M;M
Physical Energy & Power Flows;2024;8;465;465;465;ME;IT;Value on 3rd Wed. at 03;Export;Harmonized;M;M
Physical Energy & Power Flows;2024;9;419;419;419;ME;IT;Value on 3rd Wed. at 03;Export;Harmonized;M;M
Physical Energy & Power Flows;2024;10;602;602;602;ME;IT;Value on 3rd Wed. at 03;Export;Harmonized;M;M
Physical Energy & Power Flows;2024;11;517;517;517;ME;IT;Value on 3rd Wed. at 03;Export;Harmonized;M;M
Physical Energy & Power Flows;2024;12;401;401;401;ME;IT;Value on 3rd Wed. at 03;Export;Harmonized;M;M
Physical Energy & Power Flows;2024;1;135;135;135;ME;RS;Value on 3rd Wed. at 03;Import;Harmonized;M;M
Physical Energy & Power Flows;2024;2;214;214;214;ME;RS;Value on 3rd Wed. at 03;Import;Harmonized;M;M
Physical Energy & Power Flows;2024;3;204;204;204;ME;RS;Value on 3rd Wed. at 03;Export;Harmonized;M;M
Physical Energy & Power Flows;2024;4;243;243;243;ME;RS;Value on 3rd Wed. at 03;Export;Harmonized;M;M
Physical Energy & Power Flows;2024;5;72;72;72;ME;RS;Value on 3rd Wed. at 03;Import;Harmonized;M;M
Physical Energy & Power Flows;2024;6;146;146;146;ME;RS;Value on 3rd Wed. at 03;Export;Harmonized;M;M
Physical Energy & Power Flows;2024;7;123;123;123;ME;RS;Value on 3rd Wed. at 03;Export;Harmonized;M;M
Physical Energy & Power Flows;2024;8;69;69;69;ME;RS;Value on 3rd Wed. at 03;Export;Harmonized;M;M
Physical Energy & Power Flows;2024;9;23;23;23;ME;RS;Value on 3rd Wed. at 03;Import;Harmonized;M;M
Physical Energy & Power Flows;2024;10;28;28;28;ME;RS;Value on 3rd Wed. at 03;Import;Harmonized;M;M
Physical Energy & Power Flows;2024;11;220;220;220;ME;RS;Value on 3rd Wed. at 03;Export;Harmonized;M;M
Physical Energy & Power Flows;2024;12;171;171;171;ME;RS;Value on 3rd Wed. at 03;Import;Harmonized;M;M
Physical Energy & Power Flows;2024;1;185;185;185;ME;XK;Value on 3rd Wed. at 03;Export;Harmonized;M;M
Physical Energy & Power Flows;2024;2;86;86;86;ME;XK;Value on 3rd Wed. at 03;Export;Harmonized;M;M
Physical Energy & Power Flows;2024;3;125;125;125;ME;XK;Value on 3rd Wed. at 03;Import;Harmonized;M;M
Physical Energy & Power Flows;2024;4;262;262;262;ME;XK;Value on 3rd Wed. at 03;Import;Harmonized;M;M
Physical Energy & Power Flows;2024;5;13;13;13;ME;XK;Value on 3rd Wed. at 03;Export;Harmonized;M;M
Physical Energy & Power Flows;2024;6;88;88;88;ME;XK;Value on 3rd Wed. at 03;Import;Harmonized;M;M
Physical Energy & Power Flows;2024;7;76;76;76;ME;XK;Value on 3rd Wed. at 03;Import;Harmonized;M;M
Physical Energy & Power Flows;2024;8;49;49;49;ME;XK;Value on 3rd Wed. at 03;Import;Harmonized;M;M
Physical Energy & Power Flows;2024;9;55;55;55;ME;XK;Value on 3rd Wed. at 03;Import;Harmonized;M;M
Physical Energy & Power Flows;2024;10;40;40;40;ME;XK;Value on 3rd Wed. at 03;Export;Harmonized;M;M
Physical Energy & Power Flows;2024;11;148;148;148;ME;XK;Value on 3rd Wed. at 03;Import;Harmonized;M;M
Physical Energy & Power Flows;2024;12;192;192;192;ME;XK;Value on 3rd Wed. at 03;Export;Harmonized;M;M
Physical Energy & Power Flows;2024;1;78;78;78;MK;BG;Value on 3rd Wed. at 03;Import;Harmonized;M;M
Physical Energy & Power Flows;2024;2;168;168;168;MK;BG;Value on 3rd Wed. at 03;Import;Harmonized;M;M
Physical Energy & Power Flows;2024;3;110;110;110;MK;BG;Value on 3rd Wed. at 03;Import;Harmonized;M;M
Physical Energy & Power Flows;2024;4;112;112;112;MK;BG;Value on 3rd Wed. at 03;Import;Harmonized;M;M
Physical Energy & Power Flows;2024;5;96;96;96;MK;BG;Value on 3rd Wed. at 03;Export;Harmonized;M;M
Physical Energy & Power Flows;2024;6;214;214;214;MK;BG;Value on 3rd Wed. at 03;Export;Harmonized;M;M
Physical Energy & Power Flows;2024;7;71;71;71;MK;BG;Value on 3rd Wed. at 03;Import;Harmonized;M;M
Physical Energy & Power Flows;2024;8;24;24;24;MK;BG;Value on 3rd Wed. at 03;Import;Harmonized;M;M
Physical Energy & Power Flows;2024;9;308;308;308;MK;BG;Value on 3rd Wed. at 03;Import;Harmonized;M;M
Physical Energy & Power Flows;2024;10;217;217;217;MK;BG;Value on 3rd Wed. at 03;Import;Harmonized;M;M
Physical Energy & Power Flows;2024;11;122;122;122;MK;BG;Value on 3rd Wed. at 03;Import;Harmonized;M;M
Physical Energy & Power Flows;2024;12;295;295;295;MK;BG;Value on 3rd Wed. at 03;Import;Harmonized;M;M
Physical Energy & Power Flows;2024;1;230;230;230;MK;GR;Value on 3rd Wed. at 03;Export;Harmonized;M;M
Physical Energy & Power Flows;2024;2;701;701;701;MK;GR;Value on 3rd Wed. at 03;Export;Harmonized;M;M
Physical Energy & Power Flows;2024;3;46;46;46;MK;GR;Value on 3rd Wed. at 03;Import;Harmonized;M;M
Physical Energy & Power Flows;2024;4;187;187;187;MK;GR;Value on 3rd Wed. at 03;Export;Harmonized;M;M
Physical Energy & Power Flows;2024;5;217;217;217;MK;GR;Value on 3rd Wed. at 03;Export;Harmonized;M;M
Physical Energy & Power Flows;2024;6;116;116;116;MK;GR;Value on 3rd Wed. at 03;Import;Harmonized;M;M
Physical Energy & Power Flows;2024;7;7;7;7;MK;GR;Value on 3rd Wed. at 03;Import;Harmonized;M;M
Physical Energy & Power Flows;2024;8;376;376;376;MK;GR;Value on 3rd Wed. at 03;Export;Harmonized;M;M
Physical Energy & Power Flows;2024;9;491;491;491;MK;GR;Value on 3rd Wed. at 03;Export;Harmonized;M;M
Physical Energy & Power Flows;2024;10;738;738;738;MK;GR;Value on 3rd Wed. at 03;Export;Harmonized;M;M
Physical Energy & Power Flows;2024;11;18;18;18;MK;GR;Value on 3rd Wed. at 03;Export;Harmonized;M;M
Physical Energy & Power Flows;2024;12;498;498;498;MK;GR;Value on 3rd Wed. at 03;Export;Harmonized;M;M
Physical Energy & Power Flows;2024;1;66;66;66;MK;RS;Value on 3rd Wed. at 03;Export;Harmonized;M;M
Physical Energy & Power Flows;2024;2;61;61;61;MK;RS;Value on 3rd Wed. at 03;Export;Harmonized;M;M
Physical Energy & Power Flows;2024;3;49;49;49;MK;RS;Value on 3rd Wed. at 03;Import;Harmonized;M;M
Physical Energy & Power Flows;2024;4;34;34;34;MK;RS;Value on 3rd Wed. at 03;Export;Harmonized;M;M
Physical Energy & Power Flows;2024;5;141;141;141;MK;RS;Value on 3rd Wed. at 03;Export;Harmonized;M;M
Physical Energy & Power Flows;2024;6;74;74;74;MK;RS;Value on 3rd Wed. at 03;Export;Harmonized;M;M
Physical Energy & Power Flows;2024;7;23;23;23;MK;RS;Value on 3rd Wed. at 03;Export;Harmonized;M;M
Physical Energy & Power Flows;2024;8;104;104;104;MK;RS;Value on 3rd Wed. at 03;Export;Harmonized;M;M
Physical Energy & Power Flows;2024;9;321;321;321;MK;RS;Value on 3rd Wed. at 03;Import;Harmonized;M;M
Physical Energy & Power Flows;2024;10;228;228;228;MK;RS;Value on 3rd Wed. at 03;Export;Harmonized;M;M
Physical Energy & Power Flows;2024;11;32;32;32;MK;RS;Value on 3rd Wed. at 03;Export;Harmonized;M;M
Physical Energy & Power Flows;2024;12;52;52;52;MK;RS;Value on 3rd Wed. at 03;Export;Harmonized;M;M
Physical Energy & Power Flows;2024;1;262;262;262;MK;XK;Value on 3rd Wed. at 03;Import;Harmonized;M;M
Physical Energy & Power Flows;2024;2;349;349;349;MK;XK;Value on 3rd Wed. at 03;Import;Harmonized;M;M
Physical Energy & Power Flows;2024;3;114;114;114;MK;XK;Value on 3rd Wed. at 03;Export;Harmonized;M;M
Physical Energy & Power Flows;2024;4;16;16;16;MK;XK;Value on 3rd Wed. at 03;Import;Harmonized;M;M
Physical Energy & Power Flows;2024;5;258;258;258;MK;XK;Value on 3rd Wed. at 03;Import;Harmonized;M;M
Physical Energy & Power Flows;2024;6;70;70;70;MK;XK;Value on 3rd Wed. at 03;Import;Harmonized;M;M
Physical Energy & Power Flows;2024;7;10;10;10;MK;XK;Value on 3rd Wed. at 03;Export;Harmonized;M;M
Physical Energy & Power Flows;2024;8;183;183;183;MK;XK;Value on 3rd Wed. at 03;Import;Harmonized;M;M
Physical Energy & Power Flows;2024;9;0;0;0;MK;XK;Value on 3rd Wed. at 03;Import;Harmonized;M;M
Physical Energy & Power Flows;2024;10;527;527;527;MK;XK;Value on 3rd Wed. at 03;Import;Harmonized;M;M
Physical Energy & Power Flows;2024;11;42;42;42;MK;XK;Value on 3rd Wed. at 03;Import;Harmonized;M;M
Physical Energy & Power Flows;2024;12;258;258;258;MK;XK;Value on 3rd Wed. at 03;Import;Harmonized;M;M
Physical Energy & Power Flows;2024;1;43;43;43;MT;IT;Value on 3rd Wed. at 03;Import;Harmonized;NaM;M
Physical Energy & Power Flows;2024;2;42;42;42;MT;IT;Value on 3rd Wed. at 03;Import;Harmonized;NaM;M
Physical Energy & Power Flows;2024;3;27;27;27;MT;IT;Value on 3rd Wed. at 03;Import;Harmonized;NaM;M
Physical Energy & Power Flows;2024;4;95;95;95;MT;IT;Value on 3rd Wed. at 03;Import;Harmonized;NaM;M
Physical Energy & Power Flows;2024;5;101;101;101;MT;IT;Value on 3rd Wed. at 03;Import;Harmonized;NaM;M
Physical Energy & Power Flows;2024;6;131;131;131;MT;IT;Value on 3rd Wed. at 03;Import;Harmonized;NaM;M
Physical Energy & Power Flows;2024;7;144;144;144;MT;IT;Value on 3rd Wed. at 03;Import;Harmonized;NaM;M
Physical Energy & Power Flows;2024;8;139;139;139;MT;IT;Value on 3rd Wed. at 03;Import;Harmonized;NaM;M
Physical Energy & Power Flows;2024;9;83;83;83;MT;IT;Value on 3rd Wed. at 03;Import;Harmonized;NaM;M
Physical Energy & Power Flows;2024;10;47;47;47;MT;IT;Value on 3rd Wed. at 03;Import;Harmonized;NaM;M
Physical Energy & Power Flows;2024;11;104;104;104;MT;IT;Value on 3rd Wed. at 03;Import;Harmonized;NaM;M
Physical Energy & Power Flows;2024;12;46;46;46;MT;IT;Value on 3rd Wed. at 03;Import;Harmonized;NaM;M
Physical Energy & Power Flows;2024;1;1420;1420;1420;NL;BE;Value on 3rd Wed. at 03;Export;Harmonized;M;M
Physical Energy & Power Flows;2024;2;1105;1105;1105;NL;BE;Value on 3rd Wed. at 03;Export;Harmonized;M;M
Physical Energy & Power Flows;2024;3;1869;1869;1869;NL;BE;Value on 3rd Wed. at 03;Export;Harmonized;M;M
Physical Energy & Power Flows;2024;4;77;77;77;NL;BE;Value on 3rd Wed. at 03;Import;Harmonized;M;M
Physical Energy & Power Flows;2024;5;773;773;773;NL;BE;Value on 3rd Wed. at 03;Export;Harmonized;M;M
Physical Energy & Power Flows;2024;6;358;358;358;NL;BE;Value on 3rd Wed. at 03;Export;Harmonized;M;M
Physical Energy & Power Flows;2024;7;73;73;73;NL;BE;Value on 3rd Wed. at 03;Export;Harmonized;M;M
Physical Energy & Power Flows;2024;8;172;172;172;NL;BE;Value on 3rd Wed. at 03;Import;Harmonized;M;M
Physical Energy & Power Flows;2024;9;428;428;428;NL;BE;Value on 3rd Wed. at 03;Export;Harmonized;M;M
Physical Energy & Power Flows;2024;10;501;501;501;NL;BE;Value on 3rd Wed. at 03;Export;Harmonized;M;M
Physical Energy & Power Flows;2024;11;1238;1238;1238;NL;BE;Value on 3rd Wed. at 03;Export;Harmonized;M;M
Physical Energy & Power Flows;2024;12;1160;1160;1160;NL;BE;Value on 3rd Wed. at 03;Import;Harmonized;M;M
Physical Energy & Power Flows;2024;1;204;204;204;NL;DE;Value on 3rd Wed. at 03;Import;Harmonized;M;M
Physical Energy & Power Flows;2024;2;70;70;70;NL;DE;Value on 3rd Wed. at 03;Import;Harmonized;M;M
Physical Energy & Power Flows;2024;3;1524;1524;1524;NL;DE;Value on 3rd Wed. at 03;Import;Harmonized;M;M
Physical Energy & Power Flows;2024;4;220;220;220;NL;DE;Value on 3rd Wed. at 03;Export;Harmonized;M;M
Physical Energy & Power Flows;2024;5;2647;2647;2647;NL;DE;Value on 3rd Wed. at 03;Import;Harmonized;M;M
Physical Energy & Power Flows;2024;6;1861;1861;1861;NL;DE;Value on 3rd Wed. at 03;Import;Harmonized;M;M
Physical Energy & Power Flows;2024;7;137;137;137;NL;DE;Value on 3rd Wed. at 03;Import;Harmonized;M;M
Physical Energy & Power Flows;2024;8;1501;1501;1501;NL;DE;Value on 3rd Wed. at 03;Export;Harmonized;M;M
Physical Energy & Power Flows;2024;9;658;658;658;NL;DE;Value on 3rd Wed. at 03;Import;Harmonized;M;M
Physical Energy & Power Flows;2024;10;229;229;229;NL;DE;Value on 3rd Wed. at 03;Export;Harmonized;M;M
Physical Energy & Power Flows;2024;11;695;695;695;NL;DE;Value on 3rd Wed. at 03;Import;Harmonized;M;M
Physical Energy & Power Flows;2024;12;3545;3545;3545;NL;DE;Value on 3rd Wed. at 03;Export;Harmonized;M;M
Physical Energy & Power Flows;2024;1;0;0;0;NL;DK;Value on 3rd Wed. at 03;Import;Harmonized;M;M
Physical Energy & Power Flows;2024;2;275;275;275;NL;DK;Value on 3rd Wed. at 03;Export;Harmonized;M;M
Physical Energy & Power Flows;2024;3;697;697;697;NL;DK;Value on 3rd Wed. at 03;Export;Harmonized;M;M
Physical Energy & Power Flows;2024;4;491;491;491;NL;DK;Value on 3rd Wed. at 03;Export;Harmonized;M;M
Physical Energy & Power Flows;2024;5;700;700;700;NL;DK;Value on 3rd Wed. at 03;Import;Harmonized;M;M
Physical Energy & Power Flows;2024;6;167;167;167;NL;DK;Value on 3rd Wed. at 03;Export;Harmonized;M;M
Physical Energy & Power Flows;2024;7;490;490;490;NL;DK;Value on 3rd Wed. at 03;Import;Harmonized;M;M
Physical Energy & Power Flows;2024;8;691;691;691;NL;DK;Value on 3rd Wed. at 03;Import;Harmonized;M;M
Physical Energy & Power Flows;2024;9;673;673;673;NL;DK;Value on 3rd Wed. at 03;Export;Harmonized;M;M
Physical Energy & Power Flows;2024;10;65;65;65;NL;DK;Value on 3rd Wed. at 03;Export;Harmonized;M;M
Physical Energy & Power Flows;2024;11;62;62;62;NL;DK;Value on 3rd Wed. at 03;Export;Harmonized;M;M
Physical Energy & Power Flows;2024;12;630;630;630;NL;DK;Value on 3rd Wed. at 03;Import;Harmonized;M;M
Physical Energy & Power Flows;2024;1;588;588;588;NL;GB;Value on 3rd Wed. at 03;Export;Harmonized;M;M
Physical Energy & Power Flows;2024;2;97;97;97;NL;GB;Value on 3rd Wed. at 03;Export;Harmonized;M;M
Physical Energy & Power Flows;2024;3;970;970;970;NL;GB;Value on 3rd Wed. at 03;Export;Harmonized;M;M
Physical Energy & Power Flows;2024;4;995;995;995;NL;GB;Value on 3rd Wed. at 03;Import;Harmonized;M;M
Physical Energy & Power Flows;2024;5;443;443;443;NL;GB;Value on 3rd Wed. at 03;Import;Harmonized;M;M
Physical Energy & Power Flows;2024;6;593;593;593;NL;GB;Value on 3rd Wed. at 03;Export;Harmonized;M;M
Physical Energy & Power Flows;2024;7;0;0;0;NL;GB;Value on 3rd Wed. at 03;Export;Harmonized;M;M
Physical Energy & Power Flows;2024;8;1001;1001;1001;NL;GB;Value on 3rd Wed. at 03;Import;Harmonized;M;M
Physical Energy & Power Flows;2024;9;537;537;537;NL;GB;Value on 3rd Wed. at 03;Export;Harmonized;M;M
Physical Energy & Power Flows;2024;10;169;169;169;NL;GB;Value on 3rd Wed. at 03;Import;Harmonized;M;M
Physical Energy & Power Flows;2024;11;866;866;866;NL;GB;Value on 3rd Wed. at 03;Export;Harmonized;M;M
Physical Energy & Power Flows;2024;12;1;1;1;NL;GB;Value on 3rd Wed. at 03;Import;Harmonized;M;M
Physical Energy & Power Flows;2024;1;0;0;0;NL;NO;Value on 3rd Wed. at 03;Import;Harmonized;M;M
Physical Energy & Power Flows;2024;2;13;13;13;NL;NO;Value on 3rd Wed. at 03;Import;Harmonized;M;M
Physical Energy & Power Flows;2024;3;492;492;492;NL;NO;Value on 3rd Wed. at 03;Import;Harmonized;M;M
Physical Energy & Power Flows;2024;4;618;618;618;NL;NO;Value on 3rd Wed. at 03;Import;Harmonized;M;M
Physical Energy & Power Flows;2024;5;621;621;621;NL;NO;Value on 3rd Wed. at 03;Import;Harmonized;M;M
Physical Energy & Power Flows;2024;6;611;611;611;NL;NO;Value on 3rd Wed. at 03;Import;Harmonized;M;M
Physical Energy & Power Flows;2024;7;492;492;492;NL;NO;Value on 3rd Wed. at 03;Import;Harmonized;M;M
Physical Energy & Power Flows;2024;8;620;620;620;NL;NO;Value on 3rd Wed. at 03;Import;Harmonized;M;M
Physical Energy & Power Flows;2024;9;491;491;491;NL;NO;Value on 3rd Wed. at 03;Import;Harmonized;M;M
Physical Energy & Power Flows;2024;10;0;0;0;NL;NO;Value on 3rd Wed. at 03;Import;Harmonized;M;M
Physical Energy & Power Flows;2024;11;492;492;492;NL;NO;Value on 3rd Wed. at 03;Import;Harmonized;M;M
Physical Energy & Power Flows;2024;12;268;268;268;NL;NO;Value on 3rd Wed. at 03;Import;Harmonized;M;M
Physical Energy & Power Flows;2024;1;826;826;826;NO;DE;Value on 3rd Wed. at 03;Export;Harmonized;M;M
Physical Energy & Power Flows;2024;2;687;687;687;NO;DE;Value on 3rd Wed. at 03;Export;Harmonized;M;M
Physical Energy & Power Flows;2024;3;1405;1405;1405;NO;DE;Value on 3rd Wed. at 03;Export;Harmonized;M;M
Physical Energy & Power Flows;2024;4;1392;1392;1392;NO;DE;Value on 3rd Wed. at 03;Export;Harmonized;M;M
Physical Energy & Power Flows;2024;5;782;782;782;NO;DE;Value on 3rd Wed. at 03;Export;Harmonized;M;M
Physical Energy & Power Flows;2024;6;840;840;840;NO;DE;Value on 3rd Wed. at 03;Export;Harmonized;M;M
Physical Energy & Power Flows;2024;7;1375;1375;1375;NO;DE;Value on 3rd Wed. at 03;Export;Harmonized;M;M
Physical Energy & Power Flows;2024;8;823;823;823;NO;DE;Value on 3rd Wed. at 03;Export;Harmonized;M;M
Physical Energy & Power Flows;2024;9;0;0;0;NO;DE;Value on 3rd Wed. at 03;Import;Harmonized;M;M
Physical Energy & Power Flows;2024;10;238;238;238;NO;DE;Value on 3rd Wed. at 03;Import;Harmonized;M;M
Physical Energy & Power Flows;2024;11;1402;1402;1402;NO;DE;Value on 3rd Wed. at 03;Export;Harmonized;M;M
Physical Energy & Power Flows;2024;12;893;893;893;NO;DE;Value on 3rd Wed. at 03;Export;Harmonized;M;M
Physical Energy & Power Flows;2024;1;1633;1633;1633;NO;DK;Value on 3rd Wed. at 03;Import;Harmonized;M;M
Physical Energy & Power Flows;2024;2;923;923;923;NO;DK;Value on 3rd Wed. at 03;Import;Harmonized;M;M
Physical Energy & Power Flows;2024;3;1632;1632;1632;NO;DK;Value on 3rd Wed. at 03;Export;Harmonized;M;M
Physical Energy & Power Flows;2024;4;332;332;332;NO;DK;Value on 3rd Wed. at 03;Export;Harmonized;M;M
Physical Energy & Power Flows;2024;5;739;739;739;NO;DK;Value on 3rd Wed. at 03;Export;Harmonized;M;M
Physical Energy & Power Flows;2024;6;1631;1631;1631;NO;DK;Value on 3rd Wed. at 03;Export;Harmonized;M;M
Physical Energy & Power Flows;2024;7;1317;1317;1317;NO;DK;Value on 3rd Wed. at 03;Export;Harmonized;M;M
Physical Energy & Power Flows;2024;8;1632;1632;1632;NO;DK;Value on 3rd Wed. at 03;Export;Harmonized;M;M
Physical Energy & Power Flows;2024;9;1632;1632;1632;NO;DK;Value on 3rd Wed. at 03;Export;Harmonized;M;M
Physical Energy & Power Flows;2024;10;255;255;255;NO;DK;Value on 3rd Wed. at 03;Import;Harmonized;M;M
Physical Energy & Power Flows;2024;11;1631;1631;1631;NO;DK;Value on 3rd Wed. at 03;Export;Harmonized;M;M
Physical Energy & Power Flows;2024;12;12;12;12;NO;DK;Value on 3rd Wed. at 03;Import;Harmonized;M;M
Physical Energy & Power Flows;2024;1;101;101;101;NO;FI;Value on 3rd Wed. at 03;Export;Harmonized;M;M
Physical Energy & Power Flows;2024;2;11;11;11;NO;FI;Value on 3rd Wed. at 03;Export;Harmonized;M;M
Physical Energy & Power Flows;2024;3;23;23;23;NO;FI;Value on 3rd Wed. at 03;Export;Harmonized;M;M
Physical Energy & Power Flows;2024;4;25;25;25;NO;FI;Value on 3rd Wed. at 03;Import;Harmonized;M;M
Physical Energy & Power Flows;2024;5;43;43;43;NO;FI;Value on 3rd Wed. at 03;Export;Harmonized;M;M
Physical Energy & Power Flows;2024;6;0;0;0;NO;FI;Value on 3rd Wed. at 03;Import;Harmonized;M;M
Physical Energy & Power Flows;2024;7;0;0;0;NO;FI;Value on 3rd Wed. at 03;Import;Harmonized;M;M
Physical Energy & Power Flows;2024;8;83;83;83;NO;FI;Value on 3rd Wed. at 03;Export;Harmonized;M;M
Physical Energy & Power Flows;2024;9;31;31;31;NO;FI;Value on 3rd Wed. at 03;Export;Harmonized;M;M
Physical Energy & Power Flows;2024;10;35;35;35;NO;FI;Value on 3rd Wed. at 03;Export;Harmonized;M;M
Physical Energy & Power Flows;2024;11;10;10;10;NO;FI;Value on 3rd Wed. at 03;Export;Harmonized;M;M
Physical Energy & Power Flows;2024;12;20;20;20;NO;FI;Value on 3rd Wed. at 03;Export;Harmonized;M;M
Physical Energy & Power Flows;2024;1;389;389;389;NO;GB;Value on 3rd Wed. at 03;Export;Harmonized;M;M
Physical Energy & Power Flows;2024;2;948;948;948;NO;GB;Value on 3rd Wed. at 03;Export;Harmonized;M;M
Physical Energy & Power Flows;2024;3;1400;1400;1400;NO;GB;Value on 3rd Wed. at 03;Export;Harmonized;M;M
Physical Energy & Power Flows;2024;4;1402;1402;1402;NO;GB;Value on 3rd Wed. at 03;Export;Harmonized;M;M
Physical Energy & Power Flows;2024;5;1451;1451;1451;NO;GB;Value on 3rd Wed. at 03;Export;Harmonized;M;M
Physical Energy & Power Flows;2024;6;1451;1451;1451;NO;GB;Value on 3rd Wed. at 03;Export;Harmonized;M;M
Physical Energy & Power Flows;2024;7;1451;1451;1451;NO;GB;Value on 3rd Wed. at 03;Export;Harmonized;M;M
Physical Energy & Power Flows;2024;8;767;767;767;NO;GB;Value on 3rd Wed. at 03;Import;Harmonized;M;M
Physical Energy & Power Flows;2024;9;1451;1451;1451;NO;GB;Value on 3rd Wed. at 03;Export;Harmonized;M;M
Physical Energy & Power Flows;2024;10;0;0;0;NO;GB;Value on 3rd Wed. at 03;Import;Harmonized;M;M
Physical Energy & Power Flows;2024;11;1449;1449;1449;NO;GB;Value on 3rd Wed. at 03;Export;Harmonized;M;M
Physical Energy & Power Flows;2024;12;374;374;374;NO;GB;Value on 3rd Wed. at 03;Import;Harmonized;M;M
Physical Energy & Power Flows;2024;1;0;0;0;NO;NL;Value on 3rd Wed. at 03;Import;Harmonized;M;M
Physical Energy & Power Flows;2024;2;13;13;13;NO;NL;Value on 3rd Wed. at 03;Export;Harmonized;M;M
Physical Energy & Power Flows;2024;3;492;492;492;NO;NL;Value on 3rd Wed. at 03;Export;Harmonized;M;M
Physical Energy & Power Flows;2024;4;618;618;618;NO;NL;Value on 3rd Wed. at 03;Export;Harmonized;M;M
Physical Energy & Power Flows;2024;5;621;621;621;NO;NL;Value on 3rd Wed. at 03;Export;Harmonized;M;M
Physical Energy & Power Flows;2024;6;611;611;611;NO;NL;Value on 3rd Wed. at 03;Export;Harmonized;M;M
Physical Energy & Power Flows;2024;7;492;492;492;NO;NL;Value on 3rd Wed. at 03;Export;Harmonized;M;M
Physical Energy & Power Flows;2024;8;620;620;620;NO;NL;Value on 3rd Wed. at 03;Export;Harmonized;M;M
Physical Energy & Power Flows;2024;9;491;491;491;NO;NL;Value on 3rd Wed. at 03;Export;Harmonized;M;M
Physical Energy & Power Flows;2024;10;0;0;0;NO;NL;Value on 3rd Wed. at 03;Import;Harmonized;M;M
Physical Energy & Power Flows;2024;11;492;492;492;NO;NL;Value on 3rd Wed. at 03;Export;Harmonized;M;M
Physical Energy & Power Flows;2024;12;268;268;268;NO;NL;Value on 3rd Wed. at 03;Export;Harmonized;M;M
Physical Energy & Power Flows;2024;1;268;268;268;NO;SE;Value on 3rd Wed. at 03;Export;Harmonized;M;M
Physical Energy & Power Flows;2024;2;1454;1454;1454;NO;SE;Value on 3rd Wed. at 03;Import;Harmonized;M;M
Physical Energy & Power Flows;2024;3;740;740;740;NO;SE;Value on 3rd Wed. at 03;Import;Harmonized;M;M
Physical Energy & Power Flows;2024;4;399;399;399;NO;SE;Value on 3rd Wed. at 03;Export;Harmonized;M;M
Physical Energy & Power Flows;2024;5;1046;1046;1046;NO;SE;Value on 3rd Wed. at 03;Import;Harmonized;M;M
Physical Energy & Power Flows;2024;6;90;90;90;NO;SE;Value on 3rd Wed. at 03;Export;Harmonized;M;M
Physical Energy & Power Flows;2024;7;563;563;563;NO;SE;Value on 3rd Wed. at 03;Import;Harmonized;M;M
Physical Energy & Power Flows;2024;8;2271;2271;2271;NO;SE;Value on 3rd Wed. at 03;Import;Harmonized;M;M
Physical Energy & Power Flows;2024;9;1419;1419;1419;NO;SE;Value on 3rd Wed. at 03;Import;Harmonized;M;M
Physical Energy & Power Flows;2024;10;3048;3048;3048;NO;SE;Value on 3rd Wed. at 03;Import;Harmonized;M;M
Physical Energy & Power Flows;2024;11;788;788;788;NO;SE;Value on 3rd Wed. at 03;Import;Harmonized;M;M
Physical Energy & Power Flows;2024;12;1140;1140;1140;NO;SE;Value on 3rd Wed. at 03;Export;Harmonized;M;M
Physical Energy & Power Flows;2024;1;628;628;628;PL;CZ;Value on 3rd Wed. at 03;Export;Harmonized;M;M
Physical Energy & Power Flows;2024;2;592;592;592;PL;CZ;Value on 3rd Wed. at 03;Export;Harmonized;M;M
Physical Energy & Power Flows;2024;3;148;148;148;PL;CZ;Value on 3rd Wed. at 03;Import;Harmonized;M;M
Physical Energy & Power Flows;2024;4;134;134;134;PL;CZ;Value on 3rd Wed. at 03;Export;Harmonized;M;M
Physical Energy & Power Flows;2024;5;1320;1320;1320;PL;CZ;Value on 3rd Wed. at 03;Export;Harmonized;M;M
Physical Energy & Power Flows;2024;6;110;110;110;PL;CZ;Value on 3rd Wed. at 03;Export;Harmonized;M;M
Physical Energy & Power Flows;2024;7;711;711;711;PL;CZ;Value on 3rd Wed. at 03;Export;Harmonized;M;M
Physical Energy & Power Flows;2024;8;411;411;411;PL;CZ;Value on 3rd Wed. at 03;Export;Harmonized;M;M
Physical Energy & Power Flows;2024;9;243;243;243;PL;CZ;Value on 3rd Wed. at 03;Import;Harmonized;M;M
Physical Energy & Power Flows;2024;10;48;48;48;PL;CZ;Value on 3rd Wed. at 03;Export;Harmonized;M;M
Physical Energy & Power Flows;2024;11;2099;2099;2099;PL;CZ;Value on 3rd Wed. at 03;Export;Harmonized;M;M
Physical Energy & Power Flows;2024;12;943;943;943;PL;CZ;Value on 3rd Wed. at 03;Export;Harmonized;M;M
Physical Energy & Power Flows;2024;1;1345;1345;1345;PL;DE;Value on 3rd Wed. at 03;Import;Harmonized;M;M
Physical Energy & Power Flows;2024;2;930;930;930;PL;DE;Value on 3rd Wed. at 03;Import;Harmonized;M;M
Physical Energy & Power Flows;2024;3;1041;1041;1041;PL;DE;Value on 3rd Wed. at 03;Import;Harmonized;M;M
Physical Energy & Power Flows;2024;4;674;674;674;PL;DE;Value on 3rd Wed. at 03;Import;Harmonized;M;M
Physical Energy & Power Flows;2024;5;970;970;970;PL;DE;Value on 3rd Wed. at 03;Import;Harmonized;M;M
Physical Energy & Power Flows;2024;6;80;80;80;PL;DE;Value on 3rd Wed. at 03;Import;Harmonized;M;M
Physical Energy & Power Flows;2024;7;1435;1435;1435;PL;DE;Value on 3rd Wed. at 03;Import;Harmonized;M;M
Physical Energy & Power Flows;2024;8;1500;1500;1500;PL;DE;Value on 3rd Wed. at 03;Import;Harmonized;M;M
Physical Energy & Power Flows;2024;9;1451;1451;1451;PL;DE;Value on 3rd Wed. at 03;Import;Harmonized;M;M
Physical Energy & Power Flows;2024;10;2250;2250;2250;PL;DE;Value on 3rd Wed. at 03;Import;Harmonized;M;M
Physical Energy & Power Flows;2024;11;138;138;138;PL;DE;Value on 3rd Wed. at 03;Import;Harmonized;M;M
Physical Energy & Power Flows;2024;12;1783;1783;1783;PL;DE;Value on 3rd Wed. at 03;Import;Harmonized;M;M
Physical Energy & Power Flows;2024;1;491;491;491;PL;LT;Value on 3rd Wed. at 03;Export;Harmonized;M;M
Physical Energy & Power Flows;2024;2;231;231;231;PL;LT;Value on 3rd Wed. at 03;Export;Harmonized;M;M
Physical Energy & Power Flows;2024;3;435;435;435;PL;LT;Value on 3rd Wed. at 03;Export;Harmonized;M;M
Physical Energy & Power Flows;2024;4;51;51;51;PL;LT;Value on 3rd Wed. at 03;Export;Harmonized;M;M
Physical Energy & Power Flows;2024;5;87;87;87;PL;LT;Value on 3rd Wed. at 03;Export;Harmonized;M;M
Physical Energy & Power Flows;2024;6;241;241;241;PL;LT;Value on 3rd Wed. at 03;Export;Harmonized;M;M
Physical Energy & Power Flows;2024;7;26;26;26;PL;LT;Value on 3rd Wed. at 03;Import;Harmonized;M;M
Physical Energy & Power Flows;2024;8;95;95;95;PL;LT;Value on 3rd Wed. at 03;Export;Harmonized;M;M
Physical Energy & Power Flows;2024;9;66;66;66;PL;LT;Value on 3rd Wed. at 03;Import;Harmonized;M;M
Physical Energy & Power Flows;2024;10;398;398;398;PL;LT;Value on 3rd Wed. at 03;Export;Harmonized;M;M
Physical Energy & Power Flows;2024;11;0;0;0;PL;LT;Value on 3rd Wed. at 03;Import;Harmonized;M;M
Physical Energy & Power Flows;2024;12;473;473;473;PL;LT;Value on 3rd Wed. at 03;Export;Harmonized;M;M
Physical Energy & Power Flows;2024;1;596;596;596;PL;SE;Value on 3rd Wed. at 03;Import;Harmonized;M;M
Physical Energy & Power Flows;2024;2;598;598;598;PL;SE;Value on 3rd Wed. at 03;Import;Harmonized;M;M
Physical Energy & Power Flows;2024;3;598;598;598;PL;SE;Value on 3rd Wed. at 03;Import;Harmonized;M;M
Physical Energy & Power Flows;2024;4;465;465;465;PL;SE;Value on 3rd Wed. at 03;Import;Harmonized;M;M
Physical Energy & Power Flows;2024;5;598;598;598;PL;SE;Value on 3rd Wed. at 03;Import;Harmonized;M;M
Physical Energy & Power Flows;2024;6;589;589;589;PL;SE;Value on 3rd Wed. at 03;Import;Harmonized;M;M
Physical Energy & Power Flows;2024;7;594;594;594;PL;SE;Value on 3rd Wed. at 03;Import;Harmonized;M;M
Physical Energy & Power Flows;2024;8;0;0;0;PL;SE;Value on 3rd Wed. at 03;Import;Harmonized;M;M
Physical Energy & Power Flows;2024;9;0;0;0;PL;SE;Value on 3rd Wed. at 03;Import;Harmonized;M;M
Physical Energy & Power Flows;2024;10;0;0;0;PL;SE;Value on 3rd Wed. at 03;Import;Harmonized;M;M
Physical Energy & Power Flows;2024;11;597;597;597;PL;SE;Value on 3rd Wed. at 03;Import;Harmonized;M;M
Physical Energy & Power Flows;2024;12;597;597;597;PL;SE;Value on 3rd Wed. at 03;Import;Harmonized;M;M
Physical Energy & Power Flows;2024;1;710;710;710;PL;SK;Value on 3rd Wed. at 03;Export;Harmonized;M;M
Physical Energy & Power Flows;2024;2;668;668;668;PL;SK;Value on 3rd Wed. at 03;Export;Harmonized;M;M
Physical Energy & Power Flows;2024;3;61;61;61;PL;SK;Value on 3rd Wed. at 03;Import;Harmonized;M;M
Physical Energy & Power Flows;2024;4;0;0;0;PL;SK;Value on 3rd Wed. at 03;Import;Harmonized;M;M
Physical Energy & Power Flows;2024;5;0;0;0;PL;SK;Value on 3rd Wed. at 03;Import;Harmonized;M;M
Physical Energy & Power Flows;2024;6;756;756;756;PL;SK;Value on 3rd Wed. at 03;Export;Harmonized;M;M
Physical Energy & Power Flows;2024;7;563;563;563;PL;SK;Value on 3rd Wed. at 03;Export;Harmonized;M;M
Physical Energy & Power Flows;2024;8;468;468;468;PL;SK;Value on 3rd Wed. at 03;Export;Harmonized;M;M
Physical Energy & Power Flows;2024;9;381;381;381;PL;SK;Value on 3rd Wed. at 03;Export;Harmonized;M;M
Physical Energy & Power Flows;2024;10;226;226;226;PL;SK;Value on 3rd Wed. at 03;Export;Harmonized;M;M
Physical Energy & Power Flows;2024;11;1247;1247;1247;PL;SK;Value on 3rd Wed. at 03;Export;Harmonized;M;M
Physical Energy & Power Flows;2024;12;996;996;996;PL;SK;Value on 3rd Wed. at 03;Export;Harmonized;M;M
Physical Energy & Power Flows;2024;1;0;0;0;PL;UA;Value on 3rd Wed. at 03;Import;Harmonized;M;M
Physical Energy & Power Flows;2024;2;0;0;0;PL;UA;Value on 3rd Wed. at 03;Import;Harmonized;M;M
Physical Energy & Power Flows;2024;3;0;0;0;PL;UA;Value on 3rd Wed. at 03;Import;Harmonized;M;M
Physical Energy & Power Flows;2024;4;0;0;0;PL;UA;Value on 3rd Wed. at 03;Import;Harmonized;M;M
Physical Energy & Power Flows;2024;5;0;0;0;PL;UA;Value on 3rd Wed. at 03;Import;Harmonized;M;M
Physical Energy & Power Flows;2024;6;346;346;346;PL;UA;Value on 3rd Wed. at 03;Export;Harmonized;M;M
Physical Energy & Power Flows;2024;7;218;218;218;PL;UA;Value on 3rd Wed. at 03;Export;Harmonized;M;M
Physical Energy & Power Flows;2024;8;0;0;0;PL;UA;Value on 3rd Wed. at 03;Import;Harmonized;M;M
Physical Energy & Power Flows;2024;9;47;47;47;PL;UA;Value on 3rd Wed. at 03;Export;Harmonized;M;M
Physical Energy & Power Flows;2024;10;179;179;179;PL;UA;Value on 3rd Wed. at 03;Import;Harmonized;M;M
Physical Energy & Power Flows;2024;11;273;273;273;PL;UA;Value on 3rd Wed. at 03;Import;Harmonized;M;M
Physical Energy & Power Flows;2024;12;203;203;203;PL;UA;Value on 3rd Wed. at 03;Export;Harmonized;M;M
Physical Energy & Power Flows;2024;1;1000;1000;1000;PT;ES;Value on 3rd Wed. at 03;Export;Harmonized;M;M
Physical Energy & Power Flows;2024;2;1214;1214;1214;PT;ES;Value on 3rd Wed. at 03;Export;Harmonized;M;M
Physical Energy & Power Flows;2024;3;297;297;297;PT;ES;Value on 3rd Wed. at 03;Export;Harmonized;M;M
Physical Energy & Power Flows;2024;4;1973;1973;1973;PT;ES;Value on 3rd Wed. at 03;Export;Harmonized;M;M
Physical Energy & Power Flows;2024;5;1218;1218;1218;PT;ES;Value on 3rd Wed. at 03;Import;Harmonized;M;M
Physical Energy & Power Flows;2024;6;2376;2376;2376;PT;ES;Value on 3rd Wed. at 03;Import;Harmonized;M;M
Physical Energy & Power Flows;2024;7;2479;2479;2479;PT;ES;Value on 3rd Wed. at 03;Import;Harmonized;M;M
Physical Energy & Power Flows;2024;8;2208;2208;2208;PT;ES;Value on 3rd Wed. at 03;Import;Harmonized;M;M
Physical Energy & Power Flows;2024;9;633;633;633;PT;ES;Value on 3rd Wed. at 03;Import;Harmonized;M;M
Physical Energy & Power Flows;2024;10;2153;2153;2153;PT;ES;Value on 3rd Wed. at 03;Import;Harmonized;M;M
Physical Energy & Power Flows;2024;11;2375;2375;2375;PT;ES;Value on 3rd Wed. at 03;Import;Harmonized;M;M
Physical Energy & Power Flows;2024;12;2642;2642;2642;PT;ES;Value on 3rd Wed. at 03;Import;Harmonized;M;M
Physical Energy & Power Flows;2024;1;721;721;721;RO;BG;Value on 3rd Wed. at 03;Export;Harmonized;M;M
Physical Energy & Power Flows;2024;2;1028;1028;1028;RO;BG;Value on 3rd Wed. at 03;Export;Harmonized;M;M
Physical Energy & Power Flows;2024;3;18;18;18;RO;BG;Value on 3rd Wed. at 03;Import;Harmonized;M;M
Physical Energy & Power Flows;2024;4;447;447;447;RO;BG;Value on 3rd Wed. at 03;Import;Harmonized;M;M
Physical Energy & Power Flows;2024;5;32;32;32;RO;BG;Value on 3rd Wed. at 03;Export;Harmonized;M;M
Physical Energy & Power Flows;2024;6;224;224;224;RO;BG;Value on 3rd Wed. at 03;Import;Harmonized;M;M
Physical Energy & Power Flows;2024;7;591;591;591;RO;BG;Value on 3rd Wed. at 03;Import;Harmonized;M;M
Physical Energy & Power Flows;2024;8;318;318;318;RO;BG;Value on 3rd Wed. at 03;Import;Harmonized;M;M
Physical Energy & Power Flows;2024;9;258;258;258;RO;BG;Value on 3rd Wed. at 03;Export;Harmonized;M;M
Physical Energy & Power Flows;2024;10;745;745;745;RO;BG;Value on 3rd Wed. at 03;Export;Harmonized;M;M
Physical Energy & Power Flows;2024;11;1238;1238;1238;RO;BG;Value on 3rd Wed. at 03;Export;Harmonized;M;M
Physical Energy & Power Flows;2024;12;861;861;861;RO;BG;Value on 3rd Wed. at 03;Export;Harmonized;M;M
Physical Energy & Power Flows;2024;1;511;511;511;RO;HU;Value on 3rd Wed. at 03;Import;Harmonized;M;M
Physical Energy & Power Flows;2024;2;341;341;341;RO;HU;Value on 3rd Wed. at 03;Import;Harmonized;M;M
Physical Energy & Power Flows;2024;3;50;50;50;RO;HU;Value on 3rd Wed. at 03;Export;Harmonized;M;M
Physical Energy & Power Flows;2024;4;13;13;13;RO;HU;Value on 3rd Wed. at 03;Import;Harmonized;M;M
Physical Energy & Power Flows;2024;5;483;483;483;RO;HU;Value on 3rd Wed. at 03;Import;Harmonized;M;M
Physical Energy & Power Flows;2024;6;442;442;442;RO;HU;Value on 3rd Wed. at 03;Import;Harmonized;M;M
Physical Energy & Power Flows;2024;7;359;359;359;RO;HU;Value on 3rd Wed. at 03;Import;Harmonized;M;M
Physical Energy & Power Flows;2024;8;463;463;463;RO;HU;Value on 3rd Wed. at 03;Import;Harmonized;M;M
Physical Energy & Power Flows;2024;9;249;249;249;RO;HU;Value on 3rd Wed. at 03;Import;Harmonized;M;M
Physical Energy & Power Flows;2024;10;475;475;475;RO;HU;Value on 3rd Wed. at 03;Import;Harmonized;M;M
Physical Energy & Power Flows;2024;11;232;232;232;RO;HU;Value on 3rd Wed. at 03;Import;Harmonized;M;M
Physical Energy & Power Flows;2024;12;770;770;770;RO;HU;Value on 3rd Wed. at 03;Import;Harmonized;M;M
Physical Energy & Power Flows;2024;1;27;27;27;RO;MD;Value on 3rd Wed. at 03;Export;Harmonized;M;M
Physical Energy & Power Flows;2024;2;64;64;64;RO;MD;Value on 3rd Wed. at 03;Import;Harmonized;M;M
Physical Energy & Power Flows;2024;3;575;575;575;RO;MD;Value on 3rd Wed. at 03;Export;Harmonized;M;M
Physical Energy & Power Flows;2024;4;407;407;407;RO;MD;Value on 3rd Wed. at 03;Export;Harmonized;M;M
Physical Energy & Power Flows;2024;5;249;249;249;RO;MD;Value on 3rd Wed. at 03;Export;Harmonized;M;M
Physical Energy & Power Flows;2024;6;235;235;235;RO;MD;Value on 3rd Wed. at 03;Export;Harmonized;M;M
Physical Energy & Power Flows;2024;7;653;653;653;RO;MD;Value on 3rd Wed. at 03;Export;Harmonized;M;M
Physical Energy & Power Flows;2024;8;235;235;235;RO;MD;Value on 3rd Wed. at 03;Export;Harmonized;M;M
Physical Energy & Power Flows;2024;9;352;352;352;RO;MD;Value on 3rd Wed. at 03;Export;Harmonized;M;M
Physical Energy & Power Flows;2024;10;26;26;26;RO;MD;Value on 3rd Wed. at 03;Import;Harmonized;M;M
Physical Energy & Power Flows;2024;11;301;301;301;RO;MD;Value on 3rd Wed. at 03;Export;Harmonized;M;M
Physical Energy & Power Flows;2024;12;55;55;55;RO;MD;Value on 3rd Wed. at 03;Export;Harmonized;M;M
Physical Energy & Power Flows;2024;1;148;148;148;RO;RS;Value on 3rd Wed. at 03;Import;Harmonized;M;M
Physical Energy & Power Flows;2024;2;38;38;38;RO;RS;Value on 3rd Wed. at 03;Import;Harmonized;M;M
Physical Energy & Power Flows;2024;3;346;346;346;RO;RS;Value on 3rd Wed. at 03;Export;Harmonized;M;M
Physical Energy & Power Flows;2024;4;121;121;121;RO;RS;Value on 3rd Wed. at 03;Export;Harmonized;M;M
Physical Energy & Power Flows;2024;5;4;4;4;RO;RS;Value on 3rd Wed. at 03;Export;Harmonized;M;M
Physical Energy & Power Flows;2024;6;287;287;287;RO;RS;Value on 3rd Wed. at 03;Import;Harmonized;M;M
Physical Energy & Power Flows;2024;7;159;159;159;RO;RS;Value on 3rd Wed. at 03;Export;Harmonized;M;M
Physical Energy & Power Flows;2024;8;5;5;5;RO;RS;Value on 3rd Wed. at 03;Export;Harmonized;M;M
Physical Energy & Power Flows;2024;9;47;47;47;RO;RS;Value on 3rd Wed. at 03;Export;Harmonized;M;M
Physical Energy & Power Flows;2024;10;74;74;74;RO;RS;Value on 3rd Wed. at 03;Export;Harmonized;M;M
Physical Energy & Power Flows;2024;11;239;239;239;RO;RS;Value on 3rd Wed. at 03;Export;Harmonized;M;M
Physical Energy & Power Flows;2024;12;199;199;199;RO;RS;Value on 3rd Wed. at 03;Export;Harmonized;M;M
Physical Energy & Power Flows;2024;1;574;574;574;RO;UA;Value on 3rd Wed. at 03;Import;Harmonized;M;M
Physical Energy & Power Flows;2024;2;437;437;437;RO;UA;Value on 3rd Wed. at 03;Import;Harmonized;M;M
Physical Energy & Power Flows;2024;3;112;112;112;RO;UA;Value on 3rd Wed. at 03;Export;Harmonized;M;M
Physical Energy & Power Flows;2024;4;41;41;41;RO;UA;Value on 3rd Wed. at 03;Export;Harmonized;M;M
Physical Energy & Power Flows;2024;5;468;468;468;RO;UA;Value on 3rd Wed. at 03;Import;Harmonized;M;M
Physical Energy & Power Flows;2024;6;260;260;260;RO;UA;Value on 3rd Wed. at 03;Import;Harmonized;M;M
Physical Energy & Power Flows;2024;7;182;182;182;RO;UA;Value on 3rd Wed. at 03;Import;Harmonized;M;M
Physical Energy & Power Flows;2024;8;367;367;367;RO;UA;Value on 3rd Wed. at 03;Import;Harmonized;M;M
Physical Energy & Power Flows;2024;9;207;207;207;RO;UA;Value on 3rd Wed. at 03;Import;Harmonized;M;M
Physical Energy & Power Flows;2024;10;240;240;240;RO;UA;Value on 3rd Wed. at 03;Import;Harmonized;M;M
Physical Energy & Power Flows;2024;11;195;195;195;RO;UA;Value on 3rd Wed. at 03;Import;Harmonized;M;M
Physical Energy & Power Flows;2024;12;566;566;566;RO;UA;Value on 3rd Wed. at 03;Import;Harmonized;M;M
Physical Energy & Power Flows;2024;1;169;169;169;RS;BA;Value on 3rd Wed. at 03;Import;Harmonized;M;M
Physical Energy & Power Flows;2024;2;54;54;54;RS;BA;Value on 3rd Wed. at 03;Export;Harmonized;M;M
Physical Energy & Power Flows;2024;3;103;103;103;RS;BA;Value on 3rd Wed. at 03;Export;Harmonized;M;M
Physical Energy & Power Flows;2024;4;102;102;102;RS;BA;Value on 3rd Wed. at 03;Export;Harmonized;M;M
Physical Energy & Power Flows;2024;5;173;173;173;RS;BA;Value on 3rd Wed. at 03;Import;Harmonized;M;M
Physical Energy & Power Flows;2024;6;61;61;61;RS;BA;Value on 3rd Wed. at 03;Import;Harmonized;M;M
Physical Energy & Power Flows;2024;7;270;270;270;RS;BA;Value on 3rd Wed. at 03;Import;Harmonized;M;M
Physical Energy & Power Flows;2024;8;339;339;339;RS;BA;Value on 3rd Wed. at 03;Import;Harmonized;M;M
Physical Energy & Power Flows;2024;9;97;97;97;RS;BA;Value on 3rd Wed. at 03;Import;Harmonized;M;M
Physical Energy & Power Flows;2024;10;71;71;71;RS;BA;Value on 3rd Wed. at 03;Import;Harmonized;M;M
Physical Energy & Power Flows;2024;11;34;34;34;RS;BA;Value on 3rd Wed. at 03;Export;Harmonized;M;M
Physical Energy & Power Flows;2024;12;114;114;114;RS;BA;Value on 3rd Wed. at 03;Import;Harmonized;M;M
Physical Energy & Power Flows;2024;1;166;166;166;RS;BG;Value on 3rd Wed. at 03;Export;Harmonized;M;M
Physical Energy & Power Flows;2024;2;116;116;116;RS;BG;Value on 3rd Wed. at 03;Export;Harmonized;M;M
Physical Energy & Power Flows;2024;3;266;266;266;RS;BG;Value on 3rd Wed. at 03;Import;Harmonized;M;M
Physical Energy & Power Flows;2024;4;149;149;149;RS;BG;Value on 3rd Wed. at 03;Import;Harmonized;M;M
Physical Energy & Power Flows;2024;5;314;314;314;RS;BG;Value on 3rd Wed. at 03;Export;Harmonized;M;M
Physical Energy & Power Flows;2024;6;355;355;355;RS;BG;Value on 3rd Wed. at 03;Export;Harmonized;M;M
Physical Energy & Power Flows;2024;7;106;106;106;RS;BG;Value on 3rd Wed. at 03;Import;Harmonized;M;M
Physical Energy & Power Flows;2024;8;63;63;63;RS;BG;Value on 3rd Wed. at 03;Export;Harmonized;M;M
Physical Energy & Power Flows;2024;9;64;64;64;RS;BG;Value on 3rd Wed. at 03;Export;Harmonized;M;M
Physical Energy & Power Flows;2024;10;105;105;105;RS;BG;Value on 3rd Wed. at 03;Export;Harmonized;M;M
Physical Energy & Power Flows;2024;11;104;104;104;RS;BG;Value on 3rd Wed. at 03;Import;Harmonized;M;M
Physical Energy & Power Flows;2024;12;91;91;91;RS;BG;Value on 3rd Wed. at 03;Import;Harmonized;M;M
Physical Energy & Power Flows;2024;1;51;51;51;RS;HR;Value on 3rd Wed. at 03;Import;Harmonized;M;M
Physical Energy & Power Flows;2024;2;3;3;3;RS;HR;Value on 3rd Wed. at 03;Import;Harmonized;M;M
Physical Energy & Power Flows;2024;3;473;473;473;RS;HR;Value on 3rd Wed. at 03;Export;Harmonized;M;M
Physical Energy & Power Flows;2024;4;220;220;220;RS;HR;Value on 3rd Wed. at 03;Export;Harmonized;M;M
Physical Energy & Power Flows;2024;5;215;215;215;RS;HR;Value on 3rd Wed. at 03;Import;Harmonized;M;M
Physical Energy & Power Flows;2024;6;191;191;191;RS;HR;Value on 3rd Wed. at 03;Import;Harmonized;M;M
Physical Energy & Power Flows;2024;7;305;305;305;RS;HR;Value on 3rd Wed. at 03;Import;Harmonized;M;M
Physical Energy & Power Flows;2024;8;374;374;374;RS;HR;Value on 3rd Wed. at 03;Import;Harmonized;M;M
Physical Energy & Power Flows;2024;9;51;51;51;RS;HR;Value on 3rd Wed. at 03;Import;Harmonized;M;M
Physical Energy & Power Flows;2024;10;236;236;236;RS;HR;Value on 3rd Wed. at 03;Import;Harmonized;M;M
Physical Energy & Power Flows;2024;11;53;53;53;RS;HR;Value on 3rd Wed. at 03;Export;Harmonized;M;M
Physical Energy & Power Flows;2024;12;411;411;411;RS;HR;Value on 3rd Wed. at 03;Import;Harmonized;M;M
Physical Energy & Power Flows;2024;1;193;193;193;RS;HU;Value on 3rd Wed. at 03;Import;Harmonized;M;M
Physical Energy & Power Flows;2024;2;105;105;105;RS;HU;Value on 3rd Wed. at 03;Import;Harmonized;M;M
Physical Energy & Power Flows;2024;3;418;418;418;RS;HU;Value on 3rd Wed. at 03;Export;Harmonized;M;M
Physical Energy & Power Flows;2024;4;169;169;169;RS;HU;Value on 3rd Wed. at 03;Export;Harmonized;M;M
Physical Energy & Power Flows;2024;5;80;80;80;RS;HU;Value on 3rd Wed. at 03;Import;Harmonized;M;M
Physical Energy & Power Flows;2024;6;19;19;19;RS;HU;Value on 3rd Wed. at 03;Export;Harmonized;M;M
Physical Energy & Power Flows;2024;7;264;264;264;RS;HU;Value on 3rd Wed. at 03;Export;Harmonized;M;M
Physical Energy & Power Flows;2024;8;194;194;194;RS;HU;Value on 3rd Wed. at 03;Export;Harmonized;M;M
Physical Energy & Power Flows;2024;9;0;0;0;RS;HU;Value on 3rd Wed. at 03;Import;Harmonized;M;M
Physical Energy & Power Flows;2024;10;106;106;106;RS;HU;Value on 3rd Wed. at 03;Import;Harmonized;M;M
Physical Energy & Power Flows;2024;11;2;2;2;RS;HU;Value on 3rd Wed. at 03;Export;Harmonized;M;M
Physical Energy & Power Flows;2024;12;465;465;465;RS;HU;Value on 3rd Wed. at 03;Import;Harmonized;M;M
Physical Energy & Power Flows;2024;1;135;135;135;RS;ME;Value on 3rd Wed. at 03;Export;Harmonized;M;M
Physical Energy & Power Flows;2024;2;214;214;214;RS;ME;Value on 3rd Wed. at 03;Export;Harmonized;M;M
Physical Energy & Power Flows;2024;3;204;204;204;RS;ME;Value on 3rd Wed. at 03;Import;Harmonized;M;M
Physical Energy & Power Flows;2024;4;243;243;243;RS;ME;Value on 3rd Wed. at 03;Import;Harmonized;M;M
Physical Energy & Power Flows;2024;5;72;72;72;RS;ME;Value on 3rd Wed. at 03;Export;Harmonized;M;M
Physical Energy & Power Flows;2024;6;146;146;146;RS;ME;Value on 3rd Wed. at 03;Import;Harmonized;M;M
Physical Energy & Power Flows;2024;7;123;123;123;RS;ME;Value on 3rd Wed. at 03;Import;Harmonized;M;M
Physical Energy & Power Flows;2024;8;69;69;69;RS;ME;Value on 3rd Wed. at 03;Import;Harmonized;M;M
Physical Energy & Power Flows;2024;9;23;23;23;RS;ME;Value on 3rd Wed. at 03;Export;Harmonized;M;M
Physical Energy & Power Flows;2024;10;28;28;28;RS;ME;Value on 3rd Wed. at 03;Export;Harmonized;M;M
Physical Energy & Power Flows;2024;11;220;220;220;RS;ME;Value on 3rd Wed. at 03;Import;Harmonized;M;M
Physical Energy & Power Flows;2024;12;171;171;171;RS;ME;Value on 3rd Wed. at 03;Export;Harmonized;M;M
Physical Energy & Power Flows;2024;1;66;66;66;RS;MK;Value on 3rd Wed. at 03;Import;Harmonized;M;M
Physical Energy & Power Flows;2024;2;61;61;61;RS;MK;Value on 3rd Wed. at 03;Import;Harmonized;M;M
Physical Energy & Power Flows;2024;3;49;49;49;RS;MK;Value on 3rd Wed. at 03;Export;Harmonized;M;M
Physical Energy & Power Flows;2024;4;34;34;34;RS;MK;Value on 3rd Wed. at 03;Import;Harmonized;M;M
Physical Energy & Power Flows;2024;5;141;141;141;RS;MK;Value on 3rd Wed. at 03;Import;Harmonized;M;M
Physical Energy & Power Flows;2024;6;74;74;74;RS;MK;Value on 3rd Wed. at 03;Import;Harmonized;M;M
Physical Energy & Power Flows;2024;7;23;23;23;RS;MK;Value on 3rd Wed. at 03;Import;Harmonized;M;M
Physical Energy & Power Flows;2024;8;104;104;104;RS;MK;Value on 3rd Wed. at 03;Import;Harmonized;M;M
Physical Energy & Power Flows;2024;9;321;321;321;RS;MK;Value on 3rd Wed. at 03;Export;Harmonized;M;M
Physical Energy & Power Flows;2024;10;228;228;228;RS;MK;Value on 3rd Wed. at 03;Import;Harmonized;M;M
Physical Energy & Power Flows;2024;11;32;32;32;RS;MK;Value on 3rd Wed. at 03;Import;Harmonized;M;M
Physical Energy & Power Flows;2024;12;52;52;52;RS;MK;Value on 3rd Wed. at 03;Import;Harmonized;M;M
Physical Energy & Power Flows;2024;1;148;148;148;RS;RO;Value on 3rd Wed. at 03;Export;Harmonized;M;M
Physical Energy & Power Flows;2024;2;38;38;38;RS;RO;Value on 3rd Wed. at 03;Export;Harmonized;M;M
Physical Energy & Power Flows;2024;3;346;346;346;RS;RO;Value on 3rd Wed. at 03;Import;Harmonized;M;M
Physical Energy & Power Flows;2024;4;121;121;121;RS;RO;Value on 3rd Wed. at 03;Import;Harmonized;M;M
Physical Energy & Power Flows;2024;5;4;4;4;RS;RO;Value on 3rd Wed. at 03;Import;Harmonized;M;M
Physical Energy & Power Flows;2024;6;287;287;287;RS;RO;Value on 3rd Wed. at 03;Export;Harmonized;M;M
Physical Energy & Power Flows;2024;7;159;159;159;RS;RO;Value on 3rd Wed. at 03;Import;Harmonized;M;M
Physical Energy & Power Flows;2024;8;5;5;5;RS;RO;Value on 3rd Wed. at 03;Import;Harmonized;M;M
Physical Energy & Power Flows;2024;9;47;47;47;RS;RO;Value on 3rd Wed. at 03;Import;Harmonized;M;M
Physical Energy & Power Flows;2024;10;74;74;74;RS;RO;Value on 3rd Wed. at 03;Import;Harmonized;M;M
Physical Energy & Power Flows;2024;11;239;239;239;RS;RO;Value on 3rd Wed. at 03;Import;Harmonized;M;M
Physical Energy & Power Flows;2024;12;199;199;199;RS;RO;Value on 3rd Wed. at 03;Import;Harmonized;M;M
Physical Energy & Power Flows;2024;1;194;194;194;RS;XK;Value on 3rd Wed. at 03;Export;Harmonized;M;M
Physical Energy & Power Flows;2024;2;290;290;290;RS;XK;Value on 3rd Wed. at 03;Export;Harmonized;M;M
Physical Energy & Power Flows;2024;3;13;13;13;RS;XK;Value on 3rd Wed. at 03;Import;Harmonized;M;M
Physical Energy & Power Flows;2024;4;74;74;74;RS;XK;Value on 3rd Wed. at 03;Import;Harmonized;M;M
Physical Energy & Power Flows;2024;5;79;79;79;RS;XK;Value on 3rd Wed. at 03;Import;Harmonized;M;M
Physical Energy & Power Flows;2024;6;208;208;208;RS;XK;Value on 3rd Wed. at 03;Import;Harmonized;M;M
Physical Energy & Power Flows;2024;7;40;40;40;RS;XK;Value on 3rd Wed. at 03;Import;Harmonized;M;M
Physical Energy & Power Flows;2024;8;63;63;63;RS;XK;Value on 3rd Wed. at 03;Import;Harmonized;M;M
Physical Energy & Power Flows;2024;9;4;4;4;RS;XK;Value on 3rd Wed. at 03;Export;Harmonized;M;M
Physical Energy & Power Flows;2024;10;175;175;175;RS;XK;Value on 3rd Wed. at 03;Export;Harmonized;M;M
Physical Energy & Power Flows;2024;11;42;42;42;RS;XK;Value on 3rd Wed. at 03;Export;Harmonized;M;M
Physical Energy & Power Flows;2024;12;348;348;348;RS;XK;Value on 3rd Wed. at 03;Export;Harmonized;M;M
Physical Energy & Power Flows;2024;1;108;108;108;RU;EE;Value on 3rd Wed. at 03;Export;Harmonized;NaM;M
Physical Energy & Power Flows;2024;2;55;55;55;RU;EE;Value on 3rd Wed. at 03;Import;Harmonized;NaM;M
Physical Energy & Power Flows;2024;3;62;62;62;RU;EE;Value on 3rd Wed. at 03;Import;Harmonized;NaM;M
Physical Energy & Power Flows;2024;4;15;15;15;RU;EE;Value on 3rd Wed. at 03;Export;Harmonized;NaM;M
Physical Energy & Power Flows;2024;5;26;26;26;RU;EE;Value on 3rd Wed. at 03;Export;Harmonized;NaM;M
Physical Energy & Power Flows;2024;6;10;10;10;RU;EE;Value on 3rd Wed. at 03;Import;Harmonized;NaM;M
Physical Energy & Power Flows;2024;7;104;104;104;RU;EE;Value on 3rd Wed. at 03;Import;Harmonized;NaM;M
Physical Energy & Power Flows;2024;8;60;60;60;RU;EE;Value on 3rd Wed. at 03;Export;Harmonized;NaM;M
Physical Energy & Power Flows;2024;9;165;165;165;RU;EE;Value on 3rd Wed. at 03;Import;Harmonized;NaM;M
Physical Energy & Power Flows;2024;10;182;182;182;RU;EE;Value on 3rd Wed. at 03;Import;Harmonized;NaM;M
Physical Energy & Power Flows;2024;11;84;84;84;RU;EE;Value on 3rd Wed. at 03;Import;Harmonized;NaM;M
Physical Energy & Power Flows;2024;12;193;193;193;RU;EE;Value on 3rd Wed. at 03;Export;Harmonized;NaM;M
Physical Energy & Power Flows;2024;1;0;0;0;RU;FI;Value on 3rd Wed. at 03;Import;Harmonized;NaM;M
Physical Energy & Power Flows;2024;2;0;0;0;RU;FI;Value on 3rd Wed. at 03;Import;Harmonized;NaM;M
Physical Energy & Power Flows;2024;3;0;0;0;RU;FI;Value on 3rd Wed. at 03;Import;Harmonized;NaM;M
Physical Energy & Power Flows;2024;4;0;0;0;RU;FI;Value on 3rd Wed. at 03;Import;Harmonized;NaM;M
Physical Energy & Power Flows;2024;5;0;0;0;RU;FI;Value on 3rd Wed. at 03;Import;Harmonized;NaM;M
Physical Energy & Power Flows;2024;6;0;0;0;RU;FI;Value on 3rd Wed. at 03;Import;Harmonized;NaM;M
Physical Energy & Power Flows;2024;7;0;0;0;RU;FI;Value on 3rd Wed. at 03;Import;Harmonized;NaM;M
Physical Energy & Power Flows;2024;8;0;0;0;RU;FI;Value on 3rd Wed. at 03;Import;Harmonized;NaM;M
Physical Energy & Power Flows;2024;9;0;0;0;RU;FI;Value on 3rd Wed. at 03;Import;Harmonized;NaM;M
Physical Energy & Power Flows;2024;10;0;0;0;RU;FI;Value on 3rd Wed. at 03;Import;Harmonized;NaM;M
Physical Energy & Power Flows;2024;11;0;0;0;RU;FI;Value on 3rd Wed. at 03;Import;Harmonized;NaM;M
Physical Energy & Power Flows;2024;12;0;0;0;RU;FI;Value on 3rd Wed. at 03;Import;Harmonized;NaM;M
Physical Energy & Power Flows;2024;1;224;224;224;RU;GE;Value on 3rd Wed. at 03;Export;Harmonized;NaM;NaM
Physical Energy & Power Flows;2024;2;197;197;197;RU;GE;Value on 3rd Wed. at 03;Export;Harmonized;NaM;NaM
Physical Energy & Power Flows;2024;3;190;190;190;RU;GE;Value on 3rd Wed. at 03;Export;Harmonized;NaM;NaM
Physical Energy & Power Flows;2024;4;17;17;17;RU;GE;Value on 3rd Wed. at 03;Export;Harmonized;NaM;NaM
Physical Energy & Power Flows;2024;5;14;14;14;RU;GE;Value on 3rd Wed. at 03;Export;Harmonized;NaM;NaM
Physical Energy & Power Flows;2024;6;413;413;413;RU;GE;Value on 3rd Wed. at 03;Export;Harmonized;NaM;NaM
Physical Energy & Power Flows;2024;7;11;11;11;RU;GE;Value on 3rd Wed. at 03;Export;Harmonized;NaM;NaM
Physical Energy & Power Flows;2024;8;11;11;11;RU;GE;Value on 3rd Wed. at 03;Export;Harmonized;NaM;NaM
Physical Energy & Power Flows;2024;9;11;11;11;RU;GE;Value on 3rd Wed. at 03;Export;Harmonized;NaM;NaM
Physical Energy & Power Flows;2024;10;366;366;366;RU;GE;Value on 3rd Wed. at 03;Export;Harmonized;NaM;NaM
Physical Energy & Power Flows;2024;11;279;279;279;RU;GE;Value on 3rd Wed. at 03;Export;Harmonized;NaM;NaM
Physical Energy & Power Flows;2024;12;321;321;321;RU;GE;Value on 3rd Wed. at 03;Export;Harmonized;NaM;NaM
Physical Energy & Power Flows;2024;1;14;14;14;RU;LT;Value on 3rd Wed. at 03;Import;Harmonized;NaM;M
Physical Energy & Power Flows;2024;2;3;3;3;RU;LT;Value on 3rd Wed. at 03;Import;Harmonized;NaM;M
Physical Energy & Power Flows;2024;3;0;0;0;RU;LT;Value on 3rd Wed. at 03;Import;Harmonized;NaM;M
Physical Energy & Power Flows;2024;4;23;23;23;RU;LT;Value on 3rd Wed. at 03;Import;Harmonized;NaM;M
Physical Energy & Power Flows;2024;5;3;3;3;RU;LT;Value on 3rd Wed. at 03;Export;Harmonized;NaM;M
Physical Energy & Power Flows;2024;6;5;5;5;RU;LT;Value on 3rd Wed. at 03;Export;Harmonized;NaM;M
Physical Energy & Power Flows;2024;7;11;11;11;RU;LT;Value on 3rd Wed. at 03;Import;Harmonized;NaM;M
Physical Energy & Power Flows;2024;8;0;0;0;RU;LT;Value on 3rd Wed. at 03;Import;Harmonized;NaM;M
Physical Energy & Power Flows;2024;9;12;12;12;RU;LT;Value on 3rd Wed. at 03;Import;Harmonized;NaM;M
Physical Energy & Power Flows;2024;10;13;13;13;RU;LT;Value on 3rd Wed. at 03;Import;Harmonized;NaM;M
Physical Energy & Power Flows;2024;11;8;8;8;RU;LT;Value on 3rd Wed. at 03;Export;Harmonized;NaM;M
Physical Energy & Power Flows;2024;12;5;5;5;RU;LT;Value on 3rd Wed. at 03;Import;Harmonized;NaM;M
Physical Energy & Power Flows;2024;1;119;119;119;RU;LV;Value on 3rd Wed. at 03;Import;Harmonized;NaM;M
Physical Energy & Power Flows;2024;2;94;94;94;RU;LV;Value on 3rd Wed. at 03;Export;Harmonized;NaM;M
Physical Energy & Power Flows;2024;3;18;18;18;RU;LV;Value on 3rd Wed. at 03;Import;Harmonized;NaM;M
Physical Energy & Power Flows;2024;4;20;20;20;RU;LV;Value on 3rd Wed. at 03;Export;Harmonized;NaM;M
Physical Energy & Power Flows;2024;5;114;114;114;RU;LV;Value on 3rd Wed. at 03;Export;Harmonized;NaM;M
Physical Energy & Power Flows;2024;6;70;70;70;RU;LV;Value on 3rd Wed. at 03;Export;Harmonized;NaM;M
Physical Energy & Power Flows;2024;7;80;80;80;RU;LV;Value on 3rd Wed. at 03;Export;Harmonized;NaM;M
Physical Energy & Power Flows;2024;8;21;21;21;RU;LV;Value on 3rd Wed. at 03;Export;Harmonized;NaM;M
Physical Energy & Power Flows;2024;9;153;153;153;RU;LV;Value on 3rd Wed. at 03;Export;Harmonized;NaM;M
Physical Energy & Power Flows;2024;10;82;82;82;RU;LV;Value on 3rd Wed. at 03;Export;Harmonized;NaM;M
Physical Energy & Power Flows;2024;11;9;9;9;RU;LV;Value on 3rd Wed. at 03;Import;Harmonized;NaM;M
Physical Energy & Power Flows;2024;12;0;0;0;RU;LV;Value on 3rd Wed. at 03;Import;Harmonized;NaM;M
Physical Energy & Power Flows;2024;1;0;0;0;RU;UA;Value on 3rd Wed. at 03;Import;Harmonized;NaM;M
Physical Energy & Power Flows;2024;2;0;0;0;RU;UA;Value on 3rd Wed. at 03;Import;Harmonized;NaM;M
Physical Energy & Power Flows;2024;3;0;0;0;RU;UA;Value on 3rd Wed. at 03;Import;Harmonized;NaM;M
Physical Energy & Power Flows;2024;4;0;0;0;RU;UA;Value on 3rd Wed. at 03;Import;Harmonized;NaM;M
Physical Energy & Power Flows;2024;5;0;0;0;RU;UA;Value on 3rd Wed. at 03;Import;Harmonized;NaM;M
Physical Energy & Power Flows;2024;6;0;0;0;RU;UA;Value on 3rd Wed. at 03;Import;Harmonized;NaM;M
Physical Energy & Power Flows;2024;7;0;0;0;RU;UA;Value on 3rd Wed. at 03;Import;Harmonized;NaM;M
Physical Energy & Power Flows;2024;8;0;0;0;RU;UA;Value on 3rd Wed. at 03;Import;Harmonized;NaM;M
Physical Energy & Power Flows;2024;9;0;0;0;RU;UA;Value on 3rd Wed. at 03;Import;Harmonized;NaM;M
Physical Energy & Power Flows;2024;10;0;0;0;RU;UA;Value on 3rd Wed. at 03;Import;Harmonized;NaM;M
Physical Energy & Power Flows;2024;11;0;0;0;RU;UA;Value on 3rd Wed. at 03;Import;Harmonized;NaM;M
Physical Energy & Power Flows;2024;12;0;0;0;RU;UA;Value on 3rd Wed. at 03;Import;Harmonized;NaM;M
Physical Energy & Power Flows;2024;1;616;616;616;SE;DE;Value on 3rd Wed. at 03;Export;Harmonized;M;M
Physical Energy & Power Flows;2024;2;617;617;617;SE;DE;Value on 3rd Wed. at 03;Export;Harmonized;M;M
Physical Energy & Power Flows;2024;3;617;617;617;SE;DE;Value on 3rd Wed. at 03;Export;Harmonized;M;M
Physical Energy & Power Flows;2024;4;110;110;110;SE;DE;Value on 3rd Wed. at 03;Export;Harmonized;M;M
Physical Energy & Power Flows;2024;5;618;618;618;SE;DE;Value on 3rd Wed. at 03;Export;Harmonized;M;M
Physical Energy & Power Flows;2024;6;158;158;158;SE;DE;Value on 3rd Wed. at 03;Export;Harmonized;M;M
Physical Energy & Power Flows;2024;7;560;560;560;SE;DE;Value on 3rd Wed. at 03;Export;Harmonized;M;M
Physical Energy & Power Flows;2024;8;456;456;456;SE;DE;Value on 3rd Wed. at 03;Export;Harmonized;M;M
Physical Energy & Power Flows;2024;9;0;0;0;SE;DE;Value on 3rd Wed. at 03;Import;Harmonized;M;M
Physical Energy & Power Flows;2024;10;429;429;429;SE;DE;Value on 3rd Wed. at 03;Import;Harmonized;M;M
Physical Energy & Power Flows;2024;11;617;617;617;SE;DE;Value on 3rd Wed. at 03;Export;Harmonized;M;M
Physical Energy & Power Flows;2024;12;617;617;617;SE;DE;Value on 3rd Wed. at 03;Export;Harmonized;M;M
Physical Energy & Power Flows;2024;1;421;421;421;SE;DK;Value on 3rd Wed. at 03;Import;Harmonized;M;M
Physical Energy & Power Flows;2024;2;3;3;3;SE;DK;Value on 3rd Wed. at 03;Import;Harmonized;M;M
Physical Energy & Power Flows;2024;3;1610;1610;1610;SE;DK;Value on 3rd Wed. at 03;Export;Harmonized;M;M
Physical Energy & Power Flows;2024;4;1040;1040;1040;SE;DK;Value on 3rd Wed. at 03;Export;Harmonized;M;M
Physical Energy & Power Flows;2024;5;1869;1869;1869;SE;DK;Value on 3rd Wed. at 03;Export;Harmonized;M;M
Physical Energy & Power Flows;2024;6;1921;1921;1921;SE;DK;Value on 3rd Wed. at 03;Export;Harmonized;M;M
Physical Energy & Power Flows;2024;7;1945;1945;1945;SE;DK;Value on 3rd Wed. at 03;Export;Harmonized;M;M
Physical Energy & Power Flows;2024;8;1158;1158;1158;SE;DK;Value on 3rd Wed. at 03;Export;Harmonized;M;M
Physical Energy & Power Flows;2024;9;1385;1385;1385;SE;DK;Value on 3rd Wed. at 03;Export;Harmonized;M;M
Physical Energy & Power Flows;2024;10;155;155;155;SE;DK;Value on 3rd Wed. at 03;Export;Harmonized;M;M
Physical Energy & Power Flows;2024;11;1799;1799;1799;SE;DK;Value on 3rd Wed. at 03;Export;Harmonized;M;M
Physical Energy & Power Flows;2024;12;201;201;201;SE;DK;Value on 3rd Wed. at 03;Export;Harmonized;M;M
Physical Energy & Power Flows;2024;1;2205;2205;2205;SE;FI;Value on 3rd Wed. at 03;Export;Harmonized;M;M
Physical Energy & Power Flows;2024;2;1737;1737;1737;SE;FI;Value on 3rd Wed. at 03;Export;Harmonized;M;M
Physical Energy & Power Flows;2024;3;864;864;864;SE;FI;Value on 3rd Wed. at 03;Import;Harmonized;M;M
Physical Energy & Power Flows;2024;4;1674;1674;1674;SE;FI;Value on 3rd Wed. at 03;Export;Harmonized;M;M
Physical Energy & Power Flows;2024;5;355;355;355;SE;FI;Value on 3rd Wed. at 03;Import;Harmonized;M;M
Physical Energy & Power Flows;2024;6;479;479;479;SE;FI;Value on 3rd Wed. at 03;Import;Harmonized;M;M
Physical Energy & Power Flows;2024;7;794;794;794;SE;FI;Value on 3rd Wed. at 03;Import;Harmonized;M;M
Physical Energy & Power Flows;2024;8;29;29;29;SE;FI;Value on 3rd Wed. at 03;Import;Harmonized;M;M
Physical Energy & Power Flows;2024;9;863;863;863;SE;FI;Value on 3rd Wed. at 03;Export;Harmonized;M;M
Physical Energy & Power Flows;2024;10;122;122;122;SE;FI;Value on 3rd Wed. at 03;Export;Harmonized;M;M
Physical Energy & Power Flows;2024;11;1768;1768;1768;SE;FI;Value on 3rd Wed. at 03;Export;Harmonized;M;M
Physical Energy & Power Flows;2024;12;2214;2214;2214;SE;FI;Value on 3rd Wed. at 03;Export;Harmonized;M;M
Physical Energy & Power Flows;2024;1;733;733;733;SE;LT;Value on 3rd Wed. at 03;Export;Harmonized;M;M
Physical Energy & Power Flows;2024;2;734;734;734;SE;LT;Value on 3rd Wed. at 03;Export;Harmonized;M;M
Physical Energy & Power Flows;2024;3;733;733;733;SE;LT;Value on 3rd Wed. at 03;Export;Harmonized;M;M
Physical Energy & Power Flows;2024;4;565;565;565;SE;LT;Value on 3rd Wed. at 03;Export;Harmonized;M;M
Physical Energy & Power Flows;2024;5;518;518;518;SE;LT;Value on 3rd Wed. at 03;Export;Harmonized;M;M
Physical Energy & Power Flows;2024;6;643;643;643;SE;LT;Value on 3rd Wed. at 03;Export;Harmonized;M;M
Physical Energy & Power Flows;2024;7;733;733;733;SE;LT;Value on 3rd Wed. at 03;Export;Harmonized;M;M
Physical Energy & Power Flows;2024;8;732;732;732;SE;LT;Value on 3rd Wed. at 03;Export;Harmonized;M;M
Physical Energy & Power Flows;2024;9;679;679;679;SE;LT;Value on 3rd Wed. at 03;Export;Harmonized;M;M
Physical Energy & Power Flows;2024;10;603;603;603;SE;LT;Value on 3rd Wed. at 03;Export;Harmonized;M;M
Physical Energy & Power Flows;2024;11;268;268;268;SE;LT;Value on 3rd Wed. at 03;Export;Harmonized;M;M
Physical Energy & Power Flows;2024;12;734;734;734;SE;LT;Value on 3rd Wed. at 03;Export;Harmonized;M;M
Physical Energy & Power Flows;2024;1;268;268;268;SE;NO;Value on 3rd Wed. at 03;Import;Harmonized;M;M
Physical Energy & Power Flows;2024;2;1454;1454;1454;SE;NO;Value on 3rd Wed. at 03;Export;Harmonized;M;M
Physical Energy & Power Flows;2024;3;740;740;740;SE;NO;Value on 3rd Wed. at 03;Export;Harmonized;M;M
Physical Energy & Power Flows;2024;4;399;399;399;SE;NO;Value on 3rd Wed. at 03;Import;Harmonized;M;M
Physical Energy & Power Flows;2024;5;1046;1046;1046;SE;NO;Value on 3rd Wed. at 03;Export;Harmonized;M;M
Physical Energy & Power Flows;2024;6;90;90;90;SE;NO;Value on 3rd Wed. at 03;Import;Harmonized;M;M
Physical Energy & Power Flows;2024;7;563;563;563;SE;NO;Value on 3rd Wed. at 03;Export;Harmonized;M;M
Physical Energy & Power Flows;2024;8;2271;2271;2271;SE;NO;Value on 3rd Wed. at 03;Export;Harmonized;M;M
Physical Energy & Power Flows;2024;9;1419;1419;1419;SE;NO;Value on 3rd Wed. at 03;Export;Harmonized;M;M
Physical Energy & Power Flows;2024;10;3048;3048;3048;SE;NO;Value on 3rd Wed. at 03;Export;Harmonized;M;M
Physical Energy & Power Flows;2024;11;788;788;788;SE;NO;Value on 3rd Wed. at 03;Export;Harmonized;M;M
Physical Energy & Power Flows;2024;12;1140;1140;1140;SE;NO;Value on 3rd Wed. at 03;Import;Harmonized;M;M
Physical Energy & Power Flows;2024;1;596;596;596;SE;PL;Value on 3rd Wed. at 03;Export;Harmonized;M;M
Physical Energy & Power Flows;2024;2;598;598;598;SE;PL;Value on 3rd Wed. at 03;Export;Harmonized;M;M
Physical Energy & Power Flows;2024;3;598;598;598;SE;PL;Value on 3rd Wed. at 03;Export;Harmonized;M;M
Physical Energy & Power Flows;2024;4;465;465;465;SE;PL;Value on 3rd Wed. at 03;Export;Harmonized;M;M
Physical Energy & Power Flows;2024;5;598;598;598;SE;PL;Value on 3rd Wed. at 03;Export;Harmonized;M;M
Physical Energy & Power Flows;2024;6;589;589;589;SE;PL;Value on 3rd Wed. at 03;Export;Harmonized;M;M
Physical Energy & Power Flows;2024;7;594;594;594;SE;PL;Value on 3rd Wed. at 03;Export;Harmonized;M;M
Physical Energy & Power Flows;2024;8;0;0;0;SE;PL;Value on 3rd Wed. at 03;Import;Harmonized;M;M
Physical Energy & Power Flows;2024;9;0;0;0;SE;PL;Value on 3rd Wed. at 03;Import;Harmonized;M;M
Physical Energy & Power Flows;2024;10;0;0;0;SE;PL;Value on 3rd Wed. at 03;Import;Harmonized;M;M
Physical Energy & Power Flows;2024;11;597;597;597;SE;PL;Value on 3rd Wed. at 03;Export;Harmonized;M;M
Physical Energy & Power Flows;2024;12;597;597;597;SE;PL;Value on 3rd Wed. at 03;Export;Harmonized;M;M
Physical Energy & Power Flows;2024;1;969;969;969;SI;AT;Value on 3rd Wed. at 03;Import;Harmonized;M;M
Physical Energy & Power Flows;2024;2;883;883;883;SI;AT;Value on 3rd Wed. at 03;Import;Harmonized;M;M
Physical Energy & Power Flows;2024;3;40;40;40;SI;AT;Value on 3rd Wed. at 03;Export;Harmonized;M;M
Physical Energy & Power Flows;2024;4;389;389;389;SI;AT;Value on 3rd Wed. at 03;Import;Harmonized;M;M
Physical Energy & Power Flows;2024;5;849;849;849;SI;AT;Value on 3rd Wed. at 03;Import;Harmonized;M;M
Physical Energy & Power Flows;2024;6;750;750;750;SI;AT;Value on 3rd Wed. at 03;Import;Harmonized;M;M
Physical Energy & Power Flows;2024;7;931;931;931;SI;AT;Value on 3rd Wed. at 03;Import;Harmonized;M;M
Physical Energy & Power Flows;2024;8;1017;1017;1017;SI;AT;Value on 3rd Wed. at 03;Import;Harmonized;M;M
Physical Energy & Power Flows;2024;9;443;443;443;SI;AT;Value on 3rd Wed. at 03;Import;Harmonized;M;M
Physical Energy & Power Flows;2024;10;686;686;686;SI;AT;Value on 3rd Wed. at 03;Import;Harmonized;M;M
Physical Energy & Power Flows;2024;11;62;62;62;SI;AT;Value on 3rd Wed. at 03;Export;Harmonized;M;M
Physical Energy & Power Flows;2024;12;1486;1486;1486;SI;AT;Value on 3rd Wed. at 03;Import;Harmonized;M;M
Physical Energy & Power Flows;2024;1;62;62;62;SI;HR;Value on 3rd Wed. at 03;Import;Harmonized;M;M
Physical Energy & Power Flows;2024;2;83;83;83;SI;HR;Value on 3rd Wed. at 03;Export;Harmonized;M;M
Physical Energy & Power Flows;2024;3;1091;1091;1091;SI;HR;Value on 3rd Wed. at 03;Import;Harmonized;M;M
Physical Energy & Power Flows;2024;4;752;752;752;SI;HR;Value on 3rd Wed. at 03;Import;Harmonized;M;M
Physical Energy & Power Flows;2024;5;829;829;829;SI;HR;Value on 3rd Wed. at 03;Export;Harmonized;M;M
Physical Energy & Power Flows;2024;6;896;896;896;SI;HR;Value on 3rd Wed. at 03;Export;Harmonized;M;M
Physical Energy & Power Flows;2024;7;799;799;799;SI;HR;Value on 3rd Wed. at 03;Export;Harmonized;M;M
Physical Energy & Power Flows;2024;8;1053;1053;1053;SI;HR;Value on 3rd Wed. at 03;Export;Harmonized;M;M
Physical Energy & Power Flows;2024;9;58;58;58;SI;HR;Value on 3rd Wed. at 03;Export;Harmonized;M;M
Physical Energy & Power Flows;2024;10;438;438;438;SI;HR;Value on 3rd Wed. at 03;Export;Harmonized;M;M
Physical Energy & Power Flows;2024;11;564;564;564;SI;HR;Value on 3rd Wed. at 03;Import;Harmonized;M;M
Physical Energy & Power Flows;2024;12;508;508;508;SI;HR;Value on 3rd Wed. at 03;Export;Harmonized;M;M
Physical Energy & Power Flows;2024;1;199;199;199;SI;HU;Value on 3rd Wed. at 03;Import;Harmonized;M;M
Physical Energy & Power Flows;2024;2;397;397;397;SI;HU;Value on 3rd Wed. at 03;Import;Harmonized;M;M
Physical Energy & Power Flows;2024;3;67;67;67;SI;HU;Value on 3rd Wed. at 03;Import;Harmonized;M;M
Physical Energy & Power Flows;2024;4;122;122;122;SI;HU;Value on 3rd Wed. at 03;Import;Harmonized;M;M
Physical Energy & Power Flows;2024;5;131;131;131;SI;HU;Value on 3rd Wed. at 03;Export;Harmonized;M;M
Physical Energy & Power Flows;2024;6;192;192;192;SI;HU;Value on 3rd Wed. at 03;Export;Harmonized;M;M
Physical Energy & Power Flows;2024;7;0;0;0;SI;HU;Value on 3rd Wed. at 03;Import;Harmonized;M;M
Physical Energy & Power Flows;2024;8;233;233;233;SI;HU;Value on 3rd Wed. at 03;Export;Harmonized;M;M
Physical Energy & Power Flows;2024;9;115;115;115;SI;HU;Value on 3rd Wed. at 03;Export;Harmonized;M;M
Physical Energy & Power Flows;2024;10;134;134;134;SI;HU;Value on 3rd Wed. at 03;Export;Harmonized;M;M
Physical Energy & Power Flows;2024;11;407;407;407;SI;HU;Value on 3rd Wed. at 03;Import;Harmonized;M;M
Physical Energy & Power Flows;2024;12;261;261;261;SI;HU;Value on 3rd Wed. at 03;Import;Harmonized;M;M
Physical Energy & Power Flows;2024;1;845;845;845;SI;IT;Value on 3rd Wed. at 03;Export;Harmonized;M;M
Physical Energy & Power Flows;2024;2;1013;1013;1013;SI;IT;Value on 3rd Wed. at 03;Export;Harmonized;M;M
Physical Energy & Power Flows;2024;3;1052;1052;1052;SI;IT;Value on 3rd Wed. at 03;Export;Harmonized;M;M
Physical Energy & Power Flows;2024;4;1089;1089;1089;SI;IT;Value on 3rd Wed. at 03;Export;Harmonized;M;M
Physical Energy & Power Flows;2024;5;4;4;4;SI;IT;Value on 3rd Wed. at 03;Export;Harmonized;M;M
Physical Energy & Power Flows;2024;6;302;302;302;SI;IT;Value on 3rd Wed. at 03;Export;Harmonized;M;M
Physical Energy & Power Flows;2024;7;42;42;42;SI;IT;Value on 3rd Wed. at 03;Import;Harmonized;M;M
Physical Energy & Power Flows;2024;8;269;269;269;SI;IT;Value on 3rd Wed. at 03;Import;Harmonized;M;M
Physical Energy & Power Flows;2024;9;926;926;926;SI;IT;Value on 3rd Wed. at 03;Export;Harmonized;M;M
Physical Energy & Power Flows;2024;10;753;753;753;SI;IT;Value on 3rd Wed. at 03;Export;Harmonized;M;M
Physical Energy & Power Flows;2024;11;802;802;802;SI;IT;Value on 3rd Wed. at 03;Export;Harmonized;M;M
Physical Energy & Power Flows;2024;12;819;819;819;SI;IT;Value on 3rd Wed. at 03;Export;Harmonized;M;M
Physical Energy & Power Flows;2024;1;1803;1803;1803;SK;CZ;Value on 3rd Wed. at 03;Import;Harmonized;M;M
Physical Energy & Power Flows;2024;2;973;973;973;SK;CZ;Value on 3rd Wed. at 03;Import;Harmonized;M;M
Physical Energy & Power Flows;2024;3;31;31;31;SK;CZ;Value on 3rd Wed. at 03;Export;Harmonized;M;M
Physical Energy & Power Flows;2024;4;162;162;162;SK;CZ;Value on 3rd Wed. at 03;Export;Harmonized;M;M
Physical Energy & Power Flows;2024;5;1907;1907;1907;SK;CZ;Value on 3rd Wed. at 03;Import;Harmonized;M;M
Physical Energy & Power Flows;2024;6;984;984;984;SK;CZ;Value on 3rd Wed. at 03;Import;Harmonized;M;M
Physical Energy & Power Flows;2024;7;1274;1274;1274;SK;CZ;Value on 3rd Wed. at 03;Import;Harmonized;M;M
Physical Energy & Power Flows;2024;8;1747;1747;1747;SK;CZ;Value on 3rd Wed. at 03;Import;Harmonized;M;M
Physical Energy & Power Flows;2024;9;1019;1019;1019;SK;CZ;Value on 3rd Wed. at 03;Import;Harmonized;M;M
Physical Energy & Power Flows;2024;10;1071;1071;1071;SK;CZ;Value on 3rd Wed. at 03;Import;Harmonized;M;M
Physical Energy & Power Flows;2024;11;984;984;984;SK;CZ;Value on 3rd Wed. at 03;Import;Harmonized;M;M
Physical Energy & Power Flows;2024;12;2279;2279;2279;SK;CZ;Value on 3rd Wed. at 03;Import;Harmonized;M;M
Physical Energy & Power Flows;2024;1;2276;2276;2276;SK;HU;Value on 3rd Wed. at 03;Export;Harmonized;M;M
Physical Energy & Power Flows;2024;2;2000;2000;2000;SK;HU;Value on 3rd Wed. at 03;Export;Harmonized;M;M
Physical Energy & Power Flows;2024;3;678;678;678;SK;HU;Value on 3rd Wed. at 03;Export;Harmonized;M;M
Physical Energy & Power Flows;2024;4;508;508;508;SK;HU;Value on 3rd Wed. at 03;Export;Harmonized;M;M
Physical Energy & Power Flows;2024;5;1770;1770;1770;SK;HU;Value on 3rd Wed. at 03;Export;Harmonized;M;M
Physical Energy & Power Flows;2024;6;980;980;980;SK;HU;Value on 3rd Wed. at 03;Export;Harmonized;M;M
Physical Energy & Power Flows;2024;7;1502;1502;1502;SK;HU;Value on 3rd Wed. at 03;Export;Harmonized;M;M
Physical Energy & Power Flows;2024;8;1998;1998;1998;SK;HU;Value on 3rd Wed. at 03;Export;Harmonized;M;M
Physical Energy & Power Flows;2024;9;1634;1634;1634;SK;HU;Value on 3rd Wed. at 03;Export;Harmonized;M;M
Physical Energy & Power Flows;2024;10;1571;1571;1571;SK;HU;Value on 3rd Wed. at 03;Export;Harmonized;M;M
Physical Energy & Power Flows;2024;11;1568;1568;1568;SK;HU;Value on 3rd Wed. at 03;Export;Harmonized;M;M
Physical Energy & Power Flows;2024;12;2863;2863;2863;SK;HU;Value on 3rd Wed. at 03;Export;Harmonized;M;M
Physical Energy & Power Flows;2024;1;710;710;710;SK;PL;Value on 3rd Wed. at 03;Import;Harmonized;M;M
Physical Energy & Power Flows;2024;2;668;668;668;SK;PL;Value on 3rd Wed. at 03;Import;Harmonized;M;M
Physical Energy & Power Flows;2024;3;61;61;61;SK;PL;Value on 3rd Wed. at 03;Export;Harmonized;M;M
Physical Energy & Power Flows;2024;4;0;0;0;SK;PL;Value on 3rd Wed. at 03;Import;Harmonized;M;M
Physical Energy & Power Flows;2024;5;0;0;0;SK;PL;Value on 3rd Wed. at 03;Import;Harmonized;M;M
Physical Energy & Power Flows;2024;6;756;756;756;SK;PL;Value on 3rd Wed. at 03;Import;Harmonized;M;M
Physical Energy & Power Flows;2024;7;563;563;563;SK;PL;Value on 3rd Wed. at 03;Import;Harmonized;M;M
Physical Energy & Power Flows;2024;8;468;468;468;SK;PL;Value on 3rd Wed. at 03;Import;Harmonized;M;M
Physical Energy & Power Flows;2024;9;381;381;381;SK;PL;Value on 3rd Wed. at 03;Import;Harmonized;M;M
Physical Energy & Power Flows;2024;10;226;226;226;SK;PL;Value on 3rd Wed. at 03;Import;Harmonized;M;M
Physical Energy & Power Flows;2024;11;1247;1247;1247;SK;PL;Value on 3rd Wed. at 03;Import;Harmonized;M;M
Physical Energy & Power Flows;2024;12;996;996;996;SK;PL;Value on 3rd Wed. at 03;Import;Harmonized;M;M
Physical Energy & Power Flows;2024;1;516;516;516;SK;UA;Value on 3rd Wed. at 03;Export;Harmonized;M;M
Physical Energy & Power Flows;2024;2;555;555;555;SK;UA;Value on 3rd Wed. at 03;Export;Harmonized;M;M
Physical Energy & Power Flows;2024;3;163;163;163;SK;UA;Value on 3rd Wed. at 03;Import;Harmonized;M;M
Physical Energy & Power Flows;2024;4;154;154;154;SK;UA;Value on 3rd Wed. at 03;Import;Harmonized;M;M
Physical Energy & Power Flows;2024;5;547;547;547;SK;UA;Value on 3rd Wed. at 03;Export;Harmonized;M;M
Physical Energy & Power Flows;2024;6;664;664;664;SK;UA;Value on 3rd Wed. at 03;Export;Harmonized;M;M
Physical Energy & Power Flows;2024;7;579;579;579;SK;UA;Value on 3rd Wed. at 03;Export;Harmonized;M;M
Physical Energy & Power Flows;2024;8;480;480;480;SK;UA;Value on 3rd Wed. at 03;Export;Harmonized;M;M
Physical Energy & Power Flows;2024;9;421;421;421;SK;UA;Value on 3rd Wed. at 03;Export;Harmonized;M;M
Physical Energy & Power Flows;2024;10;398;398;398;SK;UA;Value on 3rd Wed. at 03;Export;Harmonized;M;M
Physical Energy & Power Flows;2024;11;294;294;294;SK;UA;Value on 3rd Wed. at 03;Export;Harmonized;M;M
Physical Energy & Power Flows;2024;12;654;654;654;SK;UA;Value on 3rd Wed. at 03;Export;Harmonized;M;M
Physical Energy & Power Flows;2024;1;36;36;36;TR;BG;Value on 3rd Wed. at 03;Export;Harmonized;M;M
Physical Energy & Power Flows;2024;2;217;217;217;TR;BG;Value on 3rd Wed. at 03;Import;Harmonized;M;M
Physical Energy & Power Flows;2024;3;172;172;172;TR;BG;Value on 3rd Wed. at 03;Export;Harmonized;M;M
Physical Energy & Power Flows;2024;4;125;125;125;TR;BG;Value on 3rd Wed. at 03;Export;Harmonized;M;M
Physical Energy & Power Flows;2024;5;179;179;179;TR;BG;Value on 3rd Wed. at 03;Export;Harmonized;M;M
Physical Energy & Power Flows;2024;6;291;291;291;TR;BG;Value on 3rd Wed. at 03;Export;Harmonized;M;M
Physical Energy & Power Flows;2024;7;62;62;62;TR;BG;Value on 3rd Wed. at 03;Export;Harmonized;M;M
Physical Energy & Power Flows;2024;8;85;85;85;TR;BG;Value on 3rd Wed. at 03;Export;Harmonized;M;M
Physical Energy & Power Flows;2024;9;5;5;5;TR;BG;Value on 3rd Wed. at 03;Export;Harmonized;M;M
Physical Energy & Power Flows;2024;10;404;404;404;TR;BG;Value on 3rd Wed. at 03;Import;Harmonized;M;M
Physical Energy & Power Flows;2024;11;42;42;42;TR;BG;Value on 3rd Wed. at 03;Export;Harmonized;M;M
Physical Energy & Power Flows;2024;12;16;16;16;TR;BG;Value on 3rd Wed. at 03;Import;Harmonized;M;M
Physical Energy & Power Flows;2024;1;202;202;202;TR;GE;Value on 3rd Wed. at 03;Import;Harmonized;M;NaM
Physical Energy & Power Flows;2024;2;201;201;201;TR;GE;Value on 3rd Wed. at 03;Import;Harmonized;M;NaM
Physical Energy & Power Flows;2024;3;201;201;201;TR;GE;Value on 3rd Wed. at 03;Import;Harmonized;M;NaM
Physical Energy & Power Flows;2024;4;200;200;200;TR;GE;Value on 3rd Wed. at 03;Import;Harmonized;M;NaM
Physical Energy & Power Flows;2024;5;501;501;501;TR;GE;Value on 3rd Wed. at 03;Import;Harmonized;M;NaM
Physical Energy & Power Flows;2024;6;649;649;649;TR;GE;Value on 3rd Wed. at 03;Import;Harmonized;M;NaM
Physical Energy & Power Flows;2024;7;200;200;200;TR;GE;Value on 3rd Wed. at 03;Import;Harmonized;M;NaM
Physical Energy & Power Flows;2024;8;699;699;699;TR;GE;Value on 3rd Wed. at 03;Import;Harmonized;M;NaM
Physical Energy & Power Flows;2024;9;700;700;700;TR;GE;Value on 3rd Wed. at 03;Import;Harmonized;M;NaM
Physical Energy & Power Flows;2024;10;0;0;0;TR;GE;Value on 3rd Wed. at 03;Import;Harmonized;M;NaM
Physical Energy & Power Flows;2024;11;0;0;0;TR;GE;Value on 3rd Wed. at 03;Import;Harmonized;M;NaM
Physical Energy & Power Flows;2024;12;0;0;0;TR;GE;Value on 3rd Wed. at 03;Import;Harmonized;M;NaM
Physical Energy & Power Flows;2024;1;82;82;82;TR;GR;Value on 3rd Wed. at 03;Export;Harmonized;M;M
Physical Energy & Power Flows;2024;2;35;35;35;TR;GR;Value on 3rd Wed. at 03;Export;Harmonized;M;M
Physical Energy & Power Flows;2024;3;8;8;8;TR;GR;Value on 3rd Wed. at 03;Export;Harmonized;M;M
Physical Energy & Power Flows;2024;4;27;27;27;TR;GR;Value on 3rd Wed. at 03;Export;Harmonized;M;M
Physical Energy & Power Flows;2024;5;17;17;17;TR;GR;Value on 3rd Wed. at 03;Export;Harmonized;M;M
Physical Energy & Power Flows;2024;6;58;58;58;TR;GR;Value on 3rd Wed. at 03;Export;Harmonized;M;M
Physical Energy & Power Flows;2024;7;138;138;138;TR;GR;Value on 3rd Wed. at 03;Export;Harmonized;M;M
Physical Energy & Power Flows;2024;8;98;98;98;TR;GR;Value on 3rd Wed. at 03;Export;Harmonized;M;M
Physical Energy & Power Flows;2024;9;215;215;215;TR;GR;Value on 3rd Wed. at 03;Export;Harmonized;M;M
Physical Energy & Power Flows;2024;10;21;21;21;TR;GR;Value on 3rd Wed. at 03;Export;Harmonized;M;M
Physical Energy & Power Flows;2024;11;198;198;198;TR;GR;Value on 3rd Wed. at 03;Export;Harmonized;M;M
Physical Energy & Power Flows;2024;12;260;260;260;TR;GR;Value on 3rd Wed. at 03;Export;Harmonized;M;M
Physical Energy & Power Flows;2024;1;0;0;0;UA;BY;Value on 3rd Wed. at 03;Import;Harmonized;M;NaM
Physical Energy & Power Flows;2024;2;0;0;0;UA;BY;Value on 3rd Wed. at 03;Import;Harmonized;M;NaM
Physical Energy & Power Flows;2024;3;0;0;0;UA;BY;Value on 3rd Wed. at 03;Import;Harmonized;M;NaM
Physical Energy & Power Flows;2024;4;0;0;0;UA;BY;Value on 3rd Wed. at 03;Import;Harmonized;M;NaM
Physical Energy & Power Flows;2024;5;0;0;0;UA;BY;Value on 3rd Wed. at 03;Import;Harmonized;M;NaM
Physical Energy & Power Flows;2024;6;0;0;0;UA;BY;Value on 3rd Wed. at 03;Import;Harmonized;M;NaM
Physical Energy & Power Flows;2024;7;0;0;0;UA;BY;Value on 3rd Wed. at 03;Import;Harmonized;M;NaM
Physical Energy & Power Flows;2024;8;0;0;0;UA;BY;Value on 3rd Wed. at 03;Import;Harmonized;M;NaM
Physical Energy & Power Flows;2024;9;0;0;0;UA;BY;Value on 3rd Wed. at 03;Import;Harmonized;M;NaM
Physical Energy & Power Flows;2024;10;0;0;0;UA;BY;Value on 3rd Wed. at 03;Import;Harmonized;M;NaM
Physical Energy & Power Flows;2024;11;0;0;0;UA;BY;Value on 3rd Wed. at 03;Import;Harmonized;M;NaM
Physical Energy & Power Flows;2024;12;0;0;0;UA;BY;Value on 3rd Wed. at 03;Import;Harmonized;M;NaM
Physical Energy & Power Flows;2024;1;17;17;17;UA;HU;Value on 3rd Wed. at 03;Import;Harmonized;M;M
Physical Energy & Power Flows;2024;2;173;173;173;UA;HU;Value on 3rd Wed. at 03;Export;Harmonized;M;M
Physical Energy & Power Flows;2024;3;329;329;329;UA;HU;Value on 3rd Wed. at 03;Export;Harmonized;M;M
Physical Energy & Power Flows;2024;4;88;88;88;UA;HU;Value on 3rd Wed. at 03;Export;Harmonized;M;M
Physical Energy & Power Flows;2024;5;520;520;520;UA;HU;Value on 3rd Wed. at 03;Import;Harmonized;M;M
Physical Energy & Power Flows;2024;6;216;216;216;UA;HU;Value on 3rd Wed. at 03;Import;Harmonized;M;M
Physical Energy & Power Flows;2024;7;96;96;96;UA;HU;Value on 3rd Wed. at 03;Import;Harmonized;M;M
Physical Energy & Power Flows;2024;8;438;438;438;UA;HU;Value on 3rd Wed. at 03;Import;Harmonized;M;M
Physical Energy & Power Flows;2024;9;56;56;56;UA;HU;Value on 3rd Wed. at 03;Import;Harmonized;M;M
Physical Energy & Power Flows;2024;10;46;46;46;UA;HU;Value on 3rd Wed. at 03;Import;Harmonized;M;M
Physical Energy & Power Flows;2024;11;439;439;439;UA;HU;Value on 3rd Wed. at 03;Export;Harmonized;M;M
Physical Energy & Power Flows;2024;12;210;210;210;UA;HU;Value on 3rd Wed. at 03;Export;Harmonized;M;M
Physical Energy & Power Flows;2024;1;56;56;56;UA;MD;Value on 3rd Wed. at 03;Export;Harmonized;M;M
Physical Energy & Power Flows;2024;2;99;99;99;UA;MD;Value on 3rd Wed. at 03;Export;Harmonized;M;M
Physical Energy & Power Flows;2024;3;494;494;494;UA;MD;Value on 3rd Wed. at 03;Import;Harmonized;M;M
Physical Energy & Power Flows;2024;4;466;466;466;UA;MD;Value on 3rd Wed. at 03;Import;Harmonized;M;M
Physical Energy & Power Flows;2024;5;180;180;180;UA;MD;Value on 3rd Wed. at 03;Import;Harmonized;M;M
Physical Energy & Power Flows;2024;6;305;305;305;UA;MD;Value on 3rd Wed. at 03;Import;Harmonized;M;M
Physical Energy & Power Flows;2024;7;436;436;436;UA;MD;Value on 3rd Wed. at 03;Import;Harmonized;M;M
Physical Energy & Power Flows;2024;8;236;236;236;UA;MD;Value on 3rd Wed. at 03;Import;Harmonized;M;M
Physical Energy & Power Flows;2024;9;393;393;393;UA;MD;Value on 3rd Wed. at 03;Import;Harmonized;M;M
Physical Energy & Power Flows;2024;10;167;167;167;UA;MD;Value on 3rd Wed. at 03;Export;Harmonized;M;M
Physical Energy & Power Flows;2024;11;388;388;388;UA;MD;Value on 3rd Wed. at 03;Import;Harmonized;M;M
Physical Energy & Power Flows;2024;12;59;59;59;UA;MD;Value on 3rd Wed. at 03;Import;Harmonized;M;M
Physical Energy & Power Flows;2024;1;0;0;0;UA;PL;Value on 3rd Wed. at 03;Import;Harmonized;M;M
Physical Energy & Power Flows;2024;2;0;0;0;UA;PL;Value on 3rd Wed. at 03;Import;Harmonized;M;M
Physical Energy & Power Flows;2024;3;0;0;0;UA;PL;Value on 3rd Wed. at 03;Import;Harmonized;M;M
Physical Energy & Power Flows;2024;4;0;0;0;UA;PL;Value on 3rd Wed. at 03;Import;Harmonized;M;M
Physical Energy & Power Flows;2024;5;0;0;0;UA;PL;Value on 3rd Wed. at 03;Import;Harmonized;M;M
Physical Energy & Power Flows;2024;6;346;346;346;UA;PL;Value on 3rd Wed. at 03;Import;Harmonized;M;M
Physical Energy & Power Flows;2024;7;218;218;218;UA;PL;Value on 3rd Wed. at 03;Import;Harmonized;M;M
Physical Energy & Power Flows;2024;8;0;0;0;UA;PL;Value on 3rd Wed. at 03;Import;Harmonized;M;M
Physical Energy & Power Flows;2024;9;47;47;47;UA;PL;Value on 3rd Wed. at 03;Import;Harmonized;M;M
Physical Energy & Power Flows;2024;10;179;179;179;UA;PL;Value on 3rd Wed. at 03;Export;Harmonized;M;M
Physical Energy & Power Flows;2024;11;273;273;273;UA;PL;Value on 3rd Wed. at 03;Export;Harmonized;M;M
Physical Energy & Power Flows;2024;12;203;203;203;UA;PL;Value on 3rd Wed. at 03;Import;Harmonized;M;M
Physical Energy & Power Flows;2024;1;574;574;574;UA;RO;Value on 3rd Wed. at 03;Export;Harmonized;M;M
Physical Energy & Power Flows;2024;2;437;437;437;UA;RO;Value on 3rd Wed. at 03;Export;Harmonized;M;M
Physical Energy & Power Flows;2024;3;112;112;112;UA;RO;Value on 3rd Wed. at 03;Import;Harmonized;M;M
Physical Energy & Power Flows;2024;4;41;41;41;UA;RO;Value on 3rd Wed. at 03;Import;Harmonized;M;M
Physical Energy & Power Flows;2024;5;468;468;468;UA;RO;Value on 3rd Wed. at 03;Export;Harmonized;M;M
Physical Energy & Power Flows;2024;6;260;260;260;UA;RO;Value on 3rd Wed. at 03;Export;Harmonized;M;M
Physical Energy & Power Flows;2024;7;182;182;182;UA;RO;Value on 3rd Wed. at 03;Export;Harmonized;M;M
Physical Energy & Power Flows;2024;8;367;367;367;UA;RO;Value on 3rd Wed. at 03;Export;Harmonized;M;M
Physical Energy & Power Flows;2024;9;207;207;207;UA;RO;Value on 3rd Wed. at 03;Export;Harmonized;M;M
Physical Energy & Power Flows;2024;10;240;240;240;UA;RO;Value on 3rd Wed. at 03;Export;Harmonized;M;M
Physical Energy & Power Flows;2024;11;195;195;195;UA;RO;Value on 3rd Wed. at 03;Export;Harmonized;M;M
Physical Energy & Power Flows;2024;12;566;566;566;UA;RO;Value on 3rd Wed. at 03;Export;Harmonized;M;M
Physical Energy & Power Flows;2024;1;0;0;0;UA;RU;Value on 3rd Wed. at 03;Import;Harmonized;M;NaM
Physical Energy & Power Flows;2024;2;0;0;0;UA;RU;Value on 3rd Wed. at 03;Import;Harmonized;M;NaM
Physical Energy & Power Flows;2024;3;0;0;0;UA;RU;Value on 3rd Wed. at 03;Import;Harmonized;M;NaM
Physical Energy & Power Flows;2024;4;0;0;0;UA;RU;Value on 3rd Wed. at 03;Import;Harmonized;M;NaM
Physical Energy & Power Flows;2024;5;0;0;0;UA;RU;Value on 3rd Wed. at 03;Import;Harmonized;M;NaM
Physical Energy & Power Flows;2024;6;0;0;0;UA;RU;Value on 3rd Wed. at 03;Import;Harmonized;M;NaM
Physical Energy & Power Flows;2024;7;0;0;0;UA;RU;Value on 3rd Wed. at 03;Import;Harmonized;M;NaM
Physical Energy & Power Flows;2024;8;0;0;0;UA;RU;Value on 3rd Wed. at 03;Import;Harmonized;M;NaM
Physical Energy & Power Flows;2024;9;0;0;0;UA;RU;Value on 3rd Wed. at 03;Import;Harmonized;M;NaM
Physical Energy & Power Flows;2024;10;0;0;0;UA;RU;Value on 3rd Wed. at 03;Import;Harmonized;M;NaM
Physical Energy & Power Flows;2024;11;0;0;0;UA;RU;Value on 3rd Wed. at 03;Import;Harmonized;M;NaM
Physical Energy & Power Flows;2024;12;0;0;0;UA;RU;Value on 3rd Wed. at 03;Import;Harmonized;M;NaM
Physical Energy & Power Flows;2024;1;516;516;516;UA;SK;Value on 3rd Wed. at 03;Import;Harmonized;M;M
Physical Energy & Power Flows;2024;2;555;555;555;UA;SK;Value on 3rd Wed. at 03;Import;Harmonized;M;M
Physical Energy & Power Flows;2024;3;163;163;163;UA;SK;Value on 3rd Wed. at 03;Export;Harmonized;M;M
Physical Energy & Power Flows;2024;4;154;154;154;UA;SK;Value on 3rd Wed. at 03;Export;Harmonized;M;M
Physical Energy & Power Flows;2024;5;547;547;547;UA;SK;Value on 3rd Wed. at 03;Import;Harmonized;M;M
Physical Energy & Power Flows;2024;6;664;664;664;UA;SK;Value on 3rd Wed. at 03;Import;Harmonized;M;M
Physical Energy & Power Flows;2024;7;579;579;579;UA;SK;Value on 3rd Wed. at 03;Import;Harmonized;M;M
Physical Energy & Power Flows;2024;8;480;480;480;UA;SK;Value on 3rd Wed. at 03;Import;Harmonized;M;M
Physical Energy & Power Flows;2024;9;421;421;421;UA;SK;Value on 3rd Wed. at 03;Import;Harmonized;M;M
Physical Energy & Power Flows;2024;10;398;398;398;UA;SK;Value on 3rd Wed. at 03;Import;Harmonized;M;M
Physical Energy & Power Flows;2024;11;294;294;294;UA;SK;Value on 3rd Wed. at 03;Import;Harmonized;M;M
Physical Energy & Power Flows;2024;12;654;654;654;UA;SK;Value on 3rd Wed. at 03;Import;Harmonized;M;M
Physical Energy & Power Flows;2024;1;85;85;85;XK;AL;Value on 3rd Wed. at 03;Import;Harmonized;M;M
Physical Energy & Power Flows;2024;2;137;137;137;XK;AL;Value on 3rd Wed. at 03;Export;Harmonized;M;M
Physical Energy & Power Flows;2024;3;22;22;22;XK;AL;Value on 3rd Wed. at 03;Export;Harmonized;M;M
Physical Energy & Power Flows;2024;4;156;156;156;XK;AL;Value on 3rd Wed. at 03;Export;Harmonized;M;M
Physical Energy & Power Flows;2024;5;39;39;39;XK;AL;Value on 3rd Wed. at 03;Import;Harmonized;M;M
Physical Energy & Power Flows;2024;6;32;32;32;XK;AL;Value on 3rd Wed. at 03;Import;Harmonized;M;M
Physical Energy & Power Flows;2024;7;16;16;16;XK;AL;Value on 3rd Wed. at 03;Import;Harmonized;M;M
Physical Energy & Power Flows;2024;8;59;59;59;XK;AL;Value on 3rd Wed. at 03;Export;Harmonized;M;M
Physical Energy & Power Flows;2024;9;116;116;116;XK;AL;Value on 3rd Wed. at 03;Export;Harmonized;M;M
Physical Energy & Power Flows;2024;10;29;29;29;XK;AL;Value on 3rd Wed. at 03;Export;Harmonized;M;M
Physical Energy & Power Flows;2024;11;38;38;38;XK;AL;Value on 3rd Wed. at 03;Export;Harmonized;M;M
Physical Energy & Power Flows;2024;12;72;72;72;XK;AL;Value on 3rd Wed. at 03;Import;Harmonized;M;M
Physical Energy & Power Flows;2024;1;185;185;185;XK;ME;Value on 3rd Wed. at 03;Import;Harmonized;M;M
Physical Energy & Power Flows;2024;2;86;86;86;XK;ME;Value on 3rd Wed. at 03;Import;Harmonized;M;M
Physical Energy & Power Flows;2024;3;125;125;125;XK;ME;Value on 3rd Wed. at 03;Export;Harmonized;M;M
Physical Energy & Power Flows;2024;4;262;262;262;XK;ME;Value on 3rd Wed. at 03;Export;Harmonized;M;M
Physical Energy & Power Flows;2024;5;13;13;13;XK;ME;Value on 3rd Wed. at 03;Import;Harmonized;M;M
Physical Energy & Power Flows;2024;6;88;88;88;XK;ME;Value on 3rd Wed. at 03;Export;Harmonized;M;M
Physical Energy & Power Flows;2024;7;76;76;76;XK;ME;Value on 3rd Wed. at 03;Export;Harmonized;M;M
Physical Energy & Power Flows;2024;8;49;49;49;XK;ME;Value on 3rd Wed. at 03;Export;Harmonized;M;M
Physical Energy & Power Flows;2024;9;55;55;55;XK;ME;Value on 3rd Wed. at 03;Export;Harmonized;M;M
Physical Energy & Power Flows;2024;10;40;40;40;XK;ME;Value on 3rd Wed. at 03;Import;Harmonized;M;M
Physical Energy & Power Flows;2024;11;148;148;148;XK;ME;Value on 3rd Wed. at 03;Export;Harmonized;M;M
Physical Energy & Power Flows;2024;12;192;192;192;XK;ME;Value on 3rd Wed. at 03;Import;Harmonized;M;M
Physical Energy & Power Flows;2024;1;262;262;262;XK;MK;Value on 3rd Wed. at 03;Export;Harmonized;M;M
Physical Energy & Power Flows;2024;2;349;349;349;XK;MK;Value on 3rd Wed. at 03;Export;Harmonized;M;M
Physical Energy & Power Flows;2024;3;114;114;114;XK;MK;Value on 3rd Wed. at 03;Import;Harmonized;M;M
Physical Energy & Power Flows;2024;4;16;16;16;XK;MK;Value on 3rd Wed. at 03;Export;Harmonized;M;M
Physical Energy & Power Flows;2024;5;258;258;258;XK;MK;Value on 3rd Wed. at 03;Export;Harmonized;M;M
Physical Energy & Power Flows;2024;6;70;70;70;XK;MK;Value on 3rd Wed. at 03;Export;Harmonized;M;M
Physical Energy & Power Flows;2024;7;10;10;10;XK;MK;Value on 3rd Wed. at 03;Import;Harmonized;M;M
Physical Energy & Power Flows;2024;8;183;183;183;XK;MK;Value on 3rd Wed. at 03;Export;Harmonized;M;M
Physical Energy & Power Flows;2024;9;0;0;0;XK;MK;Value on 3rd Wed. at 03;Import;Harmonized;M;M
Physical Energy & Power Flows;2024;10;527;527;527;XK;MK;Value on 3rd Wed. at 03;Export;Harmonized;M;M
Physical Energy & Power Flows;2024;11;42;42;42;XK;MK;Value on 3rd Wed. at 03;Export;Harmonized;M;M
Physical Energy & Power Flows;2024;12;258;258;258;XK;MK;Value on 3rd Wed. at 03;Export;Harmonized;M;M
Physical Energy & Power Flows;2024;1;194;194;194;XK;RS;Value on 3rd Wed. at 03;Import;Harmonized;M;M
Physical Energy & Power Flows;2024;2;290;290;290;XK;RS;Value on 3rd Wed. at 03;Import;Harmonized;M;M
Physical Energy & Power Flows;2024;3;13;13;13;XK;RS;Value on 3rd Wed. at 03;Export;Harmonized;M;M
Physical Energy & Power Flows;2024;4;74;74;74;XK;RS;Value on 3rd Wed. at 03;Export;Harmonized;M;M
Physical Energy & Power Flows;2024;5;79;79;79;XK;RS;Value on 3rd Wed. at 03;Export;Harmonized;M;M
Physical Energy & Power Flows;2024;6;208;208;208;XK;RS;Value on 3rd Wed. at 03;Export;Harmonized;M;M
Physical Energy & Power Flows;2024;7;40;40;40;XK;RS;Value on 3rd Wed. at 03;Export;Harmonized;M;M
Physical Energy & Power Flows;2024;8;63;63;63;XK;RS;Value on 3rd Wed. at 03;Export;Harmonized;M;M
Physical Energy & Power Flows;2024;9;4;4;4;XK;RS;Value on 3rd Wed. at 03;Import;Harmonized;M;M
Physical Energy & Power Flows;2024;10;175;175;175;XK;RS;Value on 3rd Wed. at 03;Import;Harmonized;M;M
Physical Energy & Power Flows;2024;11;42;42;42;XK;RS;Value on 3rd Wed. at 03;Import;Harmonized;M;M
Physical Energy & Power Flows;2024;12;348;348;348;XK;RS;Value on 3rd Wed. at 03;Import;Harmonized;M;M
Physical Energy & Power Flows;2024;1;168;168;168;AL;GR;Value on 3rd Wed. at 11;Import;Harmonized;M;M
Physical Energy & Power Flows;2024;2;225;225;225;AL;GR;Value on 3rd Wed. at 11;Export;Harmonized;M;M
Physical Energy & Power Flows;2024;3;514;514;514;AL;GR;Value on 3rd Wed. at 11;Import;Harmonized;M;M
Physical Energy & Power Flows;2024;4;498;498;498;AL;GR;Value on 3rd Wed. at 11;Import;Harmonized;M;M
Physical Energy & Power Flows;2024;5;0;0;0;AL;GR;Value on 3rd Wed. at 11;Import;Harmonized;M;M
Physical Energy & Power Flows;2024;6;519;519;519;AL;GR;Value on 3rd Wed. at 11;Import;Harmonized;M;M
Physical Energy & Power Flows;2024;7;454;454;454;AL;GR;Value on 3rd Wed. at 11;Import;Harmonized;M;M
Physical Energy & Power Flows;2024;8;0;0;0;AL;GR;Value on 3rd Wed. at 11;Import;Harmonized;M;M
Physical Energy & Power Flows;2024;9;131;131;131;AL;GR;Value on 3rd Wed. at 11;Export;Harmonized;M;M
Physical Energy & Power Flows;2024;10;196;196;196;AL;GR;Value on 3rd Wed. at 11;Import;Harmonized;M;M
Physical Energy & Power Flows;2024;11;543;543;543;AL;GR;Value on 3rd Wed. at 11;Import;Harmonized;M;M
Physical Energy & Power Flows;2024;12;410;410;410;AL;GR;Value on 3rd Wed. at 11;Import;Harmonized;M;M
Physical Energy & Power Flows;2024;1;240;240;240;AL;ME;Value on 3rd Wed. at 11;Export;Harmonized;M;M
Physical Energy & Power Flows;2024;2;197;197;197;AL;ME;Value on 3rd Wed. at 11;Import;Harmonized;M;M
Physical Energy & Power Flows;2024;3;516;516;516;AL;ME;Value on 3rd Wed. at 11;Export;Harmonized;M;M
Physical Energy & Power Flows;2024;4;342;342;342;AL;ME;Value on 3rd Wed. at 11;Export;Harmonized;M;M
Physical Energy & Power Flows;2024;5;0;0;0;AL;ME;Value on 3rd Wed. at 11;Import;Harmonized;M;M
Physical Energy & Power Flows;2024;6;428;428;428;AL;ME;Value on 3rd Wed. at 11;Export;Harmonized;M;M
Physical Energy & Power Flows;2024;7;74;74;74;AL;ME;Value on 3rd Wed. at 11;Export;Harmonized;M;M
Physical Energy & Power Flows;2024;8;6;6;6;AL;ME;Value on 3rd Wed. at 11;Export;Harmonized;M;M
Physical Energy & Power Flows;2024;9;389;389;389;AL;ME;Value on 3rd Wed. at 11;Import;Harmonized;M;M
Physical Energy & Power Flows;2024;10;114;114;114;AL;ME;Value on 3rd Wed. at 11;Export;Harmonized;M;M
Physical Energy & Power Flows;2024;11;224;224;224;AL;ME;Value on 3rd Wed. at 11;Export;Harmonized;M;M
Physical Energy & Power Flows;2024;12;302;302;302;AL;ME;Value on 3rd Wed. at 11;Export;Harmonized;M;M
Physical Energy & Power Flows;2024;1;309;309;309;AL;XK;Value on 3rd Wed. at 11;Export;Harmonized;M;M
Physical Energy & Power Flows;2024;2;2;2;2;AL;XK;Value on 3rd Wed. at 11;Export;Harmonized;M;M
Physical Energy & Power Flows;2024;3;15;15;15;AL;XK;Value on 3rd Wed. at 11;Export;Harmonized;M;M
Physical Energy & Power Flows;2024;4;0;0;0;AL;XK;Value on 3rd Wed. at 11;Import;Harmonized;M;M
Physical Energy & Power Flows;2024;5;17;17;17;AL;XK;Value on 3rd Wed. at 11;Export;Harmonized;M;M
Physical Energy & Power Flows;2024;6;66;66;66;AL;XK;Value on 3rd Wed. at 11;Export;Harmonized;M;M
Physical Energy & Power Flows;2024;7;213;213;213;AL;XK;Value on 3rd Wed. at 11;Export;Harmonized;M;M
Physical Energy & Power Flows;2024;8;25;25;25;AL;XK;Value on 3rd Wed. at 11;Export;Harmonized;M;M
Physical Energy & Power Flows;2024;9;11;11;11;AL;XK;Value on 3rd Wed. at 11;Import;Harmonized;M;M
Physical Energy & Power Flows;2024;10;9;9;9;AL;XK;Value on 3rd Wed. at 11;Export;Harmonized;M;M
Physical Energy & Power Flows;2024;11;119;119;119;AL;XK;Value on 3rd Wed. at 11;Export;Harmonized;M;M
Physical Energy & Power Flows;2024;12;310;310;310;AL;XK;Value on 3rd Wed. at 11;Export;Harmonized;M;M
Physical Energy & Power Flows;2024;1;0;0;0;AM;GE;Value on 3rd Wed. at 11;Import;Harmonized;NaM;NaM
Physical Energy & Power Flows;2024;2;0;0;0;AM;GE;Value on 3rd Wed. at 11;Import;Harmonized;NaM;NaM
Physical Energy & Power Flows;2024;3;0;0;0;AM;GE;Value on 3rd Wed. at 11;Import;Harmonized;NaM;NaM
Physical Energy & Power Flows;2024;4;0;0;0;AM;GE;Value on 3rd Wed. at 11;Import;Harmonized;NaM;NaM
Physical Energy & Power Flows;2024;5;26;26;26;AM;GE;Value on 3rd Wed. at 11;Import;Harmonized;NaM;NaM
Physical Energy & Power Flows;2024;6;76;76;76;AM;GE;Value on 3rd Wed. at 11;Import;Harmonized;NaM;NaM
Physical Energy & Power Flows;2024;7;89;89;89;AM;GE;Value on 3rd Wed. at 11;Import;Harmonized;NaM;NaM
Physical Energy & Power Flows;2024;8;0;0;0;AM;GE;Value on 3rd Wed. at 11;Import;Harmonized;NaM;NaM
Physical Energy & Power Flows;2024;9;0;0;0;AM;GE;Value on 3rd Wed. at 11;Import;Harmonized;NaM;NaM
Physical Energy & Power Flows;2024;10;0;0;0;AM;GE;Value on 3rd Wed. at 11;Import;Harmonized;NaM;NaM
Physical Energy & Power Flows;2024;11;99;99;99;AM;GE;Value on 3rd Wed. at 11;Export;Harmonized;NaM;NaM
Physical Energy & Power Flows;2024;12;0;0;0;AM;GE;Value on 3rd Wed. at 11;Import;Harmonized;NaM;NaM
Physical Energy & Power Flows;2024;1;83;83;83;AT;CH;Value on 3rd Wed. at 11;Export;Harmonized;M;M
Physical Energy & Power Flows;2024;2;1052;1052;1052;AT;CH;Value on 3rd Wed. at 11;Export;Harmonized;M;M
Physical Energy & Power Flows;2024;3;1310;1310;1310;AT;CH;Value on 3rd Wed. at 11;Export;Harmonized;M;M
Physical Energy & Power Flows;2024;4;316;316;316;AT;CH;Value on 3rd Wed. at 11;Import;Harmonized;M;M
Physical Energy & Power Flows;2024;5;779;779;779;AT;CH;Value on 3rd Wed. at 11;Export;Harmonized;M;M
Physical Energy & Power Flows;2024;6;285;285;285;AT;CH;Value on 3rd Wed. at 11;Export;Harmonized;M;M
Physical Energy & Power Flows;2024;7;346;346;346;AT;CH;Value on 3rd Wed. at 11;Export;Harmonized;M;M
Physical Energy & Power Flows;2024;8;593;593;593;AT;CH;Value on 3rd Wed. at 11;Export;Harmonized;M;M
Physical Energy & Power Flows;2024;9;923;923;923;AT;CH;Value on 3rd Wed. at 11;Export;Harmonized;M;M
Physical Energy & Power Flows;2024;10;1766;1766;1766;AT;CH;Value on 3rd Wed. at 11;Export;Harmonized;M;M
Physical Energy & Power Flows;2024;11;43;43;43;AT;CH;Value on 3rd Wed. at 11;Import;Harmonized;M;M
Physical Energy & Power Flows;2024;12;142;142;142;AT;CH;Value on 3rd Wed. at 11;Export;Harmonized;M;M
Physical Energy & Power Flows;2024;1;940;940;940;AT;CZ;Value on 3rd Wed. at 11;Import;Harmonized;M;M
Physical Energy & Power Flows;2024;2;977;977;977;AT;CZ;Value on 3rd Wed. at 11;Import;Harmonized;M;M
Physical Energy & Power Flows;2024;3;659;659;659;AT;CZ;Value on 3rd Wed. at 11;Export;Harmonized;M;M
Physical Energy & Power Flows;2024;4;92;92;92;AT;CZ;Value on 3rd Wed. at 11;Import;Harmonized;M;M
Physical Energy & Power Flows;2024;5;105;105;105;AT;CZ;Value on 3rd Wed. at 11;Import;Harmonized;M;M
Physical Energy & Power Flows;2024;6;626;626;626;AT;CZ;Value on 3rd Wed. at 11;Export;Harmonized;M;M
Physical Energy & Power Flows;2024;7;39;39;39;AT;CZ;Value on 3rd Wed. at 11;Import;Harmonized;M;M
Physical Energy & Power Flows;2024;8;452;452;452;AT;CZ;Value on 3rd Wed. at 11;Import;Harmonized;M;M
Physical Energy & Power Flows;2024;9;639;639;639;AT;CZ;Value on 3rd Wed. at 11;Import;Harmonized;M;M
Physical Energy & Power Flows;2024;10;181;181;181;AT;CZ;Value on 3rd Wed. at 11;Import;Harmonized;M;M
Physical Energy & Power Flows;2024;11;953;953;953;AT;CZ;Value on 3rd Wed. at 11;Import;Harmonized;M;M
Physical Energy & Power Flows;2024;12;1255;1255;1255;AT;CZ;Value on 3rd Wed. at 11;Import;Harmonized;M;M
Physical Energy & Power Flows;2024;1;337;337;337;AT;DE;Value on 3rd Wed. at 11;Export;Harmonized;M;M
Physical Energy & Power Flows;2024;2;2550;2550;2550;AT;DE;Value on 3rd Wed. at 11;Import;Harmonized;M;M
Physical Energy & Power Flows;2024;3;850;850;850;AT;DE;Value on 3rd Wed. at 11;Import;Harmonized;M;M
Physical Energy & Power Flows;2024;4;1352;1352;1352;AT;DE;Value on 3rd Wed. at 11;Export;Harmonized;M;M
Physical Energy & Power Flows;2024;5;1427;1427;1427;AT;DE;Value on 3rd Wed. at 11;Import;Harmonized;M;M
Physical Energy & Power Flows;2024;6;369;369;369;AT;DE;Value on 3rd Wed. at 11;Import;Harmonized;M;M
Physical Energy & Power Flows;2024;7;1273;1273;1273;AT;DE;Value on 3rd Wed. at 11;Import;Harmonized;M;M
Physical Energy & Power Flows;2024;8;1795;1795;1795;AT;DE;Value on 3rd Wed. at 11;Import;Harmonized;M;M
Physical Energy & Power Flows;2024;9;1730;1730;1730;AT;DE;Value on 3rd Wed. at 11;Import;Harmonized;M;M
Physical Energy & Power Flows;2024;10;1397;1397;1397;AT;DE;Value on 3rd Wed. at 11;Import;Harmonized;M;M
Physical Energy & Power Flows;2024;11;1654;1654;1654;AT;DE;Value on 3rd Wed. at 11;Import;Harmonized;M;M
Physical Energy & Power Flows;2024;12;1658;1658;1658;AT;DE;Value on 3rd Wed. at 11;Import;Harmonized;M;M
Physical Energy & Power Flows;2024;1;442;442;442;AT;HU;Value on 3rd Wed. at 11;Export;Harmonized;M;M
Physical Energy & Power Flows;2024;2;469;469;469;AT;HU;Value on 3rd Wed. at 11;Export;Harmonized;M;M
Physical Energy & Power Flows;2024;3;747;747;747;AT;HU;Value on 3rd Wed. at 11;Import;Harmonized;M;M
Physical Energy & Power Flows;2024;4;290;290;290;AT;HU;Value on 3rd Wed. at 11;Export;Harmonized;M;M
Physical Energy & Power Flows;2024;5;860;860;860;AT;HU;Value on 3rd Wed. at 11;Export;Harmonized;M;M
Physical Energy & Power Flows;2024;6;620;620;620;AT;HU;Value on 3rd Wed. at 11;Export;Harmonized;M;M
Physical Energy & Power Flows;2024;7;1075;1075;1075;AT;HU;Value on 3rd Wed. at 11;Export;Harmonized;M;M
Physical Energy & Power Flows;2024;8;0;0;0;AT;HU;Value on 3rd Wed. at 11;Export;Harmonized;M;M
Physical Energy & Power Flows;2024;9;45;45;45;AT;HU;Value on 3rd Wed. at 11;Export;Harmonized;M;M
Physical Energy & Power Flows;2024;10;170;170;170;AT;HU;Value on 3rd Wed. at 11;Export;Harmonized;M;M
Physical Energy & Power Flows;2024;11;665;665;665;AT;HU;Value on 3rd Wed. at 11;Export;Harmonized;M;M
Physical Energy & Power Flows;2024;12;191;191;191;AT;HU;Value on 3rd Wed. at 11;Export;Harmonized;M;M
Physical Energy & Power Flows;2024;1;330;330;330;AT;IT;Value on 3rd Wed. at 11;Export;Harmonized;M;M
Physical Energy & Power Flows;2024;2;389;389;389;AT;IT;Value on 3rd Wed. at 11;Export;Harmonized;M;M
Physical Energy & Power Flows;2024;3;92;92;92;AT;IT;Value on 3rd Wed. at 11;Export;Harmonized;M;M
Physical Energy & Power Flows;2024;4;51;51;51;AT;IT;Value on 3rd Wed. at 11;Export;Harmonized;M;M
Physical Energy & Power Flows;2024;5;278;278;278;AT;IT;Value on 3rd Wed. at 11;Export;Harmonized;M;M
Physical Energy & Power Flows;2024;6;42;42;42;AT;IT;Value on 3rd Wed. at 11;Export;Harmonized;M;M
Physical Energy & Power Flows;2024;7;39;39;39;AT;IT;Value on 3rd Wed. at 11;Import;Harmonized;M;M
Physical Energy & Power Flows;2024;8;218;218;218;AT;IT;Value on 3rd Wed. at 11;Export;Harmonized;M;M
Physical Energy & Power Flows;2024;9;6;6;6;AT;IT;Value on 3rd Wed. at 11;Export;Harmonized;M;M
Physical Energy & Power Flows;2024;10;33;33;33;AT;IT;Value on 3rd Wed. at 11;Export;Harmonized;M;M
Physical Energy & Power Flows;2024;11;209;209;209;AT;IT;Value on 3rd Wed. at 11;Export;Harmonized;M;M
Physical Energy & Power Flows;2024;12;322;322;322;AT;IT;Value on 3rd Wed. at 11;Export;Harmonized;M;M
Physical Energy & Power Flows;2024;1;652;652;652;AT;SI;Value on 3rd Wed. at 11;Export;Harmonized;M;M
Physical Energy & Power Flows;2024;2;800;800;800;AT;SI;Value on 3rd Wed. at 11;Export;Harmonized;M;M
Physical Energy & Power Flows;2024;3;882;882;882;AT;SI;Value on 3rd Wed. at 11;Import;Harmonized;M;M
Physical Energy & Power Flows;2024;4;383;383;383;AT;SI;Value on 3rd Wed. at 11;Export;Harmonized;M;M
Physical Energy & Power Flows;2024;5;958;958;958;AT;SI;Value on 3rd Wed. at 11;Export;Harmonized;M;M
Physical Energy & Power Flows;2024;6;712;712;712;AT;SI;Value on 3rd Wed. at 11;Export;Harmonized;M;M
Physical Energy & Power Flows;2024;7;1364;1364;1364;AT;SI;Value on 3rd Wed. at 11;Export;Harmonized;M;M
Physical Energy & Power Flows;2024;8;1242;1242;1242;AT;SI;Value on 3rd Wed. at 11;Export;Harmonized;M;M
Physical Energy & Power Flows;2024;9;448;448;448;AT;SI;Value on 3rd Wed. at 11;Export;Harmonized;M;M
Physical Energy & Power Flows;2024;10;198;198;198;AT;SI;Value on 3rd Wed. at 11;Export;Harmonized;M;M
Physical Energy & Power Flows;2024;11;622;622;622;AT;SI;Value on 3rd Wed. at 11;Export;Harmonized;M;M
Physical Energy & Power Flows;2024;12;790;790;790;AT;SI;Value on 3rd Wed. at 11;Export;Harmonized;M;M
Physical Energy & Power Flows;2024;1;201;201;201;AZ;GE;Value on 3rd Wed. at 11;Export;Harmonized;NaM;NaM
Physical Energy & Power Flows;2024;2;200;200;200;AZ;GE;Value on 3rd Wed. at 11;Export;Harmonized;NaM;NaM
Physical Energy & Power Flows;2024;3;22;22;22;AZ;GE;Value on 3rd Wed. at 11;Import;Harmonized;NaM;NaM
Physical Energy & Power Flows;2024;4;50;50;50;AZ;GE;Value on 3rd Wed. at 11;Export;Harmonized;NaM;NaM
Physical Energy & Power Flows;2024;5;21;21;21;AZ;GE;Value on 3rd Wed. at 11;Export;Harmonized;NaM;NaM
Physical Energy & Power Flows;2024;6;1;1;1;AZ;GE;Value on 3rd Wed. at 11;Import;Harmonized;NaM;NaM
Physical Energy & Power Flows;2024;7;8;8;8;AZ;GE;Value on 3rd Wed. at 11;Export;Harmonized;NaM;NaM
Physical Energy & Power Flows;2024;8;499;499;499;AZ;GE;Value on 3rd Wed. at 11;Export;Harmonized;NaM;NaM
Physical Energy & Power Flows;2024;9;478;478;478;AZ;GE;Value on 3rd Wed. at 11;Export;Harmonized;NaM;NaM
Physical Energy & Power Flows;2024;10;0;0;0;AZ;GE;Value on 3rd Wed. at 11;Import;Harmonized;NaM;NaM
Physical Energy & Power Flows;2024;11;0;0;0;AZ;GE;Value on 3rd Wed. at 11;Import;Harmonized;NaM;NaM
Physical Energy & Power Flows;2024;12;231;231;231;AZ;GE;Value on 3rd Wed. at 11;Export;Harmonized;NaM;NaM
Physical Energy & Power Flows;2024;1;618;618;618;BA;HR;Value on 3rd Wed. at 11;Export;Harmonized;M;M
Physical Energy & Power Flows;2024;2;389;389;389;BA;HR;Value on 3rd Wed. at 11;Import;Harmonized;M;M
Physical Energy & Power Flows;2024;3;1258;1258;1258;BA;HR;Value on 3rd Wed. at 11;Export;Harmonized;M;M
Physical Energy & Power Flows;2024;4;363;363;363;BA;HR;Value on 3rd Wed. at 11;Export;Harmonized;M;M
Physical Energy & Power Flows;2024;5;203;203;203;BA;HR;Value on 3rd Wed. at 11;Import;Harmonized;M;M
Physical Energy & Power Flows;2024;6;363;363;363;BA;HR;Value on 3rd Wed. at 11;Import;Harmonized;M;M
Physical Energy & Power Flows;2024;7;464;464;464;BA;HR;Value on 3rd Wed. at 11;Import;Harmonized;M;M
Physical Energy & Power Flows;2024;8;199;199;199;BA;HR;Value on 3rd Wed. at 11;Import;Harmonized;M;M
Physical Energy & Power Flows;2024;9;474;474;474;BA;HR;Value on 3rd Wed. at 11;Import;Harmonized;M;M
Physical Energy & Power Flows;2024;10;78;78;78;BA;HR;Value on 3rd Wed. at 11;Import;Harmonized;M;M
Physical Energy & Power Flows;2024;11;584;584;584;BA;HR;Value on 3rd Wed. at 11;Export;Harmonized;M;M
Physical Energy & Power Flows;2024;12;86;86;86;BA;HR;Value on 3rd Wed. at 11;Export;Harmonized;M;M
Physical Energy & Power Flows;2024;1;10;10;10;BA;ME;Value on 3rd Wed. at 11;Export;Harmonized;M;M
Physical Energy & Power Flows;2024;2;674;674;674;BA;ME;Value on 3rd Wed. at 11;Export;Harmonized;M;M
Physical Energy & Power Flows;2024;3;508;508;508;BA;ME;Value on 3rd Wed. at 11;Import;Harmonized;M;M
Physical Energy & Power Flows;2024;4;388;388;388;BA;ME;Value on 3rd Wed. at 11;Import;Harmonized;M;M
Physical Energy & Power Flows;2024;5;167;167;167;BA;ME;Value on 3rd Wed. at 11;Export;Harmonized;M;M
Physical Energy & Power Flows;2024;6;418;418;418;BA;ME;Value on 3rd Wed. at 11;Export;Harmonized;M;M
Physical Energy & Power Flows;2024;7;404;404;404;BA;ME;Value on 3rd Wed. at 11;Export;Harmonized;M;M
Physical Energy & Power Flows;2024;8;309;309;309;BA;ME;Value on 3rd Wed. at 11;Export;Harmonized;M;M
Physical Energy & Power Flows;2024;9;441;441;441;BA;ME;Value on 3rd Wed. at 11;Export;Harmonized;M;M
Physical Energy & Power Flows;2024;10;118;118;118;BA;ME;Value on 3rd Wed. at 11;Export;Harmonized;M;M
Physical Energy & Power Flows;2024;11;266;266;266;BA;ME;Value on 3rd Wed. at 11;Import;Harmonized;M;M
Physical Energy & Power Flows;2024;12;165;165;165;BA;ME;Value on 3rd Wed. at 11;Export;Harmonized;M;M
Physical Energy & Power Flows;2024;1;158;158;158;BA;RS;Value on 3rd Wed. at 11;Export;Harmonized;M;M
Physical Energy & Power Flows;2024;2;62;62;62;BA;RS;Value on 3rd Wed. at 11;Import;Harmonized;M;M
Physical Energy & Power Flows;2024;3;391;391;391;BA;RS;Value on 3rd Wed. at 11;Import;Harmonized;M;M
Physical Energy & Power Flows;2024;4;94;94;94;BA;RS;Value on 3rd Wed. at 11;Import;Harmonized;M;M
Physical Energy & Power Flows;2024;5;36;36;36;BA;RS;Value on 3rd Wed. at 11;Export;Harmonized;M;M
Physical Energy & Power Flows;2024;6;114;114;114;BA;RS;Value on 3rd Wed. at 11;Import;Harmonized;M;M
Physical Energy & Power Flows;2024;7;195;195;195;BA;RS;Value on 3rd Wed. at 11;Export;Harmonized;M;M
Physical Energy & Power Flows;2024;8;83;83;83;BA;RS;Value on 3rd Wed. at 11;Export;Harmonized;M;M
Physical Energy & Power Flows;2024;9;45;45;45;BA;RS;Value on 3rd Wed. at 11;Export;Harmonized;M;M
Physical Energy & Power Flows;2024;10;95;95;95;BA;RS;Value on 3rd Wed. at 11;Import;Harmonized;M;M
Physical Energy & Power Flows;2024;11;1;1;1;BA;RS;Value on 3rd Wed. at 11;Export;Harmonized;M;M
Physical Energy & Power Flows;2024;12;42;42;42;BA;RS;Value on 3rd Wed. at 11;Import;Harmonized;M;M
Physical Energy & Power Flows;2024;1;667;667;667;BE;DE;Value on 3rd Wed. at 11;Export;Harmonized;M;M
Physical Energy & Power Flows;2024;2;589;589;589;BE;DE;Value on 3rd Wed. at 11;Export;Harmonized;M;M
Physical Energy & Power Flows;2024;3;956;956;956;BE;DE;Value on 3rd Wed. at 11;Export;Harmonized;M;M
Physical Energy & Power Flows;2024;4;0;0;0;BE;DE;Value on 3rd Wed. at 11;Import;Harmonized;M;M
Physical Energy & Power Flows;2024;5;807;807;807;BE;DE;Value on 3rd Wed. at 11;Import;Harmonized;M;M
Physical Energy & Power Flows;2024;6;900;900;900;BE;DE;Value on 3rd Wed. at 11;Export;Harmonized;M;M
Physical Energy & Power Flows;2024;7;880;880;880;BE;DE;Value on 3rd Wed. at 11;Import;Harmonized;M;M
Physical Energy & Power Flows;2024;8;911;911;911;BE;DE;Value on 3rd Wed. at 11;Export;Harmonized;M;M
Physical Energy & Power Flows;2024;9;325;325;325;BE;DE;Value on 3rd Wed. at 11;Export;Harmonized;M;M
Physical Energy & Power Flows;2024;10;569;569;569;BE;DE;Value on 3rd Wed. at 11;Import;Harmonized;M;M
Physical Energy & Power Flows;2024;11;129;129;129;BE;DE;Value on 3rd Wed. at 11;Import;Harmonized;M;M
Physical Energy & Power Flows;2024;12;715;715;715;BE;DE;Value on 3rd Wed. at 11;Import;Harmonized;M;M
Physical Energy & Power Flows;2024;1;2616;2616;2616;BE;FR;Value on 3rd Wed. at 11;Import;Harmonized;M;M
Physical Energy & Power Flows;2024;2;2080;2080;2080;BE;FR;Value on 3rd Wed. at 11;Import;Harmonized;M;M
Physical Energy & Power Flows;2024;3;2130;2130;2130;BE;FR;Value on 3rd Wed. at 11;Import;Harmonized;M;M
Physical Energy & Power Flows;2024;4;2832;2832;2832;BE;FR;Value on 3rd Wed. at 11;Import;Harmonized;M;M
Physical Energy & Power Flows;2024;5;1224;1224;1224;BE;FR;Value on 3rd Wed. at 11;Import;Harmonized;M;M
Physical Energy & Power Flows;2024;6;1324;1324;1324;BE;FR;Value on 3rd Wed. at 11;Import;Harmonized;M;M
Physical Energy & Power Flows;2024;7;1215;1215;1215;BE;FR;Value on 3rd Wed. at 11;Export;Harmonized;M;M
Physical Energy & Power Flows;2024;8;907;907;907;BE;FR;Value on 3rd Wed. at 11;Export;Harmonized;M;M
Physical Energy & Power Flows;2024;9;1321;1321;1321;BE;FR;Value on 3rd Wed. at 11;Import;Harmonized;M;M
Physical Energy & Power Flows;2024;10;147;147;147;BE;FR;Value on 3rd Wed. at 11;Import;Harmonized;M;M
Physical Energy & Power Flows;2024;11;448;448;448;BE;FR;Value on 3rd Wed. at 11;Export;Harmonized;M;M
Physical Energy & Power Flows;2024;12;267;267;267;BE;FR;Value on 3rd Wed. at 11;Import;Harmonized;M;M
Physical Energy & Power Flows;2024;1;444;444;444;BE;GB;Value on 3rd Wed. at 11;Export;Harmonized;M;M
Physical Energy & Power Flows;2024;2;863;863;863;BE;GB;Value on 3rd Wed. at 11;Export;Harmonized;M;M
Physical Energy & Power Flows;2024;3;724;724;724;BE;GB;Value on 3rd Wed. at 11;Export;Harmonized;M;M
Physical Energy & Power Flows;2024;4;897;897;897;BE;GB;Value on 3rd Wed. at 11;Export;Harmonized;M;M
Physical Energy & Power Flows;2024;5;529;529;529;BE;GB;Value on 3rd Wed. at 11;Import;Harmonized;M;M
Physical Energy & Power Flows;2024;6;1045;1045;1045;BE;GB;Value on 3rd Wed. at 11;Export;Harmonized;M;M
Physical Energy & Power Flows;2024;7;1014;1014;1014;BE;GB;Value on 3rd Wed. at 11;Export;Harmonized;M;M
Physical Energy & Power Flows;2024;8;1045;1045;1045;BE;GB;Value on 3rd Wed. at 11;Export;Harmonized;M;M
Physical Energy & Power Flows;2024;9;1041;1041;1041;BE;GB;Value on 3rd Wed. at 11;Export;Harmonized;M;M
Physical Energy & Power Flows;2024;10;1041;1041;1041;BE;GB;Value on 3rd Wed. at 11;Export;Harmonized;M;M
Physical Energy & Power Flows;2024;11;917;917;917;BE;GB;Value on 3rd Wed. at 11;Export;Harmonized;M;M
Physical Energy & Power Flows;2024;12;984;984;984;BE;GB;Value on 3rd Wed. at 11;Export;Harmonized;M;M
Physical Energy & Power Flows;2024;1;59;59;59;BE;LU;Value on 3rd Wed. at 11;Export;Harmonized;M;M
Physical Energy & Power Flows;2024;2;68;68;68;BE;LU;Value on 3rd Wed. at 11;Export;Harmonized;M;M
Physical Energy & Power Flows;2024;3;141;141;141;BE;LU;Value on 3rd Wed. at 11;Export;Harmonized;M;M
Physical Energy & Power Flows;2024;4;73;73;73;BE;LU;Value on 3rd Wed. at 11;Export;Harmonized;M;M
Physical Energy & Power Flows;2024;5;121;121;121;BE;LU;Value on 3rd Wed. at 11;Export;Harmonized;M;M
Physical Energy & Power Flows;2024;6;173;173;173;BE;LU;Value on 3rd Wed. at 11;Export;Harmonized;M;M
Physical Energy & Power Flows;2024;7;164;164;164;BE;LU;Value on 3rd Wed. at 11;Export;Harmonized;M;M
Physical Energy & Power Flows;2024;8;115;115;115;BE;LU;Value on 3rd Wed. at 11;Import;Harmonized;M;M
Physical Energy & Power Flows;2024;9;121;121;121;BE;LU;Value on 3rd Wed. at 11;Export;Harmonized;M;M
Physical Energy & Power Flows;2024;10;148;148;148;BE;LU;Value on 3rd Wed. at 11;Export;Harmonized;M;M
Physical Energy & Power Flows;2024;11;120;120;120;BE;LU;Value on 3rd Wed. at 11;Export;Harmonized;M;M
Physical Energy & Power Flows;2024;12;45;45;45;BE;LU;Value on 3rd Wed. at 11;Import;Harmonized;M;M
Physical Energy & Power Flows;2024;1;1381;1381;1381;BE;NL;Value on 3rd Wed. at 11;Import;Harmonized;M;M
Physical Energy & Power Flows;2024;2;643;643;643;BE;NL;Value on 3rd Wed. at 11;Import;Harmonized;M;M
Physical Energy & Power Flows;2024;3;623;623;623;BE;NL;Value on 3rd Wed. at 11;Import;Harmonized;M;M
Physical Energy & Power Flows;2024;4;370;370;370;BE;NL;Value on 3rd Wed. at 11;Import;Harmonized;M;M
Physical Energy & Power Flows;2024;5;642;642;642;BE;NL;Value on 3rd Wed. at 11;Import;Harmonized;M;M
Physical Energy & Power Flows;2024;6;926;926;926;BE;NL;Value on 3rd Wed. at 11;Import;Harmonized;M;M
Physical Energy & Power Flows;2024;7;749;749;749;BE;NL;Value on 3rd Wed. at 11;Import;Harmonized;M;M
Physical Energy & Power Flows;2024;8;1376;1376;1376;BE;NL;Value on 3rd Wed. at 11;Import;Harmonized;M;M
Physical Energy & Power Flows;2024;9;387;387;387;BE;NL;Value on 3rd Wed. at 11;Import;Harmonized;M;M
Physical Energy & Power Flows;2024;10;1716;1716;1716;BE;NL;Value on 3rd Wed. at 11;Import;Harmonized;M;M
Physical Energy & Power Flows;2024;11;1444;1444;1444;BE;NL;Value on 3rd Wed. at 11;Import;Harmonized;M;M
Physical Energy & Power Flows;2024;12;517;517;517;BE;NL;Value on 3rd Wed. at 11;Import;Harmonized;M;M
Physical Energy & Power Flows;2024;1;309;309;309;BG;GR;Value on 3rd Wed. at 11;Import;Harmonized;M;M
Physical Energy & Power Flows;2024;2;604;604;604;BG;GR;Value on 3rd Wed. at 11;Export;Harmonized;M;M
Physical Energy & Power Flows;2024;3;49;49;49;BG;GR;Value on 3rd Wed. at 11;Import;Harmonized;M;M
Physical Energy & Power Flows;2024;4;146;146;146;BG;GR;Value on 3rd Wed. at 11;Import;Harmonized;M;M
Physical Energy & Power Flows;2024;5;23;23;23;BG;GR;Value on 3rd Wed. at 11;Import;Harmonized;M;M
Physical Energy & Power Flows;2024;6;109;109;109;BG;GR;Value on 3rd Wed. at 11;Import;Harmonized;M;M
Physical Energy & Power Flows;2024;7;168;168;168;BG;GR;Value on 3rd Wed. at 11;Export;Harmonized;M;M
Physical Energy & Power Flows;2024;8;175;175;175;BG;GR;Value on 3rd Wed. at 11;Export;Harmonized;M;M
Physical Energy & Power Flows;2024;9;745;745;745;BG;GR;Value on 3rd Wed. at 11;Export;Harmonized;M;M
Physical Energy & Power Flows;2024;10;408;408;408;BG;GR;Value on 3rd Wed. at 11;Export;Harmonized;M;M
Physical Energy & Power Flows;2024;11;384;384;384;BG;GR;Value on 3rd Wed. at 11;Import;Harmonized;M;M
Physical Energy & Power Flows;2024;12;221;221;221;BG;GR;Value on 3rd Wed. at 11;Import;Harmonized;M;M
Physical Energy & Power Flows;2024;1;16;16;16;BG;MK;Value on 3rd Wed. at 11;Import;Harmonized;M;M
Physical Energy & Power Flows;2024;2;89;89;89;BG;MK;Value on 3rd Wed. at 11;Export;Harmonized;M;M
Physical Energy & Power Flows;2024;3;165;165;165;BG;MK;Value on 3rd Wed. at 11;Export;Harmonized;M;M
Physical Energy & Power Flows;2024;4;296;296;296;BG;MK;Value on 3rd Wed. at 11;Export;Harmonized;M;M
Physical Energy & Power Flows;2024;5;56;56;56;BG;MK;Value on 3rd Wed. at 11;Export;Harmonized;M;M
Physical Energy & Power Flows;2024;6;42;42;42;BG;MK;Value on 3rd Wed. at 11;Export;Harmonized;M;M
Physical Energy & Power Flows;2024;7;116;116;116;BG;MK;Value on 3rd Wed. at 11;Export;Harmonized;M;M
Physical Energy & Power Flows;2024;8;124;124;124;BG;MK;Value on 3rd Wed. at 11;Export;Harmonized;M;M
Physical Energy & Power Flows;2024;9;334;334;334;BG;MK;Value on 3rd Wed. at 11;Export;Harmonized;M;M
Physical Energy & Power Flows;2024;10;0;0;0;BG;MK;Value on 3rd Wed. at 11;Import;Harmonized;M;M
Physical Energy & Power Flows;2024;11;32;32;32;BG;MK;Value on 3rd Wed. at 11;Import;Harmonized;M;M
Physical Energy & Power Flows;2024;12;117;117;117;BG;MK;Value on 3rd Wed. at 11;Export;Harmonized;M;M
Physical Energy & Power Flows;2024;1;369;369;369;BG;RO;Value on 3rd Wed. at 11;Export;Harmonized;M;M
Physical Energy & Power Flows;2024;2;587;587;587;BG;RO;Value on 3rd Wed. at 11;Import;Harmonized;M;M
Physical Energy & Power Flows;2024;3;562;562;562;BG;RO;Value on 3rd Wed. at 11;Export;Harmonized;M;M
Physical Energy & Power Flows;2024;4;491;491;491;BG;RO;Value on 3rd Wed. at 11;Export;Harmonized;M;M
Physical Energy & Power Flows;2024;5;423;423;423;BG;RO;Value on 3rd Wed. at 11;Import;Harmonized;M;M
Physical Energy & Power Flows;2024;6;645;645;645;BG;RO;Value on 3rd Wed. at 11;Export;Harmonized;M;M
Physical Energy & Power Flows;2024;7;597;597;597;BG;RO;Value on 3rd Wed. at 11;Export;Harmonized;M;M
Physical Energy & Power Flows;2024;8;468;468;468;BG;RO;Value on 3rd Wed. at 11;Export;Harmonized;M;M
Physical Energy & Power Flows;2024;9;468;468;468;BG;RO;Value on 3rd Wed. at 11;Import;Harmonized;M;M
Physical Energy & Power Flows;2024;10;146;146;146;BG;RO;Value on 3rd Wed. at 11;Import;Harmonized;M;M
Physical Energy & Power Flows;2024;11;854;854;854;BG;RO;Value on 3rd Wed. at 11;Export;Harmonized;M;M
Physical Energy & Power Flows;2024;12;1326;1326;1326;BG;RO;Value on 3rd Wed. at 11;Export;Harmonized;M;M
Physical Energy & Power Flows;2024;1;164;164;164;BG;RS;Value on 3rd Wed. at 11;Export;Harmonized;M;M
Physical Energy & Power Flows;2024;2;128;128;128;BG;RS;Value on 3rd Wed. at 11;Export;Harmonized;M;M
Physical Energy & Power Flows;2024;3;571;571;571;BG;RS;Value on 3rd Wed. at 11;Export;Harmonized;M;M
Physical Energy & Power Flows;2024;4;716;716;716;BG;RS;Value on 3rd Wed. at 11;Export;Harmonized;M;M
Physical Energy & Power Flows;2024;5;18;18;18;BG;RS;Value on 3rd Wed. at 11;Export;Harmonized;M;M
Physical Energy & Power Flows;2024;6;210;210;210;BG;RS;Value on 3rd Wed. at 11;Export;Harmonized;M;M
Physical Energy & Power Flows;2024;7;338;338;338;BG;RS;Value on 3rd Wed. at 11;Export;Harmonized;M;M
Physical Energy & Power Flows;2024;8;319;319;319;BG;RS;Value on 3rd Wed. at 11;Export;Harmonized;M;M
Physical Energy & Power Flows;2024;9;146;146;146;BG;RS;Value on 3rd Wed. at 11;Export;Harmonized;M;M
Physical Energy & Power Flows;2024;10;501;501;501;BG;RS;Value on 3rd Wed. at 11;Export;Harmonized;M;M
Physical Energy & Power Flows;2024;11;388;388;388;BG;RS;Value on 3rd Wed. at 11;Export;Harmonized;M;M
Physical Energy & Power Flows;2024;12;446;446;446;BG;RS;Value on 3rd Wed. at 11;Export;Harmonized;M;M
Physical Energy & Power Flows;2024;1;218;218;218;BG;TR;Value on 3rd Wed. at 11;Import;Harmonized;M;M
Physical Energy & Power Flows;2024;2;39;39;39;BG;TR;Value on 3rd Wed. at 11;Export;Harmonized;M;M
Physical Energy & Power Flows;2024;3;143;143;143;BG;TR;Value on 3rd Wed. at 11;Export;Harmonized;M;M
Physical Energy & Power Flows;2024;4;116;116;116;BG;TR;Value on 3rd Wed. at 11;Import;Harmonized;M;M
Physical Energy & Power Flows;2024;5;116;116;116;BG;TR;Value on 3rd Wed. at 11;Import;Harmonized;M;M
Physical Energy & Power Flows;2024;6;282;282;282;BG;TR;Value on 3rd Wed. at 11;Import;Harmonized;M;M
Physical Energy & Power Flows;2024;7;6;6;6;BG;TR;Value on 3rd Wed. at 11;Export;Harmonized;M;M
Physical Energy & Power Flows;2024;8;51;51;51;BG;TR;Value on 3rd Wed. at 11;Import;Harmonized;M;M
Physical Energy & Power Flows;2024;9;208;208;208;BG;TR;Value on 3rd Wed. at 11;Export;Harmonized;M;M
Physical Energy & Power Flows;2024;10;399;399;399;BG;TR;Value on 3rd Wed. at 11;Export;Harmonized;M;M
Physical Energy & Power Flows;2024;11;139;139;139;BG;TR;Value on 3rd Wed. at 11;Import;Harmonized;M;M
Physical Energy & Power Flows;2024;12;194;194;194;BG;TR;Value on 3rd Wed. at 11;Import;Harmonized;M;M
Physical Energy & Power Flows;2024;1;275;275;275;BY;LT;Value on 3rd Wed. at 11;Export;Harmonized;NaM;M
Physical Energy & Power Flows;2024;2;88;88;88;BY;LT;Value on 3rd Wed. at 11;Export;Harmonized;NaM;M
Physical Energy & Power Flows;2024;3;216;216;216;BY;LT;Value on 3rd Wed. at 11;Export;Harmonized;NaM;M
Physical Energy & Power Flows;2024;4;68;68;68;BY;LT;Value on 3rd Wed. at 11;Import;Harmonized;NaM;M
Physical Energy & Power Flows;2024;5;176;176;176;BY;LT;Value on 3rd Wed. at 11;Import;Harmonized;NaM;M
Physical Energy & Power Flows;2024;6;224;224;224;BY;LT;Value on 3rd Wed. at 11;Import;Harmonized;NaM;M
Physical Energy & Power Flows;2024;7;183;183;183;BY;LT;Value on 3rd Wed. at 11;Import;Harmonized;NaM;M
Physical Energy & Power Flows;2024;8;94;94;94;BY;LT;Value on 3rd Wed. at 11;Import;Harmonized;NaM;M
Physical Energy & Power Flows;2024;9;41;41;41;BY;LT;Value on 3rd Wed. at 11;Import;Harmonized;NaM;M
Physical Energy & Power Flows;2024;10;17;17;17;BY;LT;Value on 3rd Wed. at 11;Export;Harmonized;NaM;M
Physical Energy & Power Flows;2024;11;85;85;85;BY;LT;Value on 3rd Wed. at 11;Export;Harmonized;NaM;M
Physical Energy & Power Flows;2024;12;9;9;9;BY;LT;Value on 3rd Wed. at 11;Export;Harmonized;NaM;M
Physical Energy & Power Flows;2024;1;0;0;0;BY;UA;Value on 3rd Wed. at 11;Import;Harmonized;NaM;M
Physical Energy & Power Flows;2024;2;0;0;0;BY;UA;Value on 3rd Wed. at 11;Import;Harmonized;NaM;M
Physical Energy & Power Flows;2024;3;0;0;0;BY;UA;Value on 3rd Wed. at 11;Import;Harmonized;NaM;M
Physical Energy & Power Flows;2024;4;0;0;0;BY;UA;Value on 3rd Wed. at 11;Import;Harmonized;NaM;M
Physical Energy & Power Flows;2024;5;0;0;0;BY;UA;Value on 3rd Wed. at 11;Import;Harmonized;NaM;M
Physical Energy & Power Flows;2024;6;0;0;0;BY;UA;Value on 3rd Wed. at 11;Import;Harmonized;NaM;M
Physical Energy & Power Flows;2024;7;0;0;0;BY;UA;Value on 3rd Wed. at 11;Import;Harmonized;NaM;M
Physical Energy & Power Flows;2024;8;0;0;0;BY;UA;Value on 3rd Wed. at 11;Import;Harmonized;NaM;M
Physical Energy & Power Flows;2024;9;0;0;0;BY;UA;Value on 3rd Wed. at 11;Import;Harmonized;NaM;M
Physical Energy & Power Flows;2024;10;0;0;0;BY;UA;Value on 3rd Wed. at 11;Import;Harmonized;NaM;M
Physical Energy & Power Flows;2024;11;0;0;0;BY;UA;Value on 3rd Wed. at 11;Import;Harmonized;NaM;M
Physical Energy & Power Flows;2024;12;0;0;0;BY;UA;Value on 3rd Wed. at 11;Import;Harmonized;NaM;M
Physical Energy & Power Flows;2024;1;83;83;83;CH;AT;Value on 3rd Wed. at 11;Import;Harmonized;M;M
Physical Energy & Power Flows;2024;2;1052;1052;1052;CH;AT;Value on 3rd Wed. at 11;Import;Harmonized;M;M
Physical Energy & Power Flows;2024;3;1310;1310;1310;CH;AT;Value on 3rd Wed. at 11;Import;Harmonized;M;M
Physical Energy & Power Flows;2024;4;316;316;316;CH;AT;Value on 3rd Wed. at 11;Export;Harmonized;M;M
Physical Energy & Power Flows;2024;5;779;779;779;CH;AT;Value on 3rd Wed. at 11;Import;Harmonized;M;M
Physical Energy & Power Flows;2024;6;285;285;285;CH;AT;Value on 3rd Wed. at 11;Import;Harmonized;M;M
Physical Energy & Power Flows;2024;7;346;346;346;CH;AT;Value on 3rd Wed. at 11;Import;Harmonized;M;M
Physical Energy & Power Flows;2024;8;593;593;593;CH;AT;Value on 3rd Wed. at 11;Import;Harmonized;M;M
Physical Energy & Power Flows;2024;9;923;923;923;CH;AT;Value on 3rd Wed. at 11;Import;Harmonized;M;M
Physical Energy & Power Flows;2024;10;1766;1766;1766;CH;AT;Value on 3rd Wed. at 11;Import;Harmonized;M;M
Physical Energy & Power Flows;2024;11;43;43;43;CH;AT;Value on 3rd Wed. at 11;Export;Harmonized;M;M
Physical Energy & Power Flows;2024;12;142;142;142;CH;AT;Value on 3rd Wed. at 11;Import;Harmonized;M;M
Physical Energy & Power Flows;2024;1;872;872;872;CH;DE;Value on 3rd Wed. at 11;Export;Harmonized;M;M
Physical Energy & Power Flows;2024;2;931;931;931;CH;DE;Value on 3rd Wed. at 11;Import;Harmonized;M;M
Physical Energy & Power Flows;2024;3;223;223;223;CH;DE;Value on 3rd Wed. at 11;Import;Harmonized;M;M
Physical Energy & Power Flows;2024;4;2061;2061;2061;CH;DE;Value on 3rd Wed. at 11;Export;Harmonized;M;M
Physical Energy & Power Flows;2024;5;914;914;914;CH;DE;Value on 3rd Wed. at 11;Import;Harmonized;M;M
Physical Energy & Power Flows;2024;6;1911;1911;1911;CH;DE;Value on 3rd Wed. at 11;Export;Harmonized;M;M
Physical Energy & Power Flows;2024;7;1194;1194;1194;CH;DE;Value on 3rd Wed. at 11;Export;Harmonized;M;M
Physical Energy & Power Flows;2024;8;520;520;520;CH;DE;Value on 3rd Wed. at 11;Import;Harmonized;M;M
Physical Energy & Power Flows;2024;9;481;481;481;CH;DE;Value on 3rd Wed. at 11;Import;Harmonized;M;M
Physical Energy & Power Flows;2024;10;836;836;836;CH;DE;Value on 3rd Wed. at 11;Import;Harmonized;M;M
Physical Energy & Power Flows;2024;11;984;984;984;CH;DE;Value on 3rd Wed. at 11;Import;Harmonized;M;M
Physical Energy & Power Flows;2024;12;2738;2738;2738;CH;DE;Value on 3rd Wed. at 11;Import;Harmonized;M;M
Physical Energy & Power Flows;2024;1;1099;1099;1099;CH;FR;Value on 3rd Wed. at 11;Import;Harmonized;M;M
Physical Energy & Power Flows;2024;2;2947;2947;2947;CH;FR;Value on 3rd Wed. at 11;Import;Harmonized;M;M
Physical Energy & Power Flows;2024;3;1952;1952;1952;CH;FR;Value on 3rd Wed. at 11;Import;Harmonized;M;M
Physical Energy & Power Flows;2024;4;1178;1178;1178;CH;FR;Value on 3rd Wed. at 11;Import;Harmonized;M;M
Physical Energy & Power Flows;2024;5;1005;1005;1005;CH;FR;Value on 3rd Wed. at 11;Import;Harmonized;M;M
Physical Energy & Power Flows;2024;6;239;239;239;CH;FR;Value on 3rd Wed. at 11;Import;Harmonized;M;M
Physical Energy & Power Flows;2024;7;710;710;710;CH;FR;Value on 3rd Wed. at 11;Import;Harmonized;M;M
Physical Energy & Power Flows;2024;8;1193;1193;1193;CH;FR;Value on 3rd Wed. at 11;Import;Harmonized;M;M
Physical Energy & Power Flows;2024;9;1535;1535;1535;CH;FR;Value on 3rd Wed. at 11;Import;Harmonized;M;M
Physical Energy & Power Flows;2024;10;627;627;627;CH;FR;Value on 3rd Wed. at 11;Import;Harmonized;M;M
Physical Energy & Power Flows;2024;11;2974;2974;2974;CH;FR;Value on 3rd Wed. at 11;Import;Harmonized;M;M
Physical Energy & Power Flows;2024;12;1940;1940;1940;CH;FR;Value on 3rd Wed. at 11;Import;Harmonized;M;M
Physical Energy & Power Flows;2024;1;2763;2763;2763;CH;IT;Value on 3rd Wed. at 11;Export;Harmonized;M;M
Physical Energy & Power Flows;2024;2;3582;3582;3582;CH;IT;Value on 3rd Wed. at 11;Export;Harmonized;M;M
Physical Energy & Power Flows;2024;3;3288;3288;3288;CH;IT;Value on 3rd Wed. at 11;Export;Harmonized;M;M
Physical Energy & Power Flows;2024;4;11;11;11;CH;IT;Value on 3rd Wed. at 11;Export;Harmonized;M;M
Physical Energy & Power Flows;2024;5;2107;2107;2107;CH;IT;Value on 3rd Wed. at 11;Export;Harmonized;M;M
Physical Energy & Power Flows;2024;6;2172;2172;2172;CH;IT;Value on 3rd Wed. at 11;Export;Harmonized;M;M
Physical Energy & Power Flows;2024;7;3805;3805;3805;CH;IT;Value on 3rd Wed. at 11;Export;Harmonized;M;M
Physical Energy & Power Flows;2024;8;2637;2637;2637;CH;IT;Value on 3rd Wed. at 11;Export;Harmonized;M;M
Physical Energy & Power Flows;2024;9;3250;3250;3250;CH;IT;Value on 3rd Wed. at 11;Export;Harmonized;M;M
Physical Energy & Power Flows;2024;10;2201;2201;2201;CH;IT;Value on 3rd Wed. at 11;Export;Harmonized;M;M
Physical Energy & Power Flows;2024;11;3306;3306;3306;CH;IT;Value on 3rd Wed. at 11;Export;Harmonized;M;M
Physical Energy & Power Flows;2024;12;2251;2251;2251;CH;IT;Value on 3rd Wed. at 11;Export;Harmonized;M;M
Physical Energy & Power Flows;2024;1;940;940;940;CZ;AT;Value on 3rd Wed. at 11;Export;Harmonized;M;M
Physical Energy & Power Flows;2024;2;977;977;977;CZ;AT;Value on 3rd Wed. at 11;Export;Harmonized;M;M
Physical Energy & Power Flows;2024;3;659;659;659;CZ;AT;Value on 3rd Wed. at 11;Import;Harmonized;M;M
Physical Energy & Power Flows;2024;4;92;92;92;CZ;AT;Value on 3rd Wed. at 11;Export;Harmonized;M;M
Physical Energy & Power Flows;2024;5;105;105;105;CZ;AT;Value on 3rd Wed. at 11;Export;Harmonized;M;M
Physical Energy & Power Flows;2024;6;626;626;626;CZ;AT;Value on 3rd Wed. at 11;Import;Harmonized;M;M
Physical Energy & Power Flows;2024;7;39;39;39;CZ;AT;Value on 3rd Wed. at 11;Export;Harmonized;M;M
Physical Energy & Power Flows;2024;8;452;452;452;CZ;AT;Value on 3rd Wed. at 11;Export;Harmonized;M;M
Physical Energy & Power Flows;2024;9;639;639;639;CZ;AT;Value on 3rd Wed. at 11;Export;Harmonized;M;M
Physical Energy & Power Flows;2024;10;181;181;181;CZ;AT;Value on 3rd Wed. at 11;Export;Harmonized;M;M
Physical Energy & Power Flows;2024;11;953;953;953;CZ;AT;Value on 3rd Wed. at 11;Export;Harmonized;M;M
Physical Energy & Power Flows;2024;12;1255;1255;1255;CZ;AT;Value on 3rd Wed. at 11;Export;Harmonized;M;M
Physical Energy & Power Flows;2024;1;491;491;491;CZ;DE;Value on 3rd Wed. at 11;Import;Harmonized;M;M
Physical Energy & Power Flows;2024;2;1501;1501;1501;CZ;DE;Value on 3rd Wed. at 11;Import;Harmonized;M;M
Physical Energy & Power Flows;2024;3;1309;1309;1309;CZ;DE;Value on 3rd Wed. at 11;Export;Harmonized;M;M
Physical Energy & Power Flows;2024;4;511;511;511;CZ;DE;Value on 3rd Wed. at 11;Export;Harmonized;M;M
Physical Energy & Power Flows;2024;5;1408;1408;1408;CZ;DE;Value on 3rd Wed. at 11;Import;Harmonized;M;M
Physical Energy & Power Flows;2024;6;52;52;52;CZ;DE;Value on 3rd Wed. at 11;Import;Harmonized;M;M
Physical Energy & Power Flows;2024;7;1889;1889;1889;CZ;DE;Value on 3rd Wed. at 11;Import;Harmonized;M;M
Physical Energy & Power Flows;2024;8;1224;1224;1224;CZ;DE;Value on 3rd Wed. at 11;Import;Harmonized;M;M
Physical Energy & Power Flows;2024;9;61;61;61;CZ;DE;Value on 3rd Wed. at 11;Import;Harmonized;M;M
Physical Energy & Power Flows;2024;10;600;600;600;CZ;DE;Value on 3rd Wed. at 11;Import;Harmonized;M;M
Physical Energy & Power Flows;2024;11;908;908;908;CZ;DE;Value on 3rd Wed. at 11;Import;Harmonized;M;M
Physical Energy & Power Flows;2024;12;950;950;950;CZ;DE;Value on 3rd Wed. at 11;Import;Harmonized;M;M
Physical Energy & Power Flows;2024;1;1080;1080;1080;CZ;PL;Value on 3rd Wed. at 11;Import;Harmonized;M;M
Physical Energy & Power Flows;2024;2;367;367;367;CZ;PL;Value on 3rd Wed. at 11;Import;Harmonized;M;M
Physical Energy & Power Flows;2024;3;369;369;369;CZ;PL;Value on 3rd Wed. at 11;Export;Harmonized;M;M
Physical Energy & Power Flows;2024;4;182;182;182;CZ;PL;Value on 3rd Wed. at 11;Import;Harmonized;M;M
Physical Energy & Power Flows;2024;5;1430;1430;1430;CZ;PL;Value on 3rd Wed. at 11;Import;Harmonized;M;M
Physical Energy & Power Flows;2024;6;121;121;121;CZ;PL;Value on 3rd Wed. at 11;Import;Harmonized;M;M
Physical Energy & Power Flows;2024;7;1223;1223;1223;CZ;PL;Value on 3rd Wed. at 11;Import;Harmonized;M;M
Physical Energy & Power Flows;2024;8;1355;1355;1355;CZ;PL;Value on 3rd Wed. at 11;Import;Harmonized;M;M
Physical Energy & Power Flows;2024;9;619;619;619;CZ;PL;Value on 3rd Wed. at 11;Import;Harmonized;M;M
Physical Energy & Power Flows;2024;10;1400;1400;1400;CZ;PL;Value on 3rd Wed. at 11;Import;Harmonized;M;M
Physical Energy & Power Flows;2024;11;1322;1322;1322;CZ;PL;Value on 3rd Wed. at 11;Import;Harmonized;M;M
Physical Energy & Power Flows;2024;12;728;728;728;CZ;PL;Value on 3rd Wed. at 11;Import;Harmonized;M;M
Physical Energy & Power Flows;2024;1;947;947;947;CZ;SK;Value on 3rd Wed. at 11;Export;Harmonized;M;M
Physical Energy & Power Flows;2024;2;802;802;802;CZ;SK;Value on 3rd Wed. at 11;Export;Harmonized;M;M
Physical Energy & Power Flows;2024;3;1405;1405;1405;CZ;SK;Value on 3rd Wed. at 11;Import;Harmonized;M;M
Physical Energy & Power Flows;2024;4;65;65;65;CZ;SK;Value on 3rd Wed. at 11;Export;Harmonized;M;M
Physical Energy & Power Flows;2024;5;1730;1730;1730;CZ;SK;Value on 3rd Wed. at 11;Export;Harmonized;M;M
Physical Energy & Power Flows;2024;6;532;532;532;CZ;SK;Value on 3rd Wed. at 11;Export;Harmonized;M;M
Physical Energy & Power Flows;2024;7;1824;1824;1824;CZ;SK;Value on 3rd Wed. at 11;Export;Harmonized;M;M
Physical Energy & Power Flows;2024;8;1449;1449;1449;CZ;SK;Value on 3rd Wed. at 11;Export;Harmonized;M;M
Physical Energy & Power Flows;2024;9;657;657;657;CZ;SK;Value on 3rd Wed. at 11;Export;Harmonized;M;M
Physical Energy & Power Flows;2024;10;407;407;407;CZ;SK;Value on 3rd Wed. at 11;Export;Harmonized;M;M
Physical Energy & Power Flows;2024;11;1745;1745;1745;CZ;SK;Value on 3rd Wed. at 11;Export;Harmonized;M;M
Physical Energy & Power Flows;2024;12;1231;1231;1231;CZ;SK;Value on 3rd Wed. at 11;Export;Harmonized;M;M
Physical Energy & Power Flows;2024;1;337;337;337;DE;AT;Value on 3rd Wed. at 11;Import;Harmonized;M;M
Physical Energy & Power Flows;2024;2;2550;2550;2550;DE;AT;Value on 3rd Wed. at 11;Export;Harmonized;M;M
Physical Energy & Power Flows;2024;3;850;850;850;DE;AT;Value on 3rd Wed. at 11;Export;Harmonized;M;M
Physical Energy & Power Flows;2024;4;1352;1352;1352;DE;AT;Value on 3rd Wed. at 11;Import;Harmonized;M;M
Physical Energy & Power Flows;2024;5;1427;1427;1427;DE;AT;Value on 3rd Wed. at 11;Export;Harmonized;M;M
Physical Energy & Power Flows;2024;6;369;369;369;DE;AT;Value on 3rd Wed. at 11;Export;Harmonized;M;M
Physical Energy & Power Flows;2024;7;1273;1273;1273;DE;AT;Value on 3rd Wed. at 11;Export;Harmonized;M;M
Physical Energy & Power Flows;2024;8;1795;1795;1795;DE;AT;Value on 3rd Wed. at 11;Export;Harmonized;M;M
Physical Energy & Power Flows;2024;9;1730;1730;1730;DE;AT;Value on 3rd Wed. at 11;Export;Harmonized;M;M
Physical Energy & Power Flows;2024;10;1397;1397;1397;DE;AT;Value on 3rd Wed. at 11;Export;Harmonized;M;M
Physical Energy & Power Flows;2024;11;1654;1654;1654;DE;AT;Value on 3rd Wed. at 11;Export;Harmonized;M;M
Physical Energy & Power Flows;2024;12;1658;1658;1658;DE;AT;Value on 3rd Wed. at 11;Export;Harmonized;M;M
Physical Energy & Power Flows;2024;1;667;667;667;DE;BE;Value on 3rd Wed. at 11;Import;Harmonized;M;M
Physical Energy & Power Flows;2024;2;589;589;589;DE;BE;Value on 3rd Wed. at 11;Import;Harmonized;M;M
Physical Energy & Power Flows;2024;3;956;956;956;DE;BE;Value on 3rd Wed. at 11;Import;Harmonized;M;M
Physical Energy & Power Flows;2024;4;0;0;0;DE;BE;Value on 3rd Wed. at 11;Import;Harmonized;M;M
Physical Energy & Power Flows;2024;5;807;807;807;DE;BE;Value on 3rd Wed. at 11;Export;Harmonized;M;M
Physical Energy & Power Flows;2024;6;900;900;900;DE;BE;Value on 3rd Wed. at 11;Import;Harmonized;M;M
Physical Energy & Power Flows;2024;7;880;880;880;DE;BE;Value on 3rd Wed. at 11;Export;Harmonized;M;M
Physical Energy & Power Flows;2024;8;911;911;911;DE;BE;Value on 3rd Wed. at 11;Import;Harmonized;M;M
Physical Energy & Power Flows;2024;9;325;325;325;DE;BE;Value on 3rd Wed. at 11;Import;Harmonized;M;M
Physical Energy & Power Flows;2024;10;569;569;569;DE;BE;Value on 3rd Wed. at 11;Export;Harmonized;M;M
Physical Energy & Power Flows;2024;11;129;129;129;DE;BE;Value on 3rd Wed. at 11;Export;Harmonized;M;M
Physical Energy & Power Flows;2024;12;715;715;715;DE;BE;Value on 3rd Wed. at 11;Export;Harmonized;M;M
Physical Energy & Power Flows;2024;1;872;872;872;DE;CH;Value on 3rd Wed. at 11;Import;Harmonized;M;M
Physical Energy & Power Flows;2024;2;931;931;931;DE;CH;Value on 3rd Wed. at 11;Export;Harmonized;M;M
Physical Energy & Power Flows;2024;3;223;223;223;DE;CH;Value on 3rd Wed. at 11;Export;Harmonized;M;M
Physical Energy & Power Flows;2024;4;2061;2061;2061;DE;CH;Value on 3rd Wed. at 11;Import;Harmonized;M;M
Physical Energy & Power Flows;2024;5;914;914;914;DE;CH;Value on 3rd Wed. at 11;Export;Harmonized;M;M
Physical Energy & Power Flows;2024;6;1911;1911;1911;DE;CH;Value on 3rd Wed. at 11;Import;Harmonized;M;M
Physical Energy & Power Flows;2024;7;1194;1194;1194;DE;CH;Value on 3rd Wed. at 11;Import;Harmonized;M;M
Physical Energy & Power Flows;2024;8;520;520;520;DE;CH;Value on 3rd Wed. at 11;Export;Harmonized;M;M
Physical Energy & Power Flows;2024;9;481;481;481;DE;CH;Value on 3rd Wed. at 11;Export;Harmonized;M;M
Physical Energy & Power Flows;2024;10;836;836;836;DE;CH;Value on 3rd Wed. at 11;Export;Harmonized;M;M
Physical Energy & Power Flows;2024;11;984;984;984;DE;CH;Value on 3rd Wed. at 11;Export;Harmonized;M;M
Physical Energy & Power Flows;2024;12;2738;2738;2738;DE;CH;Value on 3rd Wed. at 11;Export;Harmonized;M;M
Physical Energy & Power Flows;2024;1;491;491;491;DE;CZ;Value on 3rd Wed. at 11;Export;Harmonized;M;M
Physical Energy & Power Flows;2024;2;1501;1501;1501;DE;CZ;Value on 3rd Wed. at 11;Export;Harmonized;M;M
Physical Energy & Power Flows;2024;3;1309;1309;1309;DE;CZ;Value on 3rd Wed. at 11;Import;Harmonized;M;M
Physical Energy & Power Flows;2024;4;511;511;511;DE;CZ;Value on 3rd Wed. at 11;Import;Harmonized;M;M
Physical Energy & Power Flows;2024;5;1408;1408;1408;DE;CZ;Value on 3rd Wed. at 11;Export;Harmonized;M;M
Physical Energy & Power Flows;2024;6;52;52;52;DE;CZ;Value on 3rd Wed. at 11;Export;Harmonized;M;M
Physical Energy & Power Flows;2024;7;1889;1889;1889;DE;CZ;Value on 3rd Wed. at 11;Export;Harmonized;M;M
Physical Energy & Power Flows;2024;8;1224;1224;1224;DE;CZ;Value on 3rd Wed. at 11;Export;Harmonized;M;M
Physical Energy & Power Flows;2024;9;61;61;61;DE;CZ;Value on 3rd Wed. at 11;Export;Harmonized;M;M
Physical Energy & Power Flows;2024;10;600;600;600;DE;CZ;Value on 3rd Wed. at 11;Export;Harmonized;M;M
Physical Energy & Power Flows;2024;11;908;908;908;DE;CZ;Value on 3rd Wed. at 11;Export;Harmonized;M;M
Physical Energy & Power Flows;2024;12;950;950;950;DE;CZ;Value on 3rd Wed. at 11;Export;Harmonized;M;M
Physical Energy & Power Flows;2024;1;922;922;922;DE;DK;Value on 3rd Wed. at 11;Import;Harmonized;M;M
Physical Energy & Power Flows;2024;2;752;752;752;DE;DK;Value on 3rd Wed. at 11;Import;Harmonized;M;M
Physical Energy & Power Flows;2024;3;466;466;466;DE;DK;Value on 3rd Wed. at 11;Export;Harmonized;M;M
Physical Energy & Power Flows;2024;4;1810;1810;1810;DE;DK;Value on 3rd Wed. at 11;Import;Harmonized;M;M
Physical Energy & Power Flows;2024;5;2446;2446;2446;DE;DK;Value on 3rd Wed. at 11;Export;Harmonized;M;M
Physical Energy & Power Flows;2024;6;1692;1692;1692;DE;DK;Value on 3rd Wed. at 11;Import;Harmonized;M;M
Physical Energy & Power Flows;2024;7;27;27;27;DE;DK;Value on 3rd Wed. at 11;Export;Harmonized;M;M
Physical Energy & Power Flows;2024;8;2613;2613;2613;DE;DK;Value on 3rd Wed. at 11;Export;Harmonized;M;M
Physical Energy & Power Flows;2024;9;896;896;896;DE;DK;Value on 3rd Wed. at 11;Export;Harmonized;M;M
Physical Energy & Power Flows;2024;10;264;264;264;DE;DK;Value on 3rd Wed. at 11;Export;Harmonized;M;M
Physical Energy & Power Flows;2024;11;1469;1469;1469;DE;DK;Value on 3rd Wed. at 11;Import;Harmonized;M;M
Physical Energy & Power Flows;2024;12;551;551;551;DE;DK;Value on 3rd Wed. at 11;Import;Harmonized;M;M
Physical Energy & Power Flows;2024;1;2895;2895;2895;DE;FR;Value on 3rd Wed. at 11;Import;Harmonized;M;M
Physical Energy & Power Flows;2024;2;2660;2660;2660;DE;FR;Value on 3rd Wed. at 11;Import;Harmonized;M;M
Physical Energy & Power Flows;2024;3;1445;1445;1445;DE;FR;Value on 3rd Wed. at 11;Import;Harmonized;M;M
Physical Energy & Power Flows;2024;4;1787;1787;1787;DE;FR;Value on 3rd Wed. at 11;Import;Harmonized;M;M
Physical Energy & Power Flows;2024;5;450;450;450;DE;FR;Value on 3rd Wed. at 11;Import;Harmonized;M;M
Physical Energy & Power Flows;2024;6;1884;1884;1884;DE;FR;Value on 3rd Wed. at 11;Import;Harmonized;M;M
Physical Energy & Power Flows;2024;7;2299;2299;2299;DE;FR;Value on 3rd Wed. at 11;Import;Harmonized;M;M
Physical Energy & Power Flows;2024;8;719;719;719;DE;FR;Value on 3rd Wed. at 11;Import;Harmonized;M;M
Physical Energy & Power Flows;2024;9;2579;2579;2579;DE;FR;Value on 3rd Wed. at 11;Import;Harmonized;M;M
Physical Energy & Power Flows;2024;10;52;52;52;DE;FR;Value on 3rd Wed. at 11;Export;Harmonized;M;M
Physical Energy & Power Flows;2024;11;2720;2720;2720;DE;FR;Value on 3rd Wed. at 11;Import;Harmonized;M;M
Physical Energy & Power Flows;2024;12;1970;1970;1970;DE;FR;Value on 3rd Wed. at 11;Import;Harmonized;M;M
Physical Energy & Power Flows;2024;1;614;614;614;DE;LU;Value on 3rd Wed. at 11;Export;Harmonized;M;M
Physical Energy & Power Flows;2024;2;504;504;504;DE;LU;Value on 3rd Wed. at 11;Export;Harmonized;M;M
Physical Energy & Power Flows;2024;3;311;311;311;DE;LU;Value on 3rd Wed. at 11;Export;Harmonized;M;M
Physical Energy & Power Flows;2024;4;435;435;435;DE;LU;Value on 3rd Wed. at 11;Export;Harmonized;M;M
Physical Energy & Power Flows;2024;5;453;453;453;DE;LU;Value on 3rd Wed. at 11;Export;Harmonized;M;M
Physical Energy & Power Flows;2024;6;353;353;353;DE;LU;Value on 3rd Wed. at 11;Export;Harmonized;M;M
Physical Energy & Power Flows;2024;7;255;255;255;DE;LU;Value on 3rd Wed. at 11;Export;Harmonized;M;M
Physical Energy & Power Flows;2024;8;496;496;496;DE;LU;Value on 3rd Wed. at 11;Export;Harmonized;M;M
Physical Energy & Power Flows;2024;9;171;171;171;DE;LU;Value on 3rd Wed. at 11;Export;Harmonized;M;M
Physical Energy & Power Flows;2024;10;367;367;367;DE;LU;Value on 3rd Wed. at 11;Export;Harmonized;M;M
Physical Energy & Power Flows;2024;11;302;302;302;DE;LU;Value on 3rd Wed. at 11;Export;Harmonized;M;M
Physical Energy & Power Flows;2024;12;517;517;517;DE;LU;Value on 3rd Wed. at 11;Export;Harmonized;M;M
Physical Energy & Power Flows;2024;1;2053;2053;2053;DE;NL;Value on 3rd Wed. at 11;Export;Harmonized;M;M
Physical Energy & Power Flows;2024;2;223;223;223;DE;NL;Value on 3rd Wed. at 11;Import;Harmonized;M;M
Physical Energy & Power Flows;2024;3;214;214;214;DE;NL;Value on 3rd Wed. at 11;Import;Harmonized;M;M
Physical Energy & Power Flows;2024;4;1315;1315;1315;DE;NL;Value on 3rd Wed. at 11;Import;Harmonized;M;M
Physical Energy & Power Flows;2024;5;1038;1038;1038;DE;NL;Value on 3rd Wed. at 11;Export;Harmonized;M;M
Physical Energy & Power Flows;2024;6;3076;3076;3076;DE;NL;Value on 3rd Wed. at 11;Import;Harmonized;M;M
Physical Energy & Power Flows;2024;7;3080;3080;3080;DE;NL;Value on 3rd Wed. at 11;Import;Harmonized;M;M
Physical Energy & Power Flows;2024;8;615;615;615;DE;NL;Value on 3rd Wed. at 11;Import;Harmonized;M;M
Physical Energy & Power Flows;2024;9;1535;1535;1535;DE;NL;Value on 3rd Wed. at 11;Import;Harmonized;M;M
Physical Energy & Power Flows;2024;10;427;427;427;DE;NL;Value on 3rd Wed. at 11;Export;Harmonized;M;M
Physical Energy & Power Flows;2024;11;874;874;874;DE;NL;Value on 3rd Wed. at 11;Export;Harmonized;M;M
Physical Energy & Power Flows;2024;12;1109;1109;1109;DE;NL;Value on 3rd Wed. at 11;Export;Harmonized;M;M
Physical Energy & Power Flows;2024;1;616;616;616;DE;NO;Value on 3rd Wed. at 11;Import;Harmonized;M;M
Physical Energy & Power Flows;2024;2;0;0;0;DE;NO;Value on 3rd Wed. at 11;Import;Harmonized;M;M
Physical Energy & Power Flows;2024;3;446;446;446;DE;NO;Value on 3rd Wed. at 11;Import;Harmonized;M;M
Physical Energy & Power Flows;2024;4;1316;1316;1316;DE;NO;Value on 3rd Wed. at 11;Import;Harmonized;M;M
Physical Energy & Power Flows;2024;5;886;886;886;DE;NO;Value on 3rd Wed. at 11;Export;Harmonized;M;M
Physical Energy & Power Flows;2024;6;1089;1089;1089;DE;NO;Value on 3rd Wed. at 11;Import;Harmonized;M;M
Physical Energy & Power Flows;2024;7;25;25;25;DE;NO;Value on 3rd Wed. at 11;Import;Harmonized;M;M
Physical Energy & Power Flows;2024;8;1376;1376;1376;DE;NO;Value on 3rd Wed. at 11;Export;Harmonized;M;M
Physical Energy & Power Flows;2024;9;0;0;0;DE;NO;Value on 3rd Wed. at 11;Import;Harmonized;M;M
Physical Energy & Power Flows;2024;10;1118;1118;1118;DE;NO;Value on 3rd Wed. at 11;Export;Harmonized;M;M
Physical Energy & Power Flows;2024;11;1313;1313;1313;DE;NO;Value on 3rd Wed. at 11;Import;Harmonized;M;M
Physical Energy & Power Flows;2024;12;481;481;481;DE;NO;Value on 3rd Wed. at 11;Import;Harmonized;M;M
Physical Energy & Power Flows;2024;1;483;483;483;DE;PL;Value on 3rd Wed. at 11;Export;Harmonized;M;M
Physical Energy & Power Flows;2024;2;1522;1522;1522;DE;PL;Value on 3rd Wed. at 11;Export;Harmonized;M;M
Physical Energy & Power Flows;2024;3;932;932;932;DE;PL;Value on 3rd Wed. at 11;Import;Harmonized;M;M
Physical Energy & Power Flows;2024;4;422;422;422;DE;PL;Value on 3rd Wed. at 11;Export;Harmonized;M;M
Physical Energy & Power Flows;2024;5;1169;1169;1169;DE;PL;Value on 3rd Wed. at 11;Export;Harmonized;M;M
Physical Energy & Power Flows;2024;6;676;676;676;DE;PL;Value on 3rd Wed. at 11;Export;Harmonized;M;M
Physical Energy & Power Flows;2024;7;1786;1786;1786;DE;PL;Value on 3rd Wed. at 11;Export;Harmonized;M;M
Physical Energy & Power Flows;2024;8;1755;1755;1755;DE;PL;Value on 3rd Wed. at 11;Export;Harmonized;M;M
Physical Energy & Power Flows;2024;9;13;13;13;DE;PL;Value on 3rd Wed. at 11;Import;Harmonized;M;M
Physical Energy & Power Flows;2024;10;449;449;449;DE;PL;Value on 3rd Wed. at 11;Import;Harmonized;M;M
Physical Energy & Power Flows;2024;11;1365;1365;1365;DE;PL;Value on 3rd Wed. at 11;Export;Harmonized;M;M
Physical Energy & Power Flows;2024;12;1766;1766;1766;DE;PL;Value on 3rd Wed. at 11;Export;Harmonized;M;M
Physical Energy & Power Flows;2024;1;0;0;0;DE;SE;Value on 3rd Wed. at 11;Import;Harmonized;M;M
Physical Energy & Power Flows;2024;2;553;553;553;DE;SE;Value on 3rd Wed. at 11;Import;Harmonized;M;M
Physical Energy & Power Flows;2024;3;121;121;121;DE;SE;Value on 3rd Wed. at 11;Import;Harmonized;M;M
Physical Energy & Power Flows;2024;4;432;432;432;DE;SE;Value on 3rd Wed. at 11;Import;Harmonized;M;M
Physical Energy & Power Flows;2024;5;507;507;507;DE;SE;Value on 3rd Wed. at 11;Export;Harmonized;M;M
Physical Energy & Power Flows;2024;6;288;288;288;DE;SE;Value on 3rd Wed. at 11;Import;Harmonized;M;M
Physical Energy & Power Flows;2024;7;489;489;489;DE;SE;Value on 3rd Wed. at 11;Import;Harmonized;M;M
Physical Energy & Power Flows;2024;8;339;339;339;DE;SE;Value on 3rd Wed. at 11;Export;Harmonized;M;M
Physical Energy & Power Flows;2024;9;0;0;0;DE;SE;Value on 3rd Wed. at 11;Import;Harmonized;M;M
Physical Energy & Power Flows;2024;10;316;316;316;DE;SE;Value on 3rd Wed. at 11;Export;Harmonized;M;M
Physical Energy & Power Flows;2024;11;110;110;110;DE;SE;Value on 3rd Wed. at 11;Import;Harmonized;M;M
Physical Energy & Power Flows;2024;12;567;567;567;DE;SE;Value on 3rd Wed. at 11;Import;Harmonized;M;M
Physical Energy & Power Flows;2024;1;922;922;922;DK;DE;Value on 3rd Wed. at 11;Export;Harmonized;M;M
Physical Energy & Power Flows;2024;2;752;752;752;DK;DE;Value on 3rd Wed. at 11;Export;Harmonized;M;M
Physical Energy & Power Flows;2024;3;466;466;466;DK;DE;Value on 3rd Wed. at 11;Import;Harmonized;M;M
Physical Energy & Power Flows;2024;4;1810;1810;1810;DK;DE;Value on 3rd Wed. at 11;Export;Harmonized;M;M
Physical Energy & Power Flows;2024;5;2446;2446;2446;DK;DE;Value on 3rd Wed. at 11;Import;Harmonized;M;M
Physical Energy & Power Flows;2024;6;1692;1692;1692;DK;DE;Value on 3rd Wed. at 11;Export;Harmonized;M;M
Physical Energy & Power Flows;2024;7;27;27;27;DK;DE;Value on 3rd Wed. at 11;Import;Harmonized;M;M
Physical Energy & Power Flows;2024;8;2613;2613;2613;DK;DE;Value on 3rd Wed. at 11;Import;Harmonized;M;M
Physical Energy & Power Flows;2024;9;896;896;896;DK;DE;Value on 3rd Wed. at 11;Import;Harmonized;M;M
Physical Energy & Power Flows;2024;10;264;264;264;DK;DE;Value on 3rd Wed. at 11;Import;Harmonized;M;M
Physical Energy & Power Flows;2024;11;1469;1469;1469;DK;DE;Value on 3rd Wed. at 11;Export;Harmonized;M;M
Physical Energy & Power Flows;2024;12;551;551;551;DK;DE;Value on 3rd Wed. at 11;Export;Harmonized;M;M
Physical Energy & Power Flows;2024;1;611;611;611;DK;GB;Value on 3rd Wed. at 11;Export;Harmonized;M;M
Physical Energy & Power Flows;2024;2;1456;1456;1456;DK;GB;Value on 3rd Wed. at 11;Export;Harmonized;M;M
Physical Energy & Power Flows;2024;3;799;799;799;DK;GB;Value on 3rd Wed. at 11;Export;Harmonized;M;M
Physical Energy & Power Flows;2024;4;431;431;431;DK;GB;Value on 3rd Wed. at 11;Import;Harmonized;M;M
Physical Energy & Power Flows;2024;5;800;800;800;DK;GB;Value on 3rd Wed. at 11;Export;Harmonized;M;M
Physical Energy & Power Flows;2024;6;0;0;0;DK;GB;Value on 3rd Wed. at 11;Import;Harmonized;M;M
Physical Energy & Power Flows;2024;7;1001;1001;1001;DK;GB;Value on 3rd Wed. at 11;Export;Harmonized;M;M
Physical Energy & Power Flows;2024;8;153;153;153;DK;GB;Value on 3rd Wed. at 11;Export;Harmonized;M;M
Physical Energy & Power Flows;2024;9;1000;1000;1000;DK;GB;Value on 3rd Wed. at 11;Export;Harmonized;M;M
Physical Energy & Power Flows;2024;10;1003;1003;1003;DK;GB;Value on 3rd Wed. at 11;Export;Harmonized;M;M
Physical Energy & Power Flows;2024;11;135;135;135;DK;GB;Value on 3rd Wed. at 11;Export;Harmonized;M;M
Physical Energy & Power Flows;2024;12;700;700;700;DK;GB;Value on 3rd Wed. at 11;Export;Harmonized;M;M
Physical Energy & Power Flows;2024;1;0;0;0;DK;NL;Value on 3rd Wed. at 11;Import;Harmonized;M;M
Physical Energy & Power Flows;2024;2;700;700;700;DK;NL;Value on 3rd Wed. at 11;Export;Harmonized;M;M
Physical Energy & Power Flows;2024;3;199;199;199;DK;NL;Value on 3rd Wed. at 11;Import;Harmonized;M;M
Physical Energy & Power Flows;2024;4;553;553;553;DK;NL;Value on 3rd Wed. at 11;Import;Harmonized;M;M
Physical Energy & Power Flows;2024;5;700;700;700;DK;NL;Value on 3rd Wed. at 11;Export;Harmonized;M;M
Physical Energy & Power Flows;2024;6;689;689;689;DK;NL;Value on 3rd Wed. at 11;Export;Harmonized;M;M
Physical Energy & Power Flows;2024;7;490;490;490;DK;NL;Value on 3rd Wed. at 11;Export;Harmonized;M;M
Physical Energy & Power Flows;2024;8;570;570;570;DK;NL;Value on 3rd Wed. at 11;Import;Harmonized;M;M
Physical Energy & Power Flows;2024;9;443;443;443;DK;NL;Value on 3rd Wed. at 11;Export;Harmonized;M;M
Physical Energy & Power Flows;2024;10;46;46;46;DK;NL;Value on 3rd Wed. at 11;Import;Harmonized;M;M
Physical Energy & Power Flows;2024;11;1;1;1;DK;NL;Value on 3rd Wed. at 11;Export;Harmonized;M;M
Physical Energy & Power Flows;2024;12;700;700;700;DK;NL;Value on 3rd Wed. at 11;Export;Harmonized;M;M
Physical Energy & Power Flows;2024;1;27;27;27;DK;NO;Value on 3rd Wed. at 11;Import;Harmonized;M;M
Physical Energy & Power Flows;2024;2;600;600;600;DK;NO;Value on 3rd Wed. at 11;Import;Harmonized;M;M
Physical Energy & Power Flows;2024;3;870;870;870;DK;NO;Value on 3rd Wed. at 11;Import;Harmonized;M;M
Physical Energy & Power Flows;2024;4;332;332;332;DK;NO;Value on 3rd Wed. at 11;Import;Harmonized;M;M
Physical Energy & Power Flows;2024;5;136;136;136;DK;NO;Value on 3rd Wed. at 11;Export;Harmonized;M;M
Physical Energy & Power Flows;2024;6;259;259;259;DK;NO;Value on 3rd Wed. at 11;Import;Harmonized;M;M
Physical Energy & Power Flows;2024;7;1103;1103;1103;DK;NO;Value on 3rd Wed. at 11;Import;Harmonized;M;M
Physical Energy & Power Flows;2024;8;809;809;809;DK;NO;Value on 3rd Wed. at 11;Export;Harmonized;M;M
Physical Energy & Power Flows;2024;9;1263;1263;1263;DK;NO;Value on 3rd Wed. at 11;Import;Harmonized;M;M
Physical Energy & Power Flows;2024;10;1059;1059;1059;DK;NO;Value on 3rd Wed. at 11;Export;Harmonized;M;M
Physical Energy & Power Flows;2024;11;1441;1441;1441;DK;NO;Value on 3rd Wed. at 11;Import;Harmonized;M;M
Physical Energy & Power Flows;2024;12;1380;1380;1380;DK;NO;Value on 3rd Wed. at 11;Import;Harmonized;M;M
Physical Energy & Power Flows;2024;1;907;907;907;DK;SE;Value on 3rd Wed. at 11;Import;Harmonized;M;M
Physical Energy & Power Flows;2024;2;1400;1400;1400;DK;SE;Value on 3rd Wed. at 11;Import;Harmonized;M;M
Physical Energy & Power Flows;2024;3;1664;1664;1664;DK;SE;Value on 3rd Wed. at 11;Import;Harmonized;M;M
Physical Energy & Power Flows;2024;4;1226;1226;1226;DK;SE;Value on 3rd Wed. at 11;Import;Harmonized;M;M
Physical Energy & Power Flows;2024;5;1310;1310;1310;DK;SE;Value on 3rd Wed. at 11;Export;Harmonized;M;M
Physical Energy & Power Flows;2024;6;1709;1709;1709;DK;SE;Value on 3rd Wed. at 11;Import;Harmonized;M;M
Physical Energy & Power Flows;2024;7;1335;1335;1335;DK;SE;Value on 3rd Wed. at 11;Import;Harmonized;M;M
Physical Energy & Power Flows;2024;8;690;690;690;DK;SE;Value on 3rd Wed. at 11;Export;Harmonized;M;M
Physical Energy & Power Flows;2024;9;1226;1226;1226;DK;SE;Value on 3rd Wed. at 11;Import;Harmonized;M;M
Physical Energy & Power Flows;2024;10;358;358;358;DK;SE;Value on 3rd Wed. at 11;Export;Harmonized;M;M
Physical Energy & Power Flows;2024;11;1656;1656;1656;DK;SE;Value on 3rd Wed. at 11;Import;Harmonized;M;M
Physical Energy & Power Flows;2024;12;48;48;48;DK;SE;Value on 3rd Wed. at 11;Export;Harmonized;M;M
Physical Energy & Power Flows;2024;1;317;317;317;EE;FI;Value on 3rd Wed. at 11;Import;Harmonized;M;M
Physical Energy & Power Flows;2024;2;359;359;359;EE;FI;Value on 3rd Wed. at 11;Import;Harmonized;M;M
Physical Energy & Power Flows;2024;3;306;306;306;EE;FI;Value on 3rd Wed. at 11;Import;Harmonized;M;M
Physical Energy & Power Flows;2024;4;353;353;353;EE;FI;Value on 3rd Wed. at 11;Import;Harmonized;M;M
Physical Energy & Power Flows;2024;5;354;354;354;EE;FI;Value on 3rd Wed. at 11;Import;Harmonized;M;M
Physical Energy & Power Flows;2024;6;357;357;357;EE;FI;Value on 3rd Wed. at 11;Import;Harmonized;M;M
Physical Energy & Power Flows;2024;7;329;329;329;EE;FI;Value on 3rd Wed. at 11;Import;Harmonized;M;M
Physical Energy & Power Flows;2024;8;358;358;358;EE;FI;Value on 3rd Wed. at 11;Import;Harmonized;M;M
Physical Energy & Power Flows;2024;9;430;430;430;EE;FI;Value on 3rd Wed. at 11;Import;Harmonized;M;M
Physical Energy & Power Flows;2024;10;925;925;925;EE;FI;Value on 3rd Wed. at 11;Import;Harmonized;M;M
Physical Energy & Power Flows;2024;11;564;564;564;EE;FI;Value on 3rd Wed. at 11;Import;Harmonized;M;M
Physical Energy & Power Flows;2024;12;521;521;521;EE;FI;Value on 3rd Wed. at 11;Import;Harmonized;M;M
Physical Energy & Power Flows;2024;1;264;264;264;EE;LV;Value on 3rd Wed. at 11;Import;Harmonized;M;M
Physical Energy & Power Flows;2024;2;293;293;293;EE;LV;Value on 3rd Wed. at 11;Import;Harmonized;M;M
Physical Energy & Power Flows;2024;3;283;283;283;EE;LV;Value on 3rd Wed. at 11;Import;Harmonized;M;M
Physical Energy & Power Flows;2024;4;29;29;29;EE;LV;Value on 3rd Wed. at 11;Import;Harmonized;M;M
Physical Energy & Power Flows;2024;5;383;383;383;EE;LV;Value on 3rd Wed. at 11;Export;Harmonized;M;M
Physical Energy & Power Flows;2024;6;39;39;39;EE;LV;Value on 3rd Wed. at 11;Export;Harmonized;M;M
Physical Energy & Power Flows;2024;7;205;205;205;EE;LV;Value on 3rd Wed. at 11;Export;Harmonized;M;M
Physical Energy & Power Flows;2024;8;314;314;314;EE;LV;Value on 3rd Wed. at 11;Export;Harmonized;M;M
Physical Energy & Power Flows;2024;9;344;344;344;EE;LV;Value on 3rd Wed. at 11;Export;Harmonized;M;M
Physical Energy & Power Flows;2024;10;352;352;352;EE;LV;Value on 3rd Wed. at 11;Export;Harmonized;M;M
Physical Energy & Power Flows;2024;11;16;16;16;EE;LV;Value on 3rd Wed. at 11;Export;Harmonized;M;M
Physical Energy & Power Flows;2024;12;72;72;72;EE;LV;Value on 3rd Wed. at 11;Import;Harmonized;M;M
Physical Energy & Power Flows;2024;1;235;235;235;EE;RU;Value on 3rd Wed. at 11;Export;Harmonized;M;NaM
Physical Energy & Power Flows;2024;2;137;137;137;EE;RU;Value on 3rd Wed. at 11;Export;Harmonized;M;NaM
Physical Energy & Power Flows;2024;3;36;36;36;EE;RU;Value on 3rd Wed. at 11;Export;Harmonized;M;NaM
Physical Energy & Power Flows;2024;4;90;90;90;EE;RU;Value on 3rd Wed. at 11;Import;Harmonized;M;NaM
Physical Energy & Power Flows;2024;5;51;51;51;EE;RU;Value on 3rd Wed. at 11;Import;Harmonized;M;NaM
Physical Energy & Power Flows;2024;6;256;256;256;EE;RU;Value on 3rd Wed. at 11;Import;Harmonized;M;NaM
Physical Energy & Power Flows;2024;7;97;97;97;EE;RU;Value on 3rd Wed. at 11;Import;Harmonized;M;NaM
Physical Energy & Power Flows;2024;8;46;46;46;EE;RU;Value on 3rd Wed. at 11;Import;Harmonized;M;NaM
Physical Energy & Power Flows;2024;9;9;9;9;EE;RU;Value on 3rd Wed. at 11;Export;Harmonized;M;NaM
Physical Energy & Power Flows;2024;10;550;550;550;EE;RU;Value on 3rd Wed. at 11;Export;Harmonized;M;NaM
Physical Energy & Power Flows;2024;11;113;113;113;EE;RU;Value on 3rd Wed. at 11;Export;Harmonized;M;NaM
Physical Energy & Power Flows;2024;12;46;46;46;EE;RU;Value on 3rd Wed. at 11;Export;Harmonized;M;NaM
Physical Energy & Power Flows;2024;1;2122;2122;2122;ES;FR;Value on 3rd Wed. at 11;Export;Harmonized;M;M
Physical Energy & Power Flows;2024;2;2272;2272;2272;ES;FR;Value on 3rd Wed. at 11;Export;Harmonized;M;M
Physical Energy & Power Flows;2024;3;1752;1752;1752;ES;FR;Value on 3rd Wed. at 11;Export;Harmonized;M;M
Physical Energy & Power Flows;2024;4;2098;2098;2098;ES;FR;Value on 3rd Wed. at 11;Export;Harmonized;M;M
Physical Energy & Power Flows;2024;5;846;846;846;ES;FR;Value on 3rd Wed. at 11;Export;Harmonized;M;M
Physical Energy & Power Flows;2024;6;2460;2460;2460;ES;FR;Value on 3rd Wed. at 11;Import;Harmonized;M;M
Physical Energy & Power Flows;2024;7;2251;2251;2251;ES;FR;Value on 3rd Wed. at 11;Import;Harmonized;M;M
Physical Energy & Power Flows;2024;8;2686;2686;2686;ES;FR;Value on 3rd Wed. at 11;Import;Harmonized;M;M
Physical Energy & Power Flows;2024;9;2029;2029;2029;ES;FR;Value on 3rd Wed. at 11;Import;Harmonized;M;M
Physical Energy & Power Flows;2024;10;2129;2129;2129;ES;FR;Value on 3rd Wed. at 11;Import;Harmonized;M;M
Physical Energy & Power Flows;2024;11;994;994;994;ES;FR;Value on 3rd Wed. at 11;Export;Harmonized;M;M
Physical Energy & Power Flows;2024;12;2962;2962;2962;ES;FR;Value on 3rd Wed. at 11;Import;Harmonized;M;M
Physical Energy & Power Flows;2024;1;1007;1007;1007;ES;PT;Value on 3rd Wed. at 11;Import;Harmonized;M;M
Physical Energy & Power Flows;2024;2;2111;2111;2111;ES;PT;Value on 3rd Wed. at 11;Export;Harmonized;M;M
Physical Energy & Power Flows;2024;3;1630;1630;1630;ES;PT;Value on 3rd Wed. at 11;Export;Harmonized;M;M
Physical Energy & Power Flows;2024;4;1911;1911;1911;ES;PT;Value on 3rd Wed. at 11;Export;Harmonized;M;M
Physical Energy & Power Flows;2024;5;2823;2823;2823;ES;PT;Value on 3rd Wed. at 11;Export;Harmonized;M;M
Physical Energy & Power Flows;2024;6;3612;3612;3612;ES;PT;Value on 3rd Wed. at 11;Export;Harmonized;M;M
Physical Energy & Power Flows;2024;7;3461;3461;3461;ES;PT;Value on 3rd Wed. at 11;Export;Harmonized;M;M
Physical Energy & Power Flows;2024;8;3160;3160;3160;ES;PT;Value on 3rd Wed. at 11;Export;Harmonized;M;M
Physical Energy & Power Flows;2024;9;3305;3305;3305;ES;PT;Value on 3rd Wed. at 11;Export;Harmonized;M;M
Physical Energy & Power Flows;2024;10;2895;2895;2895;ES;PT;Value on 3rd Wed. at 11;Export;Harmonized;M;M
Physical Energy & Power Flows;2024;11;3725;3725;3725;ES;PT;Value on 3rd Wed. at 11;Export;Harmonized;M;M
Physical Energy & Power Flows;2024;12;2549;2549;2549;ES;PT;Value on 3rd Wed. at 11;Export;Harmonized;M;M
Physical Energy & Power Flows;2024;1;317;317;317;FI;EE;Value on 3rd Wed. at 11;Export;Harmonized;M;M
Physical Energy & Power Flows;2024;2;359;359;359;FI;EE;Value on 3rd Wed. at 11;Export;Harmonized;M;M
Physical Energy & Power Flows;2024;3;306;306;306;FI;EE;Value on 3rd Wed. at 11;Export;Harmonized;M;M
Physical Energy & Power Flows;2024;4;353;353;353;FI;EE;Value on 3rd Wed. at 11;Export;Harmonized;M;M
Physical Energy & Power Flows;2024;5;354;354;354;FI;EE;Value on 3rd Wed. at 11;Export;Harmonized;M;M
Physical Energy & Power Flows;2024;6;357;357;357;FI;EE;Value on 3rd Wed. at 11;Export;Harmonized;M;M
Physical Energy & Power Flows;2024;7;329;329;329;FI;EE;Value on 3rd Wed. at 11;Export;Harmonized;M;M
Physical Energy & Power Flows;2024;8;358;358;358;FI;EE;Value on 3rd Wed. at 11;Export;Harmonized;M;M
Physical Energy & Power Flows;2024;9;430;430;430;FI;EE;Value on 3rd Wed. at 11;Export;Harmonized;M;M
Physical Energy & Power Flows;2024;10;925;925;925;FI;EE;Value on 3rd Wed. at 11;Export;Harmonized;M;M
Physical Energy & Power Flows;2024;11;564;564;564;FI;EE;Value on 3rd Wed. at 11;Export;Harmonized;M;M
Physical Energy & Power Flows;2024;12;521;521;521;FI;EE;Value on 3rd Wed. at 11;Export;Harmonized;M;M
Physical Energy & Power Flows;2024;1;103;103;103;FI;NO;Value on 3rd Wed. at 11;Import;Harmonized;M;M
Physical Energy & Power Flows;2024;2;36;36;36;FI;NO;Value on 3rd Wed. at 11;Import;Harmonized;M;M
Physical Energy & Power Flows;2024;3;25;25;25;FI;NO;Value on 3rd Wed. at 11;Import;Harmonized;M;M
Physical Energy & Power Flows;2024;4;26;26;26;FI;NO;Value on 3rd Wed. at 11;Export;Harmonized;M;M
Physical Energy & Power Flows;2024;5;54;54;54;FI;NO;Value on 3rd Wed. at 11;Import;Harmonized;M;M
Physical Energy & Power Flows;2024;6;0;0;0;FI;NO;Value on 3rd Wed. at 11;Export;Harmonized;M;M
Physical Energy & Power Flows;2024;7;0;0;0;FI;NO;Value on 3rd Wed. at 11;Export;Harmonized;M;M
Physical Energy & Power Flows;2024;8;88;88;88;FI;NO;Value on 3rd Wed. at 11;Import;Harmonized;M;M
Physical Energy & Power Flows;2024;9;42;42;42;FI;NO;Value on 3rd Wed. at 11;Import;Harmonized;M;M
Physical Energy & Power Flows;2024;10;10;10;10;FI;NO;Value on 3rd Wed. at 11;Import;Harmonized;M;M
Physical Energy & Power Flows;2024;11;27;27;27;FI;NO;Value on 3rd Wed. at 11;Export;Harmonized;M;M
Physical Energy & Power Flows;2024;12;41;41;41;FI;NO;Value on 3rd Wed. at 11;Export;Harmonized;M;M
Physical Energy & Power Flows;2024;1;0;0;0;FI;RU;Value on 3rd Wed. at 11;Import;Harmonized;M;NaM
Physical Energy & Power Flows;2024;2;0;0;0;FI;RU;Value on 3rd Wed. at 11;Import;Harmonized;M;NaM
Physical Energy & Power Flows;2024;3;0;0;0;FI;RU;Value on 3rd Wed. at 11;Import;Harmonized;M;NaM
Physical Energy & Power Flows;2024;4;0;0;0;FI;RU;Value on 3rd Wed. at 11;Import;Harmonized;M;NaM
Physical Energy & Power Flows;2024;5;0;0;0;FI;RU;Value on 3rd Wed. at 11;Import;Harmonized;M;NaM
Physical Energy & Power Flows;2024;6;0;0;0;FI;RU;Value on 3rd Wed. at 11;Import;Harmonized;M;NaM
Physical Energy & Power Flows;2024;7;0;0;0;FI;RU;Value on 3rd Wed. at 11;Import;Harmonized;M;NaM
Physical Energy & Power Flows;2024;8;0;0;0;FI;RU;Value on 3rd Wed. at 11;Import;Harmonized;M;NaM
Physical Energy & Power Flows;2024;9;0;0;0;FI;RU;Value on 3rd Wed. at 11;Import;Harmonized;M;NaM
Physical Energy & Power Flows;2024;10;0;0;0;FI;RU;Value on 3rd Wed. at 11;Import;Harmonized;M;NaM
Physical Energy & Power Flows;2024;11;0;0;0;FI;RU;Value on 3rd Wed. at 11;Import;Harmonized;M;NaM
Physical Energy & Power Flows;2024;12;0;0;0;FI;RU;Value on 3rd Wed. at 11;Import;Harmonized;M;NaM
Physical Energy & Power Flows;2024;1;1846;1846;1846;FI;SE;Value on 3rd Wed. at 11;Import;Harmonized;M;M
Physical Energy & Power Flows;2024;2;1516;1516;1516;FI;SE;Value on 3rd Wed. at 11;Import;Harmonized;M;M
Physical Energy & Power Flows;2024;3;1124;1124;1124;FI;SE;Value on 3rd Wed. at 11;Import;Harmonized;M;M
Physical Energy & Power Flows;2024;4;2093;2093;2093;FI;SE;Value on 3rd Wed. at 11;Import;Harmonized;M;M
Physical Energy & Power Flows;2024;5;1515;1515;1515;FI;SE;Value on 3rd Wed. at 11;Import;Harmonized;M;M
Physical Energy & Power Flows;2024;6;130;130;130;FI;SE;Value on 3rd Wed. at 11;Export;Harmonized;M;M
Physical Energy & Power Flows;2024;7;770;770;770;FI;SE;Value on 3rd Wed. at 11;Export;Harmonized;M;M
Physical Energy & Power Flows;2024;8;606;606;606;FI;SE;Value on 3rd Wed. at 11;Import;Harmonized;M;M
Physical Energy & Power Flows;2024;9;907;907;907;FI;SE;Value on 3rd Wed. at 11;Import;Harmonized;M;M
Physical Energy & Power Flows;2024;10;751;751;751;FI;SE;Value on 3rd Wed. at 11;Import;Harmonized;M;M
Physical Energy & Power Flows;2024;11;116;116;116;FI;SE;Value on 3rd Wed. at 11;Export;Harmonized;M;M
Physical Energy & Power Flows;2024;12;2200;2200;2200;FI;SE;Value on 3rd Wed. at 11;Import;Harmonized;M;M
Physical Energy & Power Flows;2024;1;2616;2616;2616;FR;BE;Value on 3rd Wed. at 11;Export;Harmonized;M;M
Physical Energy & Power Flows;2024;2;2080;2080;2080;FR;BE;Value on 3rd Wed. at 11;Export;Harmonized;M;M
Physical Energy & Power Flows;2024;3;2130;2130;2130;FR;BE;Value on 3rd Wed. at 11;Export;Harmonized;M;M
Physical Energy & Power Flows;2024;4;2832;2832;2832;FR;BE;Value on 3rd Wed. at 11;Export;Harmonized;M;M
Physical Energy & Power Flows;2024;5;1224;1224;1224;FR;BE;Value on 3rd Wed. at 11;Export;Harmonized;M;M
Physical Energy & Power Flows;2024;6;1324;1324;1324;FR;BE;Value on 3rd Wed. at 11;Export;Harmonized;M;M
Physical Energy & Power Flows;2024;7;1215;1215;1215;FR;BE;Value on 3rd Wed. at 11;Import;Harmonized;M;M
Physical Energy & Power Flows;2024;8;907;907;907;FR;BE;Value on 3rd Wed. at 11;Import;Harmonized;M;M
Physical Energy & Power Flows;2024;9;1321;1321;1321;FR;BE;Value on 3rd Wed. at 11;Export;Harmonized;M;M
Physical Energy & Power Flows;2024;10;147;147;147;FR;BE;Value on 3rd Wed. at 11;Export;Harmonized;M;M
Physical Energy & Power Flows;2024;11;448;448;448;FR;BE;Value on 3rd Wed. at 11;Import;Harmonized;M;M
Physical Energy & Power Flows;2024;12;267;267;267;FR;BE;Value on 3rd Wed. at 11;Export;Harmonized;M;M
Physical Energy & Power Flows;2024;1;1099;1099;1099;FR;CH;Value on 3rd Wed. at 11;Export;Harmonized;M;M
Physical Energy & Power Flows;2024;2;2947;2947;2947;FR;CH;Value on 3rd Wed. at 11;Export;Harmonized;M;M
Physical Energy & Power Flows;2024;3;1952;1952;1952;FR;CH;Value on 3rd Wed. at 11;Export;Harmonized;M;M
Physical Energy & Power Flows;2024;4;1178;1178;1178;FR;CH;Value on 3rd Wed. at 11;Export;Harmonized;M;M
Physical Energy & Power Flows;2024;5;1005;1005;1005;FR;CH;Value on 3rd Wed. at 11;Export;Harmonized;M;M
Physical Energy & Power Flows;2024;6;239;239;239;FR;CH;Value on 3rd Wed. at 11;Export;Harmonized;M;M
Physical Energy & Power Flows;2024;7;710;710;710;FR;CH;Value on 3rd Wed. at 11;Export;Harmonized;M;M
Physical Energy & Power Flows;2024;8;1193;1193;1193;FR;CH;Value on 3rd Wed. at 11;Export;Harmonized;M;M
Physical Energy & Power Flows;2024;9;1535;1535;1535;FR;CH;Value on 3rd Wed. at 11;Export;Harmonized;M;M
Physical Energy & Power Flows;2024;10;627;627;627;FR;CH;Value on 3rd Wed. at 11;Export;Harmonized;M;M
Physical Energy & Power Flows;2024;11;2974;2974;2974;FR;CH;Value on 3rd Wed. at 11;Export;Harmonized;M;M
Physical Energy & Power Flows;2024;12;1940;1940;1940;FR;CH;Value on 3rd Wed. at 11;Export;Harmonized;M;M
Physical Energy & Power Flows;2024;1;2895;2895;2895;FR;DE;Value on 3rd Wed. at 11;Export;Harmonized;M;M
Physical Energy & Power Flows;2024;2;2660;2660;2660;FR;DE;Value on 3rd Wed. at 11;Export;Harmonized;M;M
Physical Energy & Power Flows;2024;3;1445;1445;1445;FR;DE;Value on 3rd Wed. at 11;Export;Harmonized;M;M
Physical Energy & Power Flows;2024;4;1787;1787;1787;FR;DE;Value on 3rd Wed. at 11;Export;Harmonized;M;M
Physical Energy & Power Flows;2024;5;450;450;450;FR;DE;Value on 3rd Wed. at 11;Export;Harmonized;M;M
Physical Energy & Power Flows;2024;6;1884;1884;1884;FR;DE;Value on 3rd Wed. at 11;Export;Harmonized;M;M
Physical Energy & Power Flows;2024;7;2299;2299;2299;FR;DE;Value on 3rd Wed. at 11;Export;Harmonized;M;M
Physical Energy & Power Flows;2024;8;719;719;719;FR;DE;Value on 3rd Wed. at 11;Export;Harmonized;M;M
Physical Energy & Power Flows;2024;9;2579;2579;2579;FR;DE;Value on 3rd Wed. at 11;Export;Harmonized;M;M
Physical Energy & Power Flows;2024;10;52;52;52;FR;DE;Value on 3rd Wed. at 11;Import;Harmonized;M;M
Physical Energy & Power Flows;2024;11;2720;2720;2720;FR;DE;Value on 3rd Wed. at 11;Export;Harmonized;M;M
Physical Energy & Power Flows;2024;12;1970;1970;1970;FR;DE;Value on 3rd Wed. at 11;Export;Harmonized;M;M
Physical Energy & Power Flows;2024;1;2122;2122;2122;FR;ES;Value on 3rd Wed. at 11;Import;Harmonized;M;M
Physical Energy & Power Flows;2024;2;2272;2272;2272;FR;ES;Value on 3rd Wed. at 11;Import;Harmonized;M;M
Physical Energy & Power Flows;2024;3;1752;1752;1752;FR;ES;Value on 3rd Wed. at 11;Import;Harmonized;M;M
Physical Energy & Power Flows;2024;4;2098;2098;2098;FR;ES;Value on 3rd Wed. at 11;Import;Harmonized;M;M
Physical Energy & Power Flows;2024;5;846;846;846;FR;ES;Value on 3rd Wed. at 11;Import;Harmonized;M;M
Physical Energy & Power Flows;2024;6;2460;2460;2460;FR;ES;Value on 3rd Wed. at 11;Export;Harmonized;M;M
Physical Energy & Power Flows;2024;7;2251;2251;2251;FR;ES;Value on 3rd Wed. at 11;Export;Harmonized;M;M
Physical Energy & Power Flows;2024;8;2686;2686;2686;FR;ES;Value on 3rd Wed. at 11;Export;Harmonized;M;M
Physical Energy & Power Flows;2024;9;2029;2029;2029;FR;ES;Value on 3rd Wed. at 11;Export;Harmonized;M;M
Physical Energy & Power Flows;2024;10;2129;2129;2129;FR;ES;Value on 3rd Wed. at 11;Export;Harmonized;M;M
Physical Energy & Power Flows;2024;11;994;994;994;FR;ES;Value on 3rd Wed. at 11;Import;Harmonized;M;M
Physical Energy & Power Flows;2024;12;2962;2962;2962;FR;ES;Value on 3rd Wed. at 11;Export;Harmonized;M;M
Physical Energy & Power Flows;2024;1;2704;2704;2704;FR;GB;Value on 3rd Wed. at 11;Export;Harmonized;M;M
Physical Energy & Power Flows;2024;2;2715;2715;2715;FR;GB;Value on 3rd Wed. at 11;Export;Harmonized;M;M
Physical Energy & Power Flows;2024;3;2647;2647;2647;FR;GB;Value on 3rd Wed. at 11;Export;Harmonized;M;M
Physical Energy & Power Flows;2024;4;3063;3063;3063;FR;GB;Value on 3rd Wed. at 11;Export;Harmonized;M;M
Physical Energy & Power Flows;2024;5;3067;3067;3067;FR;GB;Value on 3rd Wed. at 11;Export;Harmonized;M;M
Physical Energy & Power Flows;2024;6;3294;3294;3294;FR;GB;Value on 3rd Wed. at 11;Export;Harmonized;M;M
Physical Energy & Power Flows;2024;7;3151;3151;3151;FR;GB;Value on 3rd Wed. at 11;Export;Harmonized;M;M
Physical Energy & Power Flows;2024;8;1992;1992;1992;FR;GB;Value on 3rd Wed. at 11;Export;Harmonized;M;M
Physical Energy & Power Flows;2024;9;2035;2035;2035;FR;GB;Value on 3rd Wed. at 11;Export;Harmonized;M;M
Physical Energy & Power Flows;2024;10;1014;1014;1014;FR;GB;Value on 3rd Wed. at 11;Export;Harmonized;M;M
Physical Energy & Power Flows;2024;11;1948;1948;1948;FR;GB;Value on 3rd Wed. at 11;Export;Harmonized;M;M
Physical Energy & Power Flows;2024;12;2315;2315;2315;FR;GB;Value on 3rd Wed. at 11;Export;Harmonized;M;M
Physical Energy & Power Flows;2024;1;3061;3061;3061;FR;IT;Value on 3rd Wed. at 11;Export;Harmonized;M;M
Physical Energy & Power Flows;2024;2;3017;3017;3017;FR;IT;Value on 3rd Wed. at 11;Export;Harmonized;M;M
Physical Energy & Power Flows;2024;3;1400;1400;1400;FR;IT;Value on 3rd Wed. at 11;Export;Harmonized;M;M
Physical Energy & Power Flows;2024;4;2002;2002;2002;FR;IT;Value on 3rd Wed. at 11;Export;Harmonized;M;M
Physical Energy & Power Flows;2024;5;2041;2041;2041;FR;IT;Value on 3rd Wed. at 11;Export;Harmonized;M;M
Physical Energy & Power Flows;2024;6;2452;2452;2452;FR;IT;Value on 3rd Wed. at 11;Export;Harmonized;M;M
Physical Energy & Power Flows;2024;7;3022;3022;3022;FR;IT;Value on 3rd Wed. at 11;Export;Harmonized;M;M
Physical Energy & Power Flows;2024;8;2034;2034;2034;FR;IT;Value on 3rd Wed. at 11;Export;Harmonized;M;M
Physical Energy & Power Flows;2024;9;1740;1740;1740;FR;IT;Value on 3rd Wed. at 11;Export;Harmonized;M;M
Physical Energy & Power Flows;2024;10;1663;1663;1663;FR;IT;Value on 3rd Wed. at 11;Export;Harmonized;M;M
Physical Energy & Power Flows;2024;11;2671;2671;2671;FR;IT;Value on 3rd Wed. at 11;Export;Harmonized;M;M
Physical Energy & Power Flows;2024;12;2280;2280;2280;FR;IT;Value on 3rd Wed. at 11;Export;Harmonized;M;M
Physical Energy & Power Flows;2024;1;444;444;444;GB;BE;Value on 3rd Wed. at 11;Import;Harmonized;M;M
Physical Energy & Power Flows;2024;2;863;863;863;GB;BE;Value on 3rd Wed. at 11;Import;Harmonized;M;M
Physical Energy & Power Flows;2024;3;724;724;724;GB;BE;Value on 3rd Wed. at 11;Import;Harmonized;M;M
Physical Energy & Power Flows;2024;4;897;897;897;GB;BE;Value on 3rd Wed. at 11;Import;Harmonized;M;M
Physical Energy & Power Flows;2024;5;529;529;529;GB;BE;Value on 3rd Wed. at 11;Export;Harmonized;M;M
Physical Energy & Power Flows;2024;6;1045;1045;1045;GB;BE;Value on 3rd Wed. at 11;Import;Harmonized;M;M
Physical Energy & Power Flows;2024;7;1014;1014;1014;GB;BE;Value on 3rd Wed. at 11;Import;Harmonized;M;M
Physical Energy & Power Flows;2024;8;1045;1045;1045;GB;BE;Value on 3rd Wed. at 11;Import;Harmonized;M;M
Physical Energy & Power Flows;2024;9;1041;1041;1041;GB;BE;Value on 3rd Wed. at 11;Import;Harmonized;M;M
Physical Energy & Power Flows;2024;10;1041;1041;1041;GB;BE;Value on 3rd Wed. at 11;Import;Harmonized;M;M
Physical Energy & Power Flows;2024;11;917;917;917;GB;BE;Value on 3rd Wed. at 11;Import;Harmonized;M;M
Physical Energy & Power Flows;2024;12;984;984;984;GB;BE;Value on 3rd Wed. at 11;Import;Harmonized;M;M
Physical Energy & Power Flows;2024;1;611;611;611;GB;DK;Value on 3rd Wed. at 11;Import;Harmonized;M;M
Physical Energy & Power Flows;2024;2;1456;1456;1456;GB;DK;Value on 3rd Wed. at 11;Import;Harmonized;M;M
Physical Energy & Power Flows;2024;3;799;799;799;GB;DK;Value on 3rd Wed. at 11;Import;Harmonized;M;M
Physical Energy & Power Flows;2024;4;431;431;431;GB;DK;Value on 3rd Wed. at 11;Export;Harmonized;M;M
Physical Energy & Power Flows;2024;5;800;800;800;GB;DK;Value on 3rd Wed. at 11;Import;Harmonized;M;M
Physical Energy & Power Flows;2024;6;0;0;0;GB;DK;Value on 3rd Wed. at 11;Import;Harmonized;M;M
Physical Energy & Power Flows;2024;7;1001;1001;1001;GB;DK;Value on 3rd Wed. at 11;Import;Harmonized;M;M
Physical Energy & Power Flows;2024;8;153;153;153;GB;DK;Value on 3rd Wed. at 11;Import;Harmonized;M;M
Physical Energy & Power Flows;2024;9;1000;1000;1000;GB;DK;Value on 3rd Wed. at 11;Import;Harmonized;M;M
Physical Energy & Power Flows;2024;10;1003;1003;1003;GB;DK;Value on 3rd Wed. at 11;Import;Harmonized;M;M
Physical Energy & Power Flows;2024;11;135;135;135;GB;DK;Value on 3rd Wed. at 11;Import;Harmonized;M;M
Physical Energy & Power Flows;2024;12;700;700;700;GB;DK;Value on 3rd Wed. at 11;Import;Harmonized;M;M
Physical Energy & Power Flows;2024;1;2704;2704;2704;GB;FR;Value on 3rd Wed. at 11;Import;Harmonized;M;M
Physical Energy & Power Flows;2024;2;2715;2715;2715;GB;FR;Value on 3rd Wed. at 11;Import;Harmonized;M;M
Physical Energy & Power Flows;2024;3;2647;2647;2647;GB;FR;Value on 3rd Wed. at 11;Import;Harmonized;M;M
Physical Energy & Power Flows;2024;4;3063;3063;3063;GB;FR;Value on 3rd Wed. at 11;Import;Harmonized;M;M
Physical Energy & Power Flows;2024;5;3067;3067;3067;GB;FR;Value on 3rd Wed. at 11;Import;Harmonized;M;M
Physical Energy & Power Flows;2024;6;3294;3294;3294;GB;FR;Value on 3rd Wed. at 11;Import;Harmonized;M;M
Physical Energy & Power Flows;2024;7;3151;3151;3151;GB;FR;Value on 3rd Wed. at 11;Import;Harmonized;M;M
Physical Energy & Power Flows;2024;8;1992;1992;1992;GB;FR;Value on 3rd Wed. at 11;Import;Harmonized;M;M
Physical Energy & Power Flows;2024;9;2035;2035;2035;GB;FR;Value on 3rd Wed. at 11;Import;Harmonized;M;M
Physical Energy & Power Flows;2024;10;1014;1014;1014;GB;FR;Value on 3rd Wed. at 11;Import;Harmonized;M;M
Physical Energy & Power Flows;2024;11;1948;1948;1948;GB;FR;Value on 3rd Wed. at 11;Import;Harmonized;M;M
Physical Energy & Power Flows;2024;12;2315;2315;2315;GB;FR;Value on 3rd Wed. at 11;Import;Harmonized;M;M
Physical Energy & Power Flows;2024;1;530;530;530;GB;IE;Value on 3rd Wed. at 11;Export;Harmonized;M;M
Physical Energy & Power Flows;2024;2;0;0;0;GB;IE;Value on 3rd Wed. at 11;Import;Harmonized;M;M
Physical Energy & Power Flows;2024;3;231;231;231;GB;IE;Value on 3rd Wed. at 11;Export;Harmonized;M;M
Physical Energy & Power Flows;2024;4;3;3;3;GB;IE;Value on 3rd Wed. at 11;Export;Harmonized;M;M
Physical Energy & Power Flows;2024;5;0;0;0;GB;IE;Value on 3rd Wed. at 11;Export;Harmonized;M;M
Physical Energy & Power Flows;2024;6;530;530;530;GB;IE;Value on 3rd Wed. at 11;Export;Harmonized;M;M
Physical Energy & Power Flows;2024;7;400;400;400;GB;IE;Value on 3rd Wed. at 11;Export;Harmonized;M;M
Physical Energy & Power Flows;2024;8;530;530;530;GB;IE;Value on 3rd Wed. at 11;Export;Harmonized;M;M
Physical Energy & Power Flows;2024;9;530;530;530;GB;IE;Value on 3rd Wed. at 11;Export;Harmonized;M;M
Physical Energy & Power Flows;2024;10;530;530;530;GB;IE;Value on 3rd Wed. at 11;Export;Harmonized;M;M
Physical Energy & Power Flows;2024;11;530;530;530;GB;IE;Value on 3rd Wed. at 11;Export;Harmonized;M;M
Physical Energy & Power Flows;2024;12;530;530;530;GB;IE;Value on 3rd Wed. at 11;Export;Harmonized;M;M
Physical Energy & Power Flows;2024;1;590;590;590;GB;NL;Value on 3rd Wed. at 11;Import;Harmonized;M;M
Physical Energy & Power Flows;2024;2;717;717;717;GB;NL;Value on 3rd Wed. at 11;Import;Harmonized;M;M
Physical Energy & Power Flows;2024;3;1025;1025;1025;GB;NL;Value on 3rd Wed. at 11;Import;Harmonized;M;M
Physical Energy & Power Flows;2024;4;119;119;119;GB;NL;Value on 3rd Wed. at 11;Import;Harmonized;M;M
Physical Energy & Power Flows;2024;5;1011;1011;1011;GB;NL;Value on 3rd Wed. at 11;Import;Harmonized;M;M
Physical Energy & Power Flows;2024;6;1025;1025;1025;GB;NL;Value on 3rd Wed. at 11;Import;Harmonized;M;M
Physical Energy & Power Flows;2024;7;0;0;0;GB;NL;Value on 3rd Wed. at 11;Import;Harmonized;M;M
Physical Energy & Power Flows;2024;8;896;896;896;GB;NL;Value on 3rd Wed. at 11;Import;Harmonized;M;M
Physical Energy & Power Flows;2024;9;1047;1047;1047;GB;NL;Value on 3rd Wed. at 11;Import;Harmonized;M;M
Physical Energy & Power Flows;2024;10;1052;1052;1052;GB;NL;Value on 3rd Wed. at 11;Import;Harmonized;M;M
Physical Energy & Power Flows;2024;11;755;755;755;GB;NL;Value on 3rd Wed. at 11;Import;Harmonized;M;M
Physical Energy & Power Flows;2024;12;0;0;0;GB;NL;Value on 3rd Wed. at 11;Import;Harmonized;M;M
Physical Energy & Power Flows;2024;1;1395;1395;1395;GB;NO;Value on 3rd Wed. at 11;Import;Harmonized;M;M
Physical Energy & Power Flows;2024;2;1400;1400;1400;GB;NO;Value on 3rd Wed. at 11;Import;Harmonized;M;M
Physical Energy & Power Flows;2024;3;1400;1400;1400;GB;NO;Value on 3rd Wed. at 11;Import;Harmonized;M;M
Physical Energy & Power Flows;2024;4;1448;1448;1448;GB;NO;Value on 3rd Wed. at 11;Import;Harmonized;M;M
Physical Energy & Power Flows;2024;5;1451;1451;1451;GB;NO;Value on 3rd Wed. at 11;Import;Harmonized;M;M
Physical Energy & Power Flows;2024;6;1450;1450;1450;GB;NO;Value on 3rd Wed. at 11;Import;Harmonized;M;M
Physical Energy & Power Flows;2024;7;1450;1450;1450;GB;NO;Value on 3rd Wed. at 11;Import;Harmonized;M;M
Physical Energy & Power Flows;2024;8;1139;1139;1139;GB;NO;Value on 3rd Wed. at 11;Import;Harmonized;M;M
Physical Energy & Power Flows;2024;9;1450;1450;1450;GB;NO;Value on 3rd Wed. at 11;Import;Harmonized;M;M
Physical Energy & Power Flows;2024;10;0;0;0;GB;NO;Value on 3rd Wed. at 11;Import;Harmonized;M;M
Physical Energy & Power Flows;2024;11;656;656;656;GB;NO;Value on 3rd Wed. at 11;Import;Harmonized;M;M
Physical Energy & Power Flows;2024;12;1448;1448;1448;GB;NO;Value on 3rd Wed. at 11;Import;Harmonized;M;M
Physical Energy & Power Flows;2024;1;0;0;0;GE;AM;Value on 3rd Wed. at 11;Import;Harmonized;NaM;NaM
Physical Energy & Power Flows;2024;2;0;0;0;GE;AM;Value on 3rd Wed. at 11;Import;Harmonized;NaM;NaM
Physical Energy & Power Flows;2024;3;0;0;0;GE;AM;Value on 3rd Wed. at 11;Import;Harmonized;NaM;NaM
Physical Energy & Power Flows;2024;4;0;0;0;GE;AM;Value on 3rd Wed. at 11;Import;Harmonized;NaM;NaM
Physical Energy & Power Flows;2024;5;26;26;26;GE;AM;Value on 3rd Wed. at 11;Export;Harmonized;NaM;NaM
Physical Energy & Power Flows;2024;6;76;76;76;GE;AM;Value on 3rd Wed. at 11;Export;Harmonized;NaM;NaM
Physical Energy & Power Flows;2024;7;89;89;89;GE;AM;Value on 3rd Wed. at 11;Export;Harmonized;NaM;NaM
Physical Energy & Power Flows;2024;8;0;0;0;GE;AM;Value on 3rd Wed. at 11;Import;Harmonized;NaM;NaM
Physical Energy & Power Flows;2024;9;0;0;0;GE;AM;Value on 3rd Wed. at 11;Import;Harmonized;NaM;NaM
Physical Energy & Power Flows;2024;10;0;0;0;GE;AM;Value on 3rd Wed. at 11;Import;Harmonized;NaM;NaM
Physical Energy & Power Flows;2024;11;99;99;99;GE;AM;Value on 3rd Wed. at 11;Import;Harmonized;NaM;NaM
Physical Energy & Power Flows;2024;12;0;0;0;GE;AM;Value on 3rd Wed. at 11;Import;Harmonized;NaM;NaM
Physical Energy & Power Flows;2024;1;201;201;201;GE;AZ;Value on 3rd Wed. at 11;Import;Harmonized;NaM;NaM
Physical Energy & Power Flows;2024;2;200;200;200;GE;AZ;Value on 3rd Wed. at 11;Import;Harmonized;NaM;NaM
Physical Energy & Power Flows;2024;3;22;22;22;GE;AZ;Value on 3rd Wed. at 11;Export;Harmonized;NaM;NaM
Physical Energy & Power Flows;2024;4;50;50;50;GE;AZ;Value on 3rd Wed. at 11;Import;Harmonized;NaM;NaM
Physical Energy & Power Flows;2024;5;21;21;21;GE;AZ;Value on 3rd Wed. at 11;Import;Harmonized;NaM;NaM
Physical Energy & Power Flows;2024;6;1;1;1;GE;AZ;Value on 3rd Wed. at 11;Export;Harmonized;NaM;NaM
Physical Energy & Power Flows;2024;7;8;8;8;GE;AZ;Value on 3rd Wed. at 11;Import;Harmonized;NaM;NaM
Physical Energy & Power Flows;2024;8;499;499;499;GE;AZ;Value on 3rd Wed. at 11;Import;Harmonized;NaM;NaM
Physical Energy & Power Flows;2024;9;478;478;478;GE;AZ;Value on 3rd Wed. at 11;Import;Harmonized;NaM;NaM
Physical Energy & Power Flows;2024;10;0;0;0;GE;AZ;Value on 3rd Wed. at 11;Export;Harmonized;NaM;NaM
Physical Energy & Power Flows;2024;11;0;0;0;GE;AZ;Value on 3rd Wed. at 11;Export;Harmonized;NaM;NaM
Physical Energy & Power Flows;2024;12;231;231;231;GE;AZ;Value on 3rd Wed. at 11;Import;Harmonized;NaM;NaM
Physical Energy & Power Flows;2024;1;168;168;168;GE;RU;Value on 3rd Wed. at 11;Import;Harmonized;NaM;NaM
Physical Energy & Power Flows;2024;2;240;240;240;GE;RU;Value on 3rd Wed. at 11;Import;Harmonized;NaM;NaM
Physical Energy & Power Flows;2024;3;21;21;21;GE;RU;Value on 3rd Wed. at 11;Import;Harmonized;NaM;NaM
Physical Energy & Power Flows;2024;4;17;17;17;GE;RU;Value on 3rd Wed. at 11;Import;Harmonized;NaM;NaM
Physical Energy & Power Flows;2024;5;14;14;14;GE;RU;Value on 3rd Wed. at 11;Import;Harmonized;NaM;NaM
Physical Energy & Power Flows;2024;6;40;40;40;GE;RU;Value on 3rd Wed. at 11;Import;Harmonized;NaM;NaM
Physical Energy & Power Flows;2024;7;11;11;11;GE;RU;Value on 3rd Wed. at 11;Import;Harmonized;NaM;NaM
Physical Energy & Power Flows;2024;8;11;11;11;GE;RU;Value on 3rd Wed. at 11;Import;Harmonized;NaM;NaM
Physical Energy & Power Flows;2024;9;11;11;11;GE;RU;Value on 3rd Wed. at 11;Import;Harmonized;NaM;NaM
Physical Energy & Power Flows;2024;10;64;64;64;GE;RU;Value on 3rd Wed. at 11;Import;Harmonized;NaM;NaM
Physical Energy & Power Flows;2024;11;180;180;180;GE;RU;Value on 3rd Wed. at 11;Import;Harmonized;NaM;NaM
Physical Energy & Power Flows;2024;12;25;25;25;GE;RU;Value on 3rd Wed. at 11;Import;Harmonized;NaM;NaM
Physical Energy & Power Flows;2024;1;202;202;202;GE;TR;Value on 3rd Wed. at 11;Export;Harmonized;NaM;M
Physical Energy & Power Flows;2024;2;201;201;201;GE;TR;Value on 3rd Wed. at 11;Export;Harmonized;NaM;M
Physical Energy & Power Flows;2024;3;0;0;0;GE;TR;Value on 3rd Wed. at 11;Import;Harmonized;NaM;M
Physical Energy & Power Flows;2024;4;0;0;0;GE;TR;Value on 3rd Wed. at 11;Import;Harmonized;NaM;M
Physical Energy & Power Flows;2024;5;439;439;439;GE;TR;Value on 3rd Wed. at 11;Export;Harmonized;NaM;M
Physical Energy & Power Flows;2024;6;95;95;95;GE;TR;Value on 3rd Wed. at 11;Export;Harmonized;NaM;M
Physical Energy & Power Flows;2024;7;1;1;1;GE;TR;Value on 3rd Wed. at 11;Import;Harmonized;NaM;M
Physical Energy & Power Flows;2024;8;378;378;378;GE;TR;Value on 3rd Wed. at 11;Export;Harmonized;NaM;M
Physical Energy & Power Flows;2024;9;349;349;349;GE;TR;Value on 3rd Wed. at 11;Export;Harmonized;NaM;M
Physical Energy & Power Flows;2024;10;0;0;0;GE;TR;Value on 3rd Wed. at 11;Import;Harmonized;NaM;M
Physical Energy & Power Flows;2024;11;0;0;0;GE;TR;Value on 3rd Wed. at 11;Import;Harmonized;NaM;M
Physical Energy & Power Flows;2024;12;0;0;0;GE;TR;Value on 3rd Wed. at 11;Import;Harmonized;NaM;M
Physical Energy & Power Flows;2024;1;168;168;168;GR;AL;Value on 3rd Wed. at 11;Export;Harmonized;M;M
Physical Energy & Power Flows;2024;2;225;225;225;GR;AL;Value on 3rd Wed. at 11;Import;Harmonized;M;M
Physical Energy & Power Flows;2024;3;514;514;514;GR;AL;Value on 3rd Wed. at 11;Export;Harmonized;M;M
Physical Energy & Power Flows;2024;4;498;498;498;GR;AL;Value on 3rd Wed. at 11;Export;Harmonized;M;M
Physical Energy & Power Flows;2024;5;0;0;0;GR;AL;Value on 3rd Wed. at 11;Import;Harmonized;M;M
Physical Energy & Power Flows;2024;6;519;519;519;GR;AL;Value on 3rd Wed. at 11;Export;Harmonized;M;M
Physical Energy & Power Flows;2024;7;454;454;454;GR;AL;Value on 3rd Wed. at 11;Export;Harmonized;M;M
Physical Energy & Power Flows;2024;8;0;0;0;GR;AL;Value on 3rd Wed. at 11;Import;Harmonized;M;M
Physical Energy & Power Flows;2024;9;131;131;131;GR;AL;Value on 3rd Wed. at 11;Import;Harmonized;M;M
Physical Energy & Power Flows;2024;10;196;196;196;GR;AL;Value on 3rd Wed. at 11;Export;Harmonized;M;M
Physical Energy & Power Flows;2024;11;543;543;543;GR;AL;Value on 3rd Wed. at 11;Export;Harmonized;M;M
Physical Energy & Power Flows;2024;12;410;410;410;GR;AL;Value on 3rd Wed. at 11;Export;Harmonized;M;M
Physical Energy & Power Flows;2024;1;309;309;309;GR;BG;Value on 3rd Wed. at 11;Export;Harmonized;M;M
Physical Energy & Power Flows;2024;2;604;604;604;GR;BG;Value on 3rd Wed. at 11;Import;Harmonized;M;M
Physical Energy & Power Flows;2024;3;49;49;49;GR;BG;Value on 3rd Wed. at 11;Export;Harmonized;M;M
Physical Energy & Power Flows;2024;4;146;146;146;GR;BG;Value on 3rd Wed. at 11;Export;Harmonized;M;M
Physical Energy & Power Flows;2024;5;23;23;23;GR;BG;Value on 3rd Wed. at 11;Export;Harmonized;M;M
Physical Energy & Power Flows;2024;6;109;109;109;GR;BG;Value on 3rd Wed. at 11;Export;Harmonized;M;M
Physical Energy & Power Flows;2024;7;168;168;168;GR;BG;Value on 3rd Wed. at 11;Import;Harmonized;M;M
Physical Energy & Power Flows;2024;8;175;175;175;GR;BG;Value on 3rd Wed. at 11;Import;Harmonized;M;M
Physical Energy & Power Flows;2024;9;745;745;745;GR;BG;Value on 3rd Wed. at 11;Import;Harmonized;M;M
Physical Energy & Power Flows;2024;10;408;408;408;GR;BG;Value on 3rd Wed. at 11;Import;Harmonized;M;M
Physical Energy & Power Flows;2024;11;384;384;384;GR;BG;Value on 3rd Wed. at 11;Export;Harmonized;M;M
Physical Energy & Power Flows;2024;12;221;221;221;GR;BG;Value on 3rd Wed. at 11;Export;Harmonized;M;M
Physical Energy & Power Flows;2024;1;410;410;410;GR;IT;Value on 3rd Wed. at 11;Export;Harmonized;M;M
Physical Energy & Power Flows;2024;2;508;508;508;GR;IT;Value on 3rd Wed. at 11;Export;Harmonized;M;M
Physical Energy & Power Flows;2024;3;508;508;508;GR;IT;Value on 3rd Wed. at 11;Export;Harmonized;M;M
Physical Energy & Power Flows;2024;4;134;134;134;GR;IT;Value on 3rd Wed. at 11;Import;Harmonized;M;M
Physical Energy & Power Flows;2024;5;507;507;507;GR;IT;Value on 3rd Wed. at 11;Export;Harmonized;M;M
Physical Energy & Power Flows;2024;6;0;0;0;GR;IT;Value on 3rd Wed. at 11;Import;Harmonized;M;M
Physical Energy & Power Flows;2024;7;393;393;393;GR;IT;Value on 3rd Wed. at 11;Export;Harmonized;M;M
Physical Energy & Power Flows;2024;8;2;2;2;GR;IT;Value on 3rd Wed. at 11;Import;Harmonized;M;M
Physical Energy & Power Flows;2024;9;461;461;461;GR;IT;Value on 3rd Wed. at 11;Export;Harmonized;M;M
Physical Energy & Power Flows;2024;10;507;507;507;GR;IT;Value on 3rd Wed. at 11;Export;Harmonized;M;M
Physical Energy & Power Flows;2024;11;509;509;509;GR;IT;Value on 3rd Wed. at 11;Export;Harmonized;M;M
Physical Energy & Power Flows;2024;12;458;458;458;GR;IT;Value on 3rd Wed. at 11;Export;Harmonized;M;M
Physical Energy & Power Flows;2024;1;611;611;611;GR;MK;Value on 3rd Wed. at 11;Export;Harmonized;M;M
Physical Energy & Power Flows;2024;2;430;430;430;GR;MK;Value on 3rd Wed. at 11;Import;Harmonized;M;M
Physical Energy & Power Flows;2024;3;253;253;253;GR;MK;Value on 3rd Wed. at 11;Export;Harmonized;M;M
Physical Energy & Power Flows;2024;4;333;333;333;GR;MK;Value on 3rd Wed. at 11;Export;Harmonized;M;M
Physical Energy & Power Flows;2024;5;67;67;67;GR;MK;Value on 3rd Wed. at 11;Import;Harmonized;M;M
Physical Energy & Power Flows;2024;6;53;53;53;GR;MK;Value on 3rd Wed. at 11;Export;Harmonized;M;M
Physical Energy & Power Flows;2024;7;178;178;178;GR;MK;Value on 3rd Wed. at 11;Export;Harmonized;M;M
Physical Energy & Power Flows;2024;8;78;78;78;GR;MK;Value on 3rd Wed. at 11;Import;Harmonized;M;M
Physical Energy & Power Flows;2024;9;339;339;339;GR;MK;Value on 3rd Wed. at 11;Import;Harmonized;M;M
Physical Energy & Power Flows;2024;10;243;243;243;GR;MK;Value on 3rd Wed. at 11;Import;Harmonized;M;M
Physical Energy & Power Flows;2024;11;884;884;884;GR;MK;Value on 3rd Wed. at 11;Export;Harmonized;M;M
Physical Energy & Power Flows;2024;12;685;685;685;GR;MK;Value on 3rd Wed. at 11;Export;Harmonized;M;M
Physical Energy & Power Flows;2024;1;28;28;28;GR;TR;Value on 3rd Wed. at 11;Import;Harmonized;M;M
Physical Energy & Power Flows;2024;2;167;167;167;GR;TR;Value on 3rd Wed. at 11;Import;Harmonized;M;M
Physical Energy & Power Flows;2024;3;234;234;234;GR;TR;Value on 3rd Wed. at 11;Export;Harmonized;M;M
Physical Energy & Power Flows;2024;4;53;53;53;GR;TR;Value on 3rd Wed. at 11;Export;Harmonized;M;M
Physical Energy & Power Flows;2024;5;31;31;31;GR;TR;Value on 3rd Wed. at 11;Import;Harmonized;M;M
Physical Energy & Power Flows;2024;6;54;54;54;GR;TR;Value on 3rd Wed. at 11;Import;Harmonized;M;M
Physical Energy & Power Flows;2024;7;105;105;105;GR;TR;Value on 3rd Wed. at 11;Import;Harmonized;M;M
Physical Energy & Power Flows;2024;8;119;119;119;GR;TR;Value on 3rd Wed. at 11;Import;Harmonized;M;M
Physical Energy & Power Flows;2024;9;109;109;109;GR;TR;Value on 3rd Wed. at 11;Import;Harmonized;M;M
Physical Energy & Power Flows;2024;10;77;77;77;GR;TR;Value on 3rd Wed. at 11;Export;Harmonized;M;M
Physical Energy & Power Flows;2024;11;13;13;13;GR;TR;Value on 3rd Wed. at 11;Import;Harmonized;M;M
Physical Energy & Power Flows;2024;12;17;17;17;GR;TR;Value on 3rd Wed. at 11;Import;Harmonized;M;M
Physical Energy & Power Flows;2024;1;618;618;618;HR;BA;Value on 3rd Wed. at 11;Import;Harmonized;M;M
Physical Energy & Power Flows;2024;2;389;389;389;HR;BA;Value on 3rd Wed. at 11;Export;Harmonized;M;M
Physical Energy & Power Flows;2024;3;1258;1258;1258;HR;BA;Value on 3rd Wed. at 11;Import;Harmonized;M;M
Physical Energy & Power Flows;2024;4;363;363;363;HR;BA;Value on 3rd Wed. at 11;Import;Harmonized;M;M
Physical Energy & Power Flows;2024;5;203;203;203;HR;BA;Value on 3rd Wed. at 11;Export;Harmonized;M;M
Physical Energy & Power Flows;2024;6;363;363;363;HR;BA;Value on 3rd Wed. at 11;Export;Harmonized;M;M
Physical Energy & Power Flows;2024;7;464;464;464;HR;BA;Value on 3rd Wed. at 11;Export;Harmonized;M;M
Physical Energy & Power Flows;2024;8;199;199;199;HR;BA;Value on 3rd Wed. at 11;Export;Harmonized;M;M
Physical Energy & Power Flows;2024;9;474;474;474;HR;BA;Value on 3rd Wed. at 11;Export;Harmonized;M;M
Physical Energy & Power Flows;2024;10;78;78;78;HR;BA;Value on 3rd Wed. at 11;Export;Harmonized;M;M
Physical Energy & Power Flows;2024;11;584;584;584;HR;BA;Value on 3rd Wed. at 11;Import;Harmonized;M;M
Physical Energy & Power Flows;2024;12;86;86;86;HR;BA;Value on 3rd Wed. at 11;Import;Harmonized;M;M
Physical Energy & Power Flows;2024;1;66;66;66;HR;HU;Value on 3rd Wed. at 11;Import;Harmonized;M;M
Physical Energy & Power Flows;2024;2;448;448;448;HR;HU;Value on 3rd Wed. at 11;Import;Harmonized;M;M
Physical Energy & Power Flows;2024;3;12;12;12;HR;HU;Value on 3rd Wed. at 11;Export;Harmonized;M;M
Physical Energy & Power Flows;2024;4;344;344;344;HR;HU;Value on 3rd Wed. at 11;Import;Harmonized;M;M
Physical Energy & Power Flows;2024;5;1074;1074;1074;HR;HU;Value on 3rd Wed. at 11;Import;Harmonized;M;M
Physical Energy & Power Flows;2024;6;720;720;720;HR;HU;Value on 3rd Wed. at 11;Import;Harmonized;M;M
Physical Energy & Power Flows;2024;7;1683;1683;1683;HR;HU;Value on 3rd Wed. at 11;Import;Harmonized;M;M
Physical Energy & Power Flows;2024;8;1395;1395;1395;HR;HU;Value on 3rd Wed. at 11;Import;Harmonized;M;M
Physical Energy & Power Flows;2024;9;936;936;936;HR;HU;Value on 3rd Wed. at 11;Import;Harmonized;M;M
Physical Energy & Power Flows;2024;10;969;969;969;HR;HU;Value on 3rd Wed. at 11;Import;Harmonized;M;M
Physical Energy & Power Flows;2024;11;226;226;226;HR;HU;Value on 3rd Wed. at 11;Import;Harmonized;M;M
Physical Energy & Power Flows;2024;12;854;854;854;HR;HU;Value on 3rd Wed. at 11;Import;Harmonized;M;M
Physical Energy & Power Flows;2024;1;8;8;8;HR;RS;Value on 3rd Wed. at 11;Import;Harmonized;M;M
Physical Energy & Power Flows;2024;2;9;9;9;HR;RS;Value on 3rd Wed. at 11;Export;Harmonized;M;M
Physical Energy & Power Flows;2024;3;559;559;559;HR;RS;Value on 3rd Wed. at 11;Import;Harmonized;M;M
Physical Energy & Power Flows;2024;4;136;136;136;HR;RS;Value on 3rd Wed. at 11;Import;Harmonized;M;M
Physical Energy & Power Flows;2024;5;262;262;262;HR;RS;Value on 3rd Wed. at 11;Export;Harmonized;M;M
Physical Energy & Power Flows;2024;6;202;202;202;HR;RS;Value on 3rd Wed. at 11;Export;Harmonized;M;M
Physical Energy & Power Flows;2024;7;769;769;769;HR;RS;Value on 3rd Wed. at 11;Export;Harmonized;M;M
Physical Energy & Power Flows;2024;8;350;350;350;HR;RS;Value on 3rd Wed. at 11;Export;Harmonized;M;M
Physical Energy & Power Flows;2024;9;249;249;249;HR;RS;Value on 3rd Wed. at 11;Export;Harmonized;M;M
Physical Energy & Power Flows;2024;10;107;107;107;HR;RS;Value on 3rd Wed. at 11;Export;Harmonized;M;M
Physical Energy & Power Flows;2024;11;217;217;217;HR;RS;Value on 3rd Wed. at 11;Import;Harmonized;M;M
Physical Energy & Power Flows;2024;12;59;59;59;HR;RS;Value on 3rd Wed. at 11;Export;Harmonized;M;M
Physical Energy & Power Flows;2024;1;492;492;492;HR;SI;Value on 3rd Wed. at 11;Export;Harmonized;M;M
Physical Energy & Power Flows;2024;2;515;515;515;HR;SI;Value on 3rd Wed. at 11;Import;Harmonized;M;M
Physical Energy & Power Flows;2024;3;1159;1159;1159;HR;SI;Value on 3rd Wed. at 11;Export;Harmonized;M;M
Physical Energy & Power Flows;2024;4;467;467;467;HR;SI;Value on 3rd Wed. at 11;Export;Harmonized;M;M
Physical Energy & Power Flows;2024;5;556;556;556;HR;SI;Value on 3rd Wed. at 11;Import;Harmonized;M;M
Physical Energy & Power Flows;2024;6;1254;1254;1254;HR;SI;Value on 3rd Wed. at 11;Import;Harmonized;M;M
Physical Energy & Power Flows;2024;7;1468;1468;1468;HR;SI;Value on 3rd Wed. at 11;Import;Harmonized;M;M
Physical Energy & Power Flows;2024;8;789;789;789;HR;SI;Value on 3rd Wed. at 11;Import;Harmonized;M;M
Physical Energy & Power Flows;2024;9;5;5;5;HR;SI;Value on 3rd Wed. at 11;Import;Harmonized;M;M
Physical Energy & Power Flows;2024;10;151;151;151;HR;SI;Value on 3rd Wed. at 11;Export;Harmonized;M;M
Physical Energy & Power Flows;2024;11;110;110;110;HR;SI;Value on 3rd Wed. at 11;Export;Harmonized;M;M
Physical Energy & Power Flows;2024;12;36;36;36;HR;SI;Value on 3rd Wed. at 11;Import;Harmonized;M;M
Physical Energy & Power Flows;2024;1;442;442;442;HU;AT;Value on 3rd Wed. at 11;Import;Harmonized;M;M
Physical Energy & Power Flows;2024;2;469;469;469;HU;AT;Value on 3rd Wed. at 11;Import;Harmonized;M;M
Physical Energy & Power Flows;2024;3;747;747;747;HU;AT;Value on 3rd Wed. at 11;Export;Harmonized;M;M
Physical Energy & Power Flows;2024;4;290;290;290;HU;AT;Value on 3rd Wed. at 11;Import;Harmonized;M;M
Physical Energy & Power Flows;2024;5;860;860;860;HU;AT;Value on 3rd Wed. at 11;Import;Harmonized;M;M
Physical Energy & Power Flows;2024;6;620;620;620;HU;AT;Value on 3rd Wed. at 11;Import;Harmonized;M;M
Physical Energy & Power Flows;2024;7;1075;1075;1075;HU;AT;Value on 3rd Wed. at 11;Import;Harmonized;M;M
Physical Energy & Power Flows;2024;8;0;0;0;HU;AT;Value on 3rd Wed. at 11;Import;Harmonized;M;M
Physical Energy & Power Flows;2024;9;45;45;45;HU;AT;Value on 3rd Wed. at 11;Import;Harmonized;M;M
Physical Energy & Power Flows;2024;10;170;170;170;HU;AT;Value on 3rd Wed. at 11;Import;Harmonized;M;M
Physical Energy & Power Flows;2024;11;665;665;665;HU;AT;Value on 3rd Wed. at 11;Import;Harmonized;M;M
Physical Energy & Power Flows;2024;12;191;191;191;HU;AT;Value on 3rd Wed. at 11;Import;Harmonized;M;M
Physical Energy & Power Flows;2024;1;66;66;66;HU;HR;Value on 3rd Wed. at 11;Export;Harmonized;M;M
Physical Energy & Power Flows;2024;2;448;448;448;HU;HR;Value on 3rd Wed. at 11;Export;Harmonized;M;M
Physical Energy & Power Flows;2024;3;12;12;12;HU;HR;Value on 3rd Wed. at 11;Import;Harmonized;M;M
Physical Energy & Power Flows;2024;4;344;344;344;HU;HR;Value on 3rd Wed. at 11;Export;Harmonized;M;M
Physical Energy & Power Flows;2024;5;1074;1074;1074;HU;HR;Value on 3rd Wed. at 11;Export;Harmonized;M;M
Physical Energy & Power Flows;2024;6;720;720;720;HU;HR;Value on 3rd Wed. at 11;Export;Harmonized;M;M
Physical Energy & Power Flows;2024;7;1683;1683;1683;HU;HR;Value on 3rd Wed. at 11;Export;Harmonized;M;M
Physical Energy & Power Flows;2024;8;1395;1395;1395;HU;HR;Value on 3rd Wed. at 11;Export;Harmonized;M;M
Physical Energy & Power Flows;2024;9;936;936;936;HU;HR;Value on 3rd Wed. at 11;Export;Harmonized;M;M
Physical Energy & Power Flows;2024;10;969;969;969;HU;HR;Value on 3rd Wed. at 11;Export;Harmonized;M;M
Physical Energy & Power Flows;2024;11;226;226;226;HU;HR;Value on 3rd Wed. at 11;Export;Harmonized;M;M
Physical Energy & Power Flows;2024;12;854;854;854;HU;HR;Value on 3rd Wed. at 11;Export;Harmonized;M;M
Physical Energy & Power Flows;2024;1;18;18;18;HU;RO;Value on 3rd Wed. at 11;Export;Harmonized;M;M
Physical Energy & Power Flows;2024;2;309;309;309;HU;RO;Value on 3rd Wed. at 11;Export;Harmonized;M;M
Physical Energy & Power Flows;2024;3;70;70;70;HU;RO;Value on 3rd Wed. at 11;Export;Harmonized;M;M
Physical Energy & Power Flows;2024;4;245;245;245;HU;RO;Value on 3rd Wed. at 11;Export;Harmonized;M;M
Physical Energy & Power Flows;2024;5;410;410;410;HU;RO;Value on 3rd Wed. at 11;Export;Harmonized;M;M
Physical Energy & Power Flows;2024;6;412;412;412;HU;RO;Value on 3rd Wed. at 11;Export;Harmonized;M;M
Physical Energy & Power Flows;2024;7;304;304;304;HU;RO;Value on 3rd Wed. at 11;Export;Harmonized;M;M
Physical Energy & Power Flows;2024;8;286;286;286;HU;RO;Value on 3rd Wed. at 11;Export;Harmonized;M;M
Physical Energy & Power Flows;2024;9;387;387;387;HU;RO;Value on 3rd Wed. at 11;Export;Harmonized;M;M
Physical Energy & Power Flows;2024;10;223;223;223;HU;RO;Value on 3rd Wed. at 11;Export;Harmonized;M;M
Physical Energy & Power Flows;2024;11;276;276;276;HU;RO;Value on 3rd Wed. at 11;Export;Harmonized;M;M
Physical Energy & Power Flows;2024;12;518;518;518;HU;RO;Value on 3rd Wed. at 11;Export;Harmonized;M;M
Physical Energy & Power Flows;2024;1;313;313;313;HU;RS;Value on 3rd Wed. at 11;Import;Harmonized;M;M
Physical Energy & Power Flows;2024;2;236;236;236;HU;RS;Value on 3rd Wed. at 11;Export;Harmonized;M;M
Physical Energy & Power Flows;2024;3;296;296;296;HU;RS;Value on 3rd Wed. at 11;Import;Harmonized;M;M
Physical Energy & Power Flows;2024;4;3;3;3;HU;RS;Value on 3rd Wed. at 11;Export;Harmonized;M;M
Physical Energy & Power Flows;2024;5;367;367;367;HU;RS;Value on 3rd Wed. at 11;Export;Harmonized;M;M
Physical Energy & Power Flows;2024;6;283;283;283;HU;RS;Value on 3rd Wed. at 11;Export;Harmonized;M;M
Physical Energy & Power Flows;2024;7;265;265;265;HU;RS;Value on 3rd Wed. at 11;Export;Harmonized;M;M
Physical Energy & Power Flows;2024;8;243;243;243;HU;RS;Value on 3rd Wed. at 11;Export;Harmonized;M;M
Physical Energy & Power Flows;2024;9;0;0;0;HU;RS;Value on 3rd Wed. at 11;Import;Harmonized;M;M
Physical Energy & Power Flows;2024;10;73;73;73;HU;RS;Value on 3rd Wed. at 11;Export;Harmonized;M;M
Physical Energy & Power Flows;2024;11;234;234;234;HU;RS;Value on 3rd Wed. at 11;Import;Harmonized;M;M
Physical Energy & Power Flows;2024;12;0;0;0;HU;RS;Value on 3rd Wed. at 11;Import;Harmonized;M;M
Physical Energy & Power Flows;2024;1;68;68;68;HU;SI;Value on 3rd Wed. at 11;Export;Harmonized;M;M
Physical Energy & Power Flows;2024;2;320;320;320;HU;SI;Value on 3rd Wed. at 11;Export;Harmonized;M;M
Physical Energy & Power Flows;2024;3;323;323;323;HU;SI;Value on 3rd Wed. at 11;Export;Harmonized;M;M
Physical Energy & Power Flows;2024;4;178;178;178;HU;SI;Value on 3rd Wed. at 11;Export;Harmonized;M;M
Physical Energy & Power Flows;2024;5;283;283;283;HU;SI;Value on 3rd Wed. at 11;Export;Harmonized;M;M
Physical Energy & Power Flows;2024;6;75;75;75;HU;SI;Value on 3rd Wed. at 11;Import;Harmonized;M;M
Physical Energy & Power Flows;2024;7;0;0;0;HU;SI;Value on 3rd Wed. at 11;Import;Harmonized;M;M
Physical Energy & Power Flows;2024;8;269;269;269;HU;SI;Value on 3rd Wed. at 11;Export;Harmonized;M;M
Physical Energy & Power Flows;2024;9;245;245;245;HU;SI;Value on 3rd Wed. at 11;Export;Harmonized;M;M
Physical Energy & Power Flows;2024;10;377;377;377;HU;SI;Value on 3rd Wed. at 11;Export;Harmonized;M;M
Physical Energy & Power Flows;2024;11;156;156;156;HU;SI;Value on 3rd Wed. at 11;Export;Harmonized;M;M
Physical Energy & Power Flows;2024;12;279;279;279;HU;SI;Value on 3rd Wed. at 11;Export;Harmonized;M;M
Physical Energy & Power Flows;2024;1;1540;1540;1540;HU;SK;Value on 3rd Wed. at 11;Import;Harmonized;M;M
Physical Energy & Power Flows;2024;2;1469;1469;1469;HU;SK;Value on 3rd Wed. at 11;Import;Harmonized;M;M
Physical Energy & Power Flows;2024;3;990;990;990;HU;SK;Value on 3rd Wed. at 11;Export;Harmonized;M;M
Physical Energy & Power Flows;2024;4;211;211;211;HU;SK;Value on 3rd Wed. at 11;Import;Harmonized;M;M
Physical Energy & Power Flows;2024;5;1019;1019;1019;HU;SK;Value on 3rd Wed. at 11;Import;Harmonized;M;M
Physical Energy & Power Flows;2024;6;114;114;114;HU;SK;Value on 3rd Wed. at 11;Export;Harmonized;M;M
Physical Energy & Power Flows;2024;7;1124;1124;1124;HU;SK;Value on 3rd Wed. at 11;Import;Harmonized;M;M
Physical Energy & Power Flows;2024;8;1545;1545;1545;HU;SK;Value on 3rd Wed. at 11;Import;Harmonized;M;M
Physical Energy & Power Flows;2024;9;1091;1091;1091;HU;SK;Value on 3rd Wed. at 11;Import;Harmonized;M;M
Physical Energy & Power Flows;2024;10;968;968;968;HU;SK;Value on 3rd Wed. at 11;Import;Harmonized;M;M
Physical Energy & Power Flows;2024;11;1853;1853;1853;HU;SK;Value on 3rd Wed. at 11;Import;Harmonized;M;M
Physical Energy & Power Flows;2024;12;1568;1568;1568;HU;SK;Value on 3rd Wed. at 11;Import;Harmonized;M;M
Physical Energy & Power Flows;2024;1;519;519;519;HU;UA;Value on 3rd Wed. at 11;Import;Harmonized;M;M
Physical Energy & Power Flows;2024;2;2;2;2;HU;UA;Value on 3rd Wed. at 11;Export;Harmonized;M;M
Physical Energy & Power Flows;2024;3;163;163;163;HU;UA;Value on 3rd Wed. at 11;Import;Harmonized;M;M
Physical Energy & Power Flows;2024;4;55;55;55;HU;UA;Value on 3rd Wed. at 11;Export;Harmonized;M;M
Physical Energy & Power Flows;2024;5;767;767;767;HU;UA;Value on 3rd Wed. at 11;Export;Harmonized;M;M
Physical Energy & Power Flows;2024;6;434;434;434;HU;UA;Value on 3rd Wed. at 11;Export;Harmonized;M;M
Physical Energy & Power Flows;2024;7;193;193;193;HU;UA;Value on 3rd Wed. at 11;Export;Harmonized;M;M
Physical Energy & Power Flows;2024;8;534;534;534;HU;UA;Value on 3rd Wed. at 11;Export;Harmonized;M;M
Physical Energy & Power Flows;2024;9;308;308;308;HU;UA;Value on 3rd Wed. at 11;Export;Harmonized;M;M
Physical Energy & Power Flows;2024;10;182;182;182;HU;UA;Value on 3rd Wed. at 11;Export;Harmonized;M;M
Physical Energy & Power Flows;2024;11;207;207;207;HU;UA;Value on 3rd Wed. at 11;Import;Harmonized;M;M
Physical Energy & Power Flows;2024;12;128;128;128;HU;UA;Value on 3rd Wed. at 11;Export;Harmonized;M;M
Physical Energy & Power Flows;2024;1;530;530;530;IE;GB;Value on 3rd Wed. at 11;Import;Harmonized;M;M
Physical Energy & Power Flows;2024;2;0;0;0;IE;GB;Value on 3rd Wed. at 11;Export;Harmonized;M;M
Physical Energy & Power Flows;2024;3;231;231;231;IE;GB;Value on 3rd Wed. at 11;Import;Harmonized;M;M
Physical Energy & Power Flows;2024;4;3;3;3;IE;GB;Value on 3rd Wed. at 11;Import;Harmonized;M;M
Physical Energy & Power Flows;2024;5;0;0;0;IE;GB;Value on 3rd Wed. at 11;Import;Harmonized;M;M
Physical Energy & Power Flows;2024;6;530;530;530;IE;GB;Value on 3rd Wed. at 11;Import;Harmonized;M;M
Physical Energy & Power Flows;2024;7;400;400;400;IE;GB;Value on 3rd Wed. at 11;Import;Harmonized;M;M
Physical Energy & Power Flows;2024;8;530;530;530;IE;GB;Value on 3rd Wed. at 11;Import;Harmonized;M;M
Physical Energy & Power Flows;2024;9;530;530;530;IE;GB;Value on 3rd Wed. at 11;Import;Harmonized;M;M
Physical Energy & Power Flows;2024;10;530;530;530;IE;GB;Value on 3rd Wed. at 11;Import;Harmonized;M;M
Physical Energy & Power Flows;2024;11;530;530;530;IE;GB;Value on 3rd Wed. at 11;Import;Harmonized;M;M
Physical Energy & Power Flows;2024;12;530;530;530;IE;GB;Value on 3rd Wed. at 11;Import;Harmonized;M;M
Physical Energy & Power Flows;2024;1;330;330;330;IT;AT;Value on 3rd Wed. at 11;Import;Harmonized;M;M
Physical Energy & Power Flows;2024;2;389;389;389;IT;AT;Value on 3rd Wed. at 11;Import;Harmonized;M;M
Physical Energy & Power Flows;2024;3;92;92;92;IT;AT;Value on 3rd Wed. at 11;Import;Harmonized;M;M
Physical Energy & Power Flows;2024;4;51;51;51;IT;AT;Value on 3rd Wed. at 11;Import;Harmonized;M;M
Physical Energy & Power Flows;2024;5;278;278;278;IT;AT;Value on 3rd Wed. at 11;Import;Harmonized;M;M
Physical Energy & Power Flows;2024;6;42;42;42;IT;AT;Value on 3rd Wed. at 11;Import;Harmonized;M;M
Physical Energy & Power Flows;2024;7;39;39;39;IT;AT;Value on 3rd Wed. at 11;Export;Harmonized;M;M
Physical Energy & Power Flows;2024;8;218;218;218;IT;AT;Value on 3rd Wed. at 11;Import;Harmonized;M;M
Physical Energy & Power Flows;2024;9;6;6;6;IT;AT;Value on 3rd Wed. at 11;Import;Harmonized;M;M
Physical Energy & Power Flows;2024;10;33;33;33;IT;AT;Value on 3rd Wed. at 11;Import;Harmonized;M;M
Physical Energy & Power Flows;2024;11;209;209;209;IT;AT;Value on 3rd Wed. at 11;Import;Harmonized;M;M
Physical Energy & Power Flows;2024;12;322;322;322;IT;AT;Value on 3rd Wed. at 11;Import;Harmonized;M;M
Physical Energy & Power Flows;2024;1;2763;2763;2763;IT;CH;Value on 3rd Wed. at 11;Import;Harmonized;M;M
Physical Energy & Power Flows;2024;2;3582;3582;3582;IT;CH;Value on 3rd Wed. at 11;Import;Harmonized;M;M
Physical Energy & Power Flows;2024;3;3288;3288;3288;IT;CH;Value on 3rd Wed. at 11;Import;Harmonized;M;M
Physical Energy & Power Flows;2024;4;11;11;11;IT;CH;Value on 3rd Wed. at 11;Import;Harmonized;M;M
Physical Energy & Power Flows;2024;5;2107;2107;2107;IT;CH;Value on 3rd Wed. at 11;Import;Harmonized;M;M
Physical Energy & Power Flows;2024;6;2172;2172;2172;IT;CH;Value on 3rd Wed. at 11;Import;Harmonized;M;M
Physical Energy & Power Flows;2024;7;3805;3805;3805;IT;CH;Value on 3rd Wed. at 11;Import;Harmonized;M;M
Physical Energy & Power Flows;2024;8;2637;2637;2637;IT;CH;Value on 3rd Wed. at 11;Import;Harmonized;M;M
Physical Energy & Power Flows;2024;9;3250;3250;3250;IT;CH;Value on 3rd Wed. at 11;Import;Harmonized;M;M
Physical Energy & Power Flows;2024;10;2201;2201;2201;IT;CH;Value on 3rd Wed. at 11;Import;Harmonized;M;M
Physical Energy & Power Flows;2024;11;3306;3306;3306;IT;CH;Value on 3rd Wed. at 11;Import;Harmonized;M;M
Physical Energy & Power Flows;2024;12;2251;2251;2251;IT;CH;Value on 3rd Wed. at 11;Import;Harmonized;M;M
Physical Energy & Power Flows;2024;1;3061;3061;3061;IT;FR;Value on 3rd Wed. at 11;Import;Harmonized;M;M
Physical Energy & Power Flows;2024;2;3017;3017;3017;IT;FR;Value on 3rd Wed. at 11;Import;Harmonized;M;M
Physical Energy & Power Flows;2024;3;1400;1400;1400;IT;FR;Value on 3rd Wed. at 11;Import;Harmonized;M;M
Physical Energy & Power Flows;2024;4;2002;2002;2002;IT;FR;Value on 3rd Wed. at 11;Import;Harmonized;M;M
Physical Energy & Power Flows;2024;5;2041;2041;2041;IT;FR;Value on 3rd Wed. at 11;Import;Harmonized;M;M
Physical Energy & Power Flows;2024;6;2452;2452;2452;IT;FR;Value on 3rd Wed. at 11;Import;Harmonized;M;M
Physical Energy & Power Flows;2024;7;3022;3022;3022;IT;FR;Value on 3rd Wed. at 11;Import;Harmonized;M;M
Physical Energy & Power Flows;2024;8;2034;2034;2034;IT;FR;Value on 3rd Wed. at 11;Import;Harmonized;M;M
Physical Energy & Power Flows;2024;9;1740;1740;1740;IT;FR;Value on 3rd Wed. at 11;Import;Harmonized;M;M
Physical Energy & Power Flows;2024;10;1663;1663;1663;IT;FR;Value on 3rd Wed. at 11;Import;Harmonized;M;M
Physical Energy & Power Flows;2024;11;2671;2671;2671;IT;FR;Value on 3rd Wed. at 11;Import;Harmonized;M;M
Physical Energy & Power Flows;2024;12;2280;2280;2280;IT;FR;Value on 3rd Wed. at 11;Import;Harmonized;M;M
Physical Energy & Power Flows;2024;1;410;410;410;IT;GR;Value on 3rd Wed. at 11;Import;Harmonized;M;M
Physical Energy & Power Flows;2024;2;508;508;508;IT;GR;Value on 3rd Wed. at 11;Import;Harmonized;M;M
Physical Energy & Power Flows;2024;3;508;508;508;IT;GR;Value on 3rd Wed. at 11;Import;Harmonized;M;M
Physical Energy & Power Flows;2024;4;134;134;134;IT;GR;Value on 3rd Wed. at 11;Export;Harmonized;M;M
Physical Energy & Power Flows;2024;5;507;507;507;IT;GR;Value on 3rd Wed. at 11;Import;Harmonized;M;M
Physical Energy & Power Flows;2024;6;0;0;0;IT;GR;Value on 3rd Wed. at 11;Import;Harmonized;M;M
Physical Energy & Power Flows;2024;7;393;393;393;IT;GR;Value on 3rd Wed. at 11;Import;Harmonized;M;M
Physical Energy & Power Flows;2024;8;2;2;2;IT;GR;Value on 3rd Wed. at 11;Export;Harmonized;M;M
Physical Energy & Power Flows;2024;9;461;461;461;IT;GR;Value on 3rd Wed. at 11;Import;Harmonized;M;M
Physical Energy & Power Flows;2024;10;507;507;507;IT;GR;Value on 3rd Wed. at 11;Import;Harmonized;M;M
Physical Energy & Power Flows;2024;11;509;509;509;IT;GR;Value on 3rd Wed. at 11;Import;Harmonized;M;M
Physical Energy & Power Flows;2024;12;458;458;458;IT;GR;Value on 3rd Wed. at 11;Import;Harmonized;M;M
Physical Energy & Power Flows;2024;1;188;188;188;IT;ME;Value on 3rd Wed. at 11;Import;Harmonized;M;M
Physical Energy & Power Flows;2024;2;594;594;594;IT;ME;Value on 3rd Wed. at 11;Import;Harmonized;M;M
Physical Energy & Power Flows;2024;3;302;302;302;IT;ME;Value on 3rd Wed. at 11;Import;Harmonized;M;M
Physical Energy & Power Flows;2024;4;96;96;96;IT;ME;Value on 3rd Wed. at 11;Import;Harmonized;M;M
Physical Energy & Power Flows;2024;5;69;69;69;IT;ME;Value on 3rd Wed. at 11;Import;Harmonized;M;M
Physical Energy & Power Flows;2024;6;602;602;602;IT;ME;Value on 3rd Wed. at 11;Import;Harmonized;M;M
Physical Energy & Power Flows;2024;7;424;424;424;IT;ME;Value on 3rd Wed. at 11;Import;Harmonized;M;M
Physical Energy & Power Flows;2024;8;187;187;187;IT;ME;Value on 3rd Wed. at 11;Import;Harmonized;M;M
Physical Energy & Power Flows;2024;9;1;1;1;IT;ME;Value on 3rd Wed. at 11;Import;Harmonized;M;M
Physical Energy & Power Flows;2024;10;603;603;603;IT;ME;Value on 3rd Wed. at 11;Import;Harmonized;M;M
Physical Energy & Power Flows;2024;11;226;226;226;IT;ME;Value on 3rd Wed. at 11;Export;Harmonized;M;M
Physical Energy & Power Flows;2024;12;368;368;368;IT;ME;Value on 3rd Wed. at 11;Import;Harmonized;M;M
Physical Energy & Power Flows;2024;1;41;41;41;IT;MT;Value on 3rd Wed. at 11;Export;Harmonized;M;NaM
Physical Energy & Power Flows;2024;2;74;74;74;IT;MT;Value on 3rd Wed. at 11;Export;Harmonized;M;NaM
Physical Energy & Power Flows;2024;3;55;55;55;IT;MT;Value on 3rd Wed. at 11;Import;Harmonized;M;NaM
Physical Energy & Power Flows;2024;4;55;55;55;IT;MT;Value on 3rd Wed. at 11;Export;Harmonized;M;NaM
Physical Energy & Power Flows;2024;5;107;107;107;IT;MT;Value on 3rd Wed. at 11;Export;Harmonized;M;NaM
Physical Energy & Power Flows;2024;6;118;118;118;IT;MT;Value on 3rd Wed. at 11;Export;Harmonized;M;NaM
Physical Energy & Power Flows;2024;7;217;217;217;IT;MT;Value on 3rd Wed. at 11;Export;Harmonized;M;NaM
Physical Energy & Power Flows;2024;8;190;190;190;IT;MT;Value on 3rd Wed. at 11;Export;Harmonized;M;NaM
Physical Energy & Power Flows;2024;9;98;98;98;IT;MT;Value on 3rd Wed. at 11;Export;Harmonized;M;NaM
Physical Energy & Power Flows;2024;10;132;132;132;IT;MT;Value on 3rd Wed. at 11;Export;Harmonized;M;NaM
Physical Energy & Power Flows;2024;11;109;109;109;IT;MT;Value on 3rd Wed. at 11;Export;Harmonized;M;NaM
Physical Energy & Power Flows;2024;12;64;64;64;IT;MT;Value on 3rd Wed. at 11;Export;Harmonized;M;NaM
Physical Energy & Power Flows;2024;1;950;950;950;IT;SI;Value on 3rd Wed. at 11;Import;Harmonized;M;M
Physical Energy & Power Flows;2024;2;1001;1001;1001;IT;SI;Value on 3rd Wed. at 11;Import;Harmonized;M;M
Physical Energy & Power Flows;2024;3;914;914;914;IT;SI;Value on 3rd Wed. at 11;Import;Harmonized;M;M
Physical Energy & Power Flows;2024;4;748;748;748;IT;SI;Value on 3rd Wed. at 11;Import;Harmonized;M;M
Physical Energy & Power Flows;2024;5;753;753;753;IT;SI;Value on 3rd Wed. at 11;Import;Harmonized;M;M
Physical Energy & Power Flows;2024;6;224;224;224;IT;SI;Value on 3rd Wed. at 11;Import;Harmonized;M;M
Physical Energy & Power Flows;2024;7;41;41;41;IT;SI;Value on 3rd Wed. at 11;Export;Harmonized;M;M
Physical Energy & Power Flows;2024;8;487;487;487;IT;SI;Value on 3rd Wed. at 11;Import;Harmonized;M;M
Physical Energy & Power Flows;2024;9;746;746;746;IT;SI;Value on 3rd Wed. at 11;Import;Harmonized;M;M
Physical Energy & Power Flows;2024;10;875;875;875;IT;SI;Value on 3rd Wed. at 11;Import;Harmonized;M;M
Physical Energy & Power Flows;2024;11;827;827;827;IT;SI;Value on 3rd Wed. at 11;Import;Harmonized;M;M
Physical Energy & Power Flows;2024;12;867;867;867;IT;SI;Value on 3rd Wed. at 11;Import;Harmonized;M;M
Physical Energy & Power Flows;2024;1;275;275;275;LT;BY;Value on 3rd Wed. at 11;Import;Harmonized;M;NaM
Physical Energy & Power Flows;2024;2;88;88;88;LT;BY;Value on 3rd Wed. at 11;Import;Harmonized;M;NaM
Physical Energy & Power Flows;2024;3;216;216;216;LT;BY;Value on 3rd Wed. at 11;Import;Harmonized;M;NaM
Physical Energy & Power Flows;2024;4;68;68;68;LT;BY;Value on 3rd Wed. at 11;Export;Harmonized;M;NaM
Physical Energy & Power Flows;2024;5;176;176;176;LT;BY;Value on 3rd Wed. at 11;Export;Harmonized;M;NaM
Physical Energy & Power Flows;2024;6;224;224;224;LT;BY;Value on 3rd Wed. at 11;Export;Harmonized;M;NaM
Physical Energy & Power Flows;2024;7;183;183;183;LT;BY;Value on 3rd Wed. at 11;Export;Harmonized;M;NaM
Physical Energy & Power Flows;2024;8;94;94;94;LT;BY;Value on 3rd Wed. at 11;Export;Harmonized;M;NaM
Physical Energy & Power Flows;2024;9;41;41;41;LT;BY;Value on 3rd Wed. at 11;Export;Harmonized;M;NaM
Physical Energy & Power Flows;2024;10;17;17;17;LT;BY;Value on 3rd Wed. at 11;Import;Harmonized;M;NaM
Physical Energy & Power Flows;2024;11;85;85;85;LT;BY;Value on 3rd Wed. at 11;Import;Harmonized;M;NaM
Physical Energy & Power Flows;2024;12;9;9;9;LT;BY;Value on 3rd Wed. at 11;Import;Harmonized;M;NaM
Physical Energy & Power Flows;2024;1;123;123;123;LT;LV;Value on 3rd Wed. at 11;Export;Harmonized;M;M
Physical Energy & Power Flows;2024;2;42;42;42;LT;LV;Value on 3rd Wed. at 11;Import;Harmonized;M;M
Physical Energy & Power Flows;2024;3;274;274;274;LT;LV;Value on 3rd Wed. at 11;Export;Harmonized;M;M
Physical Energy & Power Flows;2024;4;271;271;271;LT;LV;Value on 3rd Wed. at 11;Import;Harmonized;M;M
Physical Energy & Power Flows;2024;5;41;41;41;LT;LV;Value on 3rd Wed. at 11;Import;Harmonized;M;M
Physical Energy & Power Flows;2024;6;786;786;786;LT;LV;Value on 3rd Wed. at 11;Export;Harmonized;M;M
Physical Energy & Power Flows;2024;7;183;183;183;LT;LV;Value on 3rd Wed. at 11;Export;Harmonized;M;M
Physical Energy & Power Flows;2024;8;98;98;98;LT;LV;Value on 3rd Wed. at 11;Export;Harmonized;M;M
Physical Energy & Power Flows;2024;9;57;57;57;LT;LV;Value on 3rd Wed. at 11;Import;Harmonized;M;M
Physical Energy & Power Flows;2024;10;151;151;151;LT;LV;Value on 3rd Wed. at 11;Export;Harmonized;M;M
Physical Energy & Power Flows;2024;11;334;334;334;LT;LV;Value on 3rd Wed. at 11;Export;Harmonized;M;M
Physical Energy & Power Flows;2024;12;155;155;155;LT;LV;Value on 3rd Wed. at 11;Export;Harmonized;M;M
Physical Energy & Power Flows;2024;1;338;338;338;LT;PL;Value on 3rd Wed. at 11;Export;Harmonized;M;M
Physical Energy & Power Flows;2024;2;338;338;338;LT;PL;Value on 3rd Wed. at 11;Import;Harmonized;M;M
Physical Energy & Power Flows;2024;3;492;492;492;LT;PL;Value on 3rd Wed. at 11;Import;Harmonized;M;M
Physical Energy & Power Flows;2024;4;1;1;1;LT;PL;Value on 3rd Wed. at 11;Export;Harmonized;M;M
Physical Energy & Power Flows;2024;5;492;492;492;LT;PL;Value on 3rd Wed. at 11;Import;Harmonized;M;M
Physical Energy & Power Flows;2024;6;486;486;486;LT;PL;Value on 3rd Wed. at 11;Import;Harmonized;M;M
Physical Energy & Power Flows;2024;7;490;490;490;LT;PL;Value on 3rd Wed. at 11;Import;Harmonized;M;M
Physical Energy & Power Flows;2024;8;418;418;418;LT;PL;Value on 3rd Wed. at 11;Import;Harmonized;M;M
Physical Energy & Power Flows;2024;9;509;509;509;LT;PL;Value on 3rd Wed. at 11;Import;Harmonized;M;M
Physical Energy & Power Flows;2024;10;508;508;508;LT;PL;Value on 3rd Wed. at 11;Import;Harmonized;M;M
Physical Energy & Power Flows;2024;11;0;0;0;LT;PL;Value on 3rd Wed. at 11;Import;Harmonized;M;M
Physical Energy & Power Flows;2024;12;507;507;507;LT;PL;Value on 3rd Wed. at 11;Import;Harmonized;M;M
Physical Energy & Power Flows;2024;1;0;0;0;LT;RU;Value on 3rd Wed. at 11;Import;Harmonized;M;NaM
Physical Energy & Power Flows;2024;2;17;17;17;LT;RU;Value on 3rd Wed. at 11;Import;Harmonized;M;NaM
Physical Energy & Power Flows;2024;3;6;6;6;LT;RU;Value on 3rd Wed. at 11;Import;Harmonized;M;NaM
Physical Energy & Power Flows;2024;4;11;11;11;LT;RU;Value on 3rd Wed. at 11;Export;Harmonized;M;NaM
Physical Energy & Power Flows;2024;5;2;2;2;LT;RU;Value on 3rd Wed. at 11;Export;Harmonized;M;NaM
Physical Energy & Power Flows;2024;6;1;1;1;LT;RU;Value on 3rd Wed. at 11;Export;Harmonized;M;NaM
Physical Energy & Power Flows;2024;7;2;2;2;LT;RU;Value on 3rd Wed. at 11;Export;Harmonized;M;NaM
Physical Energy & Power Flows;2024;8;4;4;4;LT;RU;Value on 3rd Wed. at 11;Export;Harmonized;M;NaM
Physical Energy & Power Flows;2024;9;11;11;11;LT;RU;Value on 3rd Wed. at 11;Export;Harmonized;M;NaM
Physical Energy & Power Flows;2024;10;4;4;4;LT;RU;Value on 3rd Wed. at 11;Import;Harmonized;M;NaM
Physical Energy & Power Flows;2024;11;80;80;80;LT;RU;Value on 3rd Wed. at 11;Import;Harmonized;M;NaM
Physical Energy & Power Flows;2024;12;14;14;14;LT;RU;Value on 3rd Wed. at 11;Export;Harmonized;M;NaM
Physical Energy & Power Flows;2024;1;717;717;717;LT;SE;Value on 3rd Wed. at 11;Import;Harmonized;M;M
Physical Energy & Power Flows;2024;2;732;732;732;LT;SE;Value on 3rd Wed. at 11;Import;Harmonized;M;M
Physical Energy & Power Flows;2024;3;713;713;713;LT;SE;Value on 3rd Wed. at 11;Import;Harmonized;M;M
Physical Energy & Power Flows;2024;4;423;423;423;LT;SE;Value on 3rd Wed. at 11;Import;Harmonized;M;M
Physical Energy & Power Flows;2024;5;518;518;518;LT;SE;Value on 3rd Wed. at 11;Import;Harmonized;M;M
Physical Energy & Power Flows;2024;6;691;691;691;LT;SE;Value on 3rd Wed. at 11;Import;Harmonized;M;M
Physical Energy & Power Flows;2024;7;733;733;733;LT;SE;Value on 3rd Wed. at 11;Import;Harmonized;M;M
Physical Energy & Power Flows;2024;8;733;733;733;LT;SE;Value on 3rd Wed. at 11;Import;Harmonized;M;M
Physical Energy & Power Flows;2024;9;680;680;680;LT;SE;Value on 3rd Wed. at 11;Import;Harmonized;M;M
Physical Energy & Power Flows;2024;10;604;604;604;LT;SE;Value on 3rd Wed. at 11;Import;Harmonized;M;M
Physical Energy & Power Flows;2024;11;461;461;461;LT;SE;Value on 3rd Wed. at 11;Import;Harmonized;M;M
Physical Energy & Power Flows;2024;12;734;734;734;LT;SE;Value on 3rd Wed. at 11;Import;Harmonized;M;M
Physical Energy & Power Flows;2024;1;59;59;59;LU;BE;Value on 3rd Wed. at 11;Import;Harmonized;M;M
Physical Energy & Power Flows;2024;2;68;68;68;LU;BE;Value on 3rd Wed. at 11;Import;Harmonized;M;M
Physical Energy & Power Flows;2024;3;141;141;141;LU;BE;Value on 3rd Wed. at 11;Import;Harmonized;M;M
Physical Energy & Power Flows;2024;4;73;73;73;LU;BE;Value on 3rd Wed. at 11;Import;Harmonized;M;M
Physical Energy & Power Flows;2024;5;121;121;121;LU;BE;Value on 3rd Wed. at 11;Import;Harmonized;M;M
Physical Energy & Power Flows;2024;6;173;173;173;LU;BE;Value on 3rd Wed. at 11;Import;Harmonized;M;M
Physical Energy & Power Flows;2024;7;164;164;164;LU;BE;Value on 3rd Wed. at 11;Import;Harmonized;M;M
Physical Energy & Power Flows;2024;8;115;115;115;LU;BE;Value on 3rd Wed. at 11;Export;Harmonized;M;M
Physical Energy & Power Flows;2024;9;121;121;121;LU;BE;Value on 3rd Wed. at 11;Import;Harmonized;M;M
Physical Energy & Power Flows;2024;10;148;148;148;LU;BE;Value on 3rd Wed. at 11;Import;Harmonized;M;M
Physical Energy & Power Flows;2024;11;120;120;120;LU;BE;Value on 3rd Wed. at 11;Import;Harmonized;M;M
Physical Energy & Power Flows;2024;12;45;45;45;LU;BE;Value on 3rd Wed. at 11;Export;Harmonized;M;M
Physical Energy & Power Flows;2024;1;614;614;614;LU;DE;Value on 3rd Wed. at 11;Import;Harmonized;M;M
Physical Energy & Power Flows;2024;2;504;504;504;LU;DE;Value on 3rd Wed. at 11;Import;Harmonized;M;M
Physical Energy & Power Flows;2024;3;311;311;311;LU;DE;Value on 3rd Wed. at 11;Import;Harmonized;M;M
Physical Energy & Power Flows;2024;4;435;435;435;LU;DE;Value on 3rd Wed. at 11;Import;Harmonized;M;M
Physical Energy & Power Flows;2024;5;453;453;453;LU;DE;Value on 3rd Wed. at 11;Import;Harmonized;M;M
Physical Energy & Power Flows;2024;6;353;353;353;LU;DE;Value on 3rd Wed. at 11;Import;Harmonized;M;M
Physical Energy & Power Flows;2024;7;255;255;255;LU;DE;Value on 3rd Wed. at 11;Import;Harmonized;M;M
Physical Energy & Power Flows;2024;8;496;496;496;LU;DE;Value on 3rd Wed. at 11;Import;Harmonized;M;M
Physical Energy & Power Flows;2024;9;171;171;171;LU;DE;Value on 3rd Wed. at 11;Import;Harmonized;M;M
Physical Energy & Power Flows;2024;10;367;367;367;LU;DE;Value on 3rd Wed. at 11;Import;Harmonized;M;M
Physical Energy & Power Flows;2024;11;302;302;302;LU;DE;Value on 3rd Wed. at 11;Import;Harmonized;M;M
Physical Energy & Power Flows;2024;12;517;517;517;LU;DE;Value on 3rd Wed. at 11;Import;Harmonized;M;M
Physical Energy & Power Flows;2024;1;264;264;264;LV;EE;Value on 3rd Wed. at 11;Export;Harmonized;M;M
Physical Energy & Power Flows;2024;2;293;293;293;LV;EE;Value on 3rd Wed. at 11;Export;Harmonized;M;M
Physical Energy & Power Flows;2024;3;283;283;283;LV;EE;Value on 3rd Wed. at 11;Export;Harmonized;M;M
Physical Energy & Power Flows;2024;4;29;29;29;LV;EE;Value on 3rd Wed. at 11;Export;Harmonized;M;M
Physical Energy & Power Flows;2024;5;383;383;383;LV;EE;Value on 3rd Wed. at 11;Import;Harmonized;M;M
Physical Energy & Power Flows;2024;6;39;39;39;LV;EE;Value on 3rd Wed. at 11;Import;Harmonized;M;M
Physical Energy & Power Flows;2024;7;205;205;205;LV;EE;Value on 3rd Wed. at 11;Import;Harmonized;M;M
Physical Energy & Power Flows;2024;8;314;314;314;LV;EE;Value on 3rd Wed. at 11;Import;Harmonized;M;M
Physical Energy & Power Flows;2024;9;344;344;344;LV;EE;Value on 3rd Wed. at 11;Import;Harmonized;M;M
Physical Energy & Power Flows;2024;10;352;352;352;LV;EE;Value on 3rd Wed. at 11;Import;Harmonized;M;M
Physical Energy & Power Flows;2024;11;16;16;16;LV;EE;Value on 3rd Wed. at 11;Import;Harmonized;M;M
Physical Energy & Power Flows;2024;12;72;72;72;LV;EE;Value on 3rd Wed. at 11;Export;Harmonized;M;M
Physical Energy & Power Flows;2024;1;123;123;123;LV;LT;Value on 3rd Wed. at 11;Import;Harmonized;M;M
Physical Energy & Power Flows;2024;2;42;42;42;LV;LT;Value on 3rd Wed. at 11;Export;Harmonized;M;M
Physical Energy & Power Flows;2024;3;274;274;274;LV;LT;Value on 3rd Wed. at 11;Import;Harmonized;M;M
Physical Energy & Power Flows;2024;4;271;271;271;LV;LT;Value on 3rd Wed. at 11;Export;Harmonized;M;M
Physical Energy & Power Flows;2024;5;41;41;41;LV;LT;Value on 3rd Wed. at 11;Export;Harmonized;M;M
Physical Energy & Power Flows;2024;6;786;786;786;LV;LT;Value on 3rd Wed. at 11;Import;Harmonized;M;M
Physical Energy & Power Flows;2024;7;183;183;183;LV;LT;Value on 3rd Wed. at 11;Import;Harmonized;M;M
Physical Energy & Power Flows;2024;8;98;98;98;LV;LT;Value on 3rd Wed. at 11;Import;Harmonized;M;M
Physical Energy & Power Flows;2024;9;57;57;57;LV;LT;Value on 3rd Wed. at 11;Export;Harmonized;M;M
Physical Energy & Power Flows;2024;10;151;151;151;LV;LT;Value on 3rd Wed. at 11;Import;Harmonized;M;M
Physical Energy & Power Flows;2024;11;334;334;334;LV;LT;Value on 3rd Wed. at 11;Import;Harmonized;M;M
Physical Energy & Power Flows;2024;12;155;155;155;LV;LT;Value on 3rd Wed. at 11;Import;Harmonized;M;M
Physical Energy & Power Flows;2024;1;17;17;17;LV;RU;Value on 3rd Wed. at 11;Export;Harmonized;M;NaM
Physical Energy & Power Flows;2024;2;34;34;34;LV;RU;Value on 3rd Wed. at 11;Import;Harmonized;M;NaM
Physical Energy & Power Flows;2024;3;134;134;134;LV;RU;Value on 3rd Wed. at 11;Export;Harmonized;M;NaM
Physical Energy & Power Flows;2024;4;30;30;30;LV;RU;Value on 3rd Wed. at 11;Import;Harmonized;M;NaM
Physical Energy & Power Flows;2024;5;134;134;134;LV;RU;Value on 3rd Wed. at 11;Import;Harmonized;M;NaM
Physical Energy & Power Flows;2024;6;0;0;0;LV;RU;Value on 3rd Wed. at 11;Import;Harmonized;M;NaM
Physical Energy & Power Flows;2024;7;52;52;52;LV;RU;Value on 3rd Wed. at 11;Import;Harmonized;M;NaM
Physical Energy & Power Flows;2024;8;38;38;38;LV;RU;Value on 3rd Wed. at 11;Import;Harmonized;M;NaM
Physical Energy & Power Flows;2024;9;67;67;67;LV;RU;Value on 3rd Wed. at 11;Import;Harmonized;M;NaM
Physical Energy & Power Flows;2024;10;10;10;10;LV;RU;Value on 3rd Wed. at 11;Import;Harmonized;M;NaM
Physical Energy & Power Flows;2024;11;55;55;55;LV;RU;Value on 3rd Wed. at 11;Export;Harmonized;M;NaM
Physical Energy & Power Flows;2024;12;49;49;49;LV;RU;Value on 3rd Wed. at 11;Import;Harmonized;M;NaM
Physical Energy & Power Flows;2024;1;498;498;498;MD;RO;Value on 3rd Wed. at 11;Import;Harmonized;M;M
Physical Energy & Power Flows;2024;2;110;110;110;MD;RO;Value on 3rd Wed. at 11;Export;Harmonized;M;M
Physical Energy & Power Flows;2024;3;818;818;818;MD;RO;Value on 3rd Wed. at 11;Import;Harmonized;M;M
Physical Energy & Power Flows;2024;4;401;401;401;MD;RO;Value on 3rd Wed. at 11;Import;Harmonized;M;M
Physical Energy & Power Flows;2024;5;261;261;261;MD;RO;Value on 3rd Wed. at 11;Import;Harmonized;M;M
Physical Energy & Power Flows;2024;6;380;380;380;MD;RO;Value on 3rd Wed. at 11;Import;Harmonized;M;M
Physical Energy & Power Flows;2024;7;377;377;377;MD;RO;Value on 3rd Wed. at 11;Import;Harmonized;M;M
Physical Energy & Power Flows;2024;8;213;213;213;MD;RO;Value on 3rd Wed. at 11;Import;Harmonized;M;M
Physical Energy & Power Flows;2024;9;270;270;270;MD;RO;Value on 3rd Wed. at 11;Import;Harmonized;M;M
Physical Energy & Power Flows;2024;10;182;182;182;MD;RO;Value on 3rd Wed. at 11;Import;Harmonized;M;M
Physical Energy & Power Flows;2024;11;331;331;331;MD;RO;Value on 3rd Wed. at 11;Import;Harmonized;M;M
Physical Energy & Power Flows;2024;12;529;529;529;MD;RO;Value on 3rd Wed. at 11;Import;Harmonized;M;M
Physical Energy & Power Flows;2024;1;397;397;397;MD;UA;Value on 3rd Wed. at 11;Export;Harmonized;M;M
Physical Energy & Power Flows;2024;2;190;190;190;MD;UA;Value on 3rd Wed. at 11;Import;Harmonized;M;M
Physical Energy & Power Flows;2024;3;833;833;833;MD;UA;Value on 3rd Wed. at 11;Export;Harmonized;M;M
Physical Energy & Power Flows;2024;4;491;491;491;MD;UA;Value on 3rd Wed. at 11;Export;Harmonized;M;M
Physical Energy & Power Flows;2024;5;296;296;296;MD;UA;Value on 3rd Wed. at 11;Export;Harmonized;M;M
Physical Energy & Power Flows;2024;6;379;379;379;MD;UA;Value on 3rd Wed. at 11;Export;Harmonized;M;M
Physical Energy & Power Flows;2024;7;211;211;211;MD;UA;Value on 3rd Wed. at 11;Export;Harmonized;M;M
Physical Energy & Power Flows;2024;8;258;258;258;MD;UA;Value on 3rd Wed. at 11;Export;Harmonized;M;M
Physical Energy & Power Flows;2024;9;381;381;381;MD;UA;Value on 3rd Wed. at 11;Export;Harmonized;M;M
Physical Energy & Power Flows;2024;10;153;153;153;MD;UA;Value on 3rd Wed. at 11;Export;Harmonized;M;M
Physical Energy & Power Flows;2024;11;247;247;247;MD;UA;Value on 3rd Wed. at 11;Export;Harmonized;M;M
Physical Energy & Power Flows;2024;12;413;413;413;MD;UA;Value on 3rd Wed. at 11;Export;Harmonized;M;M
Physical Energy & Power Flows;2024;1;240;240;240;ME;AL;Value on 3rd Wed. at 11;Import;Harmonized;M;M
Physical Energy & Power Flows;2024;2;197;197;197;ME;AL;Value on 3rd Wed. at 11;Export;Harmonized;M;M
Physical Energy & Power Flows;2024;3;516;516;516;ME;AL;Value on 3rd Wed. at 11;Import;Harmonized;M;M
Physical Energy & Power Flows;2024;4;342;342;342;ME;AL;Value on 3rd Wed. at 11;Import;Harmonized;M;M
Physical Energy & Power Flows;2024;5;0;0;0;ME;AL;Value on 3rd Wed. at 11;Import;Harmonized;M;M
Physical Energy & Power Flows;2024;6;428;428;428;ME;AL;Value on 3rd Wed. at 11;Import;Harmonized;M;M
Physical Energy & Power Flows;2024;7;74;74;74;ME;AL;Value on 3rd Wed. at 11;Import;Harmonized;M;M
Physical Energy & Power Flows;2024;8;6;6;6;ME;AL;Value on 3rd Wed. at 11;Import;Harmonized;M;M
Physical Energy & Power Flows;2024;9;389;389;389;ME;AL;Value on 3rd Wed. at 11;Export;Harmonized;M;M
Physical Energy & Power Flows;2024;10;114;114;114;ME;AL;Value on 3rd Wed. at 11;Import;Harmonized;M;M
Physical Energy & Power Flows;2024;11;224;224;224;ME;AL;Value on 3rd Wed. at 11;Import;Harmonized;M;M
Physical Energy & Power Flows;2024;12;302;302;302;ME;AL;Value on 3rd Wed. at 11;Import;Harmonized;M;M
Physical Energy & Power Flows;2024;1;10;10;10;ME;BA;Value on 3rd Wed. at 11;Import;Harmonized;M;M
Physical Energy & Power Flows;2024;2;674;674;674;ME;BA;Value on 3rd Wed. at 11;Import;Harmonized;M;M
Physical Energy & Power Flows;2024;3;508;508;508;ME;BA;Value on 3rd Wed. at 11;Export;Harmonized;M;M
Physical Energy & Power Flows;2024;4;388;388;388;ME;BA;Value on 3rd Wed. at 11;Export;Harmonized;M;M
Physical Energy & Power Flows;2024;5;167;167;167;ME;BA;Value on 3rd Wed. at 11;Import;Harmonized;M;M
Physical Energy & Power Flows;2024;6;418;418;418;ME;BA;Value on 3rd Wed. at 11;Import;Harmonized;M;M
Physical Energy & Power Flows;2024;7;404;404;404;ME;BA;Value on 3rd Wed. at 11;Import;Harmonized;M;M
Physical Energy & Power Flows;2024;8;309;309;309;ME;BA;Value on 3rd Wed. at 11;Import;Harmonized;M;M
Physical Energy & Power Flows;2024;9;441;441;441;ME;BA;Value on 3rd Wed. at 11;Import;Harmonized;M;M
Physical Energy & Power Flows;2024;10;118;118;118;ME;BA;Value on 3rd Wed. at 11;Import;Harmonized;M;M
Physical Energy & Power Flows;2024;11;266;266;266;ME;BA;Value on 3rd Wed. at 11;Export;Harmonized;M;M
Physical Energy & Power Flows;2024;12;165;165;165;ME;BA;Value on 3rd Wed. at 11;Import;Harmonized;M;M
Physical Energy & Power Flows;2024;1;188;188;188;ME;IT;Value on 3rd Wed. at 11;Export;Harmonized;M;M
Physical Energy & Power Flows;2024;2;594;594;594;ME;IT;Value on 3rd Wed. at 11;Export;Harmonized;M;M
Physical Energy & Power Flows;2024;3;302;302;302;ME;IT;Value on 3rd Wed. at 11;Export;Harmonized;M;M
Physical Energy & Power Flows;2024;4;96;96;96;ME;IT;Value on 3rd Wed. at 11;Export;Harmonized;M;M
Physical Energy & Power Flows;2024;5;69;69;69;ME;IT;Value on 3rd Wed. at 11;Export;Harmonized;M;M
Physical Energy & Power Flows;2024;6;602;602;602;ME;IT;Value on 3rd Wed. at 11;Export;Harmonized;M;M
Physical Energy & Power Flows;2024;7;424;424;424;ME;IT;Value on 3rd Wed. at 11;Export;Harmonized;M;M
Physical Energy & Power Flows;2024;8;187;187;187;ME;IT;Value on 3rd Wed. at 11;Export;Harmonized;M;M
Physical Energy & Power Flows;2024;9;1;1;1;ME;IT;Value on 3rd Wed. at 11;Export;Harmonized;M;M
Physical Energy & Power Flows;2024;10;603;603;603;ME;IT;Value on 3rd Wed. at 11;Export;Harmonized;M;M
Physical Energy & Power Flows;2024;11;226;226;226;ME;IT;Value on 3rd Wed. at 11;Import;Harmonized;M;M
Physical Energy & Power Flows;2024;12;368;368;368;ME;IT;Value on 3rd Wed. at 11;Export;Harmonized;M;M
Physical Energy & Power Flows;2024;1;136;136;136;ME;RS;Value on 3rd Wed. at 11;Export;Harmonized;M;M
Physical Energy & Power Flows;2024;2;145;145;145;ME;RS;Value on 3rd Wed. at 11;Import;Harmonized;M;M
Physical Energy & Power Flows;2024;3;562;562;562;ME;RS;Value on 3rd Wed. at 11;Export;Harmonized;M;M
Physical Energy & Power Flows;2024;4;294;294;294;ME;RS;Value on 3rd Wed. at 11;Export;Harmonized;M;M
Physical Energy & Power Flows;2024;5;26;26;26;ME;RS;Value on 3rd Wed. at 11;Export;Harmonized;M;M
Physical Energy & Power Flows;2024;6;295;295;295;ME;RS;Value on 3rd Wed. at 11;Export;Harmonized;M;M
Physical Energy & Power Flows;2024;7;241;241;241;ME;RS;Value on 3rd Wed. at 11;Export;Harmonized;M;M
Physical Energy & Power Flows;2024;8;193;193;193;ME;RS;Value on 3rd Wed. at 11;Export;Harmonized;M;M
Physical Energy & Power Flows;2024;9;61;61;61;ME;RS;Value on 3rd Wed. at 11;Import;Harmonized;M;M
Physical Energy & Power Flows;2024;10;421;421;421;ME;RS;Value on 3rd Wed. at 11;Export;Harmonized;M;M
Physical Energy & Power Flows;2024;11;413;413;413;ME;RS;Value on 3rd Wed. at 11;Export;Harmonized;M;M
Physical Energy & Power Flows;2024;12;240;240;240;ME;RS;Value on 3rd Wed. at 11;Export;Harmonized;M;M
Physical Energy & Power Flows;2024;1;122;122;122;ME;XK;Value on 3rd Wed. at 11;Export;Harmonized;M;M
Physical Energy & Power Flows;2024;2;42;42;42;ME;XK;Value on 3rd Wed. at 11;Export;Harmonized;M;M
Physical Energy & Power Flows;2024;3;373;373;373;ME;XK;Value on 3rd Wed. at 11;Import;Harmonized;M;M
Physical Energy & Power Flows;2024;4;276;276;276;ME;XK;Value on 3rd Wed. at 11;Import;Harmonized;M;M
Physical Energy & Power Flows;2024;5;73;73;73;ME;XK;Value on 3rd Wed. at 11;Import;Harmonized;M;M
Physical Energy & Power Flows;2024;6;133;133;133;ME;XK;Value on 3rd Wed. at 11;Import;Harmonized;M;M
Physical Energy & Power Flows;2024;7;140;140;140;ME;XK;Value on 3rd Wed. at 11;Import;Harmonized;M;M
Physical Energy & Power Flows;2024;8;156;156;156;ME;XK;Value on 3rd Wed. at 11;Import;Harmonized;M;M
Physical Energy & Power Flows;2024;9;37;37;37;ME;XK;Value on 3rd Wed. at 11;Export;Harmonized;M;M
Physical Energy & Power Flows;2024;10;323;323;323;ME;XK;Value on 3rd Wed. at 11;Import;Harmonized;M;M
Physical Energy & Power Flows;2024;11;51;51;51;ME;XK;Value on 3rd Wed. at 11;Import;Harmonized;M;M
Physical Energy & Power Flows;2024;12;14;14;14;ME;XK;Value on 3rd Wed. at 11;Import;Harmonized;M;M
Physical Energy & Power Flows;2024;1;16;16;16;MK;BG;Value on 3rd Wed. at 11;Export;Harmonized;M;M
Physical Energy & Power Flows;2024;2;89;89;89;MK;BG;Value on 3rd Wed. at 11;Import;Harmonized;M;M
Physical Energy & Power Flows;2024;3;165;165;165;MK;BG;Value on 3rd Wed. at 11;Import;Harmonized;M;M
Physical Energy & Power Flows;2024;4;296;296;296;MK;BG;Value on 3rd Wed. at 11;Import;Harmonized;M;M
Physical Energy & Power Flows;2024;5;56;56;56;MK;BG;Value on 3rd Wed. at 11;Import;Harmonized;M;M
Physical Energy & Power Flows;2024;6;42;42;42;MK;BG;Value on 3rd Wed. at 11;Import;Harmonized;M;M
Physical Energy & Power Flows;2024;7;116;116;116;MK;BG;Value on 3rd Wed. at 11;Import;Harmonized;M;M
Physical Energy & Power Flows;2024;8;124;124;124;MK;BG;Value on 3rd Wed. at 11;Import;Harmonized;M;M
Physical Energy & Power Flows;2024;9;334;334;334;MK;BG;Value on 3rd Wed. at 11;Import;Harmonized;M;M
Physical Energy & Power Flows;2024;10;0;0;0;MK;BG;Value on 3rd Wed. at 11;Import;Harmonized;M;M
Physical Energy & Power Flows;2024;11;32;32;32;MK;BG;Value on 3rd Wed. at 11;Export;Harmonized;M;M
Physical Energy & Power Flows;2024;12;117;117;117;MK;BG;Value on 3rd Wed. at 11;Import;Harmonized;M;M
Physical Energy & Power Flows;2024;1;611;611;611;MK;GR;Value on 3rd Wed. at 11;Import;Harmonized;M;M
Physical Energy & Power Flows;2024;2;430;430;430;MK;GR;Value on 3rd Wed. at 11;Export;Harmonized;M;M
Physical Energy & Power Flows;2024;3;253;253;253;MK;GR;Value on 3rd Wed. at 11;Import;Harmonized;M;M
Physical Energy & Power Flows;2024;4;333;333;333;MK;GR;Value on 3rd Wed. at 11;Import;Harmonized;M;M
Physical Energy & Power Flows;2024;5;67;67;67;MK;GR;Value on 3rd Wed. at 11;Export;Harmonized;M;M
Physical Energy & Power Flows;2024;6;53;53;53;MK;GR;Value on 3rd Wed. at 11;Import;Harmonized;M;M
Physical Energy & Power Flows;2024;7;178;178;178;MK;GR;Value on 3rd Wed. at 11;Import;Harmonized;M;M
Physical Energy & Power Flows;2024;8;78;78;78;MK;GR;Value on 3rd Wed. at 11;Export;Harmonized;M;M
Physical Energy & Power Flows;2024;9;339;339;339;MK;GR;Value on 3rd Wed. at 11;Export;Harmonized;M;M
Physical Energy & Power Flows;2024;10;243;243;243;MK;GR;Value on 3rd Wed. at 11;Export;Harmonized;M;M
Physical Energy & Power Flows;2024;11;884;884;884;MK;GR;Value on 3rd Wed. at 11;Import;Harmonized;M;M
Physical Energy & Power Flows;2024;12;685;685;685;MK;GR;Value on 3rd Wed. at 11;Import;Harmonized;M;M
Physical Energy & Power Flows;2024;2;240;240;240;MK;RS;Value on 3rd Wed. at 11;Export;Harmonized;M;M
Physical Energy & Power Flows;2024;3;232;232;232;MK;RS;Value on 3rd Wed. at 11;Import;Harmonized;M;M
Physical Energy & Power Flows;2024;4;73;73;73;MK;RS;Value on 3rd Wed. at 11;Import;Harmonized;M;M
Physical Energy & Power Flows;2024;5;0;0;0;MK;RS;Value on 3rd Wed. at 11;Import;Harmonized;M;M
Physical Energy & Power Flows;2024;6;69;69;69;MK;RS;Value on 3rd Wed. at 11;Import;Harmonized;M;M
Physical Energy & Power Flows;2024;7;111;111;111;MK;RS;Value on 3rd Wed. at 11;Import;Harmonized;M;M
Physical Energy & Power Flows;2024;8;60;60;60;MK;RS;Value on 3rd Wed. at 11;Import;Harmonized;M;M
Physical Energy & Power Flows;2024;9;182;182;182;MK;RS;Value on 3rd Wed. at 11;Import;Harmonized;M;M
Physical Energy & Power Flows;2024;10;107;107;107;MK;RS;Value on 3rd Wed. at 11;Import;Harmonized;M;M
Physical Energy & Power Flows;2024;11;68;68;68;MK;RS;Value on 3rd Wed. at 11;Export;Harmonized;M;M
Physical Energy & Power Flows;2024;12;113;113;113;MK;RS;Value on 3rd Wed. at 11;Import;Harmonized;M;M
Physical Energy & Power Flows;2024;1;189;189;189;MK;XK;Value on 3rd Wed. at 11;Export;Harmonized;M;M
Physical Energy & Power Flows;2024;2;274;274;274;MK;XK;Value on 3rd Wed. at 11;Import;Harmonized;M;M
Physical Energy & Power Flows;2024;3;503;503;503;MK;XK;Value on 3rd Wed. at 11;Export;Harmonized;M;M
Physical Energy & Power Flows;2024;4;332;332;332;MK;XK;Value on 3rd Wed. at 11;Export;Harmonized;M;M
Physical Energy & Power Flows;2024;5;1;1;1;MK;XK;Value on 3rd Wed. at 11;Export;Harmonized;M;M
Physical Energy & Power Flows;2024;6;222;222;222;MK;XK;Value on 3rd Wed. at 11;Export;Harmonized;M;M
Physical Energy & Power Flows;2024;7;232;232;232;MK;XK;Value on 3rd Wed. at 11;Export;Harmonized;M;M
Physical Energy & Power Flows;2024;8;181;181;181;MK;XK;Value on 3rd Wed. at 11;Export;Harmonized;M;M
Physical Energy & Power Flows;2024;9;0;0;0;MK;XK;Value on 3rd Wed. at 11;Import;Harmonized;M;M
Physical Energy & Power Flows;2024;10;32;32;32;MK;XK;Value on 3rd Wed. at 11;Export;Harmonized;M;M
Physical Energy & Power Flows;2024;11;305;305;305;MK;XK;Value on 3rd Wed. at 11;Export;Harmonized;M;M
Physical Energy & Power Flows;2024;12;382;382;382;MK;XK;Value on 3rd Wed. at 11;Export;Harmonized;M;M
Physical Energy & Power Flows;2024;1;41;41;41;MT;IT;Value on 3rd Wed. at 11;Import;Harmonized;NaM;M
Physical Energy & Power Flows;2024;2;74;74;74;MT;IT;Value on 3rd Wed. at 11;Import;Harmonized;NaM;M
Physical Energy & Power Flows;2024;3;55;55;55;MT;IT;Value on 3rd Wed. at 11;Export;Harmonized;NaM;M
Physical Energy & Power Flows;2024;4;55;55;55;MT;IT;Value on 3rd Wed. at 11;Import;Harmonized;NaM;M
Physical Energy & Power Flows;2024;5;107;107;107;MT;IT;Value on 3rd Wed. at 11;Import;Harmonized;NaM;M
Physical Energy & Power Flows;2024;6;118;118;118;MT;IT;Value on 3rd Wed. at 11;Import;Harmonized;NaM;M
Physical Energy & Power Flows;2024;7;217;217;217;MT;IT;Value on 3rd Wed. at 11;Import;Harmonized;NaM;M
Physical Energy & Power Flows;2024;8;190;190;190;MT;IT;Value on 3rd Wed. at 11;Import;Harmonized;NaM;M
Physical Energy & Power Flows;2024;9;98;98;98;MT;IT;Value on 3rd Wed. at 11;Import;Harmonized;NaM;M
Physical Energy & Power Flows;2024;10;132;132;132;MT;IT;Value on 3rd Wed. at 11;Import;Harmonized;NaM;M
Physical Energy & Power Flows;2024;11;109;109;109;MT;IT;Value on 3rd Wed. at 11;Import;Harmonized;NaM;M
Physical Energy & Power Flows;2024;12;64;64;64;MT;IT;Value on 3rd Wed. at 11;Import;Harmonized;NaM;M
Physical Energy & Power Flows;2024;1;1381;1381;1381;NL;BE;Value on 3rd Wed. at 11;Export;Harmonized;M;M
Physical Energy & Power Flows;2024;2;643;643;643;NL;BE;Value on 3rd Wed. at 11;Export;Harmonized;M;M
Physical Energy & Power Flows;2024;3;623;623;623;NL;BE;Value on 3rd Wed. at 11;Export;Harmonized;M;M
Physical Energy & Power Flows;2024;4;370;370;370;NL;BE;Value on 3rd Wed. at 11;Export;Harmonized;M;M
Physical Energy & Power Flows;2024;5;642;642;642;NL;BE;Value on 3rd Wed. at 11;Export;Harmonized;M;M
Physical Energy & Power Flows;2024;6;926;926;926;NL;BE;Value on 3rd Wed. at 11;Export;Harmonized;M;M
Physical Energy & Power Flows;2024;7;749;749;749;NL;BE;Value on 3rd Wed. at 11;Export;Harmonized;M;M
Physical Energy & Power Flows;2024;8;1376;1376;1376;NL;BE;Value on 3rd Wed. at 11;Export;Harmonized;M;M
Physical Energy & Power Flows;2024;9;387;387;387;NL;BE;Value on 3rd Wed. at 11;Export;Harmonized;M;M
Physical Energy & Power Flows;2024;10;1716;1716;1716;NL;BE;Value on 3rd Wed. at 11;Export;Harmonized;M;M
Physical Energy & Power Flows;2024;11;1444;1444;1444;NL;BE;Value on 3rd Wed. at 11;Export;Harmonized;M;M
Physical Energy & Power Flows;2024;12;517;517;517;NL;BE;Value on 3rd Wed. at 11;Export;Harmonized;M;M
Physical Energy & Power Flows;2024;1;2053;2053;2053;NL;DE;Value on 3rd Wed. at 11;Import;Harmonized;M;M
Physical Energy & Power Flows;2024;2;223;223;223;NL;DE;Value on 3rd Wed. at 11;Export;Harmonized;M;M
Physical Energy & Power Flows;2024;3;214;214;214;NL;DE;Value on 3rd Wed. at 11;Export;Harmonized;M;M
Physical Energy & Power Flows;2024;4;1315;1315;1315;NL;DE;Value on 3rd Wed. at 11;Export;Harmonized;M;M
Physical Energy & Power Flows;2024;5;1038;1038;1038;NL;DE;Value on 3rd Wed. at 11;Import;Harmonized;M;M
Physical Energy & Power Flows;2024;6;3076;3076;3076;NL;DE;Value on 3rd Wed. at 11;Export;Harmonized;M;M
Physical Energy & Power Flows;2024;7;3080;3080;3080;NL;DE;Value on 3rd Wed. at 11;Export;Harmonized;M;M
Physical Energy & Power Flows;2024;8;615;615;615;NL;DE;Value on 3rd Wed. at 11;Export;Harmonized;M;M
Physical Energy & Power Flows;2024;9;1535;1535;1535;NL;DE;Value on 3rd Wed. at 11;Export;Harmonized;M;M
Physical Energy & Power Flows;2024;10;427;427;427;NL;DE;Value on 3rd Wed. at 11;Import;Harmonized;M;M
Physical Energy & Power Flows;2024;11;874;874;874;NL;DE;Value on 3rd Wed. at 11;Import;Harmonized;M;M
Physical Energy & Power Flows;2024;12;1109;1109;1109;NL;DE;Value on 3rd Wed. at 11;Import;Harmonized;M;M
Physical Energy & Power Flows;2024;1;0;0;0;NL;DK;Value on 3rd Wed. at 11;Export;Harmonized;M;M
Physical Energy & Power Flows;2024;2;700;700;700;NL;DK;Value on 3rd Wed. at 11;Import;Harmonized;M;M
Physical Energy & Power Flows;2024;3;199;199;199;NL;DK;Value on 3rd Wed. at 11;Export;Harmonized;M;M
Physical Energy & Power Flows;2024;4;553;553;553;NL;DK;Value on 3rd Wed. at 11;Export;Harmonized;M;M
Physical Energy & Power Flows;2024;5;700;700;700;NL;DK;Value on 3rd Wed. at 11;Import;Harmonized;M;M
Physical Energy & Power Flows;2024;6;689;689;689;NL;DK;Value on 3rd Wed. at 11;Import;Harmonized;M;M
Physical Energy & Power Flows;2024;7;490;490;490;NL;DK;Value on 3rd Wed. at 11;Import;Harmonized;M;M
Physical Energy & Power Flows;2024;8;570;570;570;NL;DK;Value on 3rd Wed. at 11;Export;Harmonized;M;M
Physical Energy & Power Flows;2024;9;443;443;443;NL;DK;Value on 3rd Wed. at 11;Import;Harmonized;M;M
Physical Energy & Power Flows;2024;10;46;46;46;NL;DK;Value on 3rd Wed. at 11;Export;Harmonized;M;M
Physical Energy & Power Flows;2024;11;1;1;1;NL;DK;Value on 3rd Wed. at 11;Import;Harmonized;M;M
Physical Energy & Power Flows;2024;12;700;700;700;NL;DK;Value on 3rd Wed. at 11;Import;Harmonized;M;M
Physical Energy & Power Flows;2024;1;590;590;590;NL;GB;Value on 3rd Wed. at 11;Export;Harmonized;M;M
Physical Energy & Power Flows;2024;2;717;717;717;NL;GB;Value on 3rd Wed. at 11;Export;Harmonized;M;M
Physical Energy & Power Flows;2024;3;1025;1025;1025;NL;GB;Value on 3rd Wed. at 11;Export;Harmonized;M;M
Physical Energy & Power Flows;2024;4;119;119;119;NL;GB;Value on 3rd Wed. at 11;Export;Harmonized;M;M
Physical Energy & Power Flows;2024;5;1011;1011;1011;NL;GB;Value on 3rd Wed. at 11;Export;Harmonized;M;M
Physical Energy & Power Flows;2024;6;1025;1025;1025;NL;GB;Value on 3rd Wed. at 11;Export;Harmonized;M;M
Physical Energy & Power Flows;2024;7;0;0;0;NL;GB;Value on 3rd Wed. at 11;Export;Harmonized;M;M
Physical Energy & Power Flows;2024;8;896;896;896;NL;GB;Value on 3rd Wed. at 11;Export;Harmonized;M;M
Physical Energy & Power Flows;2024;9;1047;1047;1047;NL;GB;Value on 3rd Wed. at 11;Export;Harmonized;M;M
Physical Energy & Power Flows;2024;10;1052;1052;1052;NL;GB;Value on 3rd Wed. at 11;Export;Harmonized;M;M
Physical Energy & Power Flows;2024;11;755;755;755;NL;GB;Value on 3rd Wed. at 11;Export;Harmonized;M;M
Physical Energy & Power Flows;2024;12;0;0;0;NL;GB;Value on 3rd Wed. at 11;Export;Harmonized;M;M
Physical Energy & Power Flows;2024;1;539;539;539;NL;NO;Value on 3rd Wed. at 11;Import;Harmonized;M;M
Physical Energy & Power Flows;2024;2;621;621;621;NL;NO;Value on 3rd Wed. at 11;Import;Harmonized;M;M
Physical Energy & Power Flows;2024;3;18;18;18;NL;NO;Value on 3rd Wed. at 11;Import;Harmonized;M;M
Physical Energy & Power Flows;2024;4;621;621;621;NL;NO;Value on 3rd Wed. at 11;Import;Harmonized;M;M
Physical Energy & Power Flows;2024;5;0;0;0;NL;NO;Value on 3rd Wed. at 11;Import;Harmonized;M;M
Physical Energy & Power Flows;2024;6;354;354;354;NL;NO;Value on 3rd Wed. at 11;Import;Harmonized;M;M
Physical Energy & Power Flows;2024;7;467;467;467;NL;NO;Value on 3rd Wed. at 11;Import;Harmonized;M;M
Physical Energy & Power Flows;2024;8;640;640;640;NL;NO;Value on 3rd Wed. at 11;Export;Harmonized;M;M
Physical Energy & Power Flows;2024;9;13;13;13;NL;NO;Value on 3rd Wed. at 11;Export;Harmonized;M;M
Physical Energy & Power Flows;2024;10;145;145;145;NL;NO;Value on 3rd Wed. at 11;Export;Harmonized;M;M
Physical Energy & Power Flows;2024;11;320;320;320;NL;NO;Value on 3rd Wed. at 11;Import;Harmonized;M;M
Physical Energy & Power Flows;2024;12;621;621;621;NL;NO;Value on 3rd Wed. at 11;Import;Harmonized;M;M
Physical Energy & Power Flows;2024;1;616;616;616;NO;DE;Value on 3rd Wed. at 11;Export;Harmonized;M;M
Physical Energy & Power Flows;2024;2;0;0;0;NO;DE;Value on 3rd Wed. at 11;Import;Harmonized;M;M
Physical Energy & Power Flows;2024;3;446;446;446;NO;DE;Value on 3rd Wed. at 11;Export;Harmonized;M;M
Physical Energy & Power Flows;2024;4;1316;1316;1316;NO;DE;Value on 3rd Wed. at 11;Export;Harmonized;M;M
Physical Energy & Power Flows;2024;5;886;886;886;NO;DE;Value on 3rd Wed. at 11;Import;Harmonized;M;M
Physical Energy & Power Flows;2024;6;1089;1089;1089;NO;DE;Value on 3rd Wed. at 11;Export;Harmonized;M;M
Physical Energy & Power Flows;2024;7;25;25;25;NO;DE;Value on 3rd Wed. at 11;Export;Harmonized;M;M
Physical Energy & Power Flows;2024;8;1376;1376;1376;NO;DE;Value on 3rd Wed. at 11;Import;Harmonized;M;M
Physical Energy & Power Flows;2024;9;0;0;0;NO;DE;Value on 3rd Wed. at 11;Import;Harmonized;M;M
Physical Energy & Power Flows;2024;10;1118;1118;1118;NO;DE;Value on 3rd Wed. at 11;Import;Harmonized;M;M
Physical Energy & Power Flows;2024;11;1313;1313;1313;NO;DE;Value on 3rd Wed. at 11;Export;Harmonized;M;M
Physical Energy & Power Flows;2024;12;481;481;481;NO;DE;Value on 3rd Wed. at 11;Export;Harmonized;M;M
Physical Energy & Power Flows;2024;1;27;27;27;NO;DK;Value on 3rd Wed. at 11;Export;Harmonized;M;M
Physical Energy & Power Flows;2024;2;600;600;600;NO;DK;Value on 3rd Wed. at 11;Export;Harmonized;M;M
Physical Energy & Power Flows;2024;3;870;870;870;NO;DK;Value on 3rd Wed. at 11;Export;Harmonized;M;M
Physical Energy & Power Flows;2024;4;332;332;332;NO;DK;Value on 3rd Wed. at 11;Export;Harmonized;M;M
Physical Energy & Power Flows;2024;5;136;136;136;NO;DK;Value on 3rd Wed. at 11;Import;Harmonized;M;M
Physical Energy & Power Flows;2024;6;259;259;259;NO;DK;Value on 3rd Wed. at 11;Export;Harmonized;M;M
Physical Energy & Power Flows;2024;7;1103;1103;1103;NO;DK;Value on 3rd Wed. at 11;Export;Harmonized;M;M
Physical Energy & Power Flows;2024;8;809;809;809;NO;DK;Value on 3rd Wed. at 11;Import;Harmonized;M;M
Physical Energy & Power Flows;2024;9;1263;1263;1263;NO;DK;Value on 3rd Wed. at 11;Export;Harmonized;M;M
Physical Energy & Power Flows;2024;10;1059;1059;1059;NO;DK;Value on 3rd Wed. at 11;Import;Harmonized;M;M
Physical Energy & Power Flows;2024;11;1441;1441;1441;NO;DK;Value on 3rd Wed. at 11;Export;Harmonized;M;M
Physical Energy & Power Flows;2024;12;1380;1380;1380;NO;DK;Value on 3rd Wed. at 11;Export;Harmonized;M;M
Physical Energy & Power Flows;2024;1;103;103;103;NO;FI;Value on 3rd Wed. at 11;Export;Harmonized;M;M
Physical Energy & Power Flows;2024;2;36;36;36;NO;FI;Value on 3rd Wed. at 11;Export;Harmonized;M;M
Physical Energy & Power Flows;2024;3;25;25;25;NO;FI;Value on 3rd Wed. at 11;Export;Harmonized;M;M
Physical Energy & Power Flows;2024;4;26;26;26;NO;FI;Value on 3rd Wed. at 11;Import;Harmonized;M;M
Physical Energy & Power Flows;2024;5;54;54;54;NO;FI;Value on 3rd Wed. at 11;Export;Harmonized;M;M
Physical Energy & Power Flows;2024;6;0;0;0;NO;FI;Value on 3rd Wed. at 11;Import;Harmonized;M;M
Physical Energy & Power Flows;2024;7;0;0;0;NO;FI;Value on 3rd Wed. at 11;Import;Harmonized;M;M
Physical Energy & Power Flows;2024;8;88;88;88;NO;FI;Value on 3rd Wed. at 11;Export;Harmonized;M;M
Physical Energy & Power Flows;2024;9;42;42;42;NO;FI;Value on 3rd Wed. at 11;Export;Harmonized;M;M
Physical Energy & Power Flows;2024;10;10;10;10;NO;FI;Value on 3rd Wed. at 11;Export;Harmonized;M;M
Physical Energy & Power Flows;2024;11;27;27;27;NO;FI;Value on 3rd Wed. at 11;Import;Harmonized;M;M
Physical Energy & Power Flows;2024;12;41;41;41;NO;FI;Value on 3rd Wed. at 11;Import;Harmonized;M;M
Physical Energy & Power Flows;2024;1;1395;1395;1395;NO;GB;Value on 3rd Wed. at 11;Export;Harmonized;M;M
Physical Energy & Power Flows;2024;2;1400;1400;1400;NO;GB;Value on 3rd Wed. at 11;Export;Harmonized;M;M
Physical Energy & Power Flows;2024;3;1400;1400;1400;NO;GB;Value on 3rd Wed. at 11;Export;Harmonized;M;M
Physical Energy & Power Flows;2024;4;1448;1448;1448;NO;GB;Value on 3rd Wed. at 11;Export;Harmonized;M;M
Physical Energy & Power Flows;2024;5;1451;1451;1451;NO;GB;Value on 3rd Wed. at 11;Export;Harmonized;M;M
Physical Energy & Power Flows;2024;6;1450;1450;1450;NO;GB;Value on 3rd Wed. at 11;Export;Harmonized;M;M
Physical Energy & Power Flows;2024;7;1450;1450;1450;NO;GB;Value on 3rd Wed. at 11;Export;Harmonized;M;M
Physical Energy & Power Flows;2024;8;1139;1139;1139;NO;GB;Value on 3rd Wed. at 11;Export;Harmonized;M;M
Physical Energy & Power Flows;2024;9;1450;1450;1450;NO;GB;Value on 3rd Wed. at 11;Export;Harmonized;M;M
Physical Energy & Power Flows;2024;10;0;0;0;NO;GB;Value on 3rd Wed. at 11;Import;Harmonized;M;M
Physical Energy & Power Flows;2024;11;656;656;656;NO;GB;Value on 3rd Wed. at 11;Export;Harmonized;M;M
Physical Energy & Power Flows;2024;12;1448;1448;1448;NO;GB;Value on 3rd Wed. at 11;Export;Harmonized;M;M
Physical Energy & Power Flows;2024;1;539;539;539;NO;NL;Value on 3rd Wed. at 11;Export;Harmonized;M;M
Physical Energy & Power Flows;2024;2;621;621;621;NO;NL;Value on 3rd Wed. at 11;Export;Harmonized;M;M
Physical Energy & Power Flows;2024;3;18;18;18;NO;NL;Value on 3rd Wed. at 11;Export;Harmonized;M;M
Physical Energy & Power Flows;2024;4;621;621;621;NO;NL;Value on 3rd Wed. at 11;Export;Harmonized;M;M
Physical Energy & Power Flows;2024;5;0;0;0;NO;NL;Value on 3rd Wed. at 11;Import;Harmonized;M;M
Physical Energy & Power Flows;2024;6;354;354;354;NO;NL;Value on 3rd Wed. at 11;Export;Harmonized;M;M
Physical Energy & Power Flows;2024;7;467;467;467;NO;NL;Value on 3rd Wed. at 11;Export;Harmonized;M;M
Physical Energy & Power Flows;2024;8;640;640;640;NO;NL;Value on 3rd Wed. at 11;Import;Harmonized;M;M
Physical Energy & Power Flows;2024;9;13;13;13;NO;NL;Value on 3rd Wed. at 11;Import;Harmonized;M;M
Physical Energy & Power Flows;2024;10;145;145;145;NO;NL;Value on 3rd Wed. at 11;Import;Harmonized;M;M
Physical Energy & Power Flows;2024;11;320;320;320;NO;NL;Value on 3rd Wed. at 11;Export;Harmonized;M;M
Physical Energy & Power Flows;2024;12;621;621;621;NO;NL;Value on 3rd Wed. at 11;Export;Harmonized;M;M
Physical Energy & Power Flows;2024;1;152;152;152;NO;SE;Value on 3rd Wed. at 11;Import;Harmonized;M;M
Physical Energy & Power Flows;2024;2;749;749;749;NO;SE;Value on 3rd Wed. at 11;Export;Harmonized;M;M
Physical Energy & Power Flows;2024;3;2413;2413;2413;NO;SE;Value on 3rd Wed. at 11;Export;Harmonized;M;M
Physical Energy & Power Flows;2024;4;182;182;182;NO;SE;Value on 3rd Wed. at 11;Import;Harmonized;M;M
Physical Energy & Power Flows;2024;5;2734;2734;2734;NO;SE;Value on 3rd Wed. at 11;Import;Harmonized;M;M
Physical Energy & Power Flows;2024;6;1035;1035;1035;NO;SE;Value on 3rd Wed. at 11;Import;Harmonized;M;M
Physical Energy & Power Flows;2024;7;1761;1761;1761;NO;SE;Value on 3rd Wed. at 11;Import;Harmonized;M;M
Physical Energy & Power Flows;2024;8;548;548;548;NO;SE;Value on 3rd Wed. at 11;Import;Harmonized;M;M
Physical Energy & Power Flows;2024;9;1353;1353;1353;NO;SE;Value on 3rd Wed. at 11;Import;Harmonized;M;M
Physical Energy & Power Flows;2024;10;2515;2515;2515;NO;SE;Value on 3rd Wed. at 11;Import;Harmonized;M;M
Physical Energy & Power Flows;2024;11;247;247;247;NO;SE;Value on 3rd Wed. at 11;Import;Harmonized;M;M
Physical Energy & Power Flows;2024;12;1407;1407;1407;NO;SE;Value on 3rd Wed. at 11;Import;Harmonized;M;M
Physical Energy & Power Flows;2024;1;1080;1080;1080;PL;CZ;Value on 3rd Wed. at 11;Export;Harmonized;M;M
Physical Energy & Power Flows;2024;2;367;367;367;PL;CZ;Value on 3rd Wed. at 11;Export;Harmonized;M;M
Physical Energy & Power Flows;2024;3;369;369;369;PL;CZ;Value on 3rd Wed. at 11;Import;Harmonized;M;M
Physical Energy & Power Flows;2024;4;182;182;182;PL;CZ;Value on 3rd Wed. at 11;Export;Harmonized;M;M
Physical Energy & Power Flows;2024;5;1430;1430;1430;PL;CZ;Value on 3rd Wed. at 11;Export;Harmonized;M;M
Physical Energy & Power Flows;2024;6;121;121;121;PL;CZ;Value on 3rd Wed. at 11;Export;Harmonized;M;M
Physical Energy & Power Flows;2024;7;1223;1223;1223;PL;CZ;Value on 3rd Wed. at 11;Export;Harmonized;M;M
Physical Energy & Power Flows;2024;8;1355;1355;1355;PL;CZ;Value on 3rd Wed. at 11;Export;Harmonized;M;M
Physical Energy & Power Flows;2024;9;619;619;619;PL;CZ;Value on 3rd Wed. at 11;Export;Harmonized;M;M
Physical Energy & Power Flows;2024;10;1400;1400;1400;PL;CZ;Value on 3rd Wed. at 11;Export;Harmonized;M;M
Physical Energy & Power Flows;2024;11;1322;1322;1322;PL;CZ;Value on 3rd Wed. at 11;Export;Harmonized;M;M
Physical Energy & Power Flows;2024;12;728;728;728;PL;CZ;Value on 3rd Wed. at 11;Export;Harmonized;M;M
Physical Energy & Power Flows;2024;1;483;483;483;PL;DE;Value on 3rd Wed. at 11;Import;Harmonized;M;M
Physical Energy & Power Flows;2024;2;1522;1522;1522;PL;DE;Value on 3rd Wed. at 11;Import;Harmonized;M;M
Physical Energy & Power Flows;2024;3;932;932;932;PL;DE;Value on 3rd Wed. at 11;Export;Harmonized;M;M
Physical Energy & Power Flows;2024;4;422;422;422;PL;DE;Value on 3rd Wed. at 11;Import;Harmonized;M;M
Physical Energy & Power Flows;2024;5;1169;1169;1169;PL;DE;Value on 3rd Wed. at 11;Import;Harmonized;M;M
Physical Energy & Power Flows;2024;6;676;676;676;PL;DE;Value on 3rd Wed. at 11;Import;Harmonized;M;M
Physical Energy & Power Flows;2024;7;1786;1786;1786;PL;DE;Value on 3rd Wed. at 11;Import;Harmonized;M;M
Physical Energy & Power Flows;2024;8;1755;1755;1755;PL;DE;Value on 3rd Wed. at 11;Import;Harmonized;M;M
Physical Energy & Power Flows;2024;9;13;13;13;PL;DE;Value on 3rd Wed. at 11;Export;Harmonized;M;M
Physical Energy & Power Flows;2024;10;449;449;449;PL;DE;Value on 3rd Wed. at 11;Export;Harmonized;M;M
Physical Energy & Power Flows;2024;11;1365;1365;1365;PL;DE;Value on 3rd Wed. at 11;Import;Harmonized;M;M
Physical Energy & Power Flows;2024;12;1766;1766;1766;PL;DE;Value on 3rd Wed. at 11;Import;Harmonized;M;M
Physical Energy & Power Flows;2024;1;338;338;338;PL;LT;Value on 3rd Wed. at 11;Import;Harmonized;M;M
Physical Energy & Power Flows;2024;2;338;338;338;PL;LT;Value on 3rd Wed. at 11;Export;Harmonized;M;M
Physical Energy & Power Flows;2024;3;492;492;492;PL;LT;Value on 3rd Wed. at 11;Export;Harmonized;M;M
Physical Energy & Power Flows;2024;4;1;1;1;PL;LT;Value on 3rd Wed. at 11;Import;Harmonized;M;M
Physical Energy & Power Flows;2024;5;492;492;492;PL;LT;Value on 3rd Wed. at 11;Export;Harmonized;M;M
Physical Energy & Power Flows;2024;6;486;486;486;PL;LT;Value on 3rd Wed. at 11;Export;Harmonized;M;M
Physical Energy & Power Flows;2024;7;490;490;490;PL;LT;Value on 3rd Wed. at 11;Export;Harmonized;M;M
Physical Energy & Power Flows;2024;8;418;418;418;PL;LT;Value on 3rd Wed. at 11;Export;Harmonized;M;M
Physical Energy & Power Flows;2024;9;509;509;509;PL;LT;Value on 3rd Wed. at 11;Export;Harmonized;M;M
Physical Energy & Power Flows;2024;10;508;508;508;PL;LT;Value on 3rd Wed. at 11;Export;Harmonized;M;M
Physical Energy & Power Flows;2024;11;0;0;0;PL;LT;Value on 3rd Wed. at 11;Import;Harmonized;M;M
Physical Energy & Power Flows;2024;12;507;507;507;PL;LT;Value on 3rd Wed. at 11;Export;Harmonized;M;M
Physical Energy & Power Flows;2024;1;489;489;489;PL;SE;Value on 3rd Wed. at 11;Import;Harmonized;M;M
Physical Energy & Power Flows;2024;2;0;0;0;PL;SE;Value on 3rd Wed. at 11;Import;Harmonized;M;M
Physical Energy & Power Flows;2024;3;0;0;0;PL;SE;Value on 3rd Wed. at 11;Import;Harmonized;M;M
Physical Energy & Power Flows;2024;4;279;279;279;PL;SE;Value on 3rd Wed. at 11;Import;Harmonized;M;M
Physical Energy & Power Flows;2024;5;551;551;551;PL;SE;Value on 3rd Wed. at 11;Export;Harmonized;M;M
Physical Energy & Power Flows;2024;6;593;593;593;PL;SE;Value on 3rd Wed. at 11;Import;Harmonized;M;M
Physical Energy & Power Flows;2024;7;294;294;294;PL;SE;Value on 3rd Wed. at 11;Import;Harmonized;M;M
Physical Energy & Power Flows;2024;8;0;0;0;PL;SE;Value on 3rd Wed. at 11;Import;Harmonized;M;M
Physical Energy & Power Flows;2024;9;0;0;0;PL;SE;Value on 3rd Wed. at 11;Import;Harmonized;M;M
Physical Energy & Power Flows;2024;10;0;0;0;PL;SE;Value on 3rd Wed. at 11;Import;Harmonized;M;M
Physical Energy & Power Flows;2024;11;299;299;299;PL;SE;Value on 3rd Wed. at 11;Import;Harmonized;M;M
Physical Energy & Power Flows;2024;12;199;199;199;PL;SE;Value on 3rd Wed. at 11;Import;Harmonized;M;M
Physical Energy & Power Flows;2024;1;809;809;809;PL;SK;Value on 3rd Wed. at 11;Export;Harmonized;M;M
Physical Energy & Power Flows;2024;2;393;393;393;PL;SK;Value on 3rd Wed. at 11;Export;Harmonized;M;M
Physical Energy & Power Flows;2024;3;505;505;505;PL;SK;Value on 3rd Wed. at 11;Import;Harmonized;M;M
Physical Energy & Power Flows;2024;4;0;0;0;PL;SK;Value on 3rd Wed. at 11;Import;Harmonized;M;M
Physical Energy & Power Flows;2024;5;0;0;0;PL;SK;Value on 3rd Wed. at 11;Import;Harmonized;M;M
Physical Energy & Power Flows;2024;6;567;567;567;PL;SK;Value on 3rd Wed. at 11;Export;Harmonized;M;M
Physical Energy & Power Flows;2024;7;778;778;778;PL;SK;Value on 3rd Wed. at 11;Export;Harmonized;M;M
Physical Energy & Power Flows;2024;8;884;884;884;PL;SK;Value on 3rd Wed. at 11;Export;Harmonized;M;M
Physical Energy & Power Flows;2024;9;698;698;698;PL;SK;Value on 3rd Wed. at 11;Export;Harmonized;M;M
Physical Energy & Power Flows;2024;10;376;376;376;PL;SK;Value on 3rd Wed. at 11;Export;Harmonized;M;M
Physical Energy & Power Flows;2024;11;980;980;980;PL;SK;Value on 3rd Wed. at 11;Export;Harmonized;M;M
Physical Energy & Power Flows;2024;12;493;493;493;PL;SK;Value on 3rd Wed. at 11;Export;Harmonized;M;M
Physical Energy & Power Flows;2024;1;0;0;0;PL;UA;Value on 3rd Wed. at 11;Import;Harmonized;M;M
Physical Energy & Power Flows;2024;2;0;0;0;PL;UA;Value on 3rd Wed. at 11;Import;Harmonized;M;M
Physical Energy & Power Flows;2024;3;0;0;0;PL;UA;Value on 3rd Wed. at 11;Import;Harmonized;M;M
Physical Energy & Power Flows;2024;4;0;0;0;PL;UA;Value on 3rd Wed. at 11;Import;Harmonized;M;M
Physical Energy & Power Flows;2024;5;0;0;0;PL;UA;Value on 3rd Wed. at 11;Import;Harmonized;M;M
Physical Energy & Power Flows;2024;6;191;191;191;PL;UA;Value on 3rd Wed. at 11;Export;Harmonized;M;M
Physical Energy & Power Flows;2024;7;367;367;367;PL;UA;Value on 3rd Wed. at 11;Export;Harmonized;M;M
Physical Energy & Power Flows;2024;8;0;0;0;PL;UA;Value on 3rd Wed. at 11;Import;Harmonized;M;M
Physical Energy & Power Flows;2024;9;265;265;265;PL;UA;Value on 3rd Wed. at 11;Export;Harmonized;M;M
Physical Energy & Power Flows;2024;10;37;37;37;PL;UA;Value on 3rd Wed. at 11;Import;Harmonized;M;M
Physical Energy & Power Flows;2024;11;144;144;144;PL;UA;Value on 3rd Wed. at 11;Import;Harmonized;M;M
Physical Energy & Power Flows;2024;12;114;114;114;PL;UA;Value on 3rd Wed. at 11;Export;Harmonized;M;M
Physical Energy & Power Flows;2024;1;1007;1007;1007;PT;ES;Value on 3rd Wed. at 11;Export;Harmonized;M;M
Physical Energy & Power Flows;2024;2;2111;2111;2111;PT;ES;Value on 3rd Wed. at 11;Import;Harmonized;M;M
Physical Energy & Power Flows;2024;3;1630;1630;1630;PT;ES;Value on 3rd Wed. at 11;Import;Harmonized;M;M
Physical Energy & Power Flows;2024;4;1911;1911;1911;PT;ES;Value on 3rd Wed. at 11;Import;Harmonized;M;M
Physical Energy & Power Flows;2024;5;2823;2823;2823;PT;ES;Value on 3rd Wed. at 11;Import;Harmonized;M;M
Physical Energy & Power Flows;2024;6;3612;3612;3612;PT;ES;Value on 3rd Wed. at 11;Import;Harmonized;M;M
Physical Energy & Power Flows;2024;7;3461;3461;3461;PT;ES;Value on 3rd Wed. at 11;Import;Harmonized;M;M
Physical Energy & Power Flows;2024;8;3160;3160;3160;PT;ES;Value on 3rd Wed. at 11;Import;Harmonized;M;M
Physical Energy & Power Flows;2024;9;3305;3305;3305;PT;ES;Value on 3rd Wed. at 11;Import;Harmonized;M;M
Physical Energy & Power Flows;2024;10;2895;2895;2895;PT;ES;Value on 3rd Wed. at 11;Import;Harmonized;M;M
Physical Energy & Power Flows;2024;11;3725;3725;3725;PT;ES;Value on 3rd Wed. at 11;Import;Harmonized;M;M
Physical Energy & Power Flows;2024;12;2549;2549;2549;PT;ES;Value on 3rd Wed. at 11;Import;Harmonized;M;M
Physical Energy & Power Flows;2024;1;369;369;369;RO;BG;Value on 3rd Wed. at 11;Import;Harmonized;M;M
Physical Energy & Power Flows;2024;2;587;587;587;RO;BG;Value on 3rd Wed. at 11;Export;Harmonized;M;M
Physical Energy & Power Flows;2024;3;562;562;562;RO;BG;Value on 3rd Wed. at 11;Import;Harmonized;M;M
Physical Energy & Power Flows;2024;4;491;491;491;RO;BG;Value on 3rd Wed. at 11;Import;Harmonized;M;M
Physical Energy & Power Flows;2024;5;423;423;423;RO;BG;Value on 3rd Wed. at 11;Export;Harmonized;M;M
Physical Energy & Power Flows;2024;6;645;645;645;RO;BG;Value on 3rd Wed. at 11;Import;Harmonized;M;M
Physical Energy & Power Flows;2024;7;597;597;597;RO;BG;Value on 3rd Wed. at 11;Import;Harmonized;M;M
Physical Energy & Power Flows;2024;8;468;468;468;RO;BG;Value on 3rd Wed. at 11;Import;Harmonized;M;M
Physical Energy & Power Flows;2024;9;468;468;468;RO;BG;Value on 3rd Wed. at 11;Export;Harmonized;M;M
Physical Energy & Power Flows;2024;10;146;146;146;RO;BG;Value on 3rd Wed. at 11;Export;Harmonized;M;M
Physical Energy & Power Flows;2024;11;854;854;854;RO;BG;Value on 3rd Wed. at 11;Import;Harmonized;M;M
Physical Energy & Power Flows;2024;12;1326;1326;1326;RO;BG;Value on 3rd Wed. at 11;Import;Harmonized;M;M
Physical Energy & Power Flows;2024;1;18;18;18;RO;HU;Value on 3rd Wed. at 11;Import;Harmonized;M;M
Physical Energy & Power Flows;2024;2;309;309;309;RO;HU;Value on 3rd Wed. at 11;Import;Harmonized;M;M
Physical Energy & Power Flows;2024;3;70;70;70;RO;HU;Value on 3rd Wed. at 11;Import;Harmonized;M;M
Physical Energy & Power Flows;2024;4;245;245;245;RO;HU;Value on 3rd Wed. at 11;Import;Harmonized;M;M
Physical Energy & Power Flows;2024;5;410;410;410;RO;HU;Value on 3rd Wed. at 11;Import;Harmonized;M;M
Physical Energy & Power Flows;2024;6;412;412;412;RO;HU;Value on 3rd Wed. at 11;Import;Harmonized;M;M
Physical Energy & Power Flows;2024;7;304;304;304;RO;HU;Value on 3rd Wed. at 11;Import;Harmonized;M;M
Physical Energy & Power Flows;2024;8;286;286;286;RO;HU;Value on 3rd Wed. at 11;Import;Harmonized;M;M
Physical Energy & Power Flows;2024;9;387;387;387;RO;HU;Value on 3rd Wed. at 11;Import;Harmonized;M;M
Physical Energy & Power Flows;2024;10;223;223;223;RO;HU;Value on 3rd Wed. at 11;Import;Harmonized;M;M
Physical Energy & Power Flows;2024;11;276;276;276;RO;HU;Value on 3rd Wed. at 11;Import;Harmonized;M;M
Physical Energy & Power Flows;2024;12;518;518;518;RO;HU;Value on 3rd Wed. at 11;Import;Harmonized;M;M
Physical Energy & Power Flows;2024;1;498;498;498;RO;MD;Value on 3rd Wed. at 11;Export;Harmonized;M;M
Physical Energy & Power Flows;2024;2;110;110;110;RO;MD;Value on 3rd Wed. at 11;Import;Harmonized;M;M
Physical Energy & Power Flows;2024;3;818;818;818;RO;MD;Value on 3rd Wed. at 11;Export;Harmonized;M;M
Physical Energy & Power Flows;2024;4;401;401;401;RO;MD;Value on 3rd Wed. at 11;Export;Harmonized;M;M
Physical Energy & Power Flows;2024;5;261;261;261;RO;MD;Value on 3rd Wed. at 11;Export;Harmonized;M;M
Physical Energy & Power Flows;2024;6;380;380;380;RO;MD;Value on 3rd Wed. at 11;Export;Harmonized;M;M
Physical Energy & Power Flows;2024;7;377;377;377;RO;MD;Value on 3rd Wed. at 11;Export;Harmonized;M;M
Physical Energy & Power Flows;2024;8;213;213;213;RO;MD;Value on 3rd Wed. at 11;Export;Harmonized;M;M
Physical Energy & Power Flows;2024;9;270;270;270;RO;MD;Value on 3rd Wed. at 11;Export;Harmonized;M;M
Physical Energy & Power Flows;2024;10;182;182;182;RO;MD;Value on 3rd Wed. at 11;Export;Harmonized;M;M
Physical Energy & Power Flows;2024;11;331;331;331;RO;MD;Value on 3rd Wed. at 11;Export;Harmonized;M;M
Physical Energy & Power Flows;2024;12;529;529;529;RO;MD;Value on 3rd Wed. at 11;Export;Harmonized;M;M
Physical Energy & Power Flows;2024;1;442;442;442;RO;RS;Value on 3rd Wed. at 11;Import;Harmonized;M;M
Physical Energy & Power Flows;2024;2;83;83;83;RO;RS;Value on 3rd Wed. at 11;Import;Harmonized;M;M
Physical Energy & Power Flows;2024;3;78;78;78;RO;RS;Value on 3rd Wed. at 11;Export;Harmonized;M;M
Physical Energy & Power Flows;2024;4;605;605;605;RO;RS;Value on 3rd Wed. at 11;Import;Harmonized;M;M
Physical Energy & Power Flows;2024;5;171;171;171;RO;RS;Value on 3rd Wed. at 11;Import;Harmonized;M;M
Physical Energy & Power Flows;2024;6;69;69;69;RO;RS;Value on 3rd Wed. at 11;Import;Harmonized;M;M
Physical Energy & Power Flows;2024;7;21;21;21;RO;RS;Value on 3rd Wed. at 11;Export;Harmonized;M;M
Physical Energy & Power Flows;2024;8;0;0;0;RO;RS;Value on 3rd Wed. at 11;Import;Harmonized;M;M
Physical Energy & Power Flows;2024;9;126;126;126;RO;RS;Value on 3rd Wed. at 11;Export;Harmonized;M;M
Physical Energy & Power Flows;2024;10;53;53;53;RO;RS;Value on 3rd Wed. at 11;Export;Harmonized;M;M
Physical Energy & Power Flows;2024;11;14;14;14;RO;RS;Value on 3rd Wed. at 11;Export;Harmonized;M;M
Physical Energy & Power Flows;2024;12;43;43;43;RO;RS;Value on 3rd Wed. at 11;Import;Harmonized;M;M
Physical Energy & Power Flows;2024;1;107;107;107;RO;UA;Value on 3rd Wed. at 11;Import;Harmonized;M;M
Physical Energy & Power Flows;2024;2;344;344;344;RO;UA;Value on 3rd Wed. at 11;Import;Harmonized;M;M
Physical Energy & Power Flows;2024;3;589;589;589;RO;UA;Value on 3rd Wed. at 11;Export;Harmonized;M;M
Physical Energy & Power Flows;2024;4;47;47;47;RO;UA;Value on 3rd Wed. at 11;Import;Harmonized;M;M
Physical Energy & Power Flows;2024;5;342;342;342;RO;UA;Value on 3rd Wed. at 11;Import;Harmonized;M;M
Physical Energy & Power Flows;2024;6;244;244;244;RO;UA;Value on 3rd Wed. at 11;Import;Harmonized;M;M
Physical Energy & Power Flows;2024;7;464;464;464;RO;UA;Value on 3rd Wed. at 11;Import;Harmonized;M;M
Physical Energy & Power Flows;2024;8;329;329;329;RO;UA;Value on 3rd Wed. at 11;Import;Harmonized;M;M
Physical Energy & Power Flows;2024;9;335;335;335;RO;UA;Value on 3rd Wed. at 11;Import;Harmonized;M;M
Physical Energy & Power Flows;2024;10;103;103;103;RO;UA;Value on 3rd Wed. at 11;Import;Harmonized;M;M
Physical Energy & Power Flows;2024;11;62;62;62;RO;UA;Value on 3rd Wed. at 11;Import;Harmonized;M;M
Physical Energy & Power Flows;2024;12;142;142;142;RO;UA;Value on 3rd Wed. at 11;Import;Harmonized;M;M
Physical Energy & Power Flows;2024;1;158;158;158;RS;BA;Value on 3rd Wed. at 11;Import;Harmonized;M;M
Physical Energy & Power Flows;2024;2;62;62;62;RS;BA;Value on 3rd Wed. at 11;Export;Harmonized;M;M
Physical Energy & Power Flows;2024;3;391;391;391;RS;BA;Value on 3rd Wed. at 11;Export;Harmonized;M;M
Physical Energy & Power Flows;2024;4;94;94;94;RS;BA;Value on 3rd Wed. at 11;Export;Harmonized;M;M
Physical Energy & Power Flows;2024;5;36;36;36;RS;BA;Value on 3rd Wed. at 11;Import;Harmonized;M;M
Physical Energy & Power Flows;2024;6;114;114;114;RS;BA;Value on 3rd Wed. at 11;Export;Harmonized;M;M
Physical Energy & Power Flows;2024;7;195;195;195;RS;BA;Value on 3rd Wed. at 11;Import;Harmonized;M;M
Physical Energy & Power Flows;2024;8;83;83;83;RS;BA;Value on 3rd Wed. at 11;Import;Harmonized;M;M
Physical Energy & Power Flows;2024;9;45;45;45;RS;BA;Value on 3rd Wed. at 11;Import;Harmonized;M;M
Physical Energy & Power Flows;2024;10;95;95;95;RS;BA;Value on 3rd Wed. at 11;Export;Harmonized;M;M
Physical Energy & Power Flows;2024;11;1;1;1;RS;BA;Value on 3rd Wed. at 11;Import;Harmonized;M;M
Physical Energy & Power Flows;2024;12;42;42;42;RS;BA;Value on 3rd Wed. at 11;Export;Harmonized;M;M
Physical Energy & Power Flows;2024;1;164;164;164;RS;BG;Value on 3rd Wed. at 11;Import;Harmonized;M;M
Physical Energy & Power Flows;2024;2;128;128;128;RS;BG;Value on 3rd Wed. at 11;Import;Harmonized;M;M
Physical Energy & Power Flows;2024;3;571;571;571;RS;BG;Value on 3rd Wed. at 11;Import;Harmonized;M;M
Physical Energy & Power Flows;2024;4;716;716;716;RS;BG;Value on 3rd Wed. at 11;Import;Harmonized;M;M
Physical Energy & Power Flows;2024;5;18;18;18;RS;BG;Value on 3rd Wed. at 11;Import;Harmonized;M;M
Physical Energy & Power Flows;2024;6;210;210;210;RS;BG;Value on 3rd Wed. at 11;Import;Harmonized;M;M
Physical Energy & Power Flows;2024;7;338;338;338;RS;BG;Value on 3rd Wed. at 11;Import;Harmonized;M;M
Physical Energy & Power Flows;2024;8;319;319;319;RS;BG;Value on 3rd Wed. at 11;Import;Harmonized;M;M
Physical Energy & Power Flows;2024;9;146;146;146;RS;BG;Value on 3rd Wed. at 11;Import;Harmonized;M;M
Physical Energy & Power Flows;2024;10;501;501;501;RS;BG;Value on 3rd Wed. at 11;Import;Harmonized;M;M
Physical Energy & Power Flows;2024;11;388;388;388;RS;BG;Value on 3rd Wed. at 11;Import;Harmonized;M;M
Physical Energy & Power Flows;2024;12;446;446;446;RS;BG;Value on 3rd Wed. at 11;Import;Harmonized;M;M
Physical Energy & Power Flows;2024;1;8;8;8;RS;HR;Value on 3rd Wed. at 11;Export;Harmonized;M;M
Physical Energy & Power Flows;2024;2;9;9;9;RS;HR;Value on 3rd Wed. at 11;Import;Harmonized;M;M
Physical Energy & Power Flows;2024;3;559;559;559;RS;HR;Value on 3rd Wed. at 11;Export;Harmonized;M;M
Physical Energy & Power Flows;2024;4;136;136;136;RS;HR;Value on 3rd Wed. at 11;Export;Harmonized;M;M
Physical Energy & Power Flows;2024;5;262;262;262;RS;HR;Value on 3rd Wed. at 11;Import;Harmonized;M;M
Physical Energy & Power Flows;2024;6;202;202;202;RS;HR;Value on 3rd Wed. at 11;Import;Harmonized;M;M
Physical Energy & Power Flows;2024;7;769;769;769;RS;HR;Value on 3rd Wed. at 11;Import;Harmonized;M;M
Physical Energy & Power Flows;2024;8;350;350;350;RS;HR;Value on 3rd Wed. at 11;Import;Harmonized;M;M
Physical Energy & Power Flows;2024;9;249;249;249;RS;HR;Value on 3rd Wed. at 11;Import;Harmonized;M;M
Physical Energy & Power Flows;2024;10;107;107;107;RS;HR;Value on 3rd Wed. at 11;Import;Harmonized;M;M
Physical Energy & Power Flows;2024;11;217;217;217;RS;HR;Value on 3rd Wed. at 11;Export;Harmonized;M;M
Physical Energy & Power Flows;2024;12;59;59;59;RS;HR;Value on 3rd Wed. at 11;Import;Harmonized;M;M
Physical Energy & Power Flows;2024;1;313;313;313;RS;HU;Value on 3rd Wed. at 11;Export;Harmonized;M;M
Physical Energy & Power Flows;2024;2;236;236;236;RS;HU;Value on 3rd Wed. at 11;Import;Harmonized;M;M
Physical Energy & Power Flows;2024;3;296;296;296;RS;HU;Value on 3rd Wed. at 11;Export;Harmonized;M;M
Physical Energy & Power Flows;2024;4;3;3;3;RS;HU;Value on 3rd Wed. at 11;Import;Harmonized;M;M
Physical Energy & Power Flows;2024;5;367;367;367;RS;HU;Value on 3rd Wed. at 11;Import;Harmonized;M;M
Physical Energy & Power Flows;2024;6;283;283;283;RS;HU;Value on 3rd Wed. at 11;Import;Harmonized;M;M
Physical Energy & Power Flows;2024;7;265;265;265;RS;HU;Value on 3rd Wed. at 11;Import;Harmonized;M;M
Physical Energy & Power Flows;2024;8;243;243;243;RS;HU;Value on 3rd Wed. at 11;Import;Harmonized;M;M
Physical Energy & Power Flows;2024;9;0;0;0;RS;HU;Value on 3rd Wed. at 11;Import;Harmonized;M;M
Physical Energy & Power Flows;2024;10;73;73;73;RS;HU;Value on 3rd Wed. at 11;Import;Harmonized;M;M
Physical Energy & Power Flows;2024;11;234;234;234;RS;HU;Value on 3rd Wed. at 11;Export;Harmonized;M;M
Physical Energy & Power Flows;2024;12;0;0;0;RS;HU;Value on 3rd Wed. at 11;Import;Harmonized;M;M
Physical Energy & Power Flows;2024;1;136;136;136;RS;ME;Value on 3rd Wed. at 11;Import;Harmonized;M;M
Physical Energy & Power Flows;2024;2;145;145;145;RS;ME;Value on 3rd Wed. at 11;Export;Harmonized;M;M
Physical Energy & Power Flows;2024;3;562;562;562;RS;ME;Value on 3rd Wed. at 11;Import;Harmonized;M;M
Physical Energy & Power Flows;2024;4;294;294;294;RS;ME;Value on 3rd Wed. at 11;Import;Harmonized;M;M
Physical Energy & Power Flows;2024;5;26;26;26;RS;ME;Value on 3rd Wed. at 11;Import;Harmonized;M;M
Physical Energy & Power Flows;2024;6;295;295;295;RS;ME;Value on 3rd Wed. at 11;Import;Harmonized;M;M
Physical Energy & Power Flows;2024;7;241;241;241;RS;ME;Value on 3rd Wed. at 11;Import;Harmonized;M;M
Physical Energy & Power Flows;2024;8;193;193;193;RS;ME;Value on 3rd Wed. at 11;Import;Harmonized;M;M
Physical Energy & Power Flows;2024;9;61;61;61;RS;ME;Value on 3rd Wed. at 11;Export;Harmonized;M;M
Physical Energy & Power Flows;2024;10;421;421;421;RS;ME;Value on 3rd Wed. at 11;Import;Harmonized;M;M
Physical Energy & Power Flows;2024;11;413;413;413;RS;ME;Value on 3rd Wed. at 11;Import;Harmonized;M;M
Physical Energy & Power Flows;2024;12;240;240;240;RS;ME;Value on 3rd Wed. at 11;Import;Harmonized;M;M
Physical Energy & Power Flows;2024;2;240;240;240;RS;MK;Value on 3rd Wed. at 11;Import;Harmonized;M;M
Physical Energy & Power Flows;2024;3;232;232;232;RS;MK;Value on 3rd Wed. at 11;Export;Harmonized;M;M
Physical Energy & Power Flows;2024;4;73;73;73;RS;MK;Value on 3rd Wed. at 11;Export;Harmonized;M;M
Physical Energy & Power Flows;2024;5;0;0;0;RS;MK;Value on 3rd Wed. at 11;Import;Harmonized;M;M
Physical Energy & Power Flows;2024;6;69;69;69;RS;MK;Value on 3rd Wed. at 11;Export;Harmonized;M;M
Physical Energy & Power Flows;2024;7;111;111;111;RS;MK;Value on 3rd Wed. at 11;Export;Harmonized;M;M
Physical Energy & Power Flows;2024;8;60;60;60;RS;MK;Value on 3rd Wed. at 11;Export;Harmonized;M;M
Physical Energy & Power Flows;2024;9;182;182;182;RS;MK;Value on 3rd Wed. at 11;Export;Harmonized;M;M
Physical Energy & Power Flows;2024;10;107;107;107;RS;MK;Value on 3rd Wed. at 11;Export;Harmonized;M;M
Physical Energy & Power Flows;2024;11;68;68;68;RS;MK;Value on 3rd Wed. at 11;Import;Harmonized;M;M
Physical Energy & Power Flows;2024;12;113;113;113;RS;MK;Value on 3rd Wed. at 11;Export;Harmonized;M;M
Physical Energy & Power Flows;2024;1;442;442;442;RS;RO;Value on 3rd Wed. at 11;Export;Harmonized;M;M
Physical Energy & Power Flows;2024;2;83;83;83;RS;RO;Value on 3rd Wed. at 11;Export;Harmonized;M;M
Physical Energy & Power Flows;2024;3;78;78;78;RS;RO;Value on 3rd Wed. at 11;Import;Harmonized;M;M
Physical Energy & Power Flows;2024;4;605;605;605;RS;RO;Value on 3rd Wed. at 11;Export;Harmonized;M;M
Physical Energy & Power Flows;2024;5;171;171;171;RS;RO;Value on 3rd Wed. at 11;Export;Harmonized;M;M
Physical Energy & Power Flows;2024;6;69;69;69;RS;RO;Value on 3rd Wed. at 11;Export;Harmonized;M;M
Physical Energy & Power Flows;2024;7;21;21;21;RS;RO;Value on 3rd Wed. at 11;Import;Harmonized;M;M
Physical Energy & Power Flows;2024;8;0;0;0;RS;RO;Value on 3rd Wed. at 11;Import;Harmonized;M;M
Physical Energy & Power Flows;2024;9;126;126;126;RS;RO;Value on 3rd Wed. at 11;Import;Harmonized;M;M
Physical Energy & Power Flows;2024;10;53;53;53;RS;RO;Value on 3rd Wed. at 11;Import;Harmonized;M;M
Physical Energy & Power Flows;2024;11;14;14;14;RS;RO;Value on 3rd Wed. at 11;Import;Harmonized;M;M
Physical Energy & Power Flows;2024;12;43;43;43;RS;RO;Value on 3rd Wed. at 11;Export;Harmonized;M;M
Physical Energy & Power Flows;2024;1;88;88;88;RS;XK;Value on 3rd Wed. at 11;Import;Harmonized;M;M
Physical Energy & Power Flows;2024;2;413;413;413;RS;XK;Value on 3rd Wed. at 11;Export;Harmonized;M;M
Physical Energy & Power Flows;2024;3;92;92;92;RS;XK;Value on 3rd Wed. at 11;Import;Harmonized;M;M
Physical Energy & Power Flows;2024;4;130;130;130;RS;XK;Value on 3rd Wed. at 11;Import;Harmonized;M;M
Physical Energy & Power Flows;2024;5;106;106;106;RS;XK;Value on 3rd Wed. at 11;Export;Harmonized;M;M
Physical Energy & Power Flows;2024;6;74;74;74;RS;XK;Value on 3rd Wed. at 11;Import;Harmonized;M;M
Physical Energy & Power Flows;2024;7;55;55;55;RS;XK;Value on 3rd Wed. at 11;Export;Harmonized;M;M
Physical Energy & Power Flows;2024;8;11;11;11;RS;XK;Value on 3rd Wed. at 11;Export;Harmonized;M;M
Physical Energy & Power Flows;2024;9;194;194;194;RS;XK;Value on 3rd Wed. at 11;Export;Harmonized;M;M
Physical Energy & Power Flows;2024;10;247;247;247;RS;XK;Value on 3rd Wed. at 11;Export;Harmonized;M;M
Physical Energy & Power Flows;2024;11;220;220;220;RS;XK;Value on 3rd Wed. at 11;Import;Harmonized;M;M
Physical Energy & Power Flows;2024;12;7;7;7;RS;XK;Value on 3rd Wed. at 11;Export;Harmonized;M;M
Physical Energy & Power Flows;2024;1;235;235;235;RU;EE;Value on 3rd Wed. at 11;Import;Harmonized;NaM;M
Physical Energy & Power Flows;2024;2;137;137;137;RU;EE;Value on 3rd Wed. at 11;Import;Harmonized;NaM;M
Physical Energy & Power Flows;2024;3;36;36;36;RU;EE;Value on 3rd Wed. at 11;Import;Harmonized;NaM;M
Physical Energy & Power Flows;2024;4;90;90;90;RU;EE;Value on 3rd Wed. at 11;Export;Harmonized;NaM;M
Physical Energy & Power Flows;2024;5;51;51;51;RU;EE;Value on 3rd Wed. at 11;Export;Harmonized;NaM;M
Physical Energy & Power Flows;2024;6;256;256;256;RU;EE;Value on 3rd Wed. at 11;Export;Harmonized;NaM;M
Physical Energy & Power Flows;2024;7;97;97;97;RU;EE;Value on 3rd Wed. at 11;Export;Harmonized;NaM;M
Physical Energy & Power Flows;2024;8;46;46;46;RU;EE;Value on 3rd Wed. at 11;Export;Harmonized;NaM;M
Physical Energy & Power Flows;2024;9;9;9;9;RU;EE;Value on 3rd Wed. at 11;Import;Harmonized;NaM;M
Physical Energy & Power Flows;2024;10;550;550;550;RU;EE;Value on 3rd Wed. at 11;Import;Harmonized;NaM;M
Physical Energy & Power Flows;2024;11;113;113;113;RU;EE;Value on 3rd Wed. at 11;Import;Harmonized;NaM;M
Physical Energy & Power Flows;2024;12;46;46;46;RU;EE;Value on 3rd Wed. at 11;Import;Harmonized;NaM;M
Physical Energy & Power Flows;2024;1;0;0;0;RU;FI;Value on 3rd Wed. at 11;Import;Harmonized;NaM;M
Physical Energy & Power Flows;2024;2;0;0;0;RU;FI;Value on 3rd Wed. at 11;Import;Harmonized;NaM;M
Physical Energy & Power Flows;2024;3;0;0;0;RU;FI;Value on 3rd Wed. at 11;Import;Harmonized;NaM;M
Physical Energy & Power Flows;2024;4;0;0;0;RU;FI;Value on 3rd Wed. at 11;Import;Harmonized;NaM;M
Physical Energy & Power Flows;2024;5;0;0;0;RU;FI;Value on 3rd Wed. at 11;Import;Harmonized;NaM;M
Physical Energy & Power Flows;2024;6;0;0;0;RU;FI;Value on 3rd Wed. at 11;Import;Harmonized;NaM;M
Physical Energy & Power Flows;2024;7;0;0;0;RU;FI;Value on 3rd Wed. at 11;Import;Harmonized;NaM;M
Physical Energy & Power Flows;2024;8;0;0;0;RU;FI;Value on 3rd Wed. at 11;Import;Harmonized;NaM;M
Physical Energy & Power Flows;2024;9;0;0;0;RU;FI;Value on 3rd Wed. at 11;Import;Harmonized;NaM;M
Physical Energy & Power Flows;2024;10;0;0;0;RU;FI;Value on 3rd Wed. at 11;Import;Harmonized;NaM;M
Physical Energy & Power Flows;2024;11;0;0;0;RU;FI;Value on 3rd Wed. at 11;Import;Harmonized;NaM;M
Physical Energy & Power Flows;2024;12;0;0;0;RU;FI;Value on 3rd Wed. at 11;Import;Harmonized;NaM;M
Physical Energy & Power Flows;2024;1;168;168;168;RU;GE;Value on 3rd Wed. at 11;Export;Harmonized;NaM;NaM
Physical Energy & Power Flows;2024;2;240;240;240;RU;GE;Value on 3rd Wed. at 11;Export;Harmonized;NaM;NaM
Physical Energy & Power Flows;2024;3;21;21;21;RU;GE;Value on 3rd Wed. at 11;Export;Harmonized;NaM;NaM
Physical Energy & Power Flows;2024;4;17;17;17;RU;GE;Value on 3rd Wed. at 11;Export;Harmonized;NaM;NaM
Physical Energy & Power Flows;2024;5;14;14;14;RU;GE;Value on 3rd Wed. at 11;Export;Harmonized;NaM;NaM
Physical Energy & Power Flows;2024;6;40;40;40;RU;GE;Value on 3rd Wed. at 11;Export;Harmonized;NaM;NaM
Physical Energy & Power Flows;2024;7;11;11;11;RU;GE;Value on 3rd Wed. at 11;Export;Harmonized;NaM;NaM
Physical Energy & Power Flows;2024;8;11;11;11;RU;GE;Value on 3rd Wed. at 11;Export;Harmonized;NaM;NaM
Physical Energy & Power Flows;2024;9;11;11;11;RU;GE;Value on 3rd Wed. at 11;Export;Harmonized;NaM;NaM
Physical Energy & Power Flows;2024;10;64;64;64;RU;GE;Value on 3rd Wed. at 11;Export;Harmonized;NaM;NaM
Physical Energy & Power Flows;2024;11;180;180;180;RU;GE;Value on 3rd Wed. at 11;Export;Harmonized;NaM;NaM
Physical Energy & Power Flows;2024;12;25;25;25;RU;GE;Value on 3rd Wed. at 11;Export;Harmonized;NaM;NaM
Physical Energy & Power Flows;2024;1;0;0;0;RU;LT;Value on 3rd Wed. at 11;Import;Harmonized;NaM;M
Physical Energy & Power Flows;2024;2;17;17;17;RU;LT;Value on 3rd Wed. at 11;Export;Harmonized;NaM;M
Physical Energy & Power Flows;2024;3;6;6;6;RU;LT;Value on 3rd Wed. at 11;Export;Harmonized;NaM;M
Physical Energy & Power Flows;2024;4;11;11;11;RU;LT;Value on 3rd Wed. at 11;Import;Harmonized;NaM;M
Physical Energy & Power Flows;2024;5;2;2;2;RU;LT;Value on 3rd Wed. at 11;Import;Harmonized;NaM;M
Physical Energy & Power Flows;2024;6;1;1;1;RU;LT;Value on 3rd Wed. at 11;Import;Harmonized;NaM;M
Physical Energy & Power Flows;2024;7;2;2;2;RU;LT;Value on 3rd Wed. at 11;Import;Harmonized;NaM;M
Physical Energy & Power Flows;2024;8;4;4;4;RU;LT;Value on 3rd Wed. at 11;Import;Harmonized;NaM;M
Physical Energy & Power Flows;2024;9;11;11;11;RU;LT;Value on 3rd Wed. at 11;Import;Harmonized;NaM;M
Physical Energy & Power Flows;2024;10;4;4;4;RU;LT;Value on 3rd Wed. at 11;Export;Harmonized;NaM;M
Physical Energy & Power Flows;2024;11;80;80;80;RU;LT;Value on 3rd Wed. at 11;Export;Harmonized;NaM;M
Physical Energy & Power Flows;2024;12;14;14;14;RU;LT;Value on 3rd Wed. at 11;Import;Harmonized;NaM;M
Physical Energy & Power Flows;2024;1;17;17;17;RU;LV;Value on 3rd Wed. at 11;Import;Harmonized;NaM;M
Physical Energy & Power Flows;2024;2;34;34;34;RU;LV;Value on 3rd Wed. at 11;Export;Harmonized;NaM;M
Physical Energy & Power Flows;2024;3;134;134;134;RU;LV;Value on 3rd Wed. at 11;Import;Harmonized;NaM;M
Physical Energy & Power Flows;2024;4;30;30;30;RU;LV;Value on 3rd Wed. at 11;Export;Harmonized;NaM;M
Physical Energy & Power Flows;2024;5;134;134;134;RU;LV;Value on 3rd Wed. at 11;Export;Harmonized;NaM;M
Physical Energy & Power Flows;2024;6;0;0;0;RU;LV;Value on 3rd Wed. at 11;Import;Harmonized;NaM;M
Physical Energy & Power Flows;2024;7;52;52;52;RU;LV;Value on 3rd Wed. at 11;Export;Harmonized;NaM;M
Physical Energy & Power Flows;2024;8;38;38;38;RU;LV;Value on 3rd Wed. at 11;Export;Harmonized;NaM;M
Physical Energy & Power Flows;2024;9;67;67;67;RU;LV;Value on 3rd Wed. at 11;Export;Harmonized;NaM;M
Physical Energy & Power Flows;2024;10;10;10;10;RU;LV;Value on 3rd Wed. at 11;Export;Harmonized;NaM;M
Physical Energy & Power Flows;2024;11;55;55;55;RU;LV;Value on 3rd Wed. at 11;Import;Harmonized;NaM;M
Physical Energy & Power Flows;2024;12;49;49;49;RU;LV;Value on 3rd Wed. at 11;Export;Harmonized;NaM;M
Physical Energy & Power Flows;2024;1;0;0;0;RU;UA;Value on 3rd Wed. at 11;Import;Harmonized;NaM;M
Physical Energy & Power Flows;2024;2;0;0;0;RU;UA;Value on 3rd Wed. at 11;Import;Harmonized;NaM;M
Physical Energy & Power Flows;2024;3;0;0;0;RU;UA;Value on 3rd Wed. at 11;Import;Harmonized;NaM;M
Physical Energy & Power Flows;2024;4;0;0;0;RU;UA;Value on 3rd Wed. at 11;Import;Harmonized;NaM;M
Physical Energy & Power Flows;2024;5;0;0;0;RU;UA;Value on 3rd Wed. at 11;Import;Harmonized;NaM;M
Physical Energy & Power Flows;2024;6;0;0;0;RU;UA;Value on 3rd Wed. at 11;Import;Harmonized;NaM;M
Physical Energy & Power Flows;2024;7;0;0;0;RU;UA;Value on 3rd Wed. at 11;Import;Harmonized;NaM;M
Physical Energy & Power Flows;2024;8;0;0;0;RU;UA;Value on 3rd Wed. at 11;Import;Harmonized;NaM;M
Physical Energy & Power Flows;2024;9;0;0;0;RU;UA;Value on 3rd Wed. at 11;Import;Harmonized;NaM;M
Physical Energy & Power Flows;2024;10;0;0;0;RU;UA;Value on 3rd Wed. at 11;Import;Harmonized;NaM;M
Physical Energy & Power Flows;2024;11;0;0;0;RU;UA;Value on 3rd Wed. at 11;Import;Harmonized;NaM;M
Physical Energy & Power Flows;2024;12;0;0;0;RU;UA;Value on 3rd Wed. at 11;Import;Harmonized;NaM;M
Physical Energy & Power Flows;2024;1;0;0;0;SE;DE;Value on 3rd Wed. at 11;Import;Harmonized;M;M
Physical Energy & Power Flows;2024;2;553;553;553;SE;DE;Value on 3rd Wed. at 11;Export;Harmonized;M;M
Physical Energy & Power Flows;2024;3;121;121;121;SE;DE;Value on 3rd Wed. at 11;Export;Harmonized;M;M
Physical Energy & Power Flows;2024;4;432;432;432;SE;DE;Value on 3rd Wed. at 11;Export;Harmonized;M;M
Physical Energy & Power Flows;2024;5;507;507;507;SE;DE;Value on 3rd Wed. at 11;Import;Harmonized;M;M
Physical Energy & Power Flows;2024;6;288;288;288;SE;DE;Value on 3rd Wed. at 11;Export;Harmonized;M;M
Physical Energy & Power Flows;2024;7;489;489;489;SE;DE;Value on 3rd Wed. at 11;Export;Harmonized;M;M
Physical Energy & Power Flows;2024;8;339;339;339;SE;DE;Value on 3rd Wed. at 11;Import;Harmonized;M;M
Physical Energy & Power Flows;2024;9;0;0;0;SE;DE;Value on 3rd Wed. at 11;Import;Harmonized;M;M
Physical Energy & Power Flows;2024;10;316;316;316;SE;DE;Value on 3rd Wed. at 11;Import;Harmonized;M;M
Physical Energy & Power Flows;2024;11;110;110;110;SE;DE;Value on 3rd Wed. at 11;Export;Harmonized;M;M
Physical Energy & Power Flows;2024;12;567;567;567;SE;DE;Value on 3rd Wed. at 11;Export;Harmonized;M;M
Physical Energy & Power Flows;2024;1;907;907;907;SE;DK;Value on 3rd Wed. at 11;Export;Harmonized;M;M
Physical Energy & Power Flows;2024;2;1400;1400;1400;SE;DK;Value on 3rd Wed. at 11;Export;Harmonized;M;M
Physical Energy & Power Flows;2024;3;1664;1664;1664;SE;DK;Value on 3rd Wed. at 11;Export;Harmonized;M;M
Physical Energy & Power Flows;2024;4;1226;1226;1226;SE;DK;Value on 3rd Wed. at 11;Export;Harmonized;M;M
Physical Energy & Power Flows;2024;5;1310;1310;1310;SE;DK;Value on 3rd Wed. at 11;Import;Harmonized;M;M
Physical Energy & Power Flows;2024;6;1709;1709;1709;SE;DK;Value on 3rd Wed. at 11;Export;Harmonized;M;M
Physical Energy & Power Flows;2024;7;1335;1335;1335;SE;DK;Value on 3rd Wed. at 11;Export;Harmonized;M;M
Physical Energy & Power Flows;2024;8;690;690;690;SE;DK;Value on 3rd Wed. at 11;Import;Harmonized;M;M
Physical Energy & Power Flows;2024;9;1226;1226;1226;SE;DK;Value on 3rd Wed. at 11;Export;Harmonized;M;M
Physical Energy & Power Flows;2024;10;358;358;358;SE;DK;Value on 3rd Wed. at 11;Import;Harmonized;M;M
Physical Energy & Power Flows;2024;11;1656;1656;1656;SE;DK;Value on 3rd Wed. at 11;Export;Harmonized;M;M
Physical Energy & Power Flows;2024;12;48;48;48;SE;DK;Value on 3rd Wed. at 11;Import;Harmonized;M;M
Physical Energy & Power Flows;2024;1;1846;1846;1846;SE;FI;Value on 3rd Wed. at 11;Export;Harmonized;M;M
Physical Energy & Power Flows;2024;2;1516;1516;1516;SE;FI;Value on 3rd Wed. at 11;Export;Harmonized;M;M
Physical Energy & Power Flows;2024;3;1124;1124;1124;SE;FI;Value on 3rd Wed. at 11;Export;Harmonized;M;M
Physical Energy & Power Flows;2024;4;2093;2093;2093;SE;FI;Value on 3rd Wed. at 11;Export;Harmonized;M;M
Physical Energy & Power Flows;2024;5;1515;1515;1515;SE;FI;Value on 3rd Wed. at 11;Export;Harmonized;M;M
Physical Energy & Power Flows;2024;6;130;130;130;SE;FI;Value on 3rd Wed. at 11;Import;Harmonized;M;M
Physical Energy & Power Flows;2024;7;770;770;770;SE;FI;Value on 3rd Wed. at 11;Import;Harmonized;M;M
Physical Energy & Power Flows;2024;8;606;606;606;SE;FI;Value on 3rd Wed. at 11;Export;Harmonized;M;M
Physical Energy & Power Flows;2024;9;907;907;907;SE;FI;Value on 3rd Wed. at 11;Export;Harmonized;M;M
Physical Energy & Power Flows;2024;10;751;751;751;SE;FI;Value on 3rd Wed. at 11;Export;Harmonized;M;M
Physical Energy & Power Flows;2024;11;116;116;116;SE;FI;Value on 3rd Wed. at 11;Import;Harmonized;M;M
Physical Energy & Power Flows;2024;12;2200;2200;2200;SE;FI;Value on 3rd Wed. at 11;Export;Harmonized;M;M
Physical Energy & Power Flows;2024;1;717;717;717;SE;LT;Value on 3rd Wed. at 11;Export;Harmonized;M;M
Physical Energy & Power Flows;2024;2;732;732;732;SE;LT;Value on 3rd Wed. at 11;Export;Harmonized;M;M
Physical Energy & Power Flows;2024;3;713;713;713;SE;LT;Value on 3rd Wed. at 11;Export;Harmonized;M;M
Physical Energy & Power Flows;2024;4;423;423;423;SE;LT;Value on 3rd Wed. at 11;Export;Harmonized;M;M
Physical Energy & Power Flows;2024;5;518;518;518;SE;LT;Value on 3rd Wed. at 11;Export;Harmonized;M;M
Physical Energy & Power Flows;2024;6;691;691;691;SE;LT;Value on 3rd Wed. at 11;Export;Harmonized;M;M
Physical Energy & Power Flows;2024;7;733;733;733;SE;LT;Value on 3rd Wed. at 11;Export;Harmonized;M;M
Physical Energy & Power Flows;2024;8;733;733;733;SE;LT;Value on 3rd Wed. at 11;Export;Harmonized;M;M
Physical Energy & Power Flows;2024;9;680;680;680;SE;LT;Value on 3rd Wed. at 11;Export;Harmonized;M;M
Physical Energy & Power Flows;2024;10;604;604;604;SE;LT;Value on 3rd Wed. at 11;Export;Harmonized;M;M
Physical Energy & Power Flows;2024;11;461;461;461;SE;LT;Value on 3rd Wed. at 11;Export;Harmonized;M;M
Physical Energy & Power Flows;2024;12;734;734;734;SE;LT;Value on 3rd Wed. at 11;Export;Harmonized;M;M
Physical Energy & Power Flows;2024;1;152;152;152;SE;NO;Value on 3rd Wed. at 11;Export;Harmonized;M;M
Physical Energy & Power Flows;2024;2;749;749;749;SE;NO;Value on 3rd Wed. at 11;Import;Harmonized;M;M
Physical Energy & Power Flows;2024;3;2413;2413;2413;SE;NO;Value on 3rd Wed. at 11;Import;Harmonized;M;M
Physical Energy & Power Flows;2024;4;182;182;182;SE;NO;Value on 3rd Wed. at 11;Export;Harmonized;M;M
Physical Energy & Power Flows;2024;5;2734;2734;2734;SE;NO;Value on 3rd Wed. at 11;Export;Harmonized;M;M
Physical Energy & Power Flows;2024;6;1035;1035;1035;SE;NO;Value on 3rd Wed. at 11;Export;Harmonized;M;M
Physical Energy & Power Flows;2024;7;1761;1761;1761;SE;NO;Value on 3rd Wed. at 11;Export;Harmonized;M;M
Physical Energy & Power Flows;2024;8;548;548;548;SE;NO;Value on 3rd Wed. at 11;Export;Harmonized;M;M
Physical Energy & Power Flows;2024;9;1353;1353;1353;SE;NO;Value on 3rd Wed. at 11;Export;Harmonized;M;M
Physical Energy & Power Flows;2024;10;2515;2515;2515;SE;NO;Value on 3rd Wed. at 11;Export;Harmonized;M;M
Physical Energy & Power Flows;2024;11;247;247;247;SE;NO;Value on 3rd Wed. at 11;Export;Harmonized;M;M
Physical Energy & Power Flows;2024;12;1407;1407;1407;SE;NO;Value on 3rd Wed. at 11;Export;Harmonized;M;M
Physical Energy & Power Flows;2024;1;489;489;489;SE;PL;Value on 3rd Wed. at 11;Export;Harmonized;M;M
Physical Energy & Power Flows;2024;2;0;0;0;SE;PL;Value on 3rd Wed. at 11;Import;Harmonized;M;M
Physical Energy & Power Flows;2024;3;0;0;0;SE;PL;Value on 3rd Wed. at 11;Import;Harmonized;M;M
Physical Energy & Power Flows;2024;4;279;279;279;SE;PL;Value on 3rd Wed. at 11;Export;Harmonized;M;M
Physical Energy & Power Flows;2024;5;551;551;551;SE;PL;Value on 3rd Wed. at 11;Import;Harmonized;M;M
Physical Energy & Power Flows;2024;6;593;593;593;SE;PL;Value on 3rd Wed. at 11;Export;Harmonized;M;M
Physical Energy & Power Flows;2024;7;294;294;294;SE;PL;Value on 3rd Wed. at 11;Export;Harmonized;M;M
Physical Energy & Power Flows;2024;8;0;0;0;SE;PL;Value on 3rd Wed. at 11;Import;Harmonized;M;M
Physical Energy & Power Flows;2024;9;0;0;0;SE;PL;Value on 3rd Wed. at 11;Import;Harmonized;M;M
Physical Energy & Power Flows;2024;10;0;0;0;SE;PL;Value on 3rd Wed. at 11;Import;Harmonized;M;M
Physical Energy & Power Flows;2024;11;299;299;299;SE;PL;Value on 3rd Wed. at 11;Export;Harmonized;M;M
Physical Energy & Power Flows;2024;12;199;199;199;SE;PL;Value on 3rd Wed. at 11;Export;Harmonized;M;M
Physical Energy & Power Flows;2024;1;652;652;652;SI;AT;Value on 3rd Wed. at 11;Import;Harmonized;M;M
Physical Energy & Power Flows;2024;2;800;800;800;SI;AT;Value on 3rd Wed. at 11;Import;Harmonized;M;M
Physical Energy & Power Flows;2024;3;882;882;882;SI;AT;Value on 3rd Wed. at 11;Export;Harmonized;M;M
Physical Energy & Power Flows;2024;4;383;383;383;SI;AT;Value on 3rd Wed. at 11;Import;Harmonized;M;M
Physical Energy & Power Flows;2024;5;958;958;958;SI;AT;Value on 3rd Wed. at 11;Import;Harmonized;M;M
Physical Energy & Power Flows;2024;6;712;712;712;SI;AT;Value on 3rd Wed. at 11;Import;Harmonized;M;M
Physical Energy & Power Flows;2024;7;1364;1364;1364;SI;AT;Value on 3rd Wed. at 11;Import;Harmonized;M;M
Physical Energy & Power Flows;2024;8;1242;1242;1242;SI;AT;Value on 3rd Wed. at 11;Import;Harmonized;M;M
Physical Energy & Power Flows;2024;9;448;448;448;SI;AT;Value on 3rd Wed. at 11;Import;Harmonized;M;M
Physical Energy & Power Flows;2024;10;198;198;198;SI;AT;Value on 3rd Wed. at 11;Import;Harmonized;M;M
Physical Energy & Power Flows;2024;11;622;622;622;SI;AT;Value on 3rd Wed. at 11;Import;Harmonized;M;M
Physical Energy & Power Flows;2024;12;790;790;790;SI;AT;Value on 3rd Wed. at 11;Import;Harmonized;M;M
Physical Energy & Power Flows;2024;1;492;492;492;SI;HR;Value on 3rd Wed. at 11;Import;Harmonized;M;M
Physical Energy & Power Flows;2024;2;515;515;515;SI;HR;Value on 3rd Wed. at 11;Export;Harmonized;M;M
Physical Energy & Power Flows;2024;3;1159;1159;1159;SI;HR;Value on 3rd Wed. at 11;Import;Harmonized;M;M
Physical Energy & Power Flows;2024;4;467;467;467;SI;HR;Value on 3rd Wed. at 11;Import;Harmonized;M;M
Physical Energy & Power Flows;2024;5;556;556;556;SI;HR;Value on 3rd Wed. at 11;Export;Harmonized;M;M
Physical Energy & Power Flows;2024;6;1254;1254;1254;SI;HR;Value on 3rd Wed. at 11;Export;Harmonized;M;M
Physical Energy & Power Flows;2024;7;1468;1468;1468;SI;HR;Value on 3rd Wed. at 11;Export;Harmonized;M;M
Physical Energy & Power Flows;2024;8;789;789;789;SI;HR;Value on 3rd Wed. at 11;Export;Harmonized;M;M
Physical Energy & Power Flows;2024;9;5;5;5;SI;HR;Value on 3rd Wed. at 11;Export;Harmonized;M;M
Physical Energy & Power Flows;2024;10;151;151;151;SI;HR;Value on 3rd Wed. at 11;Import;Harmonized;M;M
Physical Energy & Power Flows;2024;11;110;110;110;SI;HR;Value on 3rd Wed. at 11;Import;Harmonized;M;M
Physical Energy & Power Flows;2024;12;36;36;36;SI;HR;Value on 3rd Wed. at 11;Export;Harmonized;M;M
Physical Energy & Power Flows;2024;1;68;68;68;SI;HU;Value on 3rd Wed. at 11;Import;Harmonized;M;M
Physical Energy & Power Flows;2024;2;320;320;320;SI;HU;Value on 3rd Wed. at 11;Import;Harmonized;M;M
Physical Energy & Power Flows;2024;3;323;323;323;SI;HU;Value on 3rd Wed. at 11;Import;Harmonized;M;M
Physical Energy & Power Flows;2024;4;178;178;178;SI;HU;Value on 3rd Wed. at 11;Import;Harmonized;M;M
Physical Energy & Power Flows;2024;5;283;283;283;SI;HU;Value on 3rd Wed. at 11;Import;Harmonized;M;M
Physical Energy & Power Flows;2024;6;75;75;75;SI;HU;Value on 3rd Wed. at 11;Export;Harmonized;M;M
Physical Energy & Power Flows;2024;7;0;0;0;SI;HU;Value on 3rd Wed. at 11;Import;Harmonized;M;M
Physical Energy & Power Flows;2024;8;269;269;269;SI;HU;Value on 3rd Wed. at 11;Import;Harmonized;M;M
Physical Energy & Power Flows;2024;9;245;245;245;SI;HU;Value on 3rd Wed. at 11;Import;Harmonized;M;M
Physical Energy & Power Flows;2024;10;377;377;377;SI;HU;Value on 3rd Wed. at 11;Import;Harmonized;M;M
Physical Energy & Power Flows;2024;11;156;156;156;SI;HU;Value on 3rd Wed. at 11;Import;Harmonized;M;M
Physical Energy & Power Flows;2024;12;279;279;279;SI;HU;Value on 3rd Wed. at 11;Import;Harmonized;M;M
Physical Energy & Power Flows;2024;1;950;950;950;SI;IT;Value on 3rd Wed. at 11;Export;Harmonized;M;M
Physical Energy & Power Flows;2024;2;1001;1001;1001;SI;IT;Value on 3rd Wed. at 11;Export;Harmonized;M;M
Physical Energy & Power Flows;2024;3;914;914;914;SI;IT;Value on 3rd Wed. at 11;Export;Harmonized;M;M
Physical Energy & Power Flows;2024;4;748;748;748;SI;IT;Value on 3rd Wed. at 11;Export;Harmonized;M;M
Physical Energy & Power Flows;2024;5;753;753;753;SI;IT;Value on 3rd Wed. at 11;Export;Harmonized;M;M
Physical Energy & Power Flows;2024;6;224;224;224;SI;IT;Value on 3rd Wed. at 11;Export;Harmonized;M;M
Physical Energy & Power Flows;2024;7;41;41;41;SI;IT;Value on 3rd Wed. at 11;Import;Harmonized;M;M
Physical Energy & Power Flows;2024;8;487;487;487;SI;IT;Value on 3rd Wed. at 11;Export;Harmonized;M;M
Physical Energy & Power Flows;2024;9;746;746;746;SI;IT;Value on 3rd Wed. at 11;Export;Harmonized;M;M
Physical Energy & Power Flows;2024;10;875;875;875;SI;IT;Value on 3rd Wed. at 11;Export;Harmonized;M;M
Physical Energy & Power Flows;2024;11;827;827;827;SI;IT;Value on 3rd Wed. at 11;Export;Harmonized;M;M
Physical Energy & Power Flows;2024;12;867;867;867;SI;IT;Value on 3rd Wed. at 11;Export;Harmonized;M;M
Physical Energy & Power Flows;2024;1;947;947;947;SK;CZ;Value on 3rd Wed. at 11;Import;Harmonized;M;M
Physical Energy & Power Flows;2024;2;802;802;802;SK;CZ;Value on 3rd Wed. at 11;Import;Harmonized;M;M
Physical Energy & Power Flows;2024;3;1405;1405;1405;SK;CZ;Value on 3rd Wed. at 11;Export;Harmonized;M;M
Physical Energy & Power Flows;2024;4;65;65;65;SK;CZ;Value on 3rd Wed. at 11;Import;Harmonized;M;M
Physical Energy & Power Flows;2024;5;1730;1730;1730;SK;CZ;Value on 3rd Wed. at 11;Import;Harmonized;M;M
Physical Energy & Power Flows;2024;6;532;532;532;SK;CZ;Value on 3rd Wed. at 11;Import;Harmonized;M;M
Physical Energy & Power Flows;2024;7;1824;1824;1824;SK;CZ;Value on 3rd Wed. at 11;Import;Harmonized;M;M
Physical Energy & Power Flows;2024;8;1449;1449;1449;SK;CZ;Value on 3rd Wed. at 11;Import;Harmonized;M;M
Physical Energy & Power Flows;2024;9;657;657;657;SK;CZ;Value on 3rd Wed. at 11;Import;Harmonized;M;M
Physical Energy & Power Flows;2024;10;407;407;407;SK;CZ;Value on 3rd Wed. at 11;Import;Harmonized;M;M
Physical Energy & Power Flows;2024;11;1745;1745;1745;SK;CZ;Value on 3rd Wed. at 11;Import;Harmonized;M;M
Physical Energy & Power Flows;2024;12;1231;1231;1231;SK;CZ;Value on 3rd Wed. at 11;Import;Harmonized;M;M
Physical Energy & Power Flows;2024;1;1540;1540;1540;SK;HU;Value on 3rd Wed. at 11;Export;Harmonized;M;M
Physical Energy & Power Flows;2024;2;1469;1469;1469;SK;HU;Value on 3rd Wed. at 11;Export;Harmonized;M;M
Physical Energy & Power Flows;2024;3;990;990;990;SK;HU;Value on 3rd Wed. at 11;Import;Harmonized;M;M
Physical Energy & Power Flows;2024;4;211;211;211;SK;HU;Value on 3rd Wed. at 11;Export;Harmonized;M;M
Physical Energy & Power Flows;2024;5;1019;1019;1019;SK;HU;Value on 3rd Wed. at 11;Export;Harmonized;M;M
Physical Energy & Power Flows;2024;6;114;114;114;SK;HU;Value on 3rd Wed. at 11;Import;Harmonized;M;M
Physical Energy & Power Flows;2024;7;1124;1124;1124;SK;HU;Value on 3rd Wed. at 11;Export;Harmonized;M;M
Physical Energy & Power Flows;2024;8;1545;1545;1545;SK;HU;Value on 3rd Wed. at 11;Export;Harmonized;M;M
Physical Energy & Power Flows;2024;9;1091;1091;1091;SK;HU;Value on 3rd Wed. at 11;Export;Harmonized;M;M
Physical Energy & Power Flows;2024;10;968;968;968;SK;HU;Value on 3rd Wed. at 11;Export;Harmonized;M;M
Physical Energy & Power Flows;2024;11;1853;1853;1853;SK;HU;Value on 3rd Wed. at 11;Export;Harmonized;M;M
Physical Energy & Power Flows;2024;12;1568;1568;1568;SK;HU;Value on 3rd Wed. at 11;Export;Harmonized;M;M
Physical Energy & Power Flows;2024;1;809;809;809;SK;PL;Value on 3rd Wed. at 11;Import;Harmonized;M;M
Physical Energy & Power Flows;2024;2;393;393;393;SK;PL;Value on 3rd Wed. at 11;Import;Harmonized;M;M
Physical Energy & Power Flows;2024;3;505;505;505;SK;PL;Value on 3rd Wed. at 11;Export;Harmonized;M;M
Physical Energy & Power Flows;2024;4;0;0;0;SK;PL;Value on 3rd Wed. at 11;Import;Harmonized;M;M
Physical Energy & Power Flows;2024;5;0;0;0;SK;PL;Value on 3rd Wed. at 11;Import;Harmonized;M;M
Physical Energy & Power Flows;2024;6;567;567;567;SK;PL;Value on 3rd Wed. at 11;Import;Harmonized;M;M
Physical Energy & Power Flows;2024;7;778;778;778;SK;PL;Value on 3rd Wed. at 11;Import;Harmonized;M;M
Physical Energy & Power Flows;2024;8;884;884;884;SK;PL;Value on 3rd Wed. at 11;Import;Harmonized;M;M
Physical Energy & Power Flows;2024;9;698;698;698;SK;PL;Value on 3rd Wed. at 11;Import;Harmonized;M;M
Physical Energy & Power Flows;2024;10;376;376;376;SK;PL;Value on 3rd Wed. at 11;Import;Harmonized;M;M
Physical Energy & Power Flows;2024;11;980;980;980;SK;PL;Value on 3rd Wed. at 11;Import;Harmonized;M;M
Physical Energy & Power Flows;2024;12;493;493;493;SK;PL;Value on 3rd Wed. at 11;Import;Harmonized;M;M
Physical Energy & Power Flows;2024;1;207;207;207;SK;UA;Value on 3rd Wed. at 11;Export;Harmonized;M;M
Physical Energy & Power Flows;2024;2;378;378;378;SK;UA;Value on 3rd Wed. at 11;Export;Harmonized;M;M
Physical Energy & Power Flows;2024;3;722;722;722;SK;UA;Value on 3rd Wed. at 11;Import;Harmonized;M;M
Physical Energy & Power Flows;2024;4;217;217;217;SK;UA;Value on 3rd Wed. at 11;Import;Harmonized;M;M
Physical Energy & Power Flows;2024;5;229;229;229;SK;UA;Value on 3rd Wed. at 11;Export;Harmonized;M;M
Physical Energy & Power Flows;2024;6;235;235;235;SK;UA;Value on 3rd Wed. at 11;Export;Harmonized;M;M
Physical Energy & Power Flows;2024;7;735;735;735;SK;UA;Value on 3rd Wed. at 11;Export;Harmonized;M;M
Physical Energy & Power Flows;2024;8;395;395;395;SK;UA;Value on 3rd Wed. at 11;Export;Harmonized;M;M
Physical Energy & Power Flows;2024;9;257;257;257;SK;UA;Value on 3rd Wed. at 11;Export;Harmonized;M;M
Physical Energy & Power Flows;2024;10;4;4;4;SK;UA;Value on 3rd Wed. at 11;Import;Harmonized;M;M
Physical Energy & Power Flows;2024;11;358;358;358;SK;UA;Value on 3rd Wed. at 11;Export;Harmonized;M;M
Physical Energy & Power Flows;2024;12;359;359;359;SK;UA;Value on 3rd Wed. at 11;Export;Harmonized;M;M
Physical Energy & Power Flows;2024;1;218;218;218;TR;BG;Value on 3rd Wed. at 11;Export;Harmonized;M;M
Physical Energy & Power Flows;2024;2;39;39;39;TR;BG;Value on 3rd Wed. at 11;Import;Harmonized;M;M
Physical Energy & Power Flows;2024;3;143;143;143;TR;BG;Value on 3rd Wed. at 11;Import;Harmonized;M;M
Physical Energy & Power Flows;2024;4;116;116;116;TR;BG;Value on 3rd Wed. at 11;Export;Harmonized;M;M
Physical Energy & Power Flows;2024;5;116;116;116;TR;BG;Value on 3rd Wed. at 11;Export;Harmonized;M;M
Physical Energy & Power Flows;2024;6;282;282;282;TR;BG;Value on 3rd Wed. at 11;Export;Harmonized;M;M
Physical Energy & Power Flows;2024;7;6;6;6;TR;BG;Value on 3rd Wed. at 11;Import;Harmonized;M;M
Physical Energy & Power Flows;2024;8;51;51;51;TR;BG;Value on 3rd Wed. at 11;Export;Harmonized;M;M
Physical Energy & Power Flows;2024;9;208;208;208;TR;BG;Value on 3rd Wed. at 11;Import;Harmonized;M;M
Physical Energy & Power Flows;2024;10;399;399;399;TR;BG;Value on 3rd Wed. at 11;Import;Harmonized;M;M
Physical Energy & Power Flows;2024;11;139;139;139;TR;BG;Value on 3rd Wed. at 11;Export;Harmonized;M;M
Physical Energy & Power Flows;2024;12;194;194;194;TR;BG;Value on 3rd Wed. at 11;Export;Harmonized;M;M
Physical Energy & Power Flows;2024;1;202;202;202;TR;GE;Value on 3rd Wed. at 11;Import;Harmonized;M;NaM
Physical Energy & Power Flows;2024;2;201;201;201;TR;GE;Value on 3rd Wed. at 11;Import;Harmonized;M;NaM
Physical Energy & Power Flows;2024;3;0;0;0;TR;GE;Value on 3rd Wed. at 11;Import;Harmonized;M;NaM
Physical Energy & Power Flows;2024;4;0;0;0;TR;GE;Value on 3rd Wed. at 11;Import;Harmonized;M;NaM
Physical Energy & Power Flows;2024;5;439;439;439;TR;GE;Value on 3rd Wed. at 11;Import;Harmonized;M;NaM
Physical Energy & Power Flows;2024;6;95;95;95;TR;GE;Value on 3rd Wed. at 11;Import;Harmonized;M;NaM
Physical Energy & Power Flows;2024;7;1;1;1;TR;GE;Value on 3rd Wed. at 11;Export;Harmonized;M;NaM
Physical Energy & Power Flows;2024;8;378;378;378;TR;GE;Value on 3rd Wed. at 11;Import;Harmonized;M;NaM
Physical Energy & Power Flows;2024;9;349;349;349;TR;GE;Value on 3rd Wed. at 11;Import;Harmonized;M;NaM
Physical Energy & Power Flows;2024;10;0;0;0;TR;GE;Value on 3rd Wed. at 11;Import;Harmonized;M;NaM
Physical Energy & Power Flows;2024;11;0;0;0;TR;GE;Value on 3rd Wed. at 11;Import;Harmonized;M;NaM
Physical Energy & Power Flows;2024;12;0;0;0;TR;GE;Value on 3rd Wed. at 11;Import;Harmonized;M;NaM
Physical Energy & Power Flows;2024;1;28;28;28;TR;GR;Value on 3rd Wed. at 11;Export;Harmonized;M;M
Physical Energy & Power Flows;2024;2;167;167;167;TR;GR;Value on 3rd Wed. at 11;Export;Harmonized;M;M
Physical Energy & Power Flows;2024;3;234;234;234;TR;GR;Value on 3rd Wed. at 11;Import;Harmonized;M;M
Physical Energy & Power Flows;2024;4;53;53;53;TR;GR;Value on 3rd Wed. at 11;Import;Harmonized;M;M
Physical Energy & Power Flows;2024;5;31;31;31;TR;GR;Value on 3rd Wed. at 11;Export;Harmonized;M;M
Physical Energy & Power Flows;2024;6;54;54;54;TR;GR;Value on 3rd Wed. at 11;Export;Harmonized;M;M
Physical Energy & Power Flows;2024;7;105;105;105;TR;GR;Value on 3rd Wed. at 11;Export;Harmonized;M;M
Physical Energy & Power Flows;2024;8;119;119;119;TR;GR;Value on 3rd Wed. at 11;Export;Harmonized;M;M
Physical Energy & Power Flows;2024;9;109;109;109;TR;GR;Value on 3rd Wed. at 11;Export;Harmonized;M;M
Physical Energy & Power Flows;2024;10;77;77;77;TR;GR;Value on 3rd Wed. at 11;Import;Harmonized;M;M
Physical Energy & Power Flows;2024;11;13;13;13;TR;GR;Value on 3rd Wed. at 11;Export;Harmonized;M;M
Physical Energy & Power Flows;2024;12;17;17;17;TR;GR;Value on 3rd Wed. at 11;Export;Harmonized;M;M
Physical Energy & Power Flows;2024;1;0;0;0;UA;BY;Value on 3rd Wed. at 11;Import;Harmonized;M;NaM
Physical Energy & Power Flows;2024;2;0;0;0;UA;BY;Value on 3rd Wed. at 11;Import;Harmonized;M;NaM
Physical Energy & Power Flows;2024;3;0;0;0;UA;BY;Value on 3rd Wed. at 11;Import;Harmonized;M;NaM
Physical Energy & Power Flows;2024;4;0;0;0;UA;BY;Value on 3rd Wed. at 11;Import;Harmonized;M;NaM
Physical Energy & Power Flows;2024;5;0;0;0;UA;BY;Value on 3rd Wed. at 11;Import;Harmonized;M;NaM
Physical Energy & Power Flows;2024;6;0;0;0;UA;BY;Value on 3rd Wed. at 11;Import;Harmonized;M;NaM
Physical Energy & Power Flows;2024;7;0;0;0;UA;BY;Value on 3rd Wed. at 11;Import;Harmonized;M;NaM
Physical Energy & Power Flows;2024;8;0;0;0;UA;BY;Value on 3rd Wed. at 11;Import;Harmonized;M;NaM
Physical Energy & Power Flows;2024;9;0;0;0;UA;BY;Value on 3rd Wed. at 11;Import;Harmonized;M;NaM
Physical Energy & Power Flows;2024;10;0;0;0;UA;BY;Value on 3rd Wed. at 11;Import;Harmonized;M;NaM
Physical Energy & Power Flows;2024;11;0;0;0;UA;BY;Value on 3rd Wed. at 11;Import;Harmonized;M;NaM
Physical Energy & Power Flows;2024;12;0;0;0;UA;BY;Value on 3rd Wed. at 11;Import;Harmonized;M;NaM
Physical Energy & Power Flows;2024;1;519;519;519;UA;HU;Value on 3rd Wed. at 11;Export;Harmonized;M;M
Physical Energy & Power Flows;2024;2;2;2;2;UA;HU;Value on 3rd Wed. at 11;Import;Harmonized;M;M
Physical Energy & Power Flows;2024;3;163;163;163;UA;HU;Value on 3rd Wed. at 11;Export;Harmonized;M;M
Physical Energy & Power Flows;2024;4;55;55;55;UA;HU;Value on 3rd Wed. at 11;Import;Harmonized;M;M
Physical Energy & Power Flows;2024;5;767;767;767;UA;HU;Value on 3rd Wed. at 11;Import;Harmonized;M;M
Physical Energy & Power Flows;2024;6;434;434;434;UA;HU;Value on 3rd Wed. at 11;Import;Harmonized;M;M
Physical Energy & Power Flows;2024;7;193;193;193;UA;HU;Value on 3rd Wed. at 11;Import;Harmonized;M;M
Physical Energy & Power Flows;2024;8;534;534;534;UA;HU;Value on 3rd Wed. at 11;Import;Harmonized;M;M
Physical Energy & Power Flows;2024;9;308;308;308;UA;HU;Value on 3rd Wed. at 11;Import;Harmonized;M;M
Physical Energy & Power Flows;2024;10;182;182;182;UA;HU;Value on 3rd Wed. at 11;Import;Harmonized;M;M
Physical Energy & Power Flows;2024;11;207;207;207;UA;HU;Value on 3rd Wed. at 11;Export;Harmonized;M;M
Physical Energy & Power Flows;2024;12;128;128;128;UA;HU;Value on 3rd Wed. at 11;Import;Harmonized;M;M
Physical Energy & Power Flows;2024;1;397;397;397;UA;MD;Value on 3rd Wed. at 11;Import;Harmonized;M;M
Physical Energy & Power Flows;2024;2;190;190;190;UA;MD;Value on 3rd Wed. at 11;Export;Harmonized;M;M
Physical Energy & Power Flows;2024;3;833;833;833;UA;MD;Value on 3rd Wed. at 11;Import;Harmonized;M;M
Physical Energy & Power Flows;2024;4;491;491;491;UA;MD;Value on 3rd Wed. at 11;Import;Harmonized;M;M
Physical Energy & Power Flows;2024;5;296;296;296;UA;MD;Value on 3rd Wed. at 11;Import;Harmonized;M;M
Physical Energy & Power Flows;2024;6;379;379;379;UA;MD;Value on 3rd Wed. at 11;Import;Harmonized;M;M
Physical Energy & Power Flows;2024;7;211;211;211;UA;MD;Value on 3rd Wed. at 11;Import;Harmonized;M;M
Physical Energy & Power Flows;2024;8;258;258;258;UA;MD;Value on 3rd Wed. at 11;Import;Harmonized;M;M
Physical Energy & Power Flows;2024;9;381;381;381;UA;MD;Value on 3rd Wed. at 11;Import;Harmonized;M;M
Physical Energy & Power Flows;2024;10;153;153;153;UA;MD;Value on 3rd Wed. at 11;Import;Harmonized;M;M
Physical Energy & Power Flows;2024;11;247;247;247;UA;MD;Value on 3rd Wed. at 11;Import;Harmonized;M;M
Physical Energy & Power Flows;2024;12;413;413;413;UA;MD;Value on 3rd Wed. at 11;Import;Harmonized;M;M
Physical Energy & Power Flows;2024;1;0;0;0;UA;PL;Value on 3rd Wed. at 11;Import;Harmonized;M;M
Physical Energy & Power Flows;2024;2;0;0;0;UA;PL;Value on 3rd Wed. at 11;Import;Harmonized;M;M
Physical Energy & Power Flows;2024;3;0;0;0;UA;PL;Value on 3rd Wed. at 11;Import;Harmonized;M;M
Physical Energy & Power Flows;2024;4;0;0;0;UA;PL;Value on 3rd Wed. at 11;Import;Harmonized;M;M
Physical Energy & Power Flows;2024;5;0;0;0;UA;PL;Value on 3rd Wed. at 11;Import;Harmonized;M;M
Physical Energy & Power Flows;2024;6;191;191;191;UA;PL;Value on 3rd Wed. at 11;Import;Harmonized;M;M
Physical Energy & Power Flows;2024;7;367;367;367;UA;PL;Value on 3rd Wed. at 11;Import;Harmonized;M;M
Physical Energy & Power Flows;2024;8;0;0;0;UA;PL;Value on 3rd Wed. at 11;Import;Harmonized;M;M
Physical Energy & Power Flows;2024;9;265;265;265;UA;PL;Value on 3rd Wed. at 11;Import;Harmonized;M;M
Physical Energy & Power Flows;2024;10;37;37;37;UA;PL;Value on 3rd Wed. at 11;Export;Harmonized;M;M
Physical Energy & Power Flows;2024;11;144;144;144;UA;PL;Value on 3rd Wed. at 11;Export;Harmonized;M;M
Physical Energy & Power Flows;2024;12;114;114;114;UA;PL;Value on 3rd Wed. at 11;Import;Harmonized;M;M
Physical Energy & Power Flows;2024;1;107;107;107;UA;RO;Value on 3rd Wed. at 11;Export;Harmonized;M;M
Physical Energy & Power Flows;2024;2;344;344;344;UA;RO;Value on 3rd Wed. at 11;Export;Harmonized;M;M
Physical Energy & Power Flows;2024;3;589;589;589;UA;RO;Value on 3rd Wed. at 11;Import;Harmonized;M;M
Physical Energy & Power Flows;2024;4;47;47;47;UA;RO;Value on 3rd Wed. at 11;Export;Harmonized;M;M
Physical Energy & Power Flows;2024;5;342;342;342;UA;RO;Value on 3rd Wed. at 11;Export;Harmonized;M;M
Physical Energy & Power Flows;2024;6;244;244;244;UA;RO;Value on 3rd Wed. at 11;Export;Harmonized;M;M
Physical Energy & Power Flows;2024;7;464;464;464;UA;RO;Value on 3rd Wed. at 11;Export;Harmonized;M;M
Physical Energy & Power Flows;2024;8;329;329;329;UA;RO;Value on 3rd Wed. at 11;Export;Harmonized;M;M
Physical Energy & Power Flows;2024;9;335;335;335;UA;RO;Value on 3rd Wed. at 11;Export;Harmonized;M;M
Physical Energy & Power Flows;2024;10;103;103;103;UA;RO;Value on 3rd Wed. at 11;Export;Harmonized;M;M
Physical Energy & Power Flows;2024;11;62;62;62;UA;RO;Value on 3rd Wed. at 11;Export;Harmonized;M;M
Physical Energy & Power Flows;2024;12;142;142;142;UA;RO;Value on 3rd Wed. at 11;Export;Harmonized;M;M
Physical Energy & Power Flows;2024;1;0;0;0;UA;RU;Value on 3rd Wed. at 11;Import;Harmonized;M;NaM
Physical Energy & Power Flows;2024;2;0;0;0;UA;RU;Value on 3rd Wed. at 11;Import;Harmonized;M;NaM
Physical Energy & Power Flows;2024;3;0;0;0;UA;RU;Value on 3rd Wed. at 11;Import;Harmonized;M;NaM
Physical Energy & Power Flows;2024;4;0;0;0;UA;RU;Value on 3rd Wed. at 11;Import;Harmonized;M;NaM
Physical Energy & Power Flows;2024;5;0;0;0;UA;RU;Value on 3rd Wed. at 11;Import;Harmonized;M;NaM
Physical Energy & Power Flows;2024;6;0;0;0;UA;RU;Value on 3rd Wed. at 11;Import;Harmonized;M;NaM
Physical Energy & Power Flows;2024;7;0;0;0;UA;RU;Value on 3rd Wed. at 11;Import;Harmonized;M;NaM
Physical Energy & Power Flows;2024;8;0;0;0;UA;RU;Value on 3rd Wed. at 11;Import;Harmonized;M;NaM
Physical Energy & Power Flows;2024;9;0;0;0;UA;RU;Value on 3rd Wed. at 11;Import;Harmonized;M;NaM
Physical Energy & Power Flows;2024;10;0;0;0;UA;RU;Value on 3rd Wed. at 11;Import;Harmonized;M;NaM
Physical Energy & Power Flows;2024;11;0;0;0;UA;RU;Value on 3rd Wed. at 11;Import;Harmonized;M;NaM
Physical Energy & Power Flows;2024;12;0;0;0;UA;RU;Value on 3rd Wed. at 11;Import;Harmonized;M;NaM
Physical Energy & Power Flows;2024;1;207;207;207;UA;SK;Value on 3rd Wed. at 11;Import;Harmonized;M;M
Physical Energy & Power Flows;2024;2;378;378;378;UA;SK;Value on 3rd Wed. at 11;Import;Harmonized;M;M
Physical Energy & Power Flows;2024;3;722;722;722;UA;SK;Value on 3rd Wed. at 11;Export;Harmonized;M;M
Physical Energy & Power Flows;2024;4;217;217;217;UA;SK;Value on 3rd Wed. at 11;Export;Harmonized;M;M
Physical Energy & Power Flows;2024;5;229;229;229;UA;SK;Value on 3rd Wed. at 11;Import;Harmonized;M;M
Physical Energy & Power Flows;2024;6;235;235;235;UA;SK;Value on 3rd Wed. at 11;Import;Harmonized;M;M
Physical Energy & Power Flows;2024;7;735;735;735;UA;SK;Value on 3rd Wed. at 11;Import;Harmonized;M;M
Physical Energy & Power Flows;2024;8;395;395;395;UA;SK;Value on 3rd Wed. at 11;Import;Harmonized;M;M
Physical Energy & Power Flows;2024;9;257;257;257;UA;SK;Value on 3rd Wed. at 11;Import;Harmonized;M;M
Physical Energy & Power Flows;2024;10;4;4;4;UA;SK;Value on 3rd Wed. at 11;Export;Harmonized;M;M
Physical Energy & Power Flows;2024;11;358;358;358;UA;SK;Value on 3rd Wed. at 11;Import;Harmonized;M;M
Physical Energy & Power Flows;2024;12;359;359;359;UA;SK;Value on 3rd Wed. at 11;Import;Harmonized;M;M
Physical Energy & Power Flows;2024;1;309;309;309;XK;AL;Value on 3rd Wed. at 11;Import;Harmonized;M;M
Physical Energy & Power Flows;2024;2;2;2;2;XK;AL;Value on 3rd Wed. at 11;Import;Harmonized;M;M
Physical Energy & Power Flows;2024;3;15;15;15;XK;AL;Value on 3rd Wed. at 11;Import;Harmonized;M;M
Physical Energy & Power Flows;2024;4;0;0;0;XK;AL;Value on 3rd Wed. at 11;Import;Harmonized;M;M
Physical Energy & Power Flows;2024;5;17;17;17;XK;AL;Value on 3rd Wed. at 11;Import;Harmonized;M;M
Physical Energy & Power Flows;2024;6;66;66;66;XK;AL;Value on 3rd Wed. at 11;Import;Harmonized;M;M
Physical Energy & Power Flows;2024;7;213;213;213;XK;AL;Value on 3rd Wed. at 11;Import;Harmonized;M;M
Physical Energy & Power Flows;2024;8;25;25;25;XK;AL;Value on 3rd Wed. at 11;Import;Harmonized;M;M
Physical Energy & Power Flows;2024;9;11;11;11;XK;AL;Value on 3rd Wed. at 11;Export;Harmonized;M;M
Physical Energy & Power Flows;2024;10;9;9;9;XK;AL;Value on 3rd Wed. at 11;Import;Harmonized;M;M
Physical Energy & Power Flows;2024;11;119;119;119;XK;AL;Value on 3rd Wed. at 11;Import;Harmonized;M;M
Physical Energy & Power Flows;2024;12;310;310;310;XK;AL;Value on 3rd Wed. at 11;Import;Harmonized;M;M
Physical Energy & Power Flows;2024;1;122;122;122;XK;ME;Value on 3rd Wed. at 11;Import;Harmonized;M;M
Physical Energy & Power Flows;2024;2;42;42;42;XK;ME;Value on 3rd Wed. at 11;Import;Harmonized;M;M
Physical Energy & Power Flows;2024;3;373;373;373;XK;ME;Value on 3rd Wed. at 11;Export;Harmonized;M;M
Physical Energy & Power Flows;2024;4;276;276;276;XK;ME;Value on 3rd Wed. at 11;Export;Harmonized;M;M
Physical Energy & Power Flows;2024;5;73;73;73;XK;ME;Value on 3rd Wed. at 11;Export;Harmonized;M;M
Physical Energy & Power Flows;2024;6;133;133;133;XK;ME;Value on 3rd Wed. at 11;Export;Harmonized;M;M
Physical Energy & Power Flows;2024;7;140;140;140;XK;ME;Value on 3rd Wed. at 11;Export;Harmonized;M;M
Physical Energy & Power Flows;2024;8;156;156;156;XK;ME;Value on 3rd Wed. at 11;Export;Harmonized;M;M
Physical Energy & Power Flows;2024;9;37;37;37;XK;ME;Value on 3rd Wed. at 11;Import;Harmonized;M;M
Physical Energy & Power Flows;2024;10;323;323;323;XK;ME;Value on 3rd Wed. at 11;Export;Harmonized;M;M
Physical Energy & Power Flows;2024;11;51;51;51;XK;ME;Value on 3rd Wed. at 11;Export;Harmonized;M;M
Physical Energy & Power Flows;2024;12;14;14;14;XK;ME;Value on 3rd Wed. at 11;Export;Harmonized;M;M
Physical Energy & Power Flows;2024;1;189;189;189;XK;MK;Value on 3rd Wed. at 11;Import;Harmonized;M;M
Physical Energy & Power Flows;2024;2;274;274;274;XK;MK;Value on 3rd Wed. at 11;Export;Harmonized;M;M
Physical Energy & Power Flows;2024;3;503;503;503;XK;MK;Value on 3rd Wed. at 11;Import;Harmonized;M;M
Physical Energy & Power Flows;2024;4;332;332;332;XK;MK;Value on 3rd Wed. at 11;Import;Harmonized;M;M
Physical Energy & Power Flows;2024;5;1;1;1;XK;MK;Value on 3rd Wed. at 11;Import;Harmonized;M;M
Physical Energy & Power Flows;2024;6;222;222;222;XK;MK;Value on 3rd Wed. at 11;Import;Harmonized;M;M
Physical Energy & Power Flows;2024;7;232;232;232;XK;MK;Value on 3rd Wed. at 11;Import;Harmonized;M;M
Physical Energy & Power Flows;2024;8;181;181;181;XK;MK;Value on 3rd Wed. at 11;Import;Harmonized;M;M
Physical Energy & Power Flows;2024;9;0;0;0;XK;MK;Value on 3rd Wed. at 11;Import;Harmonized;M;M
Physical Energy & Power Flows;2024;10;32;32;32;XK;MK;Value on 3rd Wed. at 11;Import;Harmonized;M;M
Physical Energy & Power Flows;2024;11;305;305;305;XK;MK;Value on 3rd Wed. at 11;Import;Harmonized;M;M
Physical Energy & Power Flows;2024;12;382;382;382;XK;MK;Value on 3rd Wed. at 11;Import;Harmonized;M;M
Physical Energy & Power Flows;2024;1;88;88;88;XK;RS;Value on 3rd Wed. at 11;Export;Harmonized;M;M
Physical Energy & Power Flows;2024;2;413;413;413;XK;RS;Value on 3rd Wed. at 11;Import;Harmonized;M;M
Physical Energy & Power Flows;2024;3;92;92;92;XK;RS;Value on 3rd Wed. at 11;Export;Harmonized;M;M
Physical Energy & Power Flows;2024;4;130;130;130;XK;RS;Value on 3rd Wed. at 11;Export;Harmonized;M;M
Physical Energy & Power Flows;2024;5;106;106;106;XK;RS;Value on 3rd Wed. at 11;Import;Harmonized;M;M
Physical Energy & Power Flows;2024;6;74;74;74;XK;RS;Value on 3rd Wed. at 11;Export;Harmonized;M;M
Physical Energy & Power Flows;2024;7;55;55;55;XK;RS;Value on 3rd Wed. at 11;Import;Harmonized;M;M
Physical Energy & Power Flows;2024;8;11;11;11;XK;RS;Value on 3rd Wed. at 11;Import;Harmonized;M;M
Physical Energy & Power Flows;2024;9;194;194;194;XK;RS;Value on 3rd Wed. at 11;Import;Harmonized;M;M
Physical Energy & Power Flows;2024;10;247;247;247;XK;RS;Value on 3rd Wed. at 11;Import;Harmonized;M;M
Physical Energy & Power Flows;2024;11;220;220;220;XK;RS;Value on 3rd Wed. at 11;Export;Harmonized;M;M
Physical Energy & Power Flows;2024;12;7;7;7;XK;RS;Value on 3rd Wed. at 11;Import;Harmonized;M;M
